ar_id,invoice_id,customer_id,payment_date,amount_paid_jpy,outstanding_balance_jpy,days_past_due,payment_status
1,1,1087,2025-02-15,15329.0,0.0,0,Paid
2,2,1030,2025-02-24,49138.0,0.0,0,Paid
3,3,1084,2025-01-29,21254.0,0.0,0,Paid
4,4,1098,2025-02-02,47635.0,0.0,0,Paid
5,5,1020,2025-02-13,143309.0,0.0,0,Paid
6,6,1045,2025-02-17,45671.0,0.0,0,Paid
7,7,1069,2025-02-26,72039.0,0.0,0,Paid
8,8,1114,2025-01-26,65015.0,0.0,0,Paid
9,9,1006,2025-03-06,67991.0,0.0,0,Paid
10,10,1049,2025-02-06,74069.0,0.0,0,Paid
11,11,1048,2025-03-06,27817.0,0.0,0,Paid
12,12,1082,2025-01-19,45018.0,0.0,0,Paid
13,13,1049,,0,44043.0,331,Open
14,14,1099,2025-01-15,60761.0,0.0,0,Paid
15,15,1041,2025-02-12,40564.0,0.0,0,Paid
16,16,1028,2025-01-27,15046.0,0.0,0,Paid
17,17,1059,2025-02-11,46474.0,0.0,0,Paid
18,18,1055,2025-02-05,12431.0,0.0,0,Paid
19,19,1018,2025-02-12,66840.0,0.0,0,Paid
20,20,1102,,0,24292.0,333,Open
21,21,1077,2025-01-28,50085.0,0.0,0,Paid
22,22,1093,2025-02-26,63686.0,0.0,0,Paid
23,23,1099,,0,63642.0,315,Open
24,24,1113,2025-02-03,17750.0,0.0,0,Paid
25,25,1065,2025-02-03,134099.0,0.0,0,Paid
26,26,1020,2025-01-15,107282.0,0.0,0,Paid
27,27,1119,2025-03-19,14825.0,0.0,0,Paid
28,28,1113,2025-01-28,26939.0,0.0,0,Paid
29,29,1031,2025-02-03,105443.0,0.0,0,Paid
30,30,1098,2025-01-20,131086.0,0.0,0,Paid
31,31,1122,2025-02-11,22488.0,0.0,0,Paid
32,32,1070,2025-02-23,21083.0,0.0,0,Paid
33,33,1052,2025-01-21,77594.0,0.0,0,Paid
34,34,1029,2025-02-12,61931.0,0.0,0,Paid
35,35,1076,2025-02-13,14546.0,0.0,0,Paid
36,36,1111,2025-01-27,16468.0,0.0,0,Paid
37,37,1063,2025-01-25,38582.0,0.0,0,Paid
38,38,1101,2025-01-29,15384.0,0.0,0,Paid
39,39,1085,2025-02-03,30454.0,0.0,0,Paid
40,40,1083,,0,33171.0,317,Open
41,41,1111,2025-02-16,26256.0,0.0,0,Paid
42,42,1060,2025-02-05,14940.0,0.0,0,Paid
43,43,1111,2025-02-28,59943.0,0.0,0,Paid
44,44,1012,2025-02-22,42433.0,0.0,0,Paid
45,45,1052,2025-02-23,92229.0,0.0,0,Paid
46,46,1050,2025-01-19,30759.0,0.0,0,Paid
47,47,1101,2025-02-14,38570.0,0.0,0,Paid
48,48,1038,2025-02-14,80083.0,0.0,0,Paid
49,49,1007,2025-02-07,15117.0,0.0,0,Paid
50,50,1021,2025-01-29,44876.0,0.0,0,Paid
51,51,1111,2025-02-13,29485.0,0.0,0,Paid
52,52,1032,2025-03-11,17430.0,0.0,0,Paid
53,53,1041,2025-02-17,21960.0,0.0,0,Paid
54,54,1031,2025-01-28,27314.0,0.0,0,Paid
55,55,1120,2025-02-20,13346.0,0.0,0,Paid
56,56,1013,2025-01-14,32600.0,0.0,0,Paid
57,57,1113,2025-02-07,19394.0,0.0,0,Paid
58,58,1070,2025-01-30,15203.0,0.0,0,Paid
59,59,1105,2025-02-08,44701.0,0.0,0,Paid
60,60,1113,2025-03-09,96394.0,0.0,0,Paid
61,61,1078,2025-02-09,13768.0,0.0,0,Paid
62,62,1110,2025-01-30,14390.0,0.0,0,Paid
63,63,1055,2025-02-21,33333.0,0.0,0,Paid
64,64,1017,2025-01-13,39553.0,0.0,0,Paid
65,65,1002,2025-02-22,22287.0,0.0,0,Paid
66,66,1020,2025-01-16,58277.0,0.0,0,Paid
67,67,1040,2025-02-06,71726.0,0.0,0,Paid
68,68,1006,2025-01-23,64768.0,0.0,0,Paid
69,69,1114,2025-02-04,38469.0,0.0,0,Paid
70,70,1119,2025-02-07,169236.0,0.0,0,Paid
71,71,1004,2025-03-04,127368.0,0.0,0,Paid
72,72,1053,2025-02-22,58930.0,0.0,0,Paid
73,73,1014,2025-02-28,169980.0,0.0,0,Paid
74,74,1026,2025-02-06,19494.0,0.0,0,Paid
75,75,1004,2025-02-26,81931.0,0.0,0,Paid
76,76,1009,2025-01-14,41464.0,0.0,0,Paid
77,77,1069,2025-02-03,25967.0,0.0,0,Paid
78,78,1034,2025-01-13,17771.0,0.0,0,Paid
79,79,1094,2025-02-10,88807.0,0.0,0,Paid
80,80,1015,2025-03-12,81231.0,0.0,0,Paid
81,81,1119,2025-02-07,33613.0,0.0,0,Paid
82,82,1095,2025-01-30,119741.0,0.0,0,Paid
83,83,1041,2025-02-03,45611.0,0.0,0,Paid
84,84,1065,2025-02-04,21488.0,0.0,0,Paid
85,85,1054,2025-03-04,31060.0,0.0,0,Paid
86,86,1023,2025-02-23,47457.0,0.0,0,Paid
87,87,1056,2025-01-15,22377.0,0.0,0,Paid
88,88,1057,2025-02-25,78542.0,0.0,0,Paid
89,89,1022,2025-02-02,67501.0,0.0,0,Paid
90,90,1122,2025-03-02,23932.0,0.0,0,Paid
91,91,1026,2025-01-16,69272.0,0.0,0,Paid
92,92,1059,2025-02-03,13943.0,0.0,0,Paid
93,93,1090,2025-01-30,26125.0,0.0,0,Paid
94,94,1111,2025-02-20,30403.0,0.0,0,Paid
95,95,1023,2025-02-19,34353.0,0.0,0,Paid
96,96,1016,2025-02-03,97179.0,0.0,0,Paid
97,97,1072,2025-03-03,40155.0,0.0,0,Paid
98,98,1065,2025-02-04,106558.0,0.0,0,Paid
99,99,1021,2025-02-14,58458.0,0.0,0,Paid
100,100,1099,,0,44902.0,330,Open
101,101,1057,2025-02-11,92921.0,0.0,0,Paid
102,102,1018,2025-02-23,14005.0,0.0,0,Paid
103,103,1028,2025-03-12,31362.0,0.0,0,Paid
104,104,1054,2025-03-02,27549.0,0.0,0,Paid
105,105,1003,2025-01-20,44032.0,0.0,0,Paid
106,106,1097,2025-03-02,111178.0,0.0,0,Paid
107,107,1069,2025-02-03,58408.0,0.0,0,Paid
108,108,1056,2025-02-03,43718.0,0.0,0,Paid
109,109,1103,2025-02-15,50547.0,0.0,0,Paid
110,110,1004,2025-01-30,18764.0,0.0,0,Paid
111,111,1011,2025-02-08,72482.0,0.0,0,Paid
112,112,1028,2025-02-01,24111.0,0.0,0,Paid
113,113,1036,2025-02-18,15292.0,0.0,0,Paid
114,114,1070,,37473.0,37573.0,329,Open
115,115,1009,2025-02-19,81026.0,0.0,0,Paid
116,116,1003,2025-02-09,124499.0,0.0,0,Paid
117,117,1015,2025-01-17,22735.0,0.0,0,Paid
118,118,1078,2025-02-18,23964.0,0.0,0,Paid
119,119,1021,2025-02-21,95007.0,0.0,0,Paid
120,120,1123,2025-02-12,27699.0,0.0,0,Paid
121,121,1076,2025-02-10,64429.0,0.0,0,Paid
122,122,1077,2025-02-08,49102.0,0.0,0,Paid
123,123,1006,2025-02-08,99934.0,0.0,0,Paid
124,124,1109,2025-02-22,28189.0,0.0,0,Paid
125,125,1047,2025-01-15,33890.0,0.0,0,Paid
126,126,1124,2025-02-07,57506.0,0.0,0,Paid
127,127,1100,2025-02-20,45807.0,0.0,0,Paid
128,128,1107,2025-01-30,48923.0,0.0,0,Paid
129,129,1086,2025-02-15,34302.0,0.0,0,Paid
130,130,1024,2025-03-03,14011.0,0.0,0,Paid
131,131,1113,2025-02-22,49134.0,0.0,0,Paid
132,132,1011,2025-03-03,17779.0,0.0,0,Paid
133,133,1092,2025-01-16,31509.0,0.0,0,Paid
134,134,1029,2025-02-01,75775.0,0.0,0,Paid
135,135,1045,2025-02-04,13741.0,0.0,0,Paid
136,136,1090,2025-01-23,48990.0,0.0,0,Paid
137,137,1096,2025-01-24,16689.0,0.0,0,Paid
138,138,1028,2025-02-01,59458.0,0.0,0,Paid
139,139,1013,2025-01-31,21180.0,0.0,0,Paid
140,140,1039,2025-02-18,37145.0,0.0,0,Paid
141,141,1090,2025-02-11,36853.0,0.0,0,Paid
142,142,1014,2025-02-04,58910.0,0.0,0,Paid
143,143,1007,2025-03-03,55077.0,0.0,0,Paid
144,144,1009,2025-02-02,68634.0,0.0,0,Paid
145,145,1073,2025-02-09,15224.0,0.0,0,Paid
146,146,1072,2025-02-19,32677.0,0.0,0,Paid
147,147,1058,2025-01-16,42708.0,0.0,0,Paid
148,148,1055,2025-03-23,32373.0,0.0,0,Paid
149,149,1027,2025-02-08,32120.0,0.0,0,Paid
150,150,1031,2025-03-05,17342.0,0.0,0,Paid
151,151,1038,2025-01-17,13488.0,0.0,0,Paid
152,152,1111,2025-02-08,16810.0,0.0,0,Paid
153,153,1085,2025-02-20,46218.0,0.0,0,Paid
154,154,1029,2025-01-30,33248.0,0.0,0,Paid
155,155,1040,2025-02-07,100606.0,0.0,0,Paid
156,156,1057,2025-02-06,64636.0,0.0,0,Paid
157,157,1064,2025-02-18,53765.0,0.0,0,Paid
158,158,1095,2025-01-16,27748.0,0.0,0,Paid
159,159,1074,2025-01-30,16945.0,0.0,0,Paid
160,160,1106,2025-02-06,21360.0,0.0,0,Paid
161,161,1118,2025-02-11,13036.0,0.0,0,Paid
162,162,1105,2025-02-05,84823.0,0.0,0,Paid
163,163,1110,2025-02-04,21942.0,0.0,0,Paid
164,164,1085,2025-03-23,32392.0,0.0,0,Paid
165,165,1042,2025-03-07,82176.0,0.0,0,Paid
166,166,1106,2025-02-21,48856.0,0.0,0,Paid
167,167,1047,2025-01-22,86871.0,0.0,0,Paid
168,168,1007,2025-02-17,49532.0,0.0,0,Paid
169,169,1016,2025-01-25,29654.0,0.0,0,Paid
170,170,1091,2025-01-17,33939.0,0.0,0,Paid
171,171,1117,2025-02-05,36765.0,0.0,0,Paid
172,172,1020,2025-02-02,77675.0,0.0,0,Paid
173,173,1061,2025-02-02,61897.0,0.0,0,Paid
174,174,1118,2025-03-27,36771.0,0.0,0,Paid
175,175,1110,2025-01-17,76287.0,0.0,0,Paid
176,176,1106,2025-02-13,63477.0,0.0,0,Paid
177,177,1111,2025-02-07,44703.0,0.0,0,Paid
178,178,1071,2025-02-06,28139.0,0.0,0,Paid
179,179,1031,2025-02-16,51155.0,0.0,0,Paid
180,180,1006,,0,20230.0,330,Open
181,181,1102,,7350.0,16061.0,329,Open
182,182,1005,2025-02-12,256783.0,0.0,0,Paid
183,183,1013,2025-03-10,82593.0,0.0,0,Paid
184,184,1020,2025-02-18,41230.0,0.0,0,Paid
185,185,1080,,0,51097.0,342,Open
186,186,1049,2025-01-27,46693.0,0.0,0,Paid
187,187,1063,2025-02-01,57786.0,0.0,0,Paid
188,188,1030,,0,29419.0,329,Open
189,189,1082,2025-02-24,40242.0,0.0,0,Paid
190,190,1042,2025-03-17,20839.0,0.0,0,Paid
191,191,1019,2025-02-17,37926.0,0.0,0,Paid
192,192,1079,2025-02-16,29104.0,0.0,0,Paid
193,193,1117,2025-02-25,69197.0,0.0,0,Paid
194,194,1116,2025-01-31,21227.0,0.0,0,Paid
195,195,1021,2025-02-07,171103.0,0.0,0,Paid
196,196,1089,2025-01-19,64748.0,0.0,0,Paid
197,197,1050,2025-02-17,56910.0,0.0,0,Paid
198,198,1090,2025-02-19,29025.0,0.0,0,Paid
199,199,1036,2025-02-23,89613.0,0.0,0,Paid
200,200,1096,2025-02-08,72450.0,0.0,0,Paid
201,201,1103,,0,93897.0,341,Open
202,202,1097,2025-01-23,49220.0,0.0,0,Paid
203,203,1081,2025-01-18,79887.0,0.0,0,Paid
204,204,1047,2025-02-16,34445.0,0.0,0,Paid
205,205,1096,,0,20442.0,314,Open
206,206,1065,2025-02-13,17267.0,0.0,0,Paid
207,207,1106,2025-02-17,93549.0,0.0,0,Paid
208,208,1060,2025-02-05,183454.0,0.0,0,Paid
209,209,1111,2025-02-12,26384.0,0.0,0,Paid
210,210,1012,2025-01-28,76960.0,0.0,0,Paid
211,211,1059,2025-03-02,33482.0,0.0,0,Paid
212,212,1048,2025-02-02,47881.0,0.0,0,Paid
213,213,1114,2025-03-10,18189.0,0.0,0,Paid
214,214,1060,2025-02-14,31556.0,0.0,0,Paid
215,215,1018,2025-02-04,27190.0,0.0,0,Paid
216,216,1069,2025-02-21,17884.0,0.0,0,Paid
217,217,1096,2025-02-16,31609.0,0.0,0,Paid
218,218,1084,2025-03-14,43756.0,0.0,0,Paid
219,219,1122,2025-03-05,27758.0,0.0,0,Paid
220,220,1047,2025-02-18,40403.0,0.0,0,Paid
221,221,1083,2025-02-13,43907.0,0.0,0,Paid
222,222,1059,2025-02-01,35730.0,0.0,0,Paid
223,223,1125,2025-01-23,18865.0,0.0,0,Paid
224,224,1009,,0,54190.0,327,Open
225,225,1105,2025-02-18,77579.0,0.0,0,Paid
226,226,1110,2025-03-10,31409.0,0.0,0,Paid
227,227,1103,2025-02-08,157598.0,0.0,0,Paid
228,228,1031,2025-02-02,59510.0,0.0,0,Paid
229,229,1017,,0,23915.0,329,Open
230,230,1066,2025-02-26,41251.0,0.0,0,Paid
231,231,1079,,0,49932.0,328,Open
232,232,1124,2025-02-03,47367.0,0.0,0,Paid
233,233,1055,2025-02-24,84132.0,0.0,0,Paid
234,234,1078,2025-03-01,31203.0,0.0,0,Paid
235,235,1049,2025-02-14,15349.0,0.0,0,Paid
236,236,1078,2025-02-25,59750.0,0.0,0,Paid
237,237,1071,2025-02-13,47304.0,0.0,0,Paid
238,238,1030,2025-02-16,21524.0,0.0,0,Paid
239,239,1041,2025-02-11,49194.0,0.0,0,Paid
240,240,1119,,0,39829.0,342,Open
241,241,1048,,0,13889.0,328,Open
242,242,1072,2025-03-11,87694.0,0.0,0,Paid
243,243,1055,2025-02-18,84760.0,0.0,0,Paid
244,244,1077,2025-02-18,85806.0,0.0,0,Paid
245,245,1109,2025-02-16,16215.0,0.0,0,Paid
246,246,1098,2025-02-03,52886.0,0.0,0,Paid
247,247,1080,,0,12826.0,313,Open
248,248,1119,2025-02-11,43544.0,0.0,0,Paid
249,249,1118,2025-02-03,68961.0,0.0,0,Paid
250,250,1073,2025-02-10,18147.0,0.0,0,Paid
251,251,1068,2025-02-16,23715.0,0.0,0,Paid
252,252,1048,2025-02-12,30823.0,0.0,0,Paid
253,253,1020,,0,12441.0,343,Open
254,254,1035,2025-01-25,31147.0,0.0,0,Paid
255,255,1066,,0,32517.0,327,Open
256,256,1087,2025-01-23,33062.0,0.0,0,Paid
257,257,1008,2025-01-30,49560.0,0.0,0,Paid
258,258,1018,2025-02-06,20995.0,0.0,0,Paid
259,259,1017,2025-01-27,19503.0,0.0,0,Paid
260,260,1107,2025-01-19,49849.0,0.0,0,Paid
261,261,1059,,0,45306.0,312,Open
262,262,1074,2025-03-08,103759.0,0.0,0,Paid
263,263,1022,2025-02-10,23853.0,0.0,0,Paid
264,264,1118,2025-03-16,89654.0,0.0,0,Paid
265,265,1011,2025-02-03,26486.0,0.0,0,Paid
266,266,1043,2025-01-17,16282.0,0.0,0,Paid
267,267,1100,2025-03-06,39972.0,0.0,0,Paid
268,268,1105,2025-03-14,46793.0,0.0,0,Paid
269,269,1098,2025-01-29,15919.0,0.0,0,Paid
270,270,1064,2025-03-03,25518.0,0.0,0,Paid
271,271,1083,2025-02-09,32449.0,0.0,0,Paid
272,272,1081,2025-02-11,40101.0,0.0,0,Paid
273,273,1076,2025-02-07,26623.0,0.0,0,Paid
274,274,1058,2025-01-18,30988.0,0.0,0,Paid
275,275,1012,2025-02-03,30396.0,0.0,0,Paid
276,276,1115,,0,40827.0,326,Open
277,277,1025,2025-02-17,57985.0,0.0,0,Paid
278,278,1116,2025-02-19,35372.0,0.0,0,Paid
279,279,1083,2025-02-02,222107.0,0.0,0,Paid
280,280,1021,2025-02-25,15359.0,0.0,0,Paid
281,281,1100,2025-02-21,70633.0,0.0,0,Paid
282,282,1013,2025-02-26,28497.0,0.0,0,Paid
283,283,1110,2025-02-07,48050.0,0.0,0,Paid
284,284,1019,2025-01-28,80100.0,0.0,0,Paid
285,285,1085,2025-02-22,37806.0,0.0,0,Paid
286,286,1102,,0,31115.0,326,Open
287,287,1122,2025-03-05,17694.0,0.0,0,Paid
288,288,1047,2025-03-01,59383.0,0.0,0,Paid
289,289,1044,2025-02-09,15780.0,0.0,0,Paid
290,290,1109,,0,64644.0,341,Open
291,291,1095,2025-02-07,80346.0,0.0,0,Paid
292,292,1049,2025-02-03,29749.0,0.0,0,Paid
293,293,1080,2025-03-01,14733.0,0.0,0,Paid
294,294,1031,2025-02-26,35673.0,0.0,0,Paid
295,295,1101,2025-02-21,70441.0,0.0,0,Paid
296,296,1107,,18099.0,13215.0,326,Open
297,297,1057,2025-01-21,44097.0,0.0,0,Paid
298,298,1105,,0,12127.0,327,Open
299,299,1007,2025-02-11,32691.0,0.0,0,Paid
300,300,1109,2025-02-16,112320.0,0.0,0,Paid
301,301,1058,2025-03-01,16811.0,0.0,0,Paid
302,302,1058,2025-02-02,35601.0,0.0,0,Paid
303,303,1051,2025-02-08,133156.0,0.0,0,Paid
304,304,1120,2025-02-10,24502.0,0.0,0,Paid
305,305,1019,2025-01-31,52723.0,0.0,0,Paid
306,306,1091,2025-03-13,16079.0,0.0,0,Paid
307,307,1003,2025-02-08,31028.0,0.0,0,Paid
308,308,1015,2025-02-15,47902.0,0.0,0,Paid
309,309,1031,2025-02-02,34426.0,0.0,0,Paid
310,310,1077,,0,58552.0,325,Open
311,311,1092,2025-02-03,52195.0,0.0,0,Paid
312,312,1086,2025-02-28,34208.0,0.0,0,Paid
313,313,1123,2025-03-01,50354.0,0.0,0,Paid
314,314,1061,2025-01-20,41807.0,0.0,0,Paid
315,315,1096,2025-01-19,32747.0,0.0,0,Paid
316,316,1099,,18153.0,24323.0,310,Open
317,317,1046,2025-02-13,67611.0,0.0,0,Paid
318,318,1090,2025-02-09,65996.0,0.0,0,Paid
319,319,1092,2025-03-11,13381.0,0.0,0,Paid
320,320,1006,2025-02-28,83368.0,0.0,0,Paid
321,321,1105,2025-02-17,15472.0,0.0,0,Paid
322,322,1100,2025-02-19,24655.0,0.0,0,Paid
323,323,1103,2025-01-26,49109.0,0.0,0,Paid
324,324,1125,2025-02-08,106251.0,0.0,0,Paid
325,325,1011,,0,44629.0,324,Open
326,326,1106,2025-02-05,23258.0,0.0,0,Paid
327,327,1058,,0,14368.0,326,Open
328,328,1045,2025-02-25,50016.0,0.0,0,Paid
329,329,1082,2025-02-12,45756.0,0.0,0,Paid
330,330,1082,2025-02-17,110242.0,0.0,0,Paid
331,331,1109,2025-03-03,30518.0,0.0,0,Paid
332,332,1009,2025-03-17,65038.0,0.0,0,Paid
333,333,1020,2025-02-24,30015.0,0.0,0,Paid
334,334,1098,,0,93508.0,308,Open
335,335,1123,2025-02-12,14384.0,0.0,0,Paid
336,336,1050,2025-03-05,52676.0,0.0,0,Paid
337,337,1079,2025-02-03,30354.0,0.0,0,Paid
338,338,1016,2025-01-28,61957.0,0.0,0,Paid
339,339,1104,2025-02-07,14567.0,0.0,0,Paid
340,340,1045,2025-02-23,55000.0,0.0,0,Paid
341,341,1091,2025-02-24,43796.0,0.0,0,Paid
342,342,1066,2025-01-22,64677.0,0.0,0,Paid
343,343,1047,2025-02-22,77127.0,0.0,0,Paid
344,344,1071,2025-02-11,47538.0,0.0,0,Paid
345,345,1062,,25299.0,32121.0,308,Open
346,346,1010,,0,74912.0,339,Open
347,347,1017,,0,15686.0,326,Open
348,348,1024,2025-02-15,87787.0,0.0,0,Paid
349,349,1067,2025-02-21,22868.0,0.0,0,Paid
350,350,1091,2025-02-22,14591.0,0.0,0,Paid
351,351,1026,2025-02-23,62554.0,0.0,0,Paid
352,352,1039,2025-01-29,48835.0,0.0,0,Paid
353,353,1022,2025-01-24,20688.0,0.0,0,Paid
354,354,1108,2025-02-14,69018.0,0.0,0,Paid
355,355,1099,2025-02-08,39748.0,0.0,0,Paid
356,356,1054,2025-03-03,82126.0,0.0,0,Paid
357,357,1039,,0,20151.0,341,Open
358,358,1039,2025-02-25,68277.0,0.0,0,Paid
359,359,1044,2025-01-26,32697.0,0.0,0,Paid
360,360,1125,2025-01-24,24739.0,0.0,0,Paid
361,361,1014,2025-03-24,40644.0,0.0,0,Paid
362,362,1038,2025-03-20,28438.0,0.0,0,Paid
363,363,1124,2025-02-21,137209.0,0.0,0,Paid
364,364,1098,2025-01-22,29859.0,0.0,0,Paid
365,365,1113,2025-02-14,82472.0,0.0,0,Paid
366,366,1028,2025-02-22,13324.0,0.0,0,Paid
367,367,1077,2025-02-24,20493.0,0.0,0,Paid
368,368,1056,2025-02-21,82457.0,0.0,0,Paid
369,369,1052,2025-02-04,14715.0,0.0,0,Paid
370,370,1010,2025-02-12,29603.0,0.0,0,Paid
371,371,1106,2025-01-21,34511.0,0.0,0,Paid
372,372,1102,2025-02-23,95971.0,0.0,0,Paid
373,373,1019,2025-02-08,64616.0,0.0,0,Paid
374,374,1043,2025-02-10,30940.0,0.0,0,Paid
375,375,1115,,0,87862.0,324,Open
376,376,1095,2025-01-22,23556.0,0.0,0,Paid
377,377,1066,2025-02-18,88227.0,0.0,0,Paid
378,378,1087,2025-02-23,77611.0,0.0,0,Paid
379,379,1116,2025-02-16,28578.0,0.0,0,Paid
380,380,1101,2025-02-06,50303.0,0.0,0,Paid
381,381,1007,2025-02-12,71370.0,0.0,0,Paid
382,382,1019,2025-02-10,22154.0,0.0,0,Paid
383,383,1090,2025-02-02,34716.0,0.0,0,Paid
384,384,1053,2025-02-09,17310.0,0.0,0,Paid
385,385,1109,2025-02-05,47695.0,0.0,0,Paid
386,386,1085,2025-03-04,24231.0,0.0,0,Paid
387,387,1059,2025-02-06,31693.0,0.0,0,Paid
388,388,1083,2025-02-20,32912.0,0.0,0,Paid
389,389,1123,2025-02-04,33040.0,0.0,0,Paid
390,390,1037,2025-01-21,30801.0,0.0,0,Paid
391,391,1062,2025-02-06,65408.0,0.0,0,Paid
392,392,1087,2025-02-15,58176.0,0.0,0,Paid
393,393,1045,2025-01-27,98422.0,0.0,0,Paid
394,394,1045,2025-01-21,15776.0,0.0,0,Paid
395,395,1035,,0,100701.0,337,Open
396,396,1079,2025-02-21,100603.0,0.0,0,Paid
397,397,1030,2025-02-18,23701.0,0.0,0,Paid
398,398,1013,2025-03-02,33098.0,0.0,0,Paid
399,399,1084,2025-02-22,24939.0,0.0,0,Paid
400,400,1026,2025-02-24,129731.0,0.0,0,Paid
401,401,1084,2025-03-13,28093.0,0.0,0,Paid
402,402,1120,2025-02-22,43386.0,0.0,0,Paid
403,403,1005,2025-02-08,69615.0,0.0,0,Paid
404,404,1120,2025-02-09,48004.0,0.0,0,Paid
405,405,1078,2025-02-15,106372.0,0.0,0,Paid
406,406,1083,,45151.0,27026.0,320,Open
407,407,1025,2025-03-02,49041.0,0.0,0,Paid
408,408,1083,2025-02-14,36412.0,0.0,0,Paid
409,409,1097,,4166.0,11520.0,309,Open
410,410,1052,2025-02-09,26668.0,0.0,0,Paid
411,411,1018,,42323.0,31135.0,338,Open
412,412,1050,2025-02-08,62664.0,0.0,0,Paid
413,413,1002,2025-03-08,43568.0,0.0,0,Paid
414,414,1086,,0,37538.0,323,Open
415,415,1091,2025-03-24,13147.0,0.0,0,Paid
416,416,1121,2025-01-28,62313.0,0.0,0,Paid
417,417,1096,2025-02-26,35877.0,0.0,0,Paid
418,418,1117,2025-02-21,61403.0,0.0,0,Paid
419,419,1097,2025-02-17,33368.0,0.0,0,Paid
420,420,1068,2025-03-06,71888.0,0.0,0,Paid
421,421,1065,,9842.0,13842.0,309,Open
422,422,1110,2025-02-15,35762.0,0.0,0,Paid
423,423,1066,2025-02-11,24355.0,0.0,0,Paid
424,424,1054,2025-02-11,15197.0,0.0,0,Paid
425,425,1051,2025-03-01,17303.0,0.0,0,Paid
426,426,1010,2025-03-11,14076.0,0.0,0,Paid
427,427,1009,2025-03-09,17936.0,0.0,0,Paid
428,428,1024,2025-02-06,65173.0,0.0,0,Paid
429,429,1115,2025-02-07,71692.0,0.0,0,Paid
430,430,1049,2025-02-08,63599.0,0.0,0,Paid
431,431,1016,2025-02-12,93744.0,0.0,0,Paid
432,432,1094,2025-02-06,33637.0,0.0,0,Paid
433,433,1093,2025-03-08,109853.0,0.0,0,Paid
434,434,1032,2025-02-20,40756.0,0.0,0,Paid
435,435,1005,2025-03-28,16386.0,0.0,0,Paid
436,436,1114,2025-02-11,71264.0,0.0,0,Paid
437,437,1087,2025-03-02,27084.0,0.0,0,Paid
438,438,1052,2025-02-08,20224.0,0.0,0,Paid
439,439,1038,2025-01-22,28712.0,0.0,0,Paid
440,440,1074,2025-02-22,58019.0,0.0,0,Paid
441,441,1085,,17612.0,51643.0,322,Open
442,442,1072,2025-03-03,43765.0,0.0,0,Paid
443,443,1064,2025-02-11,106711.0,0.0,0,Paid
444,444,1049,2025-02-10,14050.0,0.0,0,Paid
445,445,1097,2025-02-26,43879.0,0.0,0,Paid
446,446,1110,2025-02-06,24821.0,0.0,0,Paid
447,447,1072,2025-02-07,54619.0,0.0,0,Paid
448,448,1058,2025-02-07,48610.0,0.0,0,Paid
449,449,1025,2025-02-14,45001.0,0.0,0,Paid
450,450,1103,2025-03-22,31050.0,0.0,0,Paid
451,451,1062,2025-02-25,71067.0,0.0,0,Paid
452,452,1025,2025-02-06,66515.0,0.0,0,Paid
453,453,1062,2025-03-04,32796.0,0.0,0,Paid
454,454,1042,2025-02-04,97481.0,0.0,0,Paid
455,455,1046,2025-02-19,77500.0,0.0,0,Paid
456,456,1093,2025-02-07,28779.0,0.0,0,Paid
457,457,1048,2025-03-07,45571.0,0.0,0,Paid
458,458,1071,2025-02-19,14854.0,0.0,0,Paid
459,459,1020,2025-02-09,58498.0,0.0,0,Paid
460,460,1121,2025-03-08,16747.0,0.0,0,Paid
461,461,1124,,0,23906.0,338,Open
462,462,1018,2025-02-04,62199.0,0.0,0,Paid
463,463,1070,2025-01-28,44645.0,0.0,0,Paid
464,464,1105,2025-02-03,155106.0,0.0,0,Paid
465,465,1108,,0,60581.0,336,Open
466,466,1008,2025-02-23,21930.0,0.0,0,Paid
467,467,1062,2025-02-12,72450.0,0.0,0,Paid
468,468,1093,2025-02-06,23386.0,0.0,0,Paid
469,469,1105,2025-02-10,71785.0,0.0,0,Paid
470,470,1068,2025-02-04,45966.0,0.0,0,Paid
471,471,1105,2025-02-10,19112.0,0.0,0,Paid
472,472,1032,2025-02-04,50358.0,0.0,0,Paid
473,473,1109,2025-02-27,30989.0,0.0,0,Paid
474,474,1049,2025-02-05,84230.0,0.0,0,Paid
475,475,1022,2025-02-13,24908.0,0.0,0,Paid
476,476,1125,2025-02-20,40270.0,0.0,0,Paid
477,477,1028,2025-03-10,35987.0,0.0,0,Paid
478,478,1088,2025-02-10,99362.0,0.0,0,Paid
479,479,1005,,0,140838.0,320,Open
480,480,1106,2025-03-09,62932.0,0.0,0,Paid
481,481,1021,2025-01-30,47118.0,0.0,0,Paid
482,482,1050,2025-02-26,46126.0,0.0,0,Paid
483,483,1093,2025-03-04,20900.0,0.0,0,Paid
484,484,1010,2025-02-20,54139.0,0.0,0,Paid
485,485,1004,2025-02-14,40691.0,0.0,0,Paid
486,486,1030,,0,70771.0,320,Open
487,487,1011,2025-03-17,58642.0,0.0,0,Paid
488,488,1010,2025-02-19,34165.0,0.0,0,Paid
489,489,1041,2025-02-10,13623.0,0.0,0,Paid
490,490,1057,2025-02-27,13595.0,0.0,0,Paid
491,491,1072,2025-02-07,15427.0,0.0,0,Paid
492,492,1071,2025-02-27,26280.0,0.0,0,Paid
493,493,1050,2025-03-10,28861.0,0.0,0,Paid
494,494,1032,2025-03-17,119447.0,0.0,0,Paid
495,495,1064,2025-02-02,21650.0,0.0,0,Paid
496,496,1039,2025-02-28,16730.0,0.0,0,Paid
497,497,1077,,0,23348.0,337,Open
498,498,1001,2025-01-31,52347.0,0.0,0,Paid
499,499,1043,,0,34271.0,322,Open
500,500,1077,,0,43889.0,320,Open
501,501,1124,,0,16436.0,307,Open
502,502,1082,2025-02-16,17746.0,0.0,0,Paid
503,503,1051,2025-02-14,39310.0,0.0,0,Paid
504,504,1070,2025-03-01,72669.0,0.0,0,Paid
505,505,1027,2025-03-07,48795.0,0.0,0,Paid
506,506,1105,2025-03-13,12461.0,0.0,0,Paid
507,507,1033,2025-01-25,126056.0,0.0,0,Paid
508,508,1010,2025-03-03,73277.0,0.0,0,Paid
509,509,1112,2025-02-16,23690.0,0.0,0,Paid
510,510,1047,2025-02-17,40064.0,0.0,0,Paid
511,511,1032,2025-02-09,65211.0,0.0,0,Paid
512,512,1006,2025-03-08,45601.0,0.0,0,Paid
513,513,1102,2025-01-30,47795.0,0.0,0,Paid
514,514,1066,2025-02-14,16888.0,0.0,0,Paid
515,515,1060,2025-02-22,50103.0,0.0,0,Paid
516,516,1045,2025-04-02,94167.0,0.0,0,Paid
517,517,1107,2025-03-04,60910.0,0.0,0,Paid
518,518,1059,2025-03-03,33902.0,0.0,0,Paid
519,519,1058,2025-02-08,79953.0,0.0,0,Paid
520,520,1015,2025-02-23,17781.0,0.0,0,Paid
521,521,1095,2025-03-11,16882.0,0.0,0,Paid
522,522,1072,2025-02-20,13168.0,0.0,0,Paid
523,523,1085,2025-02-25,32349.0,0.0,0,Paid
524,524,1026,2025-02-18,14787.0,0.0,0,Paid
525,525,1091,2025-02-28,29639.0,0.0,0,Paid
526,526,1112,2025-02-10,42003.0,0.0,0,Paid
527,527,1063,,27880.0,17515.0,321,Open
528,528,1079,2025-02-21,45158.0,0.0,0,Paid
529,529,1087,2025-03-18,14715.0,0.0,0,Paid
530,530,1011,2025-02-25,25579.0,0.0,0,Paid
531,531,1019,2025-02-11,13742.0,0.0,0,Paid
532,532,1082,2025-02-11,43623.0,0.0,0,Paid
533,533,1023,2025-02-20,93741.0,0.0,0,Paid
534,534,1007,2025-02-21,40915.0,0.0,0,Paid
535,535,1025,2025-02-08,176429.0,0.0,0,Paid
536,536,1054,2025-02-09,188241.0,0.0,0,Paid
537,537,1073,2025-03-02,47707.0,0.0,0,Paid
538,538,1022,2025-02-01,51330.0,0.0,0,Paid
539,539,1064,,0,84367.0,320,Open
540,540,1047,2025-03-18,22543.0,0.0,0,Paid
541,541,1057,2025-02-10,61078.0,0.0,0,Paid
542,542,1039,2025-02-21,132297.0,0.0,0,Paid
543,543,1111,2025-03-15,26565.0,0.0,0,Paid
544,544,1104,2025-01-30,77511.0,0.0,0,Paid
545,545,1079,2025-02-06,61256.0,0.0,0,Paid
546,546,1008,2025-02-17,21183.0,0.0,0,Paid
547,547,1022,2025-02-14,46267.0,0.0,0,Paid
548,548,1116,2025-01-26,48891.0,0.0,0,Paid
549,549,1101,,0,27851.0,321,Open
550,550,1017,2025-03-10,13200.0,0.0,0,Paid
551,551,1098,2025-02-24,44165.0,0.0,0,Paid
552,552,1049,2025-03-29,69040.0,0.0,0,Paid
553,553,1012,2025-02-03,31509.0,0.0,0,Paid
554,554,1063,,0,52802.0,304,Open
555,555,1094,2025-01-29,15634.0,0.0,0,Paid
556,556,1102,2025-02-12,73947.0,0.0,0,Paid
557,557,1028,,10405.0,7382.0,321,Open
558,558,1110,2025-02-17,23338.0,0.0,0,Paid
559,559,1007,2025-02-19,22039.0,0.0,0,Paid
560,560,1021,2025-02-14,36618.0,0.0,0,Paid
561,561,1026,2025-02-16,16536.0,0.0,0,Paid
562,562,1113,2025-02-11,107830.0,0.0,0,Paid
563,563,1048,2025-03-13,55166.0,0.0,0,Paid
564,564,1097,2025-02-25,38338.0,0.0,0,Paid
565,565,1001,2025-03-07,43471.0,0.0,0,Paid
566,566,1002,2025-03-06,14112.0,0.0,0,Paid
567,567,1055,2025-01-26,65840.0,0.0,0,Paid
568,568,1014,2025-02-27,47003.0,0.0,0,Paid
569,569,1100,2025-02-26,71193.0,0.0,0,Paid
570,570,1073,2025-04-08,162111.0,0.0,0,Paid
571,571,1093,2025-03-14,41922.0,0.0,0,Paid
572,572,1028,2025-02-20,65225.0,0.0,0,Paid
573,573,1124,2025-02-12,13780.0,0.0,0,Paid
574,574,1083,2025-01-28,45197.0,0.0,0,Paid
575,575,1089,2025-02-19,29798.0,0.0,0,Paid
576,576,1027,2025-01-27,40108.0,0.0,0,Paid
577,577,1115,2025-02-19,44815.0,0.0,0,Paid
578,578,1031,2025-01-30,44291.0,0.0,0,Paid
579,579,1120,2025-02-14,61364.0,0.0,0,Paid
580,580,1054,2025-02-22,30477.0,0.0,0,Paid
581,581,1003,2025-02-11,53169.0,0.0,0,Paid
582,582,1119,2025-03-12,22499.0,0.0,0,Paid
583,583,1054,2025-02-02,44866.0,0.0,0,Paid
584,584,1069,2025-03-26,29817.0,0.0,0,Paid
585,585,1104,2025-02-09,22488.0,0.0,0,Paid
586,586,1098,2025-02-20,16047.0,0.0,0,Paid
587,587,1109,2025-03-04,106400.0,0.0,0,Paid
588,588,1015,2025-02-09,12661.0,0.0,0,Paid
589,589,1016,2025-02-21,34058.0,0.0,0,Paid
590,590,1064,2025-02-23,13115.0,0.0,0,Paid
591,591,1017,2025-03-29,57656.0,0.0,0,Paid
592,592,1016,2025-02-23,78842.0,0.0,0,Paid
593,593,1092,2025-02-14,37734.0,0.0,0,Paid
594,594,1066,2025-02-27,69652.0,0.0,0,Paid
595,595,1014,2025-02-28,29969.0,0.0,0,Paid
596,596,1095,2025-02-16,104699.0,0.0,0,Paid
597,597,1050,2025-02-24,21688.0,0.0,0,Paid
598,598,1005,,0,36251.0,335,Open
599,599,1054,2025-02-17,84838.0,0.0,0,Paid
600,600,1074,2025-03-01,33778.0,0.0,0,Paid
601,601,1006,2025-02-14,32881.0,0.0,0,Paid
602,602,1037,2025-02-08,37180.0,0.0,0,Paid
603,603,1038,2025-03-16,38816.0,0.0,0,Paid
604,604,1060,2025-02-14,21892.0,0.0,0,Paid
605,605,1070,2025-02-28,74926.0,0.0,0,Paid
606,606,1053,2025-02-25,18086.0,0.0,0,Paid
607,607,1043,2025-03-14,34746.0,0.0,0,Paid
608,608,1094,2025-03-02,45204.0,0.0,0,Paid
609,609,1125,2025-03-25,12129.0,0.0,0,Paid
610,610,1118,2025-01-27,95309.0,0.0,0,Paid
611,611,1096,2025-02-20,53732.0,0.0,0,Paid
612,612,1105,2025-03-25,15268.0,0.0,0,Paid
613,613,1038,2025-02-09,32376.0,0.0,0,Paid
614,614,1090,2025-03-18,16252.0,0.0,0,Paid
615,615,1018,2025-03-20,42607.0,0.0,0,Paid
616,616,1022,2025-02-12,87522.0,0.0,0,Paid
617,617,1058,2025-03-23,13390.0,0.0,0,Paid
618,618,1106,2025-02-22,16010.0,0.0,0,Paid
619,619,1110,2025-02-19,53172.0,0.0,0,Paid
620,620,1087,2025-02-06,13692.0,0.0,0,Paid
621,621,1122,2025-02-27,48027.0,0.0,0,Paid
622,622,1103,2025-01-27,30610.0,0.0,0,Paid
623,623,1100,2025-03-05,47715.0,0.0,0,Paid
624,624,1083,2025-03-11,30191.0,0.0,0,Paid
625,625,1010,2025-03-04,34819.0,0.0,0,Paid
626,626,1116,2025-02-24,14712.0,0.0,0,Paid
627,627,1121,,0,116176.0,317,Open
628,628,1004,2025-03-17,15888.0,0.0,0,Paid
629,629,1117,2025-02-17,32393.0,0.0,0,Paid
630,630,1032,2025-01-31,18103.0,0.0,0,Paid
631,631,1062,2025-02-01,51909.0,0.0,0,Paid
632,632,1068,2025-01-26,16910.0,0.0,0,Paid
633,633,1003,2025-03-23,86731.0,0.0,0,Paid
634,634,1117,2025-03-09,94969.0,0.0,0,Paid
635,635,1004,2025-02-10,22147.0,0.0,0,Paid
636,636,1061,,0,15713.0,319,Open
637,637,1125,2025-02-20,69194.0,0.0,0,Paid
638,638,1095,2025-02-17,14565.0,0.0,0,Paid
639,639,1109,2025-03-15,71013.0,0.0,0,Paid
640,640,1031,2025-03-21,67935.0,0.0,0,Paid
641,641,1117,,50307.0,23326.0,332,Open
642,642,1122,2025-02-02,70085.0,0.0,0,Paid
643,643,1064,2025-02-03,72343.0,0.0,0,Paid
644,644,1003,2025-02-11,23073.0,0.0,0,Paid
645,645,1026,2025-02-19,24628.0,0.0,0,Paid
646,646,1008,2025-02-25,44235.0,0.0,0,Paid
647,647,1100,2025-02-28,28271.0,0.0,0,Paid
648,648,1085,2025-02-22,38527.0,0.0,0,Paid
649,649,1018,2025-03-17,15154.0,0.0,0,Paid
650,650,1041,2025-02-27,85315.0,0.0,0,Paid
651,651,1119,2025-02-23,71822.0,0.0,0,Paid
652,652,1094,2025-02-20,43417.0,0.0,0,Paid
653,653,1122,2025-02-10,22907.0,0.0,0,Paid
654,654,1024,2025-03-02,49924.0,0.0,0,Paid
655,655,1029,2025-04-20,83203.0,0.0,0,Paid
656,656,1045,2025-02-20,21021.0,0.0,0,Paid
657,657,1012,,0,33481.0,319,Open
658,658,1027,2025-02-08,112420.0,0.0,0,Paid
659,659,1014,2025-02-03,14881.0,0.0,0,Paid
660,660,1053,2025-02-25,23375.0,0.0,0,Paid
661,661,1013,2025-02-11,48229.0,0.0,0,Paid
662,662,1058,2025-03-05,120406.0,0.0,0,Paid
663,663,1041,2025-02-12,43950.0,0.0,0,Paid
664,664,1010,2025-03-16,17725.0,0.0,0,Paid
665,665,1077,,0,92799.0,331,Open
666,666,1078,2025-03-03,110940.0,0.0,0,Paid
667,667,1027,2025-02-10,33462.0,0.0,0,Paid
668,668,1085,2025-02-21,75867.0,0.0,0,Paid
669,669,1074,2025-02-23,15618.0,0.0,0,Paid
670,670,1106,2025-02-11,14672.0,0.0,0,Paid
671,671,1038,2025-02-11,48973.0,0.0,0,Paid
672,672,1101,2025-03-10,67030.0,0.0,0,Paid
673,673,1024,2025-02-12,31865.0,0.0,0,Paid
674,674,1006,2025-02-27,32553.0,0.0,0,Paid
675,675,1097,2025-03-06,32384.0,0.0,0,Paid
676,676,1104,2025-02-15,25227.0,0.0,0,Paid
677,677,1105,,0,99557.0,299,Open
678,678,1120,2025-03-11,109818.0,0.0,0,Paid
679,679,1092,2025-02-07,72407.0,0.0,0,Paid
680,680,1074,2025-03-07,36111.0,0.0,0,Paid
681,681,1022,2025-03-01,43242.0,0.0,0,Paid
682,682,1055,,0,85201.0,316,Open
683,683,1077,2025-02-07,45274.0,0.0,0,Paid
684,684,1009,2025-02-19,57444.0,0.0,0,Paid
685,685,1118,2025-03-03,34886.0,0.0,0,Paid
686,686,1067,2025-02-14,87472.0,0.0,0,Paid
687,687,1124,2025-02-23,38029.0,0.0,0,Paid
688,688,1013,2025-03-11,116270.0,0.0,0,Paid
689,689,1084,2025-03-05,169258.0,0.0,0,Paid
690,690,1036,2025-02-19,47634.0,0.0,0,Paid
691,691,1113,2025-03-06,30512.0,0.0,0,Paid
692,692,1118,2025-02-17,15787.0,0.0,0,Paid
693,693,1108,2025-02-11,32935.0,0.0,0,Paid
694,694,1112,2025-03-04,60918.0,0.0,0,Paid
695,695,1094,2025-02-19,15068.0,0.0,0,Paid
696,696,1028,2025-02-12,30094.0,0.0,0,Paid
697,697,1008,2025-03-02,64121.0,0.0,0,Paid
698,698,1065,2025-02-19,20450.0,0.0,0,Paid
699,699,1113,2025-02-09,44353.0,0.0,0,Paid
700,700,1059,2025-02-21,116499.0,0.0,0,Paid
701,701,1051,2025-01-28,26660.0,0.0,0,Paid
702,702,1048,2025-02-19,22115.0,0.0,0,Paid
703,703,1045,2025-02-12,41238.0,0.0,0,Paid
704,704,1089,2025-02-23,67151.0,0.0,0,Paid
705,705,1028,2025-02-12,18798.0,0.0,0,Paid
706,706,1035,2025-02-12,59074.0,0.0,0,Paid
707,707,1061,2025-03-28,131920.0,0.0,0,Paid
708,708,1104,2025-02-06,67914.0,0.0,0,Paid
709,709,1036,2025-03-04,104859.0,0.0,0,Paid
710,710,1087,2025-03-18,33671.0,0.0,0,Paid
711,711,1001,2025-02-06,51804.0,0.0,0,Paid
712,712,1078,2025-02-14,60852.0,0.0,0,Paid
713,713,1044,2025-02-04,56255.0,0.0,0,Paid
714,714,1115,2025-02-28,66109.0,0.0,0,Paid
715,715,1031,2025-02-24,27717.0,0.0,0,Paid
716,716,1088,,24522.0,63984.0,315,Open
717,717,1038,2025-03-08,15563.0,0.0,0,Paid
718,718,1074,2025-02-07,32874.0,0.0,0,Paid
719,719,1088,2025-03-12,38830.0,0.0,0,Paid
720,720,1109,2025-03-01,59858.0,0.0,0,Paid
721,721,1038,2025-02-22,45843.0,0.0,0,Paid
722,722,1024,2025-02-22,16987.0,0.0,0,Paid
723,723,1029,2025-04-20,100011.0,0.0,0,Paid
724,724,1034,2025-02-24,45322.0,0.0,0,Paid
725,725,1007,2025-02-17,46472.0,0.0,0,Paid
726,726,1065,2025-01-29,68517.0,0.0,0,Paid
727,727,1053,2025-02-14,55574.0,0.0,0,Paid
728,728,1073,2025-02-24,69091.0,0.0,0,Paid
729,729,1111,2025-02-17,169112.0,0.0,0,Paid
730,730,1082,2025-02-17,63266.0,0.0,0,Paid
731,731,1100,2025-03-11,30560.0,0.0,0,Paid
732,732,1079,2025-02-19,43745.0,0.0,0,Paid
733,733,1062,2025-02-21,31153.0,0.0,0,Paid
734,734,1042,2025-02-27,16591.0,0.0,0,Paid
735,735,1001,2025-02-03,43790.0,0.0,0,Paid
736,736,1050,2025-02-23,20623.0,0.0,0,Paid
737,737,1006,2025-02-24,21590.0,0.0,0,Paid
738,738,1114,2025-02-12,13682.0,0.0,0,Paid
739,739,1063,2025-02-12,22166.0,0.0,0,Paid
740,740,1030,2025-03-12,17588.0,0.0,0,Paid
741,741,1003,2025-02-21,81905.0,0.0,0,Paid
742,742,1113,2025-03-07,24609.0,0.0,0,Paid
743,743,1077,2025-02-18,72559.0,0.0,0,Paid
744,744,1054,,41410.0,67691.0,315,Open
745,745,1090,2025-01-31,17178.0,0.0,0,Paid
746,746,1085,2025-03-05,24721.0,0.0,0,Paid
747,747,1066,2025-02-20,42416.0,0.0,0,Paid
748,748,1014,2025-03-07,25590.0,0.0,0,Paid
749,749,1046,2025-02-14,46757.0,0.0,0,Paid
750,750,1064,2025-03-03,16881.0,0.0,0,Paid
751,751,1012,2025-02-06,95387.0,0.0,0,Paid
752,752,1020,2025-01-31,101553.0,0.0,0,Paid
753,753,1083,2025-03-06,98815.0,0.0,0,Paid
754,754,1060,2025-02-16,68355.0,0.0,0,Paid
755,755,1087,2025-03-11,48287.0,0.0,0,Paid
756,756,1098,2025-03-03,42951.0,0.0,0,Paid
757,757,1115,2025-02-17,27973.0,0.0,0,Paid
758,758,1012,2025-03-09,28788.0,0.0,0,Paid
759,759,1107,2025-02-28,15102.0,0.0,0,Paid
760,760,1084,2025-03-03,60501.0,0.0,0,Paid
761,761,1109,,12433.0,20769.0,301,Open
762,762,1103,2025-02-07,24268.0,0.0,0,Paid
763,763,1111,,22783.0,25279.0,315,Open
764,764,1017,2025-02-27,65002.0,0.0,0,Paid
765,765,1084,2025-02-24,44726.0,0.0,0,Paid
766,766,1099,2025-03-12,50206.0,0.0,0,Paid
767,767,1067,2025-03-20,80561.0,0.0,0,Paid
768,768,1085,2025-02-05,65531.0,0.0,0,Paid
769,769,1106,2025-02-20,40128.0,0.0,0,Paid
770,770,1083,2025-02-27,118270.0,0.0,0,Paid
771,771,1097,2025-02-07,61497.0,0.0,0,Paid
772,772,1007,2025-02-13,25022.0,0.0,0,Paid
773,773,1057,2025-02-19,45884.0,0.0,0,Paid
774,774,1058,2025-02-28,75433.0,0.0,0,Paid
775,775,1005,2025-02-19,86176.0,0.0,0,Paid
776,776,1078,2025-02-20,22916.0,0.0,0,Paid
777,777,1059,2025-02-19,59632.0,0.0,0,Paid
778,778,1029,2025-04-13,66391.0,0.0,0,Paid
779,779,1047,2025-04-01,38778.0,0.0,0,Paid
780,780,1029,2025-02-04,20979.0,0.0,0,Paid
781,781,1048,2025-02-24,33970.0,0.0,0,Paid
782,782,1018,2025-01-29,22603.0,0.0,0,Paid
783,783,1016,,0,113497.0,329,Open
784,784,1101,2025-03-04,69638.0,0.0,0,Paid
785,785,1087,2025-01-29,15910.0,0.0,0,Paid
786,786,1085,2025-01-31,72118.0,0.0,0,Paid
787,787,1071,2025-02-01,50421.0,0.0,0,Paid
788,788,1066,2025-03-14,92305.0,0.0,0,Paid
789,789,1014,2025-03-12,154417.0,0.0,0,Paid
790,790,1065,2025-03-18,35994.0,0.0,0,Paid
791,791,1051,2025-02-17,57912.0,0.0,0,Paid
792,792,1018,2025-03-12,143627.0,0.0,0,Paid
793,793,1071,2025-02-06,25619.0,0.0,0,Paid
794,794,1081,2025-02-17,90400.0,0.0,0,Paid
795,795,1017,2025-03-09,78992.0,0.0,0,Paid
796,796,1042,,0,91810.0,313,Open
797,797,1075,2025-02-07,69089.0,0.0,0,Paid
798,798,1037,2025-03-18,75430.0,0.0,0,Paid
799,799,1014,2025-02-09,52315.0,0.0,0,Paid
800,800,1021,2025-03-23,16539.0,0.0,0,Paid
801,801,1008,2025-02-24,99933.0,0.0,0,Paid
802,802,1014,2025-03-02,27287.0,0.0,0,Paid
803,803,1029,2025-04-03,65389.0,0.0,0,Paid
804,804,1037,2025-03-04,48360.0,0.0,0,Paid
805,805,1054,2025-03-13,20828.0,0.0,0,Paid
806,806,1033,2025-02-18,151838.0,0.0,0,Paid
807,807,1057,2025-03-02,65947.0,0.0,0,Paid
808,808,1070,2025-02-17,150910.0,0.0,0,Paid
809,809,1025,2025-02-17,20221.0,0.0,0,Paid
810,810,1066,2025-02-19,16838.0,0.0,0,Paid
811,811,1034,2025-01-30,18023.0,0.0,0,Paid
812,812,1020,2025-03-08,31184.0,0.0,0,Paid
813,813,1100,2025-02-04,73285.0,0.0,0,Paid
814,814,1046,2025-03-04,61738.0,0.0,0,Paid
815,815,1123,2025-02-16,50659.0,0.0,0,Paid
816,816,1012,2025-02-22,14637.0,0.0,0,Paid
817,817,1043,2025-02-24,69273.0,0.0,0,Paid
818,818,1106,2025-03-06,11117.0,0.0,0,Paid
819,819,1045,2025-04-06,41633.0,0.0,0,Paid
820,820,1088,2025-02-17,58372.0,0.0,0,Paid
821,821,1015,2025-03-02,56830.0,0.0,0,Paid
822,822,1048,2025-02-22,34222.0,0.0,0,Paid
823,823,1038,2025-02-15,43186.0,0.0,0,Paid
824,824,1123,2025-02-09,30721.0,0.0,0,Paid
825,825,1027,,39851.0,37804.0,314,Open
826,826,1069,2025-02-17,61740.0,0.0,0,Paid
827,827,1056,2025-02-19,154300.0,0.0,0,Paid
828,828,1043,2025-03-22,104612.0,0.0,0,Paid
829,829,1033,2025-03-06,15768.0,0.0,0,Paid
830,830,1081,2025-02-22,45186.0,0.0,0,Paid
831,831,1016,2025-02-25,17250.0,0.0,0,Paid
832,832,1090,2025-02-10,42327.0,0.0,0,Paid
833,833,1038,2025-02-05,75003.0,0.0,0,Paid
834,834,1051,2025-03-13,41396.0,0.0,0,Paid
835,835,1029,2025-04-12,34387.0,0.0,0,Paid
836,836,1019,2025-03-31,24682.0,0.0,0,Paid
837,837,1111,2025-02-17,53693.0,0.0,0,Paid
838,838,1016,2025-03-08,39738.0,0.0,0,Paid
839,839,1027,2025-03-21,32483.0,0.0,0,Paid
840,840,1053,2025-03-11,84426.0,0.0,0,Paid
841,841,1033,2025-03-03,140263.0,0.0,0,Paid
842,842,1110,2025-03-01,18795.0,0.0,0,Paid
843,843,1010,2025-02-22,42270.0,0.0,0,Paid
844,844,1093,2025-03-08,16469.0,0.0,0,Paid
845,845,1037,2025-02-04,121131.0,0.0,0,Paid
846,846,1058,2025-04-06,93551.0,0.0,0,Paid
847,847,1104,2025-02-20,47831.0,0.0,0,Paid
848,848,1032,2025-02-24,33579.0,0.0,0,Paid
849,849,1087,2025-02-13,115630.0,0.0,0,Paid
850,850,1046,2025-02-25,102223.0,0.0,0,Paid
851,851,1036,2025-02-22,84324.0,0.0,0,Paid
852,852,1034,2025-02-09,31353.0,0.0,0,Paid
853,853,1081,2025-03-21,54359.0,0.0,0,Paid
854,854,1076,2025-03-03,30499.0,0.0,0,Paid
855,855,1084,2025-02-15,16402.0,0.0,0,Paid
856,856,1099,2025-03-11,80546.0,0.0,0,Paid
857,857,1047,,0,94387.0,311,Open
858,858,1104,2025-03-12,73866.0,0.0,0,Paid
859,859,1073,2025-02-11,90840.0,0.0,0,Paid
860,860,1095,2025-02-17,89358.0,0.0,0,Paid
861,861,1034,2025-03-28,92114.0,0.0,0,Paid
862,862,1117,2025-03-23,15778.0,0.0,0,Paid
863,863,1084,2025-02-23,76804.0,0.0,0,Paid
864,864,1107,,19933.0,24051.0,297,Open
865,865,1049,2025-03-15,40396.0,0.0,0,Paid
866,866,1067,2025-03-26,42840.0,0.0,0,Paid
867,867,1045,2025-02-20,76264.0,0.0,0,Paid
868,868,1065,,0,52038.0,313,Open
869,869,1020,2025-02-24,54150.0,0.0,0,Paid
870,870,1016,2025-03-08,29966.0,0.0,0,Paid
871,871,1062,2025-02-04,51011.0,0.0,0,Paid
872,872,1003,2025-02-02,15812.0,0.0,0,Paid
873,873,1115,2025-02-18,18039.0,0.0,0,Paid
874,874,1024,2025-02-18,25007.0,0.0,0,Paid
875,875,1094,2025-02-23,45054.0,0.0,0,Paid
876,876,1058,2025-02-19,19378.0,0.0,0,Paid
877,877,1019,2025-02-16,46827.0,0.0,0,Paid
878,878,1085,2025-03-06,129513.0,0.0,0,Paid
879,879,1009,2025-02-10,27731.0,0.0,0,Paid
880,880,1065,2025-03-19,30738.0,0.0,0,Paid
881,881,1023,2025-03-02,86996.0,0.0,0,Paid
882,882,1016,,18905.0,15556.0,297,Open
883,883,1070,2025-03-08,41673.0,0.0,0,Paid
884,884,1048,2025-02-19,160631.0,0.0,0,Paid
885,885,1121,,52958.0,29043.0,311,Open
886,886,1098,2025-02-20,113483.0,0.0,0,Paid
887,887,1033,2025-02-19,82238.0,0.0,0,Paid
888,888,1053,2025-03-09,16776.0,0.0,0,Paid
889,889,1001,2025-02-16,19051.0,0.0,0,Paid
890,890,1041,2025-02-13,20796.0,0.0,0,Paid
891,891,1075,2025-03-15,14841.0,0.0,0,Paid
892,892,1088,2025-02-19,62116.0,0.0,0,Paid
893,893,1072,2025-02-23,15530.0,0.0,0,Paid
894,894,1045,2025-03-04,46270.0,0.0,0,Paid
895,895,1111,2025-02-12,93539.0,0.0,0,Paid
896,896,1028,2025-03-05,62750.0,0.0,0,Paid
897,897,1079,2025-04-04,72693.0,0.0,0,Paid
898,898,1012,2025-02-19,74088.0,0.0,0,Paid
899,899,1012,2025-03-15,77387.0,0.0,0,Paid
900,900,1052,2025-03-29,15627.0,0.0,0,Paid
901,901,1077,2025-02-18,48484.0,0.0,0,Paid
902,902,1109,2025-03-20,49903.0,0.0,0,Paid
903,903,1005,2025-03-26,62168.0,0.0,0,Paid
904,904,1047,2025-02-13,79892.0,0.0,0,Paid
905,905,1036,2025-02-23,13561.0,0.0,0,Paid
906,906,1095,2025-03-05,66611.0,0.0,0,Paid
907,907,1093,2025-03-02,79770.0,0.0,0,Paid
908,908,1078,2025-03-16,186200.0,0.0,0,Paid
909,909,1001,2025-02-02,63151.0,0.0,0,Paid
910,910,1122,2025-02-19,36758.0,0.0,0,Paid
911,911,1069,2025-02-09,33913.0,0.0,0,Paid
912,912,1099,2025-02-16,97679.0,0.0,0,Paid
913,913,1088,2025-03-07,14896.0,0.0,0,Paid
914,914,1082,2025-03-24,29265.0,0.0,0,Paid
915,915,1103,2025-02-20,43735.0,0.0,0,Paid
916,916,1032,2025-02-24,82995.0,0.0,0,Paid
917,917,1044,2025-02-21,33930.0,0.0,0,Paid
918,918,1035,2025-02-19,51292.0,0.0,0,Paid
919,919,1025,2025-03-24,50231.0,0.0,0,Paid
920,920,1026,2025-02-21,97498.0,0.0,0,Paid
921,921,1011,2025-02-25,131268.0,0.0,0,Paid
922,922,1098,2025-03-08,68202.0,0.0,0,Paid
923,923,1115,2025-02-26,149400.0,0.0,0,Paid
924,924,1063,2025-03-03,136467.0,0.0,0,Paid
925,925,1017,2025-03-06,38419.0,0.0,0,Paid
926,926,1070,2025-03-30,52465.0,0.0,0,Paid
927,927,1016,2025-03-09,14798.0,0.0,0,Paid
928,928,1002,2025-02-23,45011.0,0.0,0,Paid
929,929,1024,2025-03-04,44404.0,0.0,0,Paid
930,930,1079,2025-02-05,23493.0,0.0,0,Paid
931,931,1047,2025-03-06,14639.0,0.0,0,Paid
932,932,1017,2025-02-23,33707.0,0.0,0,Paid
933,933,1072,2025-02-12,100362.0,0.0,0,Paid
934,934,1123,2025-03-23,28297.0,0.0,0,Paid
935,935,1115,2025-02-09,46933.0,0.0,0,Paid
936,936,1101,2025-03-17,89877.0,0.0,0,Paid
937,937,1021,2025-03-01,24716.0,0.0,0,Paid
938,938,1081,2025-02-27,43664.0,0.0,0,Paid
939,939,1104,2025-02-04,43523.0,0.0,0,Paid
940,940,1112,2025-02-22,15333.0,0.0,0,Paid
941,941,1100,,26819.0,19420.0,311,Open
942,942,1100,2025-03-04,14861.0,0.0,0,Paid
943,943,1019,2025-02-27,84503.0,0.0,0,Paid
944,944,1054,2025-03-10,63561.0,0.0,0,Paid
945,945,1030,2025-03-02,52710.0,0.0,0,Paid
946,946,1078,2025-02-04,49787.0,0.0,0,Paid
947,947,1076,2025-03-12,22851.0,0.0,0,Paid
948,948,1110,2025-03-05,46751.0,0.0,0,Paid
949,949,1011,,31299.0,17235.0,310,Open
950,950,1120,2025-02-20,29261.0,0.0,0,Paid
951,951,1011,2025-02-28,53812.0,0.0,0,Paid
952,952,1120,2025-02-08,33581.0,0.0,0,Paid
953,953,1017,2025-03-17,31970.0,0.0,0,Paid
954,954,1046,2025-02-17,26783.0,0.0,0,Paid
955,955,1035,,0,33544.0,297,Open
956,956,1070,2025-02-07,24144.0,0.0,0,Paid
957,957,1068,2025-02-15,27379.0,0.0,0,Paid
958,958,1062,2025-02-18,45611.0,0.0,0,Paid
959,959,1039,2025-03-18,28532.0,0.0,0,Paid
960,960,1069,2025-02-19,34444.0,0.0,0,Paid
961,961,1062,2025-02-20,59787.0,0.0,0,Paid
962,962,1071,2025-03-01,41165.0,0.0,0,Paid
963,963,1051,2025-02-15,30840.0,0.0,0,Paid
964,964,1011,2025-03-24,45814.0,0.0,0,Paid
965,965,1117,2025-02-18,15058.0,0.0,0,Paid
966,966,1035,2025-02-17,60380.0,0.0,0,Paid
967,967,1038,2025-02-21,55215.0,0.0,0,Paid
968,968,1042,2025-04-02,29552.0,0.0,0,Paid
969,969,1024,2025-03-30,15698.0,0.0,0,Paid
970,970,1012,2025-03-05,33540.0,0.0,0,Paid
971,971,1040,2025-02-21,29402.0,0.0,0,Paid
972,972,1011,2025-03-02,87889.0,0.0,0,Paid
973,973,1100,,66386.0,116857.0,322,Open
974,974,1049,2025-02-04,32547.0,0.0,0,Paid
975,975,1032,2025-02-25,37306.0,0.0,0,Paid
976,976,1095,,0,86254.0,307,Open
977,977,1061,2025-02-05,86305.0,0.0,0,Paid
978,978,1096,2025-03-07,76633.0,0.0,0,Paid
979,979,1082,2025-03-13,71996.0,0.0,0,Paid
980,980,1031,2025-03-12,30106.0,0.0,0,Paid
981,981,1036,2025-02-19,17466.0,0.0,0,Paid
982,982,1089,2025-03-10,55979.0,0.0,0,Paid
983,983,1012,2025-03-14,31702.0,0.0,0,Paid
984,984,1098,2025-02-08,25272.0,0.0,0,Paid
985,985,1090,,0,25956.0,311,Open
986,986,1083,2025-02-18,20081.0,0.0,0,Paid
987,987,1025,2025-03-14,69745.0,0.0,0,Paid
988,988,1091,2025-04-02,29342.0,0.0,0,Paid
989,989,1025,2025-03-24,15833.0,0.0,0,Paid
990,990,1077,2025-03-14,39423.0,0.0,0,Paid
991,991,1020,2025-03-28,65054.0,0.0,0,Paid
992,992,1065,2025-03-01,50986.0,0.0,0,Paid
993,993,1031,,0,17756.0,310,Open
994,994,1105,2025-03-04,13368.0,0.0,0,Paid
995,995,1042,2025-03-08,28759.0,0.0,0,Paid
996,996,1085,2025-03-13,14627.0,0.0,0,Paid
997,997,1063,,0,49490.0,293,Open
998,998,1050,,0,15551.0,310,Open
999,999,1078,2025-02-24,47352.0,0.0,0,Paid
1000,1000,1084,2025-02-25,24175.0,0.0,0,Paid
1001,1001,1072,2025-04-06,84592.0,0.0,0,Paid
1002,1002,1102,2025-03-09,82230.0,0.0,0,Paid
1003,1003,1039,2025-03-14,76245.0,0.0,0,Paid
1004,1004,1013,2025-02-26,17077.0,0.0,0,Paid
1005,1005,1081,,0,44271.0,309,Open
1006,1006,1096,,0,64019.0,324,Open
1007,1007,1114,2025-02-20,27516.0,0.0,0,Paid
1008,1008,1065,,0,45349.0,323,Open
1009,1009,1041,2025-02-24,13759.0,0.0,0,Paid
1010,1010,1053,,0,116336.0,306,Open
1011,1011,1028,2025-02-24,45492.0,0.0,0,Paid
1012,1012,1047,2025-03-15,27208.0,0.0,0,Paid
1013,1013,1077,2025-03-13,57238.0,0.0,0,Paid
1014,1014,1001,2025-03-05,13323.0,0.0,0,Paid
1015,1015,1089,2025-02-19,19025.0,0.0,0,Paid
1016,1016,1074,2025-03-22,173849.0,0.0,0,Paid
1017,1017,1047,2025-03-03,27758.0,0.0,0,Paid
1018,1018,1039,2025-03-03,31509.0,0.0,0,Paid
1019,1019,1102,,0,34446.0,309,Open
1020,1020,1090,2025-02-20,36768.0,0.0,0,Paid
1021,1021,1074,2025-02-07,85924.0,0.0,0,Paid
1022,1022,1043,,0,53672.0,308,Open
1023,1023,1030,2025-03-12,57465.0,0.0,0,Paid
1024,1024,1082,2025-02-21,63058.0,0.0,0,Paid
1025,1025,1020,2025-02-13,15689.0,0.0,0,Paid
1026,1026,1125,2025-03-21,45083.0,0.0,0,Paid
1027,1027,1029,2025-02-28,23876.0,0.0,0,Paid
1028,1028,1096,2025-02-17,42004.0,0.0,0,Paid
1029,1029,1065,2025-04-01,36083.0,0.0,0,Paid
1030,1030,1051,2025-02-27,47553.0,0.0,0,Paid
1031,1031,1095,2025-02-14,24581.0,0.0,0,Paid
1032,1032,1074,2025-03-10,18793.0,0.0,0,Paid
1033,1033,1045,2025-02-19,54374.0,0.0,0,Paid
1034,1034,1045,2025-03-08,14687.0,0.0,0,Paid
1035,1035,1019,2025-02-09,115323.0,0.0,0,Paid
1036,1036,1094,2025-03-07,67318.0,0.0,0,Paid
1037,1037,1122,2025-03-02,27756.0,0.0,0,Paid
1038,1038,1103,,6098.0,17533.0,309,Open
1039,1039,1027,2025-02-09,33958.0,0.0,0,Paid
1040,1040,1080,2025-02-24,24811.0,0.0,0,Paid
1041,1041,1003,2025-02-28,20724.0,0.0,0,Paid
1042,1042,1026,2025-02-17,56771.0,0.0,0,Paid
1043,1043,1084,2025-02-11,86481.0,0.0,0,Paid
1044,1044,1047,2025-02-09,27341.0,0.0,0,Paid
1045,1045,1084,2025-04-09,25221.0,0.0,0,Paid
1046,1046,1063,2025-03-17,83186.0,0.0,0,Paid
1047,1047,1065,2025-02-26,49309.0,0.0,0,Paid
1048,1048,1040,2025-03-16,67153.0,0.0,0,Paid
1049,1049,1045,2025-02-15,34396.0,0.0,0,Paid
1050,1050,1036,2025-02-25,59243.0,0.0,0,Paid
1051,1051,1114,2025-02-21,75080.0,0.0,0,Paid
1052,1052,1044,2025-03-12,178416.0,0.0,0,Paid
1053,1053,1049,2025-03-30,91479.0,0.0,0,Paid
1054,1054,1074,2025-02-17,65558.0,0.0,0,Paid
1055,1055,1043,2025-03-16,69028.0,0.0,0,Paid
1056,1056,1026,2025-03-09,13721.0,0.0,0,Paid
1057,1057,1068,2025-02-10,28108.0,0.0,0,Paid
1058,1058,1073,2025-02-21,58794.0,0.0,0,Paid
1059,1059,1122,2025-02-09,25501.0,0.0,0,Paid
1060,1060,1041,2025-03-20,21021.0,0.0,0,Paid
1061,1061,1057,2025-02-26,60425.0,0.0,0,Paid
1062,1062,1025,2025-02-22,69922.0,0.0,0,Paid
1063,1063,1079,2025-02-10,14014.0,0.0,0,Paid
1064,1064,1004,2025-02-11,47683.0,0.0,0,Paid
1065,1065,1065,2025-02-26,44484.0,0.0,0,Paid
1066,1066,1061,2025-02-19,80612.0,0.0,0,Paid
1067,1067,1098,2025-03-06,18154.0,0.0,0,Paid
1068,1068,1026,2025-02-28,132362.0,0.0,0,Paid
1069,1069,1057,2025-02-14,28041.0,0.0,0,Paid
1070,1070,1052,2025-02-07,31423.0,0.0,0,Paid
1071,1071,1121,2025-03-16,84402.0,0.0,0,Paid
1072,1072,1113,,0,39409.0,292,Open
1073,1073,1113,2025-03-27,17379.0,0.0,0,Paid
1074,1074,1095,,0,70264.0,307,Open
1075,1075,1057,,0,30351.0,307,Open
1076,1076,1060,2025-03-07,14090.0,0.0,0,Paid
1077,1077,1060,2025-02-06,15382.0,0.0,0,Paid
1078,1078,1015,2025-02-23,67372.0,0.0,0,Paid
1079,1079,1042,2025-03-17,30953.0,0.0,0,Paid
1080,1080,1092,2025-02-24,14922.0,0.0,0,Paid
1081,1081,1092,2025-03-11,115678.0,0.0,0,Paid
1082,1082,1015,2025-03-26,131505.0,0.0,0,Paid
1083,1083,1125,2025-02-15,40943.0,0.0,0,Paid
1084,1084,1049,2025-03-07,79735.0,0.0,0,Paid
1085,1085,1021,2025-03-22,18434.0,0.0,0,Paid
1086,1086,1054,2025-03-15,26572.0,0.0,0,Paid
1087,1087,1116,,0,50156.0,306,Open
1088,1088,1033,2025-03-24,15849.0,0.0,0,Paid
1089,1089,1064,2025-04-16,35200.0,0.0,0,Paid
1090,1090,1053,2025-03-09,30702.0,0.0,0,Paid
1091,1091,1081,,0,36361.0,307,Open
1092,1092,1019,2025-03-31,61651.0,0.0,0,Paid
1093,1093,1078,2025-02-08,15897.0,0.0,0,Paid
1094,1094,1054,2025-03-11,65115.0,0.0,0,Paid
1095,1095,1074,2025-03-19,29577.0,0.0,0,Paid
1096,1096,1075,2025-02-06,32981.0,0.0,0,Paid
1097,1097,1105,2025-03-02,15187.0,0.0,0,Paid
1098,1098,1038,2025-02-22,34746.0,0.0,0,Paid
1099,1099,1027,2025-02-17,15023.0,0.0,0,Paid
1100,1100,1094,2025-03-09,45915.0,0.0,0,Paid
1101,1101,1101,2025-02-12,66039.0,0.0,0,Paid
1102,1102,1041,2025-03-10,29514.0,0.0,0,Paid
1103,1103,1064,2025-02-25,35677.0,0.0,0,Paid
1104,1104,1024,2025-02-17,41003.0,0.0,0,Paid
1105,1105,1060,2025-03-10,31609.0,0.0,0,Paid
1106,1106,1103,2025-02-23,22093.0,0.0,0,Paid
1107,1107,1028,2025-03-24,46229.0,0.0,0,Paid
1108,1108,1102,2025-03-06,17418.0,0.0,0,Paid
1109,1109,1043,2025-03-23,16851.0,0.0,0,Paid
1110,1110,1004,2025-02-18,42527.0,0.0,0,Paid
1111,1111,1061,2025-03-10,43752.0,0.0,0,Paid
1112,1112,1081,2025-02-17,74151.0,0.0,0,Paid
1113,1113,1119,2025-03-10,55204.0,0.0,0,Paid
1114,1114,1093,2025-02-26,72449.0,0.0,0,Paid
1115,1115,1118,2025-03-01,45507.0,0.0,0,Paid
1116,1116,1036,2025-03-08,55184.0,0.0,0,Paid
1117,1117,1078,,0,41783.0,308,Open
1118,1118,1041,2025-02-15,29168.0,0.0,0,Paid
1119,1119,1113,,9436.0,11453.0,292,Open
1120,1120,1015,2025-03-20,34871.0,0.0,0,Paid
1121,1121,1012,2025-03-18,17941.0,0.0,0,Paid
1122,1122,1119,,0,13919.0,307,Open
1123,1123,1042,2025-02-15,101375.0,0.0,0,Paid
1124,1124,1017,2025-03-05,71060.0,0.0,0,Paid
1125,1125,1111,2025-03-15,14611.0,0.0,0,Paid
1126,1126,1012,2025-02-22,23927.0,0.0,0,Paid
1127,1127,1099,2025-02-25,61367.0,0.0,0,Paid
1128,1128,1042,2025-02-28,23446.0,0.0,0,Paid
1129,1129,1099,2025-03-12,16837.0,0.0,0,Paid
1130,1130,1080,2025-02-21,14847.0,0.0,0,Paid
1131,1131,1071,2025-02-13,24282.0,0.0,0,Paid
1132,1132,1010,2025-03-05,16016.0,0.0,0,Paid
1133,1133,1007,2025-04-23,60362.0,0.0,0,Paid
1134,1134,1055,2025-03-10,34894.0,0.0,0,Paid
1135,1135,1081,2025-03-01,51770.0,0.0,0,Paid
1136,1136,1092,2025-02-15,122525.0,0.0,0,Paid
1137,1137,1119,2025-03-24,83737.0,0.0,0,Paid
1138,1138,1060,2025-03-07,46407.0,0.0,0,Paid
1139,1139,1099,2025-03-13,13570.0,0.0,0,Paid
1140,1140,1117,2025-02-26,17477.0,0.0,0,Paid
1141,1141,1043,2025-02-22,15842.0,0.0,0,Paid
1142,1142,1045,2025-03-22,174074.0,0.0,0,Paid
1143,1143,1045,2025-03-11,50507.0,0.0,0,Paid
1144,1144,1042,2025-03-28,23412.0,0.0,0,Paid
1145,1145,1060,2025-02-28,19724.0,0.0,0,Paid
1146,1146,1050,,0,27316.0,306,Open
1147,1147,1056,2025-03-05,15911.0,0.0,0,Paid
1148,1148,1085,2025-02-28,73069.0,0.0,0,Paid
1149,1149,1108,2025-03-17,66510.0,0.0,0,Paid
1150,1150,1023,2025-03-05,43097.0,0.0,0,Paid
1151,1151,1088,2025-03-14,31193.0,0.0,0,Paid
1152,1152,1012,2025-02-25,104324.0,0.0,0,Paid
1153,1153,1097,2025-03-02,15715.0,0.0,0,Paid
1154,1154,1050,2025-03-10,22622.0,0.0,0,Paid
1155,1155,1113,2025-02-28,53054.0,0.0,0,Paid
1156,1156,1056,2025-02-24,30326.0,0.0,0,Paid
1157,1157,1075,2025-02-10,100059.0,0.0,0,Paid
1158,1158,1048,2025-03-20,75544.0,0.0,0,Paid
1159,1159,1072,2025-03-06,181072.0,0.0,0,Paid
1160,1160,1090,2025-02-28,80156.0,0.0,0,Paid
1161,1161,1028,2025-03-02,46245.0,0.0,0,Paid
1162,1162,1050,2025-03-23,49774.0,0.0,0,Paid
1163,1163,1017,2025-04-05,73028.0,0.0,0,Paid
1164,1164,1093,2025-02-21,16590.0,0.0,0,Paid
1165,1165,1104,2025-03-29,102164.0,0.0,0,Paid
1166,1166,1078,2025-03-23,29289.0,0.0,0,Paid
1167,1167,1050,2025-03-13,59686.0,0.0,0,Paid
1168,1168,1074,2025-03-18,16828.0,0.0,0,Paid
1169,1169,1074,2025-03-16,69280.0,0.0,0,Paid
1170,1170,1091,2025-02-25,88118.0,0.0,0,Paid
1171,1171,1068,2025-02-27,32500.0,0.0,0,Paid
1172,1172,1060,2025-03-22,183554.0,0.0,0,Paid
1173,1173,1085,2025-02-26,49329.0,0.0,0,Paid
1174,1174,1103,,0,32353.0,306,Open
1175,1175,1059,2025-02-24,49413.0,0.0,0,Paid
1176,1176,1054,2025-03-20,49401.0,0.0,0,Paid
1177,1177,1077,2025-02-27,76326.0,0.0,0,Paid
1178,1178,1008,2025-02-25,84194.0,0.0,0,Paid
1179,1179,1095,2025-03-03,42151.0,0.0,0,Paid
1180,1180,1065,2025-03-10,21952.0,0.0,0,Paid
1181,1181,1033,2025-03-07,47486.0,0.0,0,Paid
1182,1182,1076,2025-03-08,15620.0,0.0,0,Paid
1183,1183,1031,2025-03-10,77953.0,0.0,0,Paid
1184,1184,1044,2025-02-25,71730.0,0.0,0,Paid
1185,1185,1097,2025-03-22,182711.0,0.0,0,Paid
1186,1186,1057,2025-03-13,86047.0,0.0,0,Paid
1187,1187,1034,2025-02-26,22323.0,0.0,0,Paid
1188,1188,1052,2025-02-28,22495.0,0.0,0,Paid
1189,1189,1088,2025-02-24,36640.0,0.0,0,Paid
1190,1190,1112,2025-03-03,41081.0,0.0,0,Paid
1191,1191,1068,,4706.0,11494.0,306,Open
1192,1192,1082,2025-04-27,23659.0,0.0,0,Paid
1193,1193,1035,2025-03-17,45164.0,0.0,0,Paid
1194,1194,1051,2025-03-08,16386.0,0.0,0,Paid
1195,1195,1067,2025-03-12,41342.0,0.0,0,Paid
1196,1196,1071,2025-03-09,38156.0,0.0,0,Paid
1197,1197,1088,2025-02-21,14620.0,0.0,0,Paid
1198,1198,1025,,4524.0,11008.0,321,Open
1199,1199,1028,2025-04-17,26496.0,0.0,0,Paid
1200,1200,1016,2025-03-11,52618.0,0.0,0,Paid
1201,1201,1103,2025-04-01,48755.0,0.0,0,Paid
1202,1202,1120,2025-03-10,123394.0,0.0,0,Paid
1203,1203,1099,2025-03-04,37789.0,0.0,0,Paid
1204,1204,1010,2025-02-27,59861.0,0.0,0,Paid
1205,1205,1008,2025-03-25,16794.0,0.0,0,Paid
1206,1206,1026,2025-03-01,51844.0,0.0,0,Paid
1207,1207,1019,2025-03-06,25966.0,0.0,0,Paid
1208,1208,1034,2025-03-04,54082.0,0.0,0,Paid
1209,1209,1033,2025-03-11,16847.0,0.0,0,Paid
1210,1210,1005,2025-03-03,41833.0,0.0,0,Paid
1211,1211,1116,,0,24449.0,320,Open
1212,1212,1052,2025-03-14,15535.0,0.0,0,Paid
1213,1213,1070,2025-02-26,118392.0,0.0,0,Paid
1214,1214,1069,2025-03-20,28628.0,0.0,0,Paid
1215,1215,1052,2025-02-19,56122.0,0.0,0,Paid
1216,1216,1044,2025-02-13,66566.0,0.0,0,Paid
1217,1217,1083,2025-03-13,38428.0,0.0,0,Paid
1218,1218,1050,2025-03-17,29396.0,0.0,0,Paid
1219,1219,1011,2025-03-18,58437.0,0.0,0,Paid
1220,1220,1076,2025-02-25,58992.0,0.0,0,Paid
1221,1221,1083,2025-03-10,28519.0,0.0,0,Paid
1222,1222,1005,2025-03-17,25961.0,0.0,0,Paid
1223,1223,1052,2025-02-12,17007.0,0.0,0,Paid
1224,1224,1112,2025-03-11,38549.0,0.0,0,Paid
1225,1225,1010,2025-02-12,68361.0,0.0,0,Paid
1226,1226,1006,,0,12136.0,305,Open
1227,1227,1081,2025-02-25,31797.0,0.0,0,Paid
1228,1228,1076,2025-03-11,14673.0,0.0,0,Paid
1229,1229,1077,2025-03-06,45479.0,0.0,0,Paid
1230,1230,1095,,0,38457.0,320,Open
1231,1231,1074,2025-03-23,22440.0,0.0,0,Paid
1232,1232,1023,2025-03-01,23975.0,0.0,0,Paid
1233,1233,1054,2025-03-20,15969.0,0.0,0,Paid
1234,1234,1018,2025-03-04,34626.0,0.0,0,Paid
1235,1235,1100,2025-03-02,54277.0,0.0,0,Paid
1236,1236,1091,2025-03-23,71425.0,0.0,0,Paid
1237,1237,1104,2025-03-13,93524.0,0.0,0,Paid
1238,1238,1058,2025-02-19,87488.0,0.0,0,Paid
1239,1239,1005,2025-02-27,71095.0,0.0,0,Paid
1240,1240,1039,2025-04-01,74862.0,0.0,0,Paid
1241,1241,1016,2025-03-01,16183.0,0.0,0,Paid
1242,1242,1065,2025-03-20,179797.0,0.0,0,Paid
1243,1243,1036,2025-03-01,36645.0,0.0,0,Paid
1244,1244,1064,2025-03-24,17418.0,0.0,0,Paid
1245,1245,1083,2025-03-10,40071.0,0.0,0,Paid
1246,1246,1059,2025-02-24,12603.0,0.0,0,Paid
1247,1247,1023,2025-03-18,43064.0,0.0,0,Paid
1248,1248,1057,2025-03-03,16014.0,0.0,0,Paid
1249,1249,1087,2025-03-04,21628.0,0.0,0,Paid
1250,1250,1053,2025-03-07,31409.0,0.0,0,Paid
1251,1251,1114,,40839.0,20203.0,303,Open
1252,1252,1023,2025-03-28,16565.0,0.0,0,Paid
1253,1253,1026,,7803.0,4606.0,304,Open
1254,1254,1036,2025-02-25,12691.0,0.0,0,Paid
1255,1255,1114,2025-03-24,60514.0,0.0,0,Paid
1256,1256,1122,2025-02-25,15993.0,0.0,0,Paid
1257,1257,1110,2025-03-12,25664.0,0.0,0,Paid
1258,1258,1061,,0,83942.0,301,Open
1259,1259,1042,2025-03-02,38698.0,0.0,0,Paid
1260,1260,1122,2025-03-05,16179.0,0.0,0,Paid
1261,1261,1061,2025-02-11,33774.0,0.0,0,Paid
1262,1262,1051,2025-03-24,48961.0,0.0,0,Paid
1263,1263,1072,2025-02-28,45589.0,0.0,0,Paid
1264,1264,1028,2025-03-13,63224.0,0.0,0,Paid
1265,1265,1040,2025-03-01,16216.0,0.0,0,Paid
1266,1266,1075,2025-04-07,36447.0,0.0,0,Paid
1267,1267,1102,2025-03-05,36492.0,0.0,0,Paid
1268,1268,1001,2025-03-19,53687.0,0.0,0,Paid
1269,1269,1055,2025-03-27,31284.0,0.0,0,Paid
1270,1270,1074,2025-04-02,77077.0,0.0,0,Paid
1271,1271,1008,2025-03-18,145808.0,0.0,0,Paid
1272,1272,1007,2025-03-29,87027.0,0.0,0,Paid
1273,1273,1072,2025-02-11,33273.0,0.0,0,Paid
1274,1274,1018,2025-02-26,47680.0,0.0,0,Paid
1275,1275,1075,2025-03-11,28123.0,0.0,0,Paid
1276,1276,1098,2025-04-10,89400.0,0.0,0,Paid
1277,1277,1009,2025-02-28,30920.0,0.0,0,Paid
1278,1278,1107,2025-03-06,28811.0,0.0,0,Paid
1279,1279,1080,2025-03-17,43088.0,0.0,0,Paid
1280,1280,1121,2025-03-15,45727.0,0.0,0,Paid
1281,1281,1023,,0,34818.0,304,Open
1282,1282,1036,2025-02-27,90356.0,0.0,0,Paid
1283,1283,1003,2025-03-02,16756.0,0.0,0,Paid
1284,1284,1017,2025-03-19,99362.0,0.0,0,Paid
1285,1285,1003,2025-03-17,33969.0,0.0,0,Paid
1286,1286,1083,2025-03-09,32255.0,0.0,0,Paid
1287,1287,1086,2025-03-13,29834.0,0.0,0,Paid
1288,1288,1039,2025-03-17,68228.0,0.0,0,Paid
1289,1289,1048,2025-04-29,85771.0,0.0,0,Paid
1290,1290,1046,2025-03-19,87073.0,0.0,0,Paid
1291,1291,1024,2025-02-21,88186.0,0.0,0,Paid
1292,1292,1086,2025-02-16,97427.0,0.0,0,Paid
1293,1293,1057,,27811.0,20521.0,304,Open
1294,1294,1005,,0,15975.0,304,Open
1295,1295,1069,,0,84560.0,285,Open
1296,1296,1064,,41284.0,32087.0,286,Open
1297,1297,1070,2025-03-05,94325.0,0.0,0,Paid
1298,1298,1061,2025-03-20,40189.0,0.0,0,Paid
1299,1299,1103,2025-03-13,90871.0,0.0,0,Paid
1300,1300,1116,2025-04-05,95506.0,0.0,0,Paid
1301,1301,1004,2025-03-18,41444.0,0.0,0,Paid
1302,1302,1083,,31886.0,17623.0,316,Open
1303,1303,1099,,0,30272.0,302,Open
1304,1304,1012,2025-03-13,14357.0,0.0,0,Paid
1305,1305,1078,2025-03-06,68406.0,0.0,0,Paid
1306,1306,1110,2025-03-26,97115.0,0.0,0,Paid
1307,1307,1045,2025-03-19,33678.0,0.0,0,Paid
1308,1308,1057,2025-03-05,82588.0,0.0,0,Paid
1309,1309,1021,2025-03-03,45876.0,0.0,0,Paid
1310,1310,1076,2025-02-25,216900.0,0.0,0,Paid
1311,1311,1112,2025-03-08,21513.0,0.0,0,Paid
1312,1312,1001,2025-02-16,19594.0,0.0,0,Paid
1313,1313,1072,2025-03-13,61643.0,0.0,0,Paid
1314,1314,1038,2025-03-14,30534.0,0.0,0,Paid
1315,1315,1107,2025-03-27,26504.0,0.0,0,Paid
1316,1316,1020,2025-03-08,44834.0,0.0,0,Paid
1317,1317,1061,2025-03-17,90005.0,0.0,0,Paid
1318,1318,1083,,0,51066.0,301,Open
1319,1319,1125,,7790.0,11694.0,318,Open
1320,1320,1081,2025-03-18,38308.0,0.0,0,Paid
1321,1321,1048,2025-02-15,105798.0,0.0,0,Paid
1322,1322,1041,2025-03-31,46547.0,0.0,0,Paid
1323,1323,1007,2025-03-11,46080.0,0.0,0,Paid
1324,1324,1068,2025-03-08,32973.0,0.0,0,Paid
1325,1325,1081,2025-03-10,23881.0,0.0,0,Paid
1326,1326,1106,2025-03-14,13014.0,0.0,0,Paid
1327,1327,1090,2025-03-18,121587.0,0.0,0,Paid
1328,1328,1067,2025-03-16,22232.0,0.0,0,Paid
1329,1329,1118,2025-02-13,47637.0,0.0,0,Paid
1330,1330,1115,2025-03-16,32135.0,0.0,0,Paid
1331,1331,1109,2025-03-30,73533.0,0.0,0,Paid
1332,1332,1010,2025-02-12,49560.0,0.0,0,Paid
1333,1333,1045,2025-02-12,15611.0,0.0,0,Paid
1334,1334,1098,2025-03-19,35053.0,0.0,0,Paid
1335,1335,1096,2025-02-11,28771.0,0.0,0,Paid
1336,1336,1017,2025-03-25,43499.0,0.0,0,Paid
1337,1337,1098,,0,85439.0,299,Open
1338,1338,1014,2025-03-22,41268.0,0.0,0,Paid
1339,1339,1061,,12524.0,30261.0,301,Open
1340,1340,1101,2025-03-06,14681.0,0.0,0,Paid
1341,1341,1026,,11508.0,14782.0,302,Open
1342,1342,1122,,0,36204.0,287,Open
1343,1343,1100,2025-02-27,35968.0,0.0,0,Paid
1344,1344,1002,2025-03-14,23861.0,0.0,0,Paid
1345,1345,1022,2025-03-13,75314.0,0.0,0,Paid
1346,1346,1065,2025-04-03,62548.0,0.0,0,Paid
1347,1347,1024,2025-03-21,63829.0,0.0,0,Paid
1348,1348,1028,2025-03-09,73979.0,0.0,0,Paid
1349,1349,1041,2025-03-22,47385.0,0.0,0,Paid
1350,1350,1072,2025-03-18,14520.0,0.0,0,Paid
1351,1351,1050,2025-02-26,18475.0,0.0,0,Paid
1352,1352,1071,2025-03-13,33477.0,0.0,0,Paid
1353,1353,1110,2025-03-02,73672.0,0.0,0,Paid
1354,1354,1087,2025-04-01,45361.0,0.0,0,Paid
1355,1355,1019,2025-03-15,20645.0,0.0,0,Paid
1356,1356,1095,2025-03-11,47270.0,0.0,0,Paid
1357,1357,1077,2025-03-10,155530.0,0.0,0,Paid
1358,1358,1055,2025-03-05,73826.0,0.0,0,Paid
1359,1359,1102,2025-02-22,20990.0,0.0,0,Paid
1360,1360,1086,2025-03-04,150258.0,0.0,0,Paid
1361,1361,1014,2025-04-08,41303.0,0.0,0,Paid
1362,1362,1121,,0,33705.0,301,Open
1363,1363,1125,2025-03-18,18034.0,0.0,0,Paid
1364,1364,1039,,0,35664.0,301,Open
1365,1365,1102,2025-03-12,21152.0,0.0,0,Paid
1366,1366,1065,2025-03-10,13727.0,0.0,0,Paid
1367,1367,1005,2025-03-04,11947.0,0.0,0,Paid
1368,1368,1058,2025-03-12,106936.0,0.0,0,Paid
1369,1369,1111,2025-03-03,36331.0,0.0,0,Paid
1370,1370,1056,2025-03-20,168653.0,0.0,0,Paid
1371,1371,1085,2025-03-17,47040.0,0.0,0,Paid
1372,1372,1072,2025-03-08,50249.0,0.0,0,Paid
1373,1373,1079,2025-03-03,52574.0,0.0,0,Paid
1374,1374,1008,2025-02-18,73373.0,0.0,0,Paid
1375,1375,1004,2025-04-03,13379.0,0.0,0,Paid
1376,1376,1055,,31921.0,15624.0,316,Open
1377,1377,1083,2025-02-15,30684.0,0.0,0,Paid
1378,1378,1112,2025-02-20,14539.0,0.0,0,Paid
1379,1379,1111,2025-04-16,14534.0,0.0,0,Paid
1380,1380,1003,2025-03-22,32983.0,0.0,0,Paid
1381,1381,1074,2025-03-31,42635.0,0.0,0,Paid
1382,1382,1027,2025-02-18,30684.0,0.0,0,Paid
1383,1383,1047,2025-02-17,27040.0,0.0,0,Paid
1384,1384,1125,2025-03-14,31006.0,0.0,0,Paid
1385,1385,1074,2025-03-01,124517.0,0.0,0,Paid
1386,1386,1012,2025-03-03,15587.0,0.0,0,Paid
1387,1387,1068,2025-03-19,46514.0,0.0,0,Paid
1388,1388,1084,2025-02-20,18142.0,0.0,0,Paid
1389,1389,1054,2025-03-09,70580.0,0.0,0,Paid
1390,1390,1098,2025-03-10,29179.0,0.0,0,Paid
1391,1391,1064,,59446.0,31477.0,284,Open
1392,1392,1060,2025-04-01,75192.0,0.0,0,Paid
1393,1393,1120,2025-03-04,33082.0,0.0,0,Paid
1394,1394,1047,2025-02-19,42629.0,0.0,0,Paid
1395,1395,1053,,0,71176.0,299,Open
1396,1396,1106,2025-03-28,50763.0,0.0,0,Paid
1397,1397,1031,2025-02-22,16776.0,0.0,0,Paid
1398,1398,1060,2025-02-28,17345.0,0.0,0,Paid
1399,1399,1116,2025-03-17,145482.0,0.0,0,Paid
1400,1400,1085,2025-04-06,15272.0,0.0,0,Paid
1401,1401,1093,2025-03-17,57361.0,0.0,0,Paid
1402,1402,1111,2025-03-20,22732.0,0.0,0,Paid
1403,1403,1086,2025-03-19,77938.0,0.0,0,Paid
1404,1404,1015,2025-03-14,21440.0,0.0,0,Paid
1405,1405,1086,2025-03-23,44597.0,0.0,0,Paid
1406,1406,1031,2025-04-02,151562.0,0.0,0,Paid
1407,1407,1107,2025-03-05,78947.0,0.0,0,Paid
1408,1408,1019,2025-03-16,51037.0,0.0,0,Paid
1409,1409,1053,2025-04-20,17419.0,0.0,0,Paid
1410,1410,1041,2025-03-20,28604.0,0.0,0,Paid
1411,1411,1036,2025-03-18,47623.0,0.0,0,Paid
1412,1412,1003,2025-03-03,118232.0,0.0,0,Paid
1413,1413,1095,2025-03-17,72004.0,0.0,0,Paid
1414,1414,1071,2025-03-24,86120.0,0.0,0,Paid
1415,1415,1116,2025-03-16,28069.0,0.0,0,Paid
1416,1416,1117,2025-03-10,45827.0,0.0,0,Paid
1417,1417,1039,2025-02-26,114112.0,0.0,0,Paid
1418,1418,1118,2025-03-20,46496.0,0.0,0,Paid
1419,1419,1083,2025-04-15,17120.0,0.0,0,Paid
1420,1420,1061,2025-03-20,18670.0,0.0,0,Paid
1421,1421,1055,2025-03-03,80831.0,0.0,0,Paid
1422,1422,1046,2025-04-04,90024.0,0.0,0,Paid
1423,1423,1042,2025-03-12,47150.0,0.0,0,Paid
1424,1424,1102,2025-03-20,14896.0,0.0,0,Paid
1425,1425,1040,2025-03-20,19175.0,0.0,0,Paid
1426,1426,1107,,6302.0,6798.0,316,Open
1427,1427,1053,2025-03-19,20414.0,0.0,0,Paid
1428,1428,1088,2025-03-02,41769.0,0.0,0,Paid
1429,1429,1011,2025-03-24,21360.0,0.0,0,Paid
1430,1430,1029,2025-04-01,18121.0,0.0,0,Paid
1431,1431,1079,2025-04-09,16419.0,0.0,0,Paid
1432,1432,1022,2025-03-09,96825.0,0.0,0,Paid
1433,1433,1020,2025-03-04,38137.0,0.0,0,Paid
1434,1434,1056,2025-03-07,32994.0,0.0,0,Paid
1435,1435,1027,2025-03-06,164257.0,0.0,0,Paid
1436,1436,1037,2025-03-16,67111.0,0.0,0,Paid
1437,1437,1106,2025-03-19,50517.0,0.0,0,Paid
1438,1438,1053,2025-03-21,47074.0,0.0,0,Paid
1439,1439,1032,2025-03-14,42673.0,0.0,0,Paid
1440,1440,1002,2025-03-30,53331.0,0.0,0,Paid
1441,1441,1050,2025-02-23,56496.0,0.0,0,Paid
1442,1442,1013,2025-03-08,66927.0,0.0,0,Paid
1443,1443,1078,2025-03-17,19629.0,0.0,0,Paid
1444,1444,1096,2025-04-02,175666.0,0.0,0,Paid
1445,1445,1086,2025-03-09,36071.0,0.0,0,Paid
1446,1446,1075,2025-03-13,89357.0,0.0,0,Paid
1447,1447,1012,2025-03-12,14251.0,0.0,0,Paid
1448,1448,1015,2025-03-27,37103.0,0.0,0,Paid
1449,1449,1047,2025-02-25,88095.0,0.0,0,Paid
1450,1450,1079,2025-03-19,28507.0,0.0,0,Paid
1451,1451,1095,2025-04-17,144248.0,0.0,0,Paid
1452,1452,1110,2025-03-19,106468.0,0.0,0,Paid
1453,1453,1024,,0,60100.0,299,Open
1454,1454,1056,2025-03-27,16790.0,0.0,0,Paid
1455,1455,1072,2025-03-14,51590.0,0.0,0,Paid
1456,1456,1111,2025-03-27,49834.0,0.0,0,Paid
1457,1457,1096,2025-03-16,13851.0,0.0,0,Paid
1458,1458,1075,2025-02-15,26219.0,0.0,0,Paid
1459,1459,1118,2025-04-21,86393.0,0.0,0,Paid
1460,1460,1114,2025-03-27,48221.0,0.0,0,Paid
1461,1461,1119,2025-04-23,18367.0,0.0,0,Paid
1462,1462,1011,2025-03-28,94769.0,0.0,0,Paid
1463,1463,1085,2025-03-24,48051.0,0.0,0,Paid
1464,1464,1122,2025-03-22,74059.0,0.0,0,Paid
1465,1465,1017,2025-02-25,74304.0,0.0,0,Paid
1466,1466,1042,2025-03-02,16035.0,0.0,0,Paid
1467,1467,1033,2025-03-04,123531.0,0.0,0,Paid
1468,1468,1012,2025-03-01,71428.0,0.0,0,Paid
1469,1469,1123,2025-02-16,15537.0,0.0,0,Paid
1470,1470,1056,2025-03-06,25106.0,0.0,0,Paid
1471,1471,1013,2025-03-04,92640.0,0.0,0,Paid
1472,1472,1114,2025-03-06,70110.0,0.0,0,Paid
1473,1473,1048,2025-03-15,16976.0,0.0,0,Paid
1474,1474,1006,2025-03-22,52101.0,0.0,0,Paid
1475,1475,1120,2025-03-09,98972.0,0.0,0,Paid
1476,1476,1038,2025-03-02,44031.0,0.0,0,Paid
1477,1477,1088,2025-03-01,14029.0,0.0,0,Paid
1478,1478,1038,2025-03-17,121677.0,0.0,0,Paid
1479,1479,1053,2025-03-15,45113.0,0.0,0,Paid
1480,1480,1033,2025-03-20,49321.0,0.0,0,Paid
1481,1481,1060,2025-04-11,32629.0,0.0,0,Paid
1482,1482,1039,2025-03-21,16246.0,0.0,0,Paid
1483,1483,1058,2025-03-08,56048.0,0.0,0,Paid
1484,1484,1024,2025-03-19,25848.0,0.0,0,Paid
1485,1485,1087,2025-02-19,81286.0,0.0,0,Paid
1486,1486,1062,2025-03-02,30930.0,0.0,0,Paid
1487,1487,1096,2025-03-18,31566.0,0.0,0,Paid
1488,1488,1087,2025-03-18,50475.0,0.0,0,Paid
1489,1489,1012,2025-02-26,89011.0,0.0,0,Paid
1490,1490,1110,2025-03-05,17696.0,0.0,0,Paid
1491,1491,1031,2025-03-08,33277.0,0.0,0,Paid
1492,1492,1060,2025-03-16,30433.0,0.0,0,Paid
1493,1493,1116,2025-02-16,36067.0,0.0,0,Paid
1494,1494,1075,2025-03-21,43292.0,0.0,0,Paid
1495,1495,1051,2025-03-12,17822.0,0.0,0,Paid
1496,1496,1109,2025-03-20,14782.0,0.0,0,Paid
1497,1497,1038,2025-02-24,38540.0,0.0,0,Paid
1498,1498,1116,2025-03-03,31286.0,0.0,0,Paid
1499,1499,1068,,0,66602.0,298,Open
1500,1500,1114,2025-02-21,33760.0,0.0,0,Paid
1501,1501,1045,2025-03-18,36536.0,0.0,0,Paid
1502,1502,1057,2025-04-01,30825.0,0.0,0,Paid
1503,1503,1044,2025-03-21,13504.0,0.0,0,Paid
1504,1504,1093,2025-03-21,110380.0,0.0,0,Paid
1505,1505,1087,2025-04-09,128075.0,0.0,0,Paid
1506,1506,1027,2025-03-12,46017.0,0.0,0,Paid
1507,1507,1017,2025-03-20,42533.0,0.0,0,Paid
1508,1508,1064,2025-03-26,15472.0,0.0,0,Paid
1509,1509,1003,2025-03-02,13763.0,0.0,0,Paid
1510,1510,1065,2025-03-14,15223.0,0.0,0,Paid
1511,1511,1080,2025-03-16,19553.0,0.0,0,Paid
1512,1512,1099,2025-03-04,37023.0,0.0,0,Paid
1513,1513,1020,2025-03-05,65110.0,0.0,0,Paid
1514,1514,1122,2025-03-03,125482.0,0.0,0,Paid
1515,1515,1015,2025-03-14,29755.0,0.0,0,Paid
1516,1516,1072,2025-04-15,105473.0,0.0,0,Paid
1517,1517,1112,2025-03-18,14462.0,0.0,0,Paid
1518,1518,1064,2025-02-28,33596.0,0.0,0,Paid
1519,1519,1043,2025-03-02,19505.0,0.0,0,Paid
1520,1520,1001,2025-03-14,45050.0,0.0,0,Paid
1521,1521,1065,2025-03-02,43901.0,0.0,0,Paid
1522,1522,1032,2025-04-17,12886.0,0.0,0,Paid
1523,1523,1030,2025-03-09,48784.0,0.0,0,Paid
1524,1524,1067,2025-03-02,39882.0,0.0,0,Paid
1525,1525,1019,2025-02-16,77658.0,0.0,0,Paid
1526,1526,1052,2025-03-04,130960.0,0.0,0,Paid
1527,1527,1083,2025-03-05,32988.0,0.0,0,Paid
1528,1528,1092,2025-03-04,26808.0,0.0,0,Paid
1529,1529,1090,2025-03-28,150809.0,0.0,0,Paid
1530,1530,1117,,0,24472.0,313,Open
1531,1531,1052,2025-04-02,48588.0,0.0,0,Paid
1532,1532,1101,2025-03-06,13901.0,0.0,0,Paid
1533,1533,1100,2025-02-17,46148.0,0.0,0,Paid
1534,1534,1043,2025-03-07,14851.0,0.0,0,Paid
1535,1535,1028,2025-03-30,40704.0,0.0,0,Paid
1536,1536,1097,2025-04-08,34225.0,0.0,0,Paid
1537,1537,1107,2025-03-05,20728.0,0.0,0,Paid
1538,1538,1015,2025-04-04,115649.0,0.0,0,Paid
1539,1539,1097,2025-03-08,60578.0,0.0,0,Paid
1540,1540,1095,2025-03-06,21294.0,0.0,0,Paid
1541,1541,1092,2025-03-31,14293.0,0.0,0,Paid
1542,1542,1077,2025-02-26,56875.0,0.0,0,Paid
1543,1543,1018,2025-04-08,17464.0,0.0,0,Paid
1544,1544,1042,2025-03-24,42965.0,0.0,0,Paid
1545,1545,1055,2025-03-03,20939.0,0.0,0,Paid
1546,1546,1114,2025-03-25,39305.0,0.0,0,Paid
1547,1547,1072,2025-03-07,13788.0,0.0,0,Paid
1548,1548,1064,2025-02-23,43939.0,0.0,0,Paid
1549,1549,1054,2025-03-12,132299.0,0.0,0,Paid
1550,1550,1092,2025-02-27,41551.0,0.0,0,Paid
1551,1551,1059,2025-04-03,72549.0,0.0,0,Paid
1552,1552,1048,2025-03-12,48150.0,0.0,0,Paid
1553,1553,1038,2025-03-29,36917.0,0.0,0,Paid
1554,1554,1048,2025-04-04,14876.0,0.0,0,Paid
1555,1555,1007,2025-04-06,33275.0,0.0,0,Paid
1556,1556,1024,2025-03-05,34804.0,0.0,0,Paid
1557,1557,1054,2025-03-05,74412.0,0.0,0,Paid
1558,1558,1044,2025-03-15,28511.0,0.0,0,Paid
1559,1559,1065,2025-04-02,68279.0,0.0,0,Paid
1560,1560,1020,2025-03-05,61613.0,0.0,0,Paid
1561,1561,1030,2025-02-24,33284.0,0.0,0,Paid
1562,1562,1086,2025-03-30,32106.0,0.0,0,Paid
1563,1563,1074,2025-04-22,104556.0,0.0,0,Paid
1564,1564,1083,2025-03-05,62851.0,0.0,0,Paid
1565,1565,1007,2025-04-01,30372.0,0.0,0,Paid
1566,1566,1065,2025-03-22,58584.0,0.0,0,Paid
1567,1567,1101,2025-03-15,34883.0,0.0,0,Paid
1568,1568,1075,,0,51519.0,296,Open
1569,1569,1111,2025-03-17,50727.0,0.0,0,Paid
1570,1570,1004,2025-02-21,35188.0,0.0,0,Paid
1571,1571,1022,2025-02-25,31554.0,0.0,0,Paid
1572,1572,1020,2025-03-21,17221.0,0.0,0,Paid
1573,1573,1004,2025-03-11,35642.0,0.0,0,Paid
1574,1574,1034,2025-03-08,26879.0,0.0,0,Paid
1575,1575,1026,2025-03-15,48484.0,0.0,0,Paid
1576,1576,1122,2025-03-31,28380.0,0.0,0,Paid
1577,1577,1053,2025-03-10,14320.0,0.0,0,Paid
1578,1578,1071,2025-04-04,16123.0,0.0,0,Paid
1579,1579,1072,,48141.0,36886.0,295,Open
1580,1580,1065,2025-03-09,18853.0,0.0,0,Paid
1581,1581,1022,2025-03-30,75589.0,0.0,0,Paid
1582,1582,1001,,0,84181.0,311,Open
1583,1583,1084,,0,199059.0,293,Open
1584,1584,1108,2025-03-21,26870.0,0.0,0,Paid
1585,1585,1028,2025-03-07,121326.0,0.0,0,Paid
1586,1586,1039,2025-04-03,40966.0,0.0,0,Paid
1587,1587,1093,2025-03-31,39628.0,0.0,0,Paid
1588,1588,1041,2025-03-15,19423.0,0.0,0,Paid
1589,1589,1097,2025-03-24,99956.0,0.0,0,Paid
1590,1590,1123,2025-03-24,23731.0,0.0,0,Paid
1591,1591,1083,2025-03-22,25217.0,0.0,0,Paid
1592,1592,1072,2025-03-14,69461.0,0.0,0,Paid
1593,1593,1069,2025-03-06,101040.0,0.0,0,Paid
1594,1594,1105,2025-04-05,56415.0,0.0,0,Paid
1595,1595,1105,2025-03-08,60110.0,0.0,0,Paid
1596,1596,1002,2025-03-23,36116.0,0.0,0,Paid
1597,1597,1002,,0,26905.0,311,Open
1598,1598,1012,2025-03-03,15731.0,0.0,0,Paid
1599,1599,1029,2025-02-18,73470.0,0.0,0,Paid
1600,1600,1091,2025-03-04,33016.0,0.0,0,Paid
1601,1601,1082,2025-03-14,29163.0,0.0,0,Paid
1602,1602,1085,,0,55584.0,279,Open
1603,1603,1023,2025-03-18,72278.0,0.0,0,Paid
1604,1604,1030,2025-02-24,17201.0,0.0,0,Paid
1605,1605,1109,2025-04-19,113727.0,0.0,0,Paid
1606,1606,1072,,0,115441.0,308,Open
1607,1607,1087,2025-02-19,29750.0,0.0,0,Paid
1608,1608,1036,2025-03-16,24365.0,0.0,0,Paid
1609,1609,1067,2025-05-02,36097.0,0.0,0,Paid
1610,1610,1058,2025-03-09,94791.0,0.0,0,Paid
1611,1611,1113,2025-03-09,34345.0,0.0,0,Paid
1612,1612,1010,2025-04-15,24424.0,0.0,0,Paid
1613,1613,1009,2025-03-08,28943.0,0.0,0,Paid
1614,1614,1081,,0,46022.0,309,Open
1615,1615,1107,2025-03-15,79241.0,0.0,0,Paid
1616,1616,1121,2025-03-12,16888.0,0.0,0,Paid
1617,1617,1016,2025-03-08,32421.0,0.0,0,Paid
1618,1618,1041,2025-03-10,17271.0,0.0,0,Paid
1619,1619,1008,,0,105149.0,309,Open
1620,1620,1087,2025-03-31,34360.0,0.0,0,Paid
1621,1621,1053,2025-02-18,13033.0,0.0,0,Paid
1622,1622,1002,2025-04-03,31854.0,0.0,0,Paid
1623,1623,1084,2025-02-24,28295.0,0.0,0,Paid
1624,1624,1043,2025-03-14,85861.0,0.0,0,Paid
1625,1625,1108,2025-03-24,24348.0,0.0,0,Paid
1626,1626,1033,2025-03-09,31122.0,0.0,0,Paid
1627,1627,1006,2025-03-27,30753.0,0.0,0,Paid
1628,1628,1123,2025-03-05,16370.0,0.0,0,Paid
1629,1629,1061,2025-03-08,41811.0,0.0,0,Paid
1630,1630,1002,2025-03-05,14364.0,0.0,0,Paid
1631,1631,1072,2025-04-03,67783.0,0.0,0,Paid
1632,1632,1026,2025-04-05,74870.0,0.0,0,Paid
1633,1633,1089,2025-03-31,25079.0,0.0,0,Paid
1634,1634,1075,2025-03-19,66750.0,0.0,0,Paid
1635,1635,1113,2025-02-21,24483.0,0.0,0,Paid
1636,1636,1001,2025-04-04,41684.0,0.0,0,Paid
1637,1637,1099,2025-04-21,76668.0,0.0,0,Paid
1638,1638,1027,2025-03-08,31856.0,0.0,0,Paid
1639,1639,1072,2025-03-01,46941.0,0.0,0,Paid
1640,1640,1075,2025-03-20,15583.0,0.0,0,Paid
1641,1641,1029,2025-02-27,64706.0,0.0,0,Paid
1642,1642,1071,2025-03-22,103997.0,0.0,0,Paid
1643,1643,1107,2025-04-06,15277.0,0.0,0,Paid
1644,1644,1015,2025-04-04,48992.0,0.0,0,Paid
1645,1645,1022,2025-02-25,13613.0,0.0,0,Paid
1646,1646,1113,2025-03-22,162134.0,0.0,0,Paid
1647,1647,1025,2025-03-21,47196.0,0.0,0,Paid
1648,1648,1077,2025-03-11,29834.0,0.0,0,Paid
1649,1649,1110,2025-03-06,29786.0,0.0,0,Paid
1650,1650,1007,2025-03-15,67872.0,0.0,0,Paid
1651,1651,1063,2025-03-16,19816.0,0.0,0,Paid
1652,1652,1085,2025-03-05,14100.0,0.0,0,Paid
1653,1653,1048,2025-03-14,26596.0,0.0,0,Paid
1654,1654,1048,2025-03-06,38733.0,0.0,0,Paid
1655,1655,1082,2025-03-25,44230.0,0.0,0,Paid
1656,1656,1111,2025-03-22,64799.0,0.0,0,Paid
1657,1657,1049,,0,17058.0,295,Open
1658,1658,1011,2025-03-25,93793.0,0.0,0,Paid
1659,1659,1006,2025-04-02,33758.0,0.0,0,Paid
1660,1660,1103,,0,26318.0,294,Open
1661,1661,1057,2025-02-19,21058.0,0.0,0,Paid
1662,1662,1066,2025-03-11,37761.0,0.0,0,Paid
1663,1663,1030,2025-03-02,25426.0,0.0,0,Paid
1664,1664,1043,2025-03-19,14853.0,0.0,0,Paid
1665,1665,1109,2025-03-10,51547.0,0.0,0,Paid
1666,1666,1095,2025-03-03,56124.0,0.0,0,Paid
1667,1667,1037,2025-03-09,23867.0,0.0,0,Paid
1668,1668,1084,2025-03-12,104680.0,0.0,0,Paid
1669,1669,1122,,0,49493.0,278,Open
1670,1670,1067,2025-03-19,30947.0,0.0,0,Paid
1671,1671,1105,2025-03-25,40870.0,0.0,0,Paid
1672,1672,1090,2025-04-23,53885.0,0.0,0,Paid
1673,1673,1004,,0,32530.0,294,Open
1674,1674,1104,2025-02-25,35047.0,0.0,0,Paid
1675,1675,1055,2025-03-30,44050.0,0.0,0,Paid
1676,1676,1003,2025-02-27,46561.0,0.0,0,Paid
1677,1677,1122,2025-04-08,24781.0,0.0,0,Paid
1678,1678,1051,2025-02-26,70866.0,0.0,0,Paid
1679,1679,1069,2025-03-22,31103.0,0.0,0,Paid
1680,1680,1039,2025-03-07,33400.0,0.0,0,Paid
1681,1681,1005,,4654.0,11446.0,295,Open
1682,1682,1050,,39931.0,37071.0,279,Open
1683,1683,1009,2025-02-28,17994.0,0.0,0,Paid
1684,1684,1051,2025-03-15,28800.0,0.0,0,Paid
1685,1685,1062,2025-02-22,19663.0,0.0,0,Paid
1686,1686,1040,2025-03-16,52522.0,0.0,0,Paid
1687,1687,1078,2025-03-13,49475.0,0.0,0,Paid
1688,1688,1026,2025-02-24,23177.0,0.0,0,Paid
1689,1689,1052,2025-04-07,15840.0,0.0,0,Paid
1690,1690,1060,2025-04-05,20677.0,0.0,0,Paid
1691,1691,1113,2025-03-19,64509.0,0.0,0,Paid
1692,1692,1106,2025-03-25,31222.0,0.0,0,Paid
1693,1693,1116,2025-03-10,37408.0,0.0,0,Paid
1694,1694,1013,2025-03-07,39017.0,0.0,0,Paid
1695,1695,1112,2025-03-23,61828.0,0.0,0,Paid
1696,1696,1093,2025-03-09,57837.0,0.0,0,Paid
1697,1697,1098,2025-02-23,20872.0,0.0,0,Paid
1698,1698,1042,2025-03-15,123998.0,0.0,0,Paid
1699,1699,1006,2025-04-09,17674.0,0.0,0,Paid
1700,1700,1096,2025-04-06,15256.0,0.0,0,Paid
1701,1701,1018,2025-03-30,15211.0,0.0,0,Paid
1702,1702,1009,2025-04-03,55806.0,0.0,0,Paid
1703,1703,1036,2025-03-09,47655.0,0.0,0,Paid
1704,1704,1013,2025-03-13,44339.0,0.0,0,Paid
1705,1705,1002,,0,16832.0,294,Open
1706,1706,1028,,0,27777.0,294,Open
1707,1707,1082,2025-03-13,92803.0,0.0,0,Paid
1708,1708,1115,2025-04-12,82601.0,0.0,0,Paid
1709,1709,1049,2025-04-07,48162.0,0.0,0,Paid
1710,1710,1031,2025-03-26,94592.0,0.0,0,Paid
1711,1711,1088,2025-03-07,18857.0,0.0,0,Paid
1712,1712,1103,2025-04-01,21713.0,0.0,0,Paid
1713,1713,1105,2025-03-04,134340.0,0.0,0,Paid
1714,1714,1027,2025-03-16,32642.0,0.0,0,Paid
1715,1715,1042,2025-03-15,64538.0,0.0,0,Paid
1716,1716,1050,2025-03-18,30107.0,0.0,0,Paid
1717,1717,1006,2025-03-12,15102.0,0.0,0,Paid
1718,1718,1077,2025-02-26,16432.0,0.0,0,Paid
1719,1719,1073,2025-04-10,115832.0,0.0,0,Paid
1720,1720,1081,2025-04-09,62253.0,0.0,0,Paid
1721,1721,1082,2025-03-14,62647.0,0.0,0,Paid
1722,1722,1086,2025-03-08,61295.0,0.0,0,Paid
1723,1723,1082,2025-04-12,21723.0,0.0,0,Paid
1724,1724,1002,,0,40397.0,293,Open
1725,1725,1097,2025-04-01,28196.0,0.0,0,Paid
1726,1726,1064,2025-03-13,16201.0,0.0,0,Paid
1727,1727,1077,2025-03-30,18194.0,0.0,0,Paid
1728,1728,1018,2025-02-23,72356.0,0.0,0,Paid
1729,1729,1083,2025-03-02,25475.0,0.0,0,Paid
1730,1730,1094,2025-03-16,115781.0,0.0,0,Paid
1731,1731,1032,2025-02-25,18680.0,0.0,0,Paid
1732,1732,1112,2025-03-13,111286.0,0.0,0,Paid
1733,1733,1009,2025-04-09,18582.0,0.0,0,Paid
1734,1734,1121,2025-03-03,29624.0,0.0,0,Paid
1735,1735,1031,2025-03-25,16895.0,0.0,0,Paid
1736,1736,1022,2025-03-03,37400.0,0.0,0,Paid
1737,1737,1058,,14191.0,9833.0,294,Open
1738,1738,1062,2025-04-03,30612.0,0.0,0,Paid
1739,1739,1065,2025-03-17,15669.0,0.0,0,Paid
1740,1740,1098,2025-04-19,48089.0,0.0,0,Paid
1741,1741,1118,2025-03-16,66550.0,0.0,0,Paid
1742,1742,1040,2025-03-09,33863.0,0.0,0,Paid
1743,1743,1010,2025-03-30,31120.0,0.0,0,Paid
1744,1744,1111,2025-03-25,47513.0,0.0,0,Paid
1745,1745,1119,2025-04-09,64692.0,0.0,0,Paid
1746,1746,1076,2025-03-10,27022.0,0.0,0,Paid
1747,1747,1016,2025-04-13,59683.0,0.0,0,Paid
1748,1748,1117,2025-03-09,27672.0,0.0,0,Paid
1749,1749,1082,2025-03-16,25731.0,0.0,0,Paid
1750,1750,1032,2025-03-18,75528.0,0.0,0,Paid
1751,1751,1091,2025-04-03,62587.0,0.0,0,Paid
1752,1752,1088,2025-03-20,66626.0,0.0,0,Paid
1753,1753,1085,,6120.0,10254.0,308,Open
1754,1754,1051,2025-03-15,37290.0,0.0,0,Paid
1755,1755,1117,2025-03-31,91214.0,0.0,0,Paid
1756,1756,1124,2025-04-01,29077.0,0.0,0,Paid
1757,1757,1094,2025-04-17,94635.0,0.0,0,Paid
1758,1758,1100,2025-03-26,63898.0,0.0,0,Paid
1759,1759,1027,2025-03-28,139382.0,0.0,0,Paid
1760,1760,1001,,0,74764.0,292,Open
1761,1761,1054,2025-04-06,48046.0,0.0,0,Paid
1762,1762,1026,2025-03-27,68225.0,0.0,0,Paid
1763,1763,1073,,0,49098.0,307,Open
1764,1764,1034,2025-03-11,41372.0,0.0,0,Paid
1765,1765,1117,2025-03-30,133860.0,0.0,0,Paid
1766,1766,1036,2025-03-21,85860.0,0.0,0,Paid
1767,1767,1063,2025-04-01,18366.0,0.0,0,Paid
1768,1768,1075,2025-03-10,24626.0,0.0,0,Paid
1769,1769,1102,2025-03-18,35853.0,0.0,0,Paid
1770,1770,1061,2025-03-18,30673.0,0.0,0,Paid
1771,1771,1088,2025-03-24,35481.0,0.0,0,Paid
1772,1772,1049,2025-04-18,172169.0,0.0,0,Paid
1773,1773,1104,2025-03-18,118024.0,0.0,0,Paid
1774,1774,1018,2025-02-24,31744.0,0.0,0,Paid
1775,1775,1122,2025-03-17,13197.0,0.0,0,Paid
1776,1776,1061,2025-03-16,68145.0,0.0,0,Paid
1777,1777,1082,2025-03-16,58399.0,0.0,0,Paid
1778,1778,1104,2025-03-28,86323.0,0.0,0,Paid
1779,1779,1063,2025-04-07,75521.0,0.0,0,Paid
1780,1780,1120,2025-02-24,26831.0,0.0,0,Paid
1781,1781,1013,,0,47262.0,306,Open
1782,1782,1074,,9837.0,17052.0,293,Open
1783,1783,1064,2025-03-10,125236.0,0.0,0,Paid
1784,1784,1022,2025-04-09,33203.0,0.0,0,Paid
1785,1785,1070,2025-03-19,163046.0,0.0,0,Paid
1786,1786,1056,2025-03-27,16454.0,0.0,0,Paid
1787,1787,1042,2025-03-28,28395.0,0.0,0,Paid
1788,1788,1115,,58335.0,34640.0,291,Open
1789,1789,1082,2025-04-10,80825.0,0.0,0,Paid
1790,1790,1099,,0,23420.0,293,Open
1791,1791,1117,2025-03-23,25945.0,0.0,0,Paid
1792,1792,1110,2025-03-30,66081.0,0.0,0,Paid
1793,1793,1038,2025-03-14,13121.0,0.0,0,Paid
1794,1794,1015,,0,19360.0,308,Open
1795,1795,1049,2025-03-08,20996.0,0.0,0,Paid
1796,1796,1055,2025-03-26,18437.0,0.0,0,Paid
1797,1797,1078,2025-04-05,32831.0,0.0,0,Paid
1798,1798,1110,2025-02-28,22552.0,0.0,0,Paid
1799,1799,1059,2025-03-25,16478.0,0.0,0,Paid
1800,1800,1109,2025-03-21,13689.0,0.0,0,Paid
1801,1801,1016,2025-03-22,114551.0,0.0,0,Paid
1802,1802,1081,2025-04-08,59063.0,0.0,0,Paid
1803,1803,1043,2025-04-15,64933.0,0.0,0,Paid
1804,1804,1120,2025-03-06,59533.0,0.0,0,Paid
1805,1805,1063,2025-02-26,135403.0,0.0,0,Paid
1806,1806,1117,2025-03-09,20614.0,0.0,0,Paid
1807,1807,1045,2025-03-09,193592.0,0.0,0,Paid
1808,1808,1037,2025-03-25,55900.0,0.0,0,Paid
1809,1809,1042,2025-02-25,58873.0,0.0,0,Paid
1810,1810,1109,,27895.0,18328.0,291,Open
1811,1811,1062,2025-03-11,27933.0,0.0,0,Paid
1812,1812,1096,2025-04-05,14286.0,0.0,0,Paid
1813,1813,1101,2025-03-26,43681.0,0.0,0,Paid
1814,1814,1055,2025-03-30,29207.0,0.0,0,Paid
1815,1815,1121,2025-03-05,22457.0,0.0,0,Paid
1816,1816,1076,,0,93083.0,303,Open
1817,1817,1051,2025-03-21,16772.0,0.0,0,Paid
1818,1818,1084,2025-03-24,75565.0,0.0,0,Paid
1819,1819,1060,2025-04-03,74771.0,0.0,0,Paid
1820,1820,1084,2025-04-01,97926.0,0.0,0,Paid
1821,1821,1117,2025-03-14,17793.0,0.0,0,Paid
1822,1822,1074,2025-04-11,25333.0,0.0,0,Paid
1823,1823,1083,2025-03-22,48440.0,0.0,0,Paid
1824,1824,1042,,0,21160.0,307,Open
1825,1825,1003,,0,70647.0,304,Open
1826,1826,1068,,0,49283.0,290,Open
1827,1827,1016,2025-03-06,41789.0,0.0,0,Paid
1828,1828,1016,,0,21845.0,277,Open
1829,1829,1016,,0,29049.0,276,Open
1830,1830,1012,2025-02-23,31498.0,0.0,0,Paid
1831,1831,1047,2025-04-04,104838.0,0.0,0,Paid
1832,1832,1085,2025-03-23,30081.0,0.0,0,Paid
1833,1833,1085,2025-03-19,13363.0,0.0,0,Paid
1834,1834,1041,2025-04-08,21830.0,0.0,0,Paid
1835,1835,1013,2025-03-01,116499.0,0.0,0,Paid
1836,1836,1019,,0,21381.0,277,Open
1837,1837,1046,2025-04-04,44543.0,0.0,0,Paid
1838,1838,1084,2025-03-18,42915.0,0.0,0,Paid
1839,1839,1033,2025-03-29,57198.0,0.0,0,Paid
1840,1840,1035,,0,96057.0,303,Open
1841,1841,1048,2025-03-22,101953.0,0.0,0,Paid
1842,1842,1041,2025-03-01,47116.0,0.0,0,Paid
1843,1843,1078,,0,73323.0,275,Open
1844,1844,1043,,0,15836.0,291,Open
1845,1845,1035,2025-03-11,41179.0,0.0,0,Paid
1846,1846,1029,2025-04-04,58728.0,0.0,0,Paid
1847,1847,1023,2025-02-27,18474.0,0.0,0,Paid
1848,1848,1045,2025-03-17,89373.0,0.0,0,Paid
1849,1849,1078,,0,92387.0,273,Open
1850,1850,1104,2025-03-21,16312.0,0.0,0,Paid
1851,1851,1077,2025-03-26,98617.0,0.0,0,Paid
1852,1852,1092,2025-03-26,65429.0,0.0,0,Paid
1853,1853,1095,2025-03-20,17207.0,0.0,0,Paid
1854,1854,1087,2025-03-17,60598.0,0.0,0,Paid
1855,1855,1046,2025-04-01,72680.0,0.0,0,Paid
1856,1856,1113,2025-04-20,64183.0,0.0,0,Paid
1857,1857,1012,2025-03-29,34639.0,0.0,0,Paid
1858,1858,1094,2025-03-01,63875.0,0.0,0,Paid
1859,1859,1011,2025-03-10,16821.0,0.0,0,Paid
1860,1860,1055,2025-03-22,53010.0,0.0,0,Paid
1861,1861,1064,2025-03-01,80089.0,0.0,0,Paid
1862,1862,1079,,0,101452.0,302,Open
1863,1863,1055,2025-03-16,45477.0,0.0,0,Paid
1864,1864,1106,2025-03-21,61301.0,0.0,0,Paid
1865,1865,1006,2025-03-13,102104.0,0.0,0,Paid
1866,1866,1029,2025-03-14,121625.0,0.0,0,Paid
1867,1867,1046,2025-03-28,29507.0,0.0,0,Paid
1868,1868,1117,2025-03-08,62591.0,0.0,0,Paid
1869,1869,1110,,39452.0,32649.0,289,Open
1870,1870,1073,2025-03-10,15434.0,0.0,0,Paid
1871,1871,1123,2025-04-15,69043.0,0.0,0,Paid
1872,1872,1063,2025-03-12,65115.0,0.0,0,Paid
1873,1873,1039,2025-03-07,15532.0,0.0,0,Paid
1874,1874,1013,2025-04-02,16884.0,0.0,0,Paid
1875,1875,1116,2025-03-31,18138.0,0.0,0,Paid
1876,1876,1029,2025-02-23,16652.0,0.0,0,Paid
1877,1877,1115,2025-04-02,33973.0,0.0,0,Paid
1878,1878,1021,2025-03-09,38197.0,0.0,0,Paid
1879,1879,1015,2025-04-02,57084.0,0.0,0,Paid
1880,1880,1096,2025-03-31,15906.0,0.0,0,Paid
1881,1881,1035,2025-04-05,17545.0,0.0,0,Paid
1882,1882,1088,2025-03-31,30508.0,0.0,0,Paid
1883,1883,1119,2025-03-13,25304.0,0.0,0,Paid
1884,1884,1123,2025-04-12,66725.0,0.0,0,Paid
1885,1885,1031,2025-03-26,14569.0,0.0,0,Paid
1886,1886,1077,2025-04-15,50118.0,0.0,0,Paid
1887,1887,1032,2025-03-07,39420.0,0.0,0,Paid
1888,1888,1036,2025-03-06,67710.0,0.0,0,Paid
1889,1889,1026,2025-03-29,84126.0,0.0,0,Paid
1890,1890,1094,2025-04-05,52513.0,0.0,0,Paid
1891,1891,1030,2025-03-06,19260.0,0.0,0,Paid
1892,1892,1025,2025-02-25,27040.0,0.0,0,Paid
1893,1893,1053,2025-04-02,64955.0,0.0,0,Paid
1894,1894,1029,2025-03-17,69614.0,0.0,0,Paid
1895,1895,1035,2025-03-18,31361.0,0.0,0,Paid
1896,1896,1032,2025-03-02,61565.0,0.0,0,Paid
1897,1897,1028,2025-04-05,18108.0,0.0,0,Paid
1898,1898,1056,2025-03-18,15614.0,0.0,0,Paid
1899,1899,1002,2025-03-01,57088.0,0.0,0,Paid
1900,1900,1047,2025-03-18,67167.0,0.0,0,Paid
1901,1901,1084,2025-03-12,45365.0,0.0,0,Paid
1902,1902,1014,,0,32137.0,289,Open
1903,1903,1084,2025-03-31,36497.0,0.0,0,Paid
1904,1904,1013,2025-03-14,36242.0,0.0,0,Paid
1905,1905,1026,2025-03-12,32757.0,0.0,0,Paid
1906,1906,1054,2025-04-24,18448.0,0.0,0,Paid
1907,1907,1125,,0,24409.0,290,Open
1908,1908,1016,2025-02-25,26504.0,0.0,0,Paid
1909,1909,1003,2025-03-21,34173.0,0.0,0,Paid
1910,1910,1038,2025-04-10,16444.0,0.0,0,Paid
1911,1911,1051,2025-03-24,27048.0,0.0,0,Paid
1912,1912,1010,2025-03-19,42393.0,0.0,0,Paid
1913,1913,1035,2025-04-03,47946.0,0.0,0,Paid
1914,1914,1076,2025-03-26,15063.0,0.0,0,Paid
1915,1915,1068,2025-03-29,74722.0,0.0,0,Paid
1916,1916,1035,2025-03-23,68773.0,0.0,0,Paid
1917,1917,1019,2025-03-12,24034.0,0.0,0,Paid
1918,1918,1112,2025-05-04,31668.0,0.0,0,Paid
1919,1919,1001,2025-03-21,81559.0,0.0,0,Paid
1920,1920,1042,2025-03-25,43003.0,0.0,0,Paid
1921,1921,1079,2025-03-30,49261.0,0.0,0,Paid
1922,1922,1002,2025-04-16,73886.0,0.0,0,Paid
1923,1923,1069,2025-03-11,45166.0,0.0,0,Paid
1924,1924,1075,2025-03-28,100062.0,0.0,0,Paid
1925,1925,1082,2025-04-17,45782.0,0.0,0,Paid
1926,1926,1042,2025-03-17,18266.0,0.0,0,Paid
1927,1927,1030,2025-04-03,133080.0,0.0,0,Paid
1928,1928,1059,2025-03-29,41951.0,0.0,0,Paid
1929,1929,1063,2025-04-08,58956.0,0.0,0,Paid
1930,1930,1105,2025-02-25,28671.0,0.0,0,Paid
1931,1931,1010,2025-03-09,37685.0,0.0,0,Paid
1932,1932,1018,2025-03-18,28635.0,0.0,0,Paid
1933,1933,1049,2025-03-19,81007.0,0.0,0,Paid
1934,1934,1017,2025-04-15,17373.0,0.0,0,Paid
1935,1935,1081,2025-04-20,13833.0,0.0,0,Paid
1936,1936,1105,2025-03-14,63451.0,0.0,0,Paid
1937,1937,1062,2025-03-15,45881.0,0.0,0,Paid
1938,1938,1032,2025-03-18,96893.0,0.0,0,Paid
1939,1939,1016,2025-03-02,50759.0,0.0,0,Paid
1940,1940,1054,2025-03-22,18736.0,0.0,0,Paid
1941,1941,1055,2025-03-11,76164.0,0.0,0,Paid
1942,1942,1088,2025-04-05,31601.0,0.0,0,Paid
1943,1943,1022,2025-03-12,88650.0,0.0,0,Paid
1944,1944,1043,2025-03-03,28730.0,0.0,0,Paid
1945,1945,1115,2025-04-09,62189.0,0.0,0,Paid
1946,1946,1055,2025-03-30,16177.0,0.0,0,Paid
1947,1947,1105,2025-04-07,49889.0,0.0,0,Paid
1948,1948,1034,2025-03-18,63945.0,0.0,0,Paid
1949,1949,1001,2025-04-24,115668.0,0.0,0,Paid
1950,1950,1058,2025-03-15,163317.0,0.0,0,Paid
1951,1951,1009,2025-02-27,72209.0,0.0,0,Paid
1952,1952,1017,2025-03-28,36300.0,0.0,0,Paid
1953,1953,1055,2025-03-19,32358.0,0.0,0,Paid
1954,1954,1121,2025-03-07,122709.0,0.0,0,Paid
1955,1955,1064,2025-04-06,24418.0,0.0,0,Paid
1956,1956,1092,2025-04-02,41560.0,0.0,0,Paid
1957,1957,1096,2025-03-21,35867.0,0.0,0,Paid
1958,1958,1047,2025-03-27,17811.0,0.0,0,Paid
1959,1959,1008,2025-03-30,127839.0,0.0,0,Paid
1960,1960,1059,2025-05-09,62235.0,0.0,0,Paid
1961,1961,1117,2025-03-30,61404.0,0.0,0,Paid
1962,1962,1090,2025-03-24,15003.0,0.0,0,Paid
1963,1963,1124,2025-05-05,43088.0,0.0,0,Paid
1964,1964,1077,2025-03-12,13935.0,0.0,0,Paid
1965,1965,1011,2025-03-27,30225.0,0.0,0,Paid
1966,1966,1061,2025-03-27,15186.0,0.0,0,Paid
1967,1967,1039,2025-03-08,77550.0,0.0,0,Paid
1968,1968,1015,2025-03-14,51715.0,0.0,0,Paid
1969,1969,1097,2025-03-30,61682.0,0.0,0,Paid
1970,1970,1059,2025-03-06,30549.0,0.0,0,Paid
1971,1971,1055,2025-03-27,56426.0,0.0,0,Paid
1972,1972,1049,2025-03-04,33852.0,0.0,0,Paid
1973,1973,1024,2025-04-06,27220.0,0.0,0,Paid
1974,1974,1010,2025-04-17,177543.0,0.0,0,Paid
1975,1975,1022,2025-04-07,67087.0,0.0,0,Paid
1976,1976,1035,2025-04-09,29615.0,0.0,0,Paid
1977,1977,1037,2025-03-18,16699.0,0.0,0,Paid
1978,1978,1002,2025-03-26,14436.0,0.0,0,Paid
1979,1979,1035,2025-04-01,23927.0,0.0,0,Paid
1980,1980,1102,2025-02-27,34090.0,0.0,0,Paid
1981,1981,1097,,0,20557.0,303,Open
1982,1982,1097,2025-04-05,34829.0,0.0,0,Paid
1983,1983,1115,2025-04-02,28728.0,0.0,0,Paid
1984,1984,1020,2025-03-24,23049.0,0.0,0,Paid
1985,1985,1021,2025-03-16,43811.0,0.0,0,Paid
1986,1986,1012,2025-04-14,30212.0,0.0,0,Paid
1987,1987,1092,2025-03-16,30395.0,0.0,0,Paid
1988,1988,1094,2025-03-30,76474.0,0.0,0,Paid
1989,1989,1038,2025-04-01,44652.0,0.0,0,Paid
1990,1990,1115,2025-04-02,69278.0,0.0,0,Paid
1991,1991,1123,,0,80159.0,286,Open
1992,1992,1104,,0,28290.0,272,Open
1993,1993,1115,2025-03-15,55526.0,0.0,0,Paid
1994,1994,1120,,9559.0,5820.0,288,Open
1995,1995,1091,2025-04-11,16736.0,0.0,0,Paid
1996,1996,1033,2025-03-31,38764.0,0.0,0,Paid
1997,1997,1063,2025-03-20,57189.0,0.0,0,Paid
1998,1998,1110,,33711.0,25727.0,285,Open
1999,1999,1041,2025-04-16,56462.0,0.0,0,Paid
2000,2000,1034,2025-03-17,44091.0,0.0,0,Paid
2001,2001,1102,2025-04-09,155776.0,0.0,0,Paid
2002,2002,1110,2025-05-17,47064.0,0.0,0,Paid
2003,2003,1112,2025-03-21,30573.0,0.0,0,Paid
2004,2004,1083,2025-03-27,14448.0,0.0,0,Paid
2005,2005,1123,2025-03-31,76258.0,0.0,0,Paid
2006,2006,1043,2025-03-24,90495.0,0.0,0,Paid
2007,2007,1015,2025-04-06,16585.0,0.0,0,Paid
2008,2008,1061,2025-03-12,18249.0,0.0,0,Paid
2009,2009,1008,2025-03-03,16526.0,0.0,0,Paid
2010,2010,1061,2025-04-14,59268.0,0.0,0,Paid
2011,2011,1033,2025-04-15,16480.0,0.0,0,Paid
2012,2012,1052,2025-03-12,22926.0,0.0,0,Paid
2013,2013,1115,2025-04-13,61208.0,0.0,0,Paid
2014,2014,1116,2025-04-21,46007.0,0.0,0,Paid
2015,2015,1062,2025-03-14,17443.0,0.0,0,Paid
2016,2016,1089,2025-04-02,44397.0,0.0,0,Paid
2017,2017,1115,2025-03-27,65465.0,0.0,0,Paid
2018,2018,1106,2025-04-06,19528.0,0.0,0,Paid
2019,2019,1041,2025-04-22,96700.0,0.0,0,Paid
2020,2020,1102,2025-05-08,63786.0,0.0,0,Paid
2021,2021,1001,2025-04-20,62761.0,0.0,0,Paid
2022,2022,1075,2025-03-31,119208.0,0.0,0,Paid
2023,2023,1054,2025-03-05,13741.0,0.0,0,Paid
2024,2024,1025,2025-03-31,67947.0,0.0,0,Paid
2025,2025,1105,2025-03-15,70316.0,0.0,0,Paid
2026,2026,1064,2025-03-17,14981.0,0.0,0,Paid
2027,2027,1046,2025-04-08,41977.0,0.0,0,Paid
2028,2028,1059,2025-03-28,75530.0,0.0,0,Paid
2029,2029,1070,2025-04-16,18778.0,0.0,0,Paid
2030,2030,1090,2025-03-18,15406.0,0.0,0,Paid
2031,2031,1012,2025-03-17,87007.0,0.0,0,Paid
2032,2032,1064,2025-03-17,35022.0,0.0,0,Paid
2033,2033,1082,2025-04-24,44318.0,0.0,0,Paid
2034,2034,1029,2025-03-18,29174.0,0.0,0,Paid
2035,2035,1110,2025-03-08,89619.0,0.0,0,Paid
2036,2036,1106,2025-04-18,16303.0,0.0,0,Paid
2037,2037,1121,2025-03-01,71958.0,0.0,0,Paid
2038,2038,1108,,0,15394.0,302,Open
2039,2039,1001,2025-03-07,130730.0,0.0,0,Paid
2040,2040,1105,2025-03-15,67332.0,0.0,0,Paid
2041,2041,1022,2025-04-08,71620.0,0.0,0,Paid
2042,2042,1083,,106238.0,60530.0,298,Open
2043,2043,1055,2025-04-05,15340.0,0.0,0,Paid
2044,2044,1067,2025-04-19,32355.0,0.0,0,Paid
2045,2045,1074,2025-04-14,14783.0,0.0,0,Paid
2046,2046,1034,2025-04-24,116251.0,0.0,0,Paid
2047,2047,1002,2025-04-01,40782.0,0.0,0,Paid
2048,2048,1091,,19759.0,23206.0,285,Open
2049,2049,1059,,41091.0,89860.0,297,Open
2050,2050,1084,2025-04-01,68066.0,0.0,0,Paid
2051,2051,1101,2025-04-15,34812.0,0.0,0,Paid
2052,2052,1011,2025-04-15,19641.0,0.0,0,Paid
2053,2053,1059,2025-04-16,62880.0,0.0,0,Paid
2054,2054,1034,2025-03-29,29819.0,0.0,0,Paid
2055,2055,1051,2025-03-22,29105.0,0.0,0,Paid
2056,2056,1063,2025-03-28,53261.0,0.0,0,Paid
2057,2057,1117,,0,28189.0,286,Open
2058,2058,1116,,0,15203.0,271,Open
2059,2059,1045,2025-03-16,38822.0,0.0,0,Paid
2060,2060,1021,2025-04-23,44045.0,0.0,0,Paid
2061,2061,1067,2025-02-28,21022.0,0.0,0,Paid
2062,2062,1015,2025-03-24,21792.0,0.0,0,Paid
2063,2063,1017,2025-04-03,35670.0,0.0,0,Paid
2064,2064,1045,2025-04-11,30353.0,0.0,0,Paid
2065,2065,1122,2025-03-02,64139.0,0.0,0,Paid
2066,2066,1088,2025-04-04,14156.0,0.0,0,Paid
2067,2067,1076,2025-03-24,142284.0,0.0,0,Paid
2068,2068,1063,2025-03-17,46501.0,0.0,0,Paid
2069,2069,1014,2025-04-24,33541.0,0.0,0,Paid
2070,2070,1048,2025-03-31,44911.0,0.0,0,Paid
2071,2071,1033,2025-03-13,105410.0,0.0,0,Paid
2072,2072,1083,,6525.0,14522.0,271,Open
2073,2073,1055,2025-03-14,65664.0,0.0,0,Paid
2074,2074,1085,,0,83346.0,285,Open
2075,2075,1092,2025-03-28,19261.0,0.0,0,Paid
2076,2076,1116,2025-04-07,31798.0,0.0,0,Paid
2077,2077,1072,2025-03-07,14853.0,0.0,0,Paid
2078,2078,1111,2025-04-09,30587.0,0.0,0,Paid
2079,2079,1105,2025-04-01,44805.0,0.0,0,Paid
2080,2080,1064,2025-04-12,14418.0,0.0,0,Paid
2081,2081,1076,2025-03-18,15321.0,0.0,0,Paid
2082,2082,1083,2025-03-22,34504.0,0.0,0,Paid
2083,2083,1124,2025-03-21,82031.0,0.0,0,Paid
2084,2084,1006,,0,58384.0,283,Open
2085,2085,1039,2025-03-20,16491.0,0.0,0,Paid
2086,2086,1072,2025-04-08,40779.0,0.0,0,Paid
2087,2087,1064,,0,74358.0,270,Open
2088,2088,1048,,0,270866.0,267,Open
2089,2089,1042,2025-05-11,34255.0,0.0,0,Paid
2090,2090,1012,2025-03-24,86012.0,0.0,0,Paid
2091,2091,1120,2025-04-21,71611.0,0.0,0,Paid
2092,2092,1006,2025-03-15,21181.0,0.0,0,Paid
2093,2093,1104,2025-04-02,58792.0,0.0,0,Paid
2094,2094,1075,2025-03-31,47525.0,0.0,0,Paid
2095,2095,1124,2025-03-15,15308.0,0.0,0,Paid
2096,2096,1067,2025-03-16,47921.0,0.0,0,Paid
2097,2097,1094,2025-03-13,47544.0,0.0,0,Paid
2098,2098,1092,2025-04-26,25039.0,0.0,0,Paid
2099,2099,1027,2025-04-11,31701.0,0.0,0,Paid
2100,2100,1060,2025-03-21,21246.0,0.0,0,Paid
2101,2101,1027,,0,45235.0,285,Open
2102,2102,1091,2025-03-15,122254.0,0.0,0,Paid
2103,2103,1118,2025-03-27,20398.0,0.0,0,Paid
2104,2104,1026,2025-04-05,58697.0,0.0,0,Paid
2105,2105,1022,2025-04-03,37422.0,0.0,0,Paid
2106,2106,1014,2025-03-18,127203.0,0.0,0,Paid
2107,2107,1024,2025-03-26,24254.0,0.0,0,Paid
2108,2108,1071,2025-04-12,28882.0,0.0,0,Paid
2109,2109,1065,2025-03-21,33812.0,0.0,0,Paid
2110,2110,1049,2025-03-01,15134.0,0.0,0,Paid
2111,2111,1052,2025-03-09,51437.0,0.0,0,Paid
2112,2112,1007,2025-04-22,15043.0,0.0,0,Paid
2113,2113,1007,2025-03-23,106572.0,0.0,0,Paid
2114,2114,1113,2025-03-27,63434.0,0.0,0,Paid
2115,2115,1013,2025-03-18,74379.0,0.0,0,Paid
2116,2116,1027,2025-03-26,42453.0,0.0,0,Paid
2117,2117,1094,2025-03-01,16068.0,0.0,0,Paid
2118,2118,1110,2025-03-31,14001.0,0.0,0,Paid
2119,2119,1009,2025-04-07,29137.0,0.0,0,Paid
2120,2120,1055,2025-04-24,16042.0,0.0,0,Paid
2121,2121,1010,,9577.0,5353.0,285,Open
2122,2122,1001,2025-03-10,41160.0,0.0,0,Paid
2123,2123,1105,2025-03-22,23621.0,0.0,0,Paid
2124,2124,1097,2025-04-01,51780.0,0.0,0,Paid
2125,2125,1095,2025-03-21,17427.0,0.0,0,Paid
2126,2126,1033,2025-03-18,30070.0,0.0,0,Paid
2127,2127,1091,,7270.0,7065.0,285,Open
2128,2128,1062,2025-03-22,36523.0,0.0,0,Paid
2129,2129,1003,2025-04-29,38685.0,0.0,0,Paid
2130,2130,1004,2025-04-13,30483.0,0.0,0,Paid
2131,2131,1047,2025-03-03,46717.0,0.0,0,Paid
2132,2132,1036,2025-05-01,14203.0,0.0,0,Paid
2133,2133,1058,2025-03-13,94232.0,0.0,0,Paid
2134,2134,1043,2025-04-14,137778.0,0.0,0,Paid
2135,2135,1067,2025-03-22,32387.0,0.0,0,Paid
2136,2136,1102,2025-03-09,75916.0,0.0,0,Paid
2137,2137,1064,2025-03-18,76472.0,0.0,0,Paid
2138,2138,1067,2025-03-07,38587.0,0.0,0,Paid
2139,2139,1103,2025-04-05,58555.0,0.0,0,Paid
2140,2140,1106,2025-03-18,32478.0,0.0,0,Paid
2141,2141,1001,2025-03-27,19222.0,0.0,0,Paid
2142,2142,1101,2025-03-07,15944.0,0.0,0,Paid
2143,2143,1035,2025-03-27,88498.0,0.0,0,Paid
2144,2144,1118,2025-03-21,49606.0,0.0,0,Paid
2145,2145,1082,2025-03-25,13984.0,0.0,0,Paid
2146,2146,1115,2025-04-21,35116.0,0.0,0,Paid
2147,2147,1042,2025-03-13,14246.0,0.0,0,Paid
2148,2148,1033,2025-05-13,35946.0,0.0,0,Paid
2149,2149,1081,2025-04-13,34032.0,0.0,0,Paid
2150,2150,1107,,0,17182.0,284,Open
2151,2151,1092,2025-04-13,15666.0,0.0,0,Paid
2152,2152,1124,2025-04-06,37902.0,0.0,0,Paid
2153,2153,1097,2025-05-06,15522.0,0.0,0,Paid
2154,2154,1075,2025-03-29,63374.0,0.0,0,Paid
2155,2155,1097,2025-03-22,21799.0,0.0,0,Paid
2156,2156,1060,2025-04-24,35707.0,0.0,0,Paid
2157,2157,1107,2025-04-07,169756.0,0.0,0,Paid
2158,2158,1106,2025-03-02,32660.0,0.0,0,Paid
2159,2159,1087,2025-03-23,32290.0,0.0,0,Paid
2160,2160,1067,2025-04-16,76047.0,0.0,0,Paid
2161,2161,1110,2025-03-26,46645.0,0.0,0,Paid
2162,2162,1120,2025-03-22,37570.0,0.0,0,Paid
2163,2163,1078,2025-04-16,29560.0,0.0,0,Paid
2164,2164,1014,2025-03-05,58240.0,0.0,0,Paid
2165,2165,1052,2025-04-22,51228.0,0.0,0,Paid
2166,2166,1109,2025-04-01,24444.0,0.0,0,Paid
2167,2167,1056,2025-03-06,77655.0,0.0,0,Paid
2168,2168,1096,2025-03-28,13238.0,0.0,0,Paid
2169,2169,1038,2025-04-06,22659.0,0.0,0,Paid
2170,2170,1048,2025-04-02,15861.0,0.0,0,Paid
2171,2171,1055,,0,53626.0,268,Open
2172,2172,1050,2025-03-16,15627.0,0.0,0,Paid
2173,2173,1006,2025-03-23,16549.0,0.0,0,Paid
2174,2174,1113,2025-04-08,60763.0,0.0,0,Paid
2175,2175,1065,2025-04-01,19404.0,0.0,0,Paid
2176,2176,1020,2025-04-24,57325.0,0.0,0,Paid
2177,2177,1092,2025-03-15,49602.0,0.0,0,Paid
2178,2178,1009,2025-03-24,25893.0,0.0,0,Paid
2179,2179,1061,2025-04-01,58888.0,0.0,0,Paid
2180,2180,1034,2025-03-22,21643.0,0.0,0,Paid
2181,2181,1045,2025-04-02,17014.0,0.0,0,Paid
2182,2182,1030,,28673.0,50498.0,281,Open
2183,2183,1061,2025-03-24,16518.0,0.0,0,Paid
2184,2184,1014,2025-04-05,18640.0,0.0,0,Paid
2185,2185,1097,2025-03-03,30534.0,0.0,0,Paid
2186,2186,1096,2025-03-28,129858.0,0.0,0,Paid
2187,2187,1108,2025-03-24,45903.0,0.0,0,Paid
2188,2188,1082,2025-03-25,14267.0,0.0,0,Paid
2189,2189,1057,2025-03-18,22688.0,0.0,0,Paid
2190,2190,1102,2025-04-09,18948.0,0.0,0,Paid
2191,2191,1086,2025-03-20,32013.0,0.0,0,Paid
2192,2192,1073,2025-04-01,19826.0,0.0,0,Paid
2193,2193,1094,2025-03-24,21723.0,0.0,0,Paid
2194,2194,1106,2025-05-02,104607.0,0.0,0,Paid
2195,2195,1072,2025-04-05,30268.0,0.0,0,Paid
2196,2196,1073,2025-04-16,86977.0,0.0,0,Paid
2197,2197,1016,2025-03-25,40228.0,0.0,0,Paid
2198,2198,1038,2025-03-31,25157.0,0.0,0,Paid
2199,2199,1009,2025-04-04,30242.0,0.0,0,Paid
2200,2200,1067,2025-03-03,31417.0,0.0,0,Paid
2201,2201,1008,2025-04-07,62240.0,0.0,0,Paid
2202,2202,1084,2025-03-23,107627.0,0.0,0,Paid
2203,2203,1043,2025-03-09,15507.0,0.0,0,Paid
2204,2204,1097,2025-03-03,30441.0,0.0,0,Paid
2205,2205,1010,,0,84527.0,265,Open
2206,2206,1045,2025-04-04,80603.0,0.0,0,Paid
2207,2207,1079,2025-03-23,112699.0,0.0,0,Paid
2208,2208,1014,,0,134122.0,295,Open
2209,2209,1056,,0,37518.0,297,Open
2210,2210,1004,2025-03-11,53118.0,0.0,0,Paid
2211,2211,1111,2025-04-10,150867.0,0.0,0,Paid
2212,2212,1049,2025-04-07,44557.0,0.0,0,Paid
2213,2213,1018,2025-04-21,50677.0,0.0,0,Paid
2214,2214,1044,2025-04-12,15739.0,0.0,0,Paid
2215,2215,1076,2025-03-06,15147.0,0.0,0,Paid
2216,2216,1006,2025-04-05,35558.0,0.0,0,Paid
2217,2217,1105,2025-04-13,29534.0,0.0,0,Paid
2218,2218,1078,2025-04-08,15462.0,0.0,0,Paid
2219,2219,1078,2025-04-18,23017.0,0.0,0,Paid
2220,2220,1027,2025-04-20,58620.0,0.0,0,Paid
2221,2221,1118,2025-03-29,78015.0,0.0,0,Paid
2222,2222,1112,2025-03-08,63610.0,0.0,0,Paid
2223,2223,1090,2025-04-10,46655.0,0.0,0,Paid
2224,2224,1063,2025-04-13,20476.0,0.0,0,Paid
2225,2225,1125,2025-04-03,18382.0,0.0,0,Paid
2226,2226,1101,2025-03-28,26723.0,0.0,0,Paid
2227,2227,1084,2025-04-19,82204.0,0.0,0,Paid
2228,2228,1076,2025-04-06,115178.0,0.0,0,Paid
2229,2229,1064,2025-03-15,50478.0,0.0,0,Paid
2230,2230,1029,2025-03-07,32004.0,0.0,0,Paid
2231,2231,1070,2025-04-13,15377.0,0.0,0,Paid
2232,2232,1097,2025-03-21,85733.0,0.0,0,Paid
2233,2233,1097,2025-04-13,132607.0,0.0,0,Paid
2234,2234,1111,2025-05-03,44508.0,0.0,0,Paid
2235,2235,1050,2025-04-05,47548.0,0.0,0,Paid
2236,2236,1121,2025-04-14,125734.0,0.0,0,Paid
2237,2237,1123,2025-04-28,49114.0,0.0,0,Paid
2238,2238,1017,2025-04-27,43049.0,0.0,0,Paid
2239,2239,1099,2025-04-30,31532.0,0.0,0,Paid
2240,2240,1079,2025-03-19,26736.0,0.0,0,Paid
2241,2241,1002,2025-04-05,13967.0,0.0,0,Paid
2242,2242,1034,2025-04-16,30340.0,0.0,0,Paid
2243,2243,1046,2025-03-20,87598.0,0.0,0,Paid
2244,2244,1008,2025-04-02,67685.0,0.0,0,Paid
2245,2245,1057,2025-03-22,19875.0,0.0,0,Paid
2246,2246,1112,2025-03-23,42667.0,0.0,0,Paid
2247,2247,1030,2025-03-26,22355.0,0.0,0,Paid
2248,2248,1111,2025-04-04,14776.0,0.0,0,Paid
2249,2249,1034,2025-03-29,15138.0,0.0,0,Paid
2250,2250,1109,2025-03-29,41196.0,0.0,0,Paid
2251,2251,1057,2025-04-05,47572.0,0.0,0,Paid
2252,2252,1074,2025-04-03,16031.0,0.0,0,Paid
2253,2253,1019,2025-03-21,43178.0,0.0,0,Paid
2254,2254,1125,2025-03-20,25006.0,0.0,0,Paid
2255,2255,1021,2025-03-31,50346.0,0.0,0,Paid
2256,2256,1076,2025-03-19,14958.0,0.0,0,Paid
2257,2257,1066,2025-04-20,24546.0,0.0,0,Paid
2258,2258,1049,2025-04-17,115835.0,0.0,0,Paid
2259,2259,1011,2025-03-27,30968.0,0.0,0,Paid
2260,2260,1073,2025-03-27,184989.0,0.0,0,Paid
2261,2261,1109,,25140.0,14264.0,296,Open
2262,2262,1085,2025-05-03,110874.0,0.0,0,Paid
2263,2263,1032,2025-03-30,49658.0,0.0,0,Paid
2264,2264,1030,2025-03-30,44966.0,0.0,0,Paid
2265,2265,1113,2025-03-22,45025.0,0.0,0,Paid
2266,2266,1010,,0,17173.0,282,Open
2267,2267,1073,2025-04-20,94332.0,0.0,0,Paid
2268,2268,1087,2025-04-22,208456.0,0.0,0,Paid
2269,2269,1037,2025-03-23,29367.0,0.0,0,Paid
2270,2270,1064,,8844.0,4881.0,266,Open
2271,2271,1113,2025-03-11,73605.0,0.0,0,Paid
2272,2272,1061,2025-04-09,14794.0,0.0,0,Paid
2273,2273,1056,2025-04-24,21033.0,0.0,0,Paid
2274,2274,1050,2025-05-03,13728.0,0.0,0,Paid
2275,2275,1072,,31477.0,36791.0,265,Open
2276,2276,1078,2025-03-05,14938.0,0.0,0,Paid
2277,2277,1095,2025-04-04,116581.0,0.0,0,Paid
2278,2278,1056,2025-04-05,115473.0,0.0,0,Paid
2279,2279,1024,2025-03-21,26203.0,0.0,0,Paid
2280,2280,1001,2025-04-23,46125.0,0.0,0,Paid
2281,2281,1049,,0,44616.0,265,Open
2282,2282,1030,,0,13890.0,281,Open
2283,2283,1115,2025-03-27,17631.0,0.0,0,Paid
2284,2284,1097,2025-04-13,45916.0,0.0,0,Paid
2285,2285,1095,2025-03-29,17870.0,0.0,0,Paid
2286,2286,1041,2025-04-13,101681.0,0.0,0,Paid
2287,2287,1036,2025-04-05,18230.0,0.0,0,Paid
2288,2288,1078,2025-04-05,23690.0,0.0,0,Paid
2289,2289,1019,2025-03-27,98698.0,0.0,0,Paid
2290,2290,1006,2025-05-07,32406.0,0.0,0,Paid
2291,2291,1001,2025-04-08,64283.0,0.0,0,Paid
2292,2292,1055,2025-03-29,68234.0,0.0,0,Paid
2293,2293,1038,2025-04-01,57034.0,0.0,0,Paid
2294,2294,1064,2025-04-02,111233.0,0.0,0,Paid
2295,2295,1094,2025-03-23,64551.0,0.0,0,Paid
2296,2296,1010,2025-04-14,126697.0,0.0,0,Paid
2297,2297,1081,,0,27453.0,295,Open
2298,2298,1005,2025-03-23,58385.0,0.0,0,Paid
2299,2299,1041,2025-03-23,51277.0,0.0,0,Paid
2300,2300,1081,2025-03-30,27473.0,0.0,0,Paid
2301,2301,1121,2025-03-24,14570.0,0.0,0,Paid
2302,2302,1064,2025-03-10,15703.0,0.0,0,Paid
2303,2303,1122,2025-04-09,16446.0,0.0,0,Paid
2304,2304,1079,2025-03-22,59833.0,0.0,0,Paid
2305,2305,1034,2025-04-25,16510.0,0.0,0,Paid
2306,2306,1123,2025-04-20,47003.0,0.0,0,Paid
2307,2307,1038,2025-04-22,16428.0,0.0,0,Paid
2308,2308,1038,2025-04-03,39079.0,0.0,0,Paid
2309,2309,1097,2025-04-01,16209.0,0.0,0,Paid
2310,2310,1023,2025-03-19,42480.0,0.0,0,Paid
2311,2311,1090,2025-04-26,17137.0,0.0,0,Paid
2312,2312,1077,,0,18859.0,296,Open
2313,2313,1101,2025-04-19,12758.0,0.0,0,Paid
2314,2314,1087,2025-04-06,29628.0,0.0,0,Paid
2315,2315,1035,2025-03-23,29686.0,0.0,0,Paid
2316,2316,1006,2025-04-02,26421.0,0.0,0,Paid
2317,2317,1081,2025-04-11,35845.0,0.0,0,Paid
2318,2318,1017,2025-03-23,84641.0,0.0,0,Paid
2319,2319,1091,2025-03-11,22977.0,0.0,0,Paid
2320,2320,1009,2025-04-02,30585.0,0.0,0,Paid
2321,2321,1069,,21849.0,27503.0,279,Open
2322,2322,1021,2025-04-17,50464.0,0.0,0,Paid
2323,2323,1005,,0,31358.0,280,Open
2324,2324,1065,2025-04-25,105221.0,0.0,0,Paid
2325,2325,1099,2025-04-06,28879.0,0.0,0,Paid
2326,2326,1105,,0,24382.0,295,Open
2327,2327,1011,2025-03-30,122834.0,0.0,0,Paid
2328,2328,1094,2025-03-29,27449.0,0.0,0,Paid
2329,2329,1095,2025-03-21,16283.0,0.0,0,Paid
2330,2330,1110,2025-04-04,44504.0,0.0,0,Paid
2331,2331,1026,2025-03-28,17751.0,0.0,0,Paid
2332,2332,1049,2025-04-06,81490.0,0.0,0,Paid
2333,2333,1117,2025-03-13,13401.0,0.0,0,Paid
2334,2334,1064,2025-03-27,47767.0,0.0,0,Paid
2335,2335,1074,2025-04-19,124411.0,0.0,0,Paid
2336,2336,1048,2025-03-27,62929.0,0.0,0,Paid
2337,2337,1011,2025-05-03,16921.0,0.0,0,Paid
2338,2338,1063,2025-03-12,17237.0,0.0,0,Paid
2339,2339,1108,2025-03-31,22510.0,0.0,0,Paid
2340,2340,1033,2025-03-27,21143.0,0.0,0,Paid
2341,2341,1077,2025-05-05,51177.0,0.0,0,Paid
2342,2342,1097,2025-03-21,15899.0,0.0,0,Paid
2343,2343,1060,2025-03-28,45119.0,0.0,0,Paid
2344,2344,1094,2025-03-26,49106.0,0.0,0,Paid
2345,2345,1021,2025-04-06,15575.0,0.0,0,Paid
2346,2346,1114,2025-04-18,23483.0,0.0,0,Paid
2347,2347,1063,2025-05-01,14305.0,0.0,0,Paid
2348,2348,1038,2025-03-14,65266.0,0.0,0,Paid
2349,2349,1042,,0,92874.0,276,Open
2350,2350,1027,2025-03-29,47397.0,0.0,0,Paid
2351,2351,1078,2025-05-08,228407.0,0.0,0,Paid
2352,2352,1110,2025-03-14,34043.0,0.0,0,Paid
2353,2353,1061,2025-04-10,29410.0,0.0,0,Paid
2354,2354,1040,2025-04-04,38657.0,0.0,0,Paid
2355,2355,1059,2025-04-10,23860.0,0.0,0,Paid
2356,2356,1072,2025-03-22,16788.0,0.0,0,Paid
2357,2357,1025,2025-03-14,32501.0,0.0,0,Paid
2358,2358,1080,2025-04-13,45026.0,0.0,0,Paid
2359,2359,1083,2025-04-22,83957.0,0.0,0,Paid
2360,2360,1034,2025-04-06,25173.0,0.0,0,Paid
2361,2361,1083,2025-04-05,20395.0,0.0,0,Paid
2362,2362,1104,2025-04-07,21810.0,0.0,0,Paid
2363,2363,1027,2025-03-31,46833.0,0.0,0,Paid
2364,2364,1019,2025-04-20,53672.0,0.0,0,Paid
2365,2365,1010,2025-04-04,35299.0,0.0,0,Paid
2366,2366,1042,2025-03-19,27712.0,0.0,0,Paid
2367,2367,1051,2025-04-06,45434.0,0.0,0,Paid
2368,2368,1068,2025-03-28,29599.0,0.0,0,Paid
2369,2369,1022,2025-04-27,37039.0,0.0,0,Paid
2370,2370,1063,2025-04-02,99382.0,0.0,0,Paid
2371,2371,1116,2025-04-13,20620.0,0.0,0,Paid
2372,2372,1086,2025-03-11,16052.0,0.0,0,Paid
2373,2373,1113,,0,36442.0,278,Open
2374,2374,1002,2025-05-06,129975.0,0.0,0,Paid
2375,2375,1076,2025-04-14,33941.0,0.0,0,Paid
2376,2376,1078,2025-03-22,14257.0,0.0,0,Paid
2377,2377,1051,2025-04-09,36173.0,0.0,0,Paid
2378,2378,1106,2025-03-20,44137.0,0.0,0,Paid
2379,2379,1078,2025-04-19,44443.0,0.0,0,Paid
2380,2380,1104,2025-04-05,51001.0,0.0,0,Paid
2381,2381,1092,2025-04-22,28467.0,0.0,0,Paid
2382,2382,1109,2025-05-03,50960.0,0.0,0,Paid
2383,2383,1041,2025-03-08,30374.0,0.0,0,Paid
2384,2384,1003,2025-03-23,31499.0,0.0,0,Paid
2385,2385,1115,2025-04-07,56113.0,0.0,0,Paid
2386,2386,1121,2025-03-25,90103.0,0.0,0,Paid
2387,2387,1008,2025-03-09,40190.0,0.0,0,Paid
2388,2388,1057,2025-03-31,47214.0,0.0,0,Paid
2389,2389,1053,2025-05-04,31918.0,0.0,0,Paid
2390,2390,1045,2025-03-24,47726.0,0.0,0,Paid
2391,2391,1012,2025-03-31,33904.0,0.0,0,Paid
2392,2392,1024,,0,46583.0,278,Open
2393,2393,1022,2025-03-23,32563.0,0.0,0,Paid
2394,2394,1032,2025-04-25,44513.0,0.0,0,Paid
2395,2395,1111,2025-04-11,47196.0,0.0,0,Paid
2396,2396,1023,2025-04-07,57458.0,0.0,0,Paid
2397,2397,1026,,0,31932.0,262,Open
2398,2398,1034,2025-03-27,14161.0,0.0,0,Paid
2399,2399,1107,2025-04-08,29200.0,0.0,0,Paid
2400,2400,1107,2025-05-01,62024.0,0.0,0,Paid
2401,2401,1083,2025-03-11,24809.0,0.0,0,Paid
2402,2402,1090,2025-04-27,124314.0,0.0,0,Paid
2403,2403,1027,2025-03-29,65981.0,0.0,0,Paid
2404,2404,1015,2025-04-11,31515.0,0.0,0,Paid
2405,2405,1073,2025-04-06,46476.0,0.0,0,Paid
2406,2406,1090,2025-03-11,31625.0,0.0,0,Paid
2407,2407,1044,2025-03-18,32415.0,0.0,0,Paid
2408,2408,1040,2025-03-08,25846.0,0.0,0,Paid
2409,2409,1076,2025-04-10,29078.0,0.0,0,Paid
2410,2410,1107,2025-04-22,45647.0,0.0,0,Paid
2411,2411,1006,2025-03-10,42703.0,0.0,0,Paid
2412,2412,1116,2025-04-23,139422.0,0.0,0,Paid
2413,2413,1076,2025-04-21,33154.0,0.0,0,Paid
2414,2414,1114,2025-04-19,31292.0,0.0,0,Paid
2415,2415,1018,2025-03-28,68901.0,0.0,0,Paid
2416,2416,1125,2025-04-15,13757.0,0.0,0,Paid
2417,2417,1059,2025-03-15,45541.0,0.0,0,Paid
2418,2418,1039,2025-04-10,18401.0,0.0,0,Paid
2419,2419,1020,,0,13028.0,263,Open
2420,2420,1062,,0,66738.0,276,Open
2421,2421,1061,2025-04-12,16042.0,0.0,0,Paid
2422,2422,1098,2025-04-28,72217.0,0.0,0,Paid
2423,2423,1042,2025-04-01,71480.0,0.0,0,Paid
2424,2424,1055,2025-04-04,93416.0,0.0,0,Paid
2425,2425,1004,2025-03-16,38400.0,0.0,0,Paid
2426,2426,1048,2025-03-31,25262.0,0.0,0,Paid
2427,2427,1010,2025-03-24,29024.0,0.0,0,Paid
2428,2428,1028,2025-04-16,21230.0,0.0,0,Paid
2429,2429,1040,2025-03-29,14565.0,0.0,0,Paid
2430,2430,1123,2025-04-04,52217.0,0.0,0,Paid
2431,2431,1104,2025-04-24,31013.0,0.0,0,Paid
2432,2432,1111,2025-04-10,43777.0,0.0,0,Paid
2433,2433,1088,2025-03-15,51582.0,0.0,0,Paid
2434,2434,1052,2025-05-08,31458.0,0.0,0,Paid
2435,2435,1104,2025-04-28,16191.0,0.0,0,Paid
2436,2436,1061,2025-04-09,81862.0,0.0,0,Paid
2437,2437,1055,2025-04-09,76427.0,0.0,0,Paid
2438,2438,1020,2025-05-17,51953.0,0.0,0,Paid
2439,2439,1079,2025-03-11,60903.0,0.0,0,Paid
2440,2440,1037,2025-05-08,49007.0,0.0,0,Paid
2441,2441,1048,2025-04-02,75907.0,0.0,0,Paid
2442,2442,1105,2025-03-08,17563.0,0.0,0,Paid
2443,2443,1039,2025-03-30,15610.0,0.0,0,Paid
2444,2444,1032,2025-04-11,54933.0,0.0,0,Paid
2445,2445,1019,2025-04-07,34686.0,0.0,0,Paid
2446,2446,1032,2025-04-15,47092.0,0.0,0,Paid
2447,2447,1106,2025-03-14,133686.0,0.0,0,Paid
2448,2448,1093,2025-03-26,42575.0,0.0,0,Paid
2449,2449,1093,2025-05-13,96229.0,0.0,0,Paid
2450,2450,1122,2025-04-22,64311.0,0.0,0,Paid
2451,2451,1011,2025-04-21,71379.0,0.0,0,Paid
2452,2452,1039,,0,81950.0,291,Open
2453,2453,1089,2025-04-10,50095.0,0.0,0,Paid
2454,2454,1096,2025-04-09,84204.0,0.0,0,Paid
2455,2455,1006,2025-03-25,22033.0,0.0,0,Paid
2456,2456,1003,2025-04-13,87563.0,0.0,0,Paid
2457,2457,1060,2025-04-10,121590.0,0.0,0,Paid
2458,2458,1042,2025-05-22,112902.0,0.0,0,Paid
2459,2459,1078,2025-03-25,29189.0,0.0,0,Paid
2460,2460,1120,,0,80188.0,261,Open
2461,2461,1106,2025-03-21,23729.0,0.0,0,Paid
2462,2462,1087,2025-04-06,29777.0,0.0,0,Paid
2463,2463,1074,2025-03-24,38180.0,0.0,0,Paid
2464,2464,1068,2025-03-29,58525.0,0.0,0,Paid
2465,2465,1087,2025-04-22,15129.0,0.0,0,Paid
2466,2466,1054,2025-04-05,15083.0,0.0,0,Paid
2467,2467,1072,2025-04-24,29851.0,0.0,0,Paid
2468,2468,1122,2025-04-10,109298.0,0.0,0,Paid
2469,2469,1015,2025-03-09,38864.0,0.0,0,Paid
2470,2470,1052,2025-04-21,21656.0,0.0,0,Paid
2471,2471,1116,2025-04-05,40230.0,0.0,0,Paid
2472,2472,1123,,12580.0,12509.0,292,Open
2473,2473,1069,2025-03-25,49868.0,0.0,0,Paid
2474,2474,1058,2025-04-09,49377.0,0.0,0,Paid
2475,2475,1001,2025-04-14,68708.0,0.0,0,Paid
2476,2476,1050,2025-03-27,26552.0,0.0,0,Paid
2477,2477,1025,2025-03-31,49437.0,0.0,0,Paid
2478,2478,1077,2025-03-18,34773.0,0.0,0,Paid
2479,2479,1079,2025-04-07,35640.0,0.0,0,Paid
2480,2480,1096,2025-03-16,34465.0,0.0,0,Paid
2481,2481,1066,2025-04-10,76841.0,0.0,0,Paid
2482,2482,1023,2025-04-11,115363.0,0.0,0,Paid
2483,2483,1017,2025-03-31,57534.0,0.0,0,Paid
2484,2484,1078,2025-04-02,56848.0,0.0,0,Paid
2485,2485,1060,,0,16206.0,292,Open
2486,2486,1021,2025-04-02,21352.0,0.0,0,Paid
2487,2487,1096,2025-04-06,56096.0,0.0,0,Paid
2488,2488,1010,2025-04-10,55201.0,0.0,0,Paid
2489,2489,1069,2025-04-18,206381.0,0.0,0,Paid
2490,2490,1062,2025-04-07,50090.0,0.0,0,Paid
2491,2491,1006,2025-04-17,47017.0,0.0,0,Paid
2492,2492,1084,2025-04-15,41413.0,0.0,0,Paid
2493,2493,1075,2025-04-07,51147.0,0.0,0,Paid
2494,2494,1053,2025-04-29,21290.0,0.0,0,Paid
2495,2495,1043,2025-04-13,19937.0,0.0,0,Paid
2496,2496,1063,2025-04-09,21296.0,0.0,0,Paid
2497,2497,1058,2025-04-02,67167.0,0.0,0,Paid
2498,2498,1098,2025-03-31,46999.0,0.0,0,Paid
2499,2499,1092,2025-04-14,32191.0,0.0,0,Paid
2500,2500,1082,2025-04-24,64717.0,0.0,0,Paid
2501,2501,1017,2025-04-04,47882.0,0.0,0,Paid
2502,2502,1082,2025-04-11,18058.0,0.0,0,Paid
2503,2503,1047,2025-03-13,60908.0,0.0,0,Paid
2504,2504,1052,,17642.0,49071.0,274,Open
2505,2505,1065,2025-04-06,60888.0,0.0,0,Paid
2506,2506,1063,2025-03-27,28010.0,0.0,0,Paid
2507,2507,1086,2025-03-28,82394.0,0.0,0,Paid
2508,2508,1029,2025-03-16,34274.0,0.0,0,Paid
2509,2509,1064,2025-04-19,33857.0,0.0,0,Paid
2510,2510,1108,2025-04-02,66431.0,0.0,0,Paid
2511,2511,1047,2025-04-29,80642.0,0.0,0,Paid
2512,2512,1043,,15793.0,27177.0,260,Open
2513,2513,1011,2025-04-29,24229.0,0.0,0,Paid
2514,2514,1032,2025-05-14,31471.0,0.0,0,Paid
2515,2515,1030,2025-03-27,50316.0,0.0,0,Paid
2516,2516,1078,2025-03-25,40026.0,0.0,0,Paid
2517,2517,1116,2025-04-14,15042.0,0.0,0,Paid
2518,2518,1030,2025-04-17,56660.0,0.0,0,Paid
2519,2519,1007,2025-03-30,58070.0,0.0,0,Paid
2520,2520,1015,2025-03-22,35042.0,0.0,0,Paid
2521,2521,1039,,0,30749.0,290,Open
2522,2522,1015,2025-04-01,40927.0,0.0,0,Paid
2523,2523,1097,,0,42282.0,290,Open
2524,2524,1077,2025-03-12,15882.0,0.0,0,Paid
2525,2525,1083,2025-04-17,32508.0,0.0,0,Paid
2526,2526,1036,2025-03-16,66899.0,0.0,0,Paid
2527,2527,1024,2025-04-05,49232.0,0.0,0,Paid
2528,2528,1061,2025-03-25,23560.0,0.0,0,Paid
2529,2529,1111,2025-03-27,23342.0,0.0,0,Paid
2530,2530,1024,2025-03-26,29552.0,0.0,0,Paid
2531,2531,1099,2025-04-03,14750.0,0.0,0,Paid
2532,2532,1079,2025-03-19,24916.0,0.0,0,Paid
2533,2533,1022,2025-04-06,52055.0,0.0,0,Paid
2534,2534,1084,2025-03-27,74944.0,0.0,0,Paid
2535,2535,1030,2025-04-02,45183.0,0.0,0,Paid
2536,2536,1043,2025-04-10,62726.0,0.0,0,Paid
2537,2537,1040,2025-03-26,72601.0,0.0,0,Paid
2538,2538,1124,,0,28833.0,274,Open
2539,2539,1059,2025-03-23,27928.0,0.0,0,Paid
2540,2540,1038,,0,22161.0,275,Open
2541,2541,1049,2025-03-26,41191.0,0.0,0,Paid
2542,2542,1110,2025-03-12,31872.0,0.0,0,Paid
2543,2543,1093,2025-04-06,18793.0,0.0,0,Paid
2544,2544,1085,,0,43773.0,288,Open
2545,2545,1032,2025-04-13,85256.0,0.0,0,Paid
2546,2546,1036,2025-04-16,35677.0,0.0,0,Paid
2547,2547,1061,2025-04-28,48870.0,0.0,0,Paid
2548,2548,1020,2025-03-23,47694.0,0.0,0,Paid
2549,2549,1072,,0,56788.0,289,Open
2550,2550,1068,2025-04-04,16302.0,0.0,0,Paid
2551,2551,1099,2025-05-18,114459.0,0.0,0,Paid
2552,2552,1116,2025-04-21,46355.0,0.0,0,Paid
2553,2553,1042,2025-03-28,149548.0,0.0,0,Paid
2554,2554,1033,2025-04-14,31495.0,0.0,0,Paid
2555,2555,1083,2025-04-22,84621.0,0.0,0,Paid
2556,2556,1117,2025-04-10,35362.0,0.0,0,Paid
2557,2557,1005,2025-03-29,67044.0,0.0,0,Paid
2558,2558,1043,2025-04-16,115015.0,0.0,0,Paid
2559,2559,1125,2025-03-21,72237.0,0.0,0,Paid
2560,2560,1074,2025-04-18,20439.0,0.0,0,Paid
2561,2561,1097,2025-04-11,61966.0,0.0,0,Paid
2562,2562,1095,2025-04-18,36917.0,0.0,0,Paid
2563,2563,1074,,0,14782.0,275,Open
2564,2564,1003,2025-03-31,30162.0,0.0,0,Paid
2565,2565,1050,2025-04-19,14579.0,0.0,0,Paid
2566,2566,1087,2025-05-09,14495.0,0.0,0,Paid
2567,2567,1026,2025-03-17,50484.0,0.0,0,Paid
2568,2568,1020,2025-03-28,46076.0,0.0,0,Paid
2569,2569,1013,2025-03-30,13849.0,0.0,0,Paid
2570,2570,1123,2025-04-11,32241.0,0.0,0,Paid
2571,2571,1085,2025-03-29,60383.0,0.0,0,Paid
2572,2572,1028,2025-04-11,15695.0,0.0,0,Paid
2573,2573,1121,2025-03-25,43639.0,0.0,0,Paid
2574,2574,1095,2025-03-18,45267.0,0.0,0,Paid
2575,2575,1026,2025-04-02,16216.0,0.0,0,Paid
2576,2576,1117,2025-04-10,36222.0,0.0,0,Paid
2577,2577,1027,2025-03-12,46900.0,0.0,0,Paid
2578,2578,1025,2025-04-25,31334.0,0.0,0,Paid
2579,2579,1062,2025-04-11,15741.0,0.0,0,Paid
2580,2580,1052,2025-04-08,17657.0,0.0,0,Paid
2581,2581,1040,2025-03-11,33787.0,0.0,0,Paid
2582,2582,1011,2025-04-04,79401.0,0.0,0,Paid
2583,2583,1094,2025-04-21,71498.0,0.0,0,Paid
2584,2584,1032,2025-04-27,17398.0,0.0,0,Paid
2585,2585,1005,2025-04-19,12512.0,0.0,0,Paid
2586,2586,1085,2025-05-24,36007.0,0.0,0,Paid
2587,2587,1067,2025-04-14,21298.0,0.0,0,Paid
2588,2588,1024,2025-04-13,81028.0,0.0,0,Paid
2589,2589,1052,2025-04-28,50536.0,0.0,0,Paid
2590,2590,1042,2025-04-14,68355.0,0.0,0,Paid
2591,2591,1019,2025-03-27,11238.0,0.0,0,Paid
2592,2592,1077,2025-05-10,23742.0,0.0,0,Paid
2593,2593,1054,2025-04-16,18531.0,0.0,0,Paid
2594,2594,1054,2025-04-11,26476.0,0.0,0,Paid
2595,2595,1040,2025-04-17,46434.0,0.0,0,Paid
2596,2596,1042,2025-04-22,46750.0,0.0,0,Paid
2597,2597,1096,,0,38362.0,273,Open
2598,2598,1066,2025-04-08,59130.0,0.0,0,Paid
2599,2599,1052,2025-03-15,50735.0,0.0,0,Paid
2600,2600,1033,2025-03-31,27012.0,0.0,0,Paid
2601,2601,1067,2025-04-03,45166.0,0.0,0,Paid
2602,2602,1116,2025-04-21,95327.0,0.0,0,Paid
2603,2603,1005,2025-04-12,21493.0,0.0,0,Paid
2604,2604,1102,2025-03-26,44623.0,0.0,0,Paid
2605,2605,1021,,6044.0,7225.0,274,Open
2606,2606,1110,2025-04-06,11657.0,0.0,0,Paid
2607,2607,1028,2025-03-13,23151.0,0.0,0,Paid
2608,2608,1096,2025-03-24,11017.0,0.0,0,Paid
2609,2609,1033,2025-03-30,35130.0,0.0,0,Paid
2610,2610,1059,2025-05-11,60540.0,0.0,0,Paid
2611,2611,1047,2025-04-15,57577.0,0.0,0,Paid
2612,2612,1013,2025-04-23,11892.0,0.0,0,Paid
2613,2613,1112,2025-03-23,25352.0,0.0,0,Paid
2614,2614,1121,2025-04-05,23832.0,0.0,0,Paid
2615,2615,1066,2025-05-19,37619.0,0.0,0,Paid
2616,2616,1003,,0,40946.0,272,Open
2617,2617,1068,2025-04-28,37285.0,0.0,0,Paid
2618,2618,1030,2025-04-18,52870.0,0.0,0,Paid
2619,2619,1082,2025-04-08,91684.0,0.0,0,Paid
2620,2620,1097,2025-04-20,41815.0,0.0,0,Paid
2621,2621,1007,2025-04-15,30983.0,0.0,0,Paid
2622,2622,1116,2025-04-22,95774.0,0.0,0,Paid
2623,2623,1039,2025-04-09,35226.0,0.0,0,Paid
2624,2624,1040,2025-04-13,14430.0,0.0,0,Paid
2625,2625,1018,2025-03-31,38103.0,0.0,0,Paid
2626,2626,1104,2025-04-05,39837.0,0.0,0,Paid
2627,2627,1076,2025-04-26,118244.0,0.0,0,Paid
2628,2628,1124,2025-04-20,41673.0,0.0,0,Paid
2629,2629,1087,2025-03-27,21836.0,0.0,0,Paid
2630,2630,1098,,0,20766.0,288,Open
2631,2631,1077,2025-03-13,19613.0,0.0,0,Paid
2632,2632,1016,2025-04-03,39470.0,0.0,0,Paid
2633,2633,1093,2025-04-29,39112.0,0.0,0,Paid
2634,2634,1049,2025-04-30,12340.0,0.0,0,Paid
2635,2635,1091,2025-04-19,28759.0,0.0,0,Paid
2636,2636,1029,2025-03-29,55111.0,0.0,0,Paid
2637,2637,1031,2025-03-12,20035.0,0.0,0,Paid
2638,2638,1124,2025-04-07,70552.0,0.0,0,Paid
2639,2639,1094,2025-03-15,38079.0,0.0,0,Paid
2640,2640,1046,2025-04-25,9896.0,0.0,0,Paid
2641,2641,1032,2025-04-10,12294.0,0.0,0,Paid
2642,2642,1106,2025-04-06,15721.0,0.0,0,Paid
2643,2643,1049,2025-04-29,48166.0,0.0,0,Paid
2644,2644,1108,2025-04-07,68123.0,0.0,0,Paid
2645,2645,1016,2025-04-14,161428.0,0.0,0,Paid
2646,2646,1105,2025-04-28,25026.0,0.0,0,Paid
2647,2647,1101,2025-04-26,35707.0,0.0,0,Paid
2648,2648,1104,,0,27729.0,272,Open
2649,2649,1004,2025-04-08,60239.0,0.0,0,Paid
2650,2650,1053,,0,11375.0,288,Open
2651,2651,1033,2025-03-30,95873.0,0.0,0,Paid
2652,2652,1101,2025-05-09,36594.0,0.0,0,Paid
2653,2653,1034,2025-03-25,21987.0,0.0,0,Paid
2654,2654,1095,2025-03-25,17964.0,0.0,0,Paid
2655,2655,1109,2025-04-06,11456.0,0.0,0,Paid
2656,2656,1124,2025-04-20,16118.0,0.0,0,Paid
2657,2657,1093,,12269.0,22007.0,271,Open
2658,2658,1026,2025-04-07,24098.0,0.0,0,Paid
2659,2659,1104,2025-05-08,32763.0,0.0,0,Paid
2660,2660,1025,,0,25632.0,272,Open
2661,2661,1072,2025-04-27,77757.0,0.0,0,Paid
2662,2662,1012,2025-03-25,25470.0,0.0,0,Paid
2663,2663,1052,2025-04-06,22202.0,0.0,0,Paid
2664,2664,1050,2025-04-21,23878.0,0.0,0,Paid
2665,2665,1114,2025-04-07,58455.0,0.0,0,Paid
2666,2666,1106,2025-04-18,62656.0,0.0,0,Paid
2667,2667,1036,2025-04-22,28571.0,0.0,0,Paid
2668,2668,1057,2025-04-09,11873.0,0.0,0,Paid
2669,2669,1032,2025-04-11,22815.0,0.0,0,Paid
2670,2670,1073,2025-04-27,98676.0,0.0,0,Paid
2671,2671,1116,2025-04-07,12213.0,0.0,0,Paid
2672,2672,1047,2025-05-06,74634.0,0.0,0,Paid
2673,2673,1041,,0,37494.0,287,Open
2674,2674,1042,2025-04-20,17117.0,0.0,0,Paid
2675,2675,1118,2025-05-01,119925.0,0.0,0,Paid
2676,2676,1041,2025-03-30,67659.0,0.0,0,Paid
2677,2677,1125,2025-04-15,31630.0,0.0,0,Paid
2678,2678,1074,2025-04-11,90481.0,0.0,0,Paid
2679,2679,1022,2025-03-15,62177.0,0.0,0,Paid
2680,2680,1115,,0,23017.0,271,Open
2681,2681,1093,2025-03-26,47444.0,0.0,0,Paid
2682,2682,1004,2025-04-08,11655.0,0.0,0,Paid
2683,2683,1028,2025-03-30,45434.0,0.0,0,Paid
2684,2684,1039,2025-04-02,17869.0,0.0,0,Paid
2685,2685,1070,2025-03-23,25461.0,0.0,0,Paid
2686,2686,1125,2025-04-24,51946.0,0.0,0,Paid
2687,2687,1079,2025-05-13,59555.0,0.0,0,Paid
2688,2688,1025,2025-04-06,28643.0,0.0,0,Paid
2689,2689,1084,2025-04-26,25206.0,0.0,0,Paid
2690,2690,1013,2025-04-15,83270.0,0.0,0,Paid
2691,2691,1090,2025-03-20,45750.0,0.0,0,Paid
2692,2692,1040,2025-04-05,41171.0,0.0,0,Paid
2693,2693,1052,2025-05-04,34752.0,0.0,0,Paid
2694,2694,1011,2025-04-26,24317.0,0.0,0,Paid
2695,2695,1072,2025-04-27,37897.0,0.0,0,Paid
2696,2696,1124,2025-05-03,22825.0,0.0,0,Paid
2697,2697,1073,2025-04-04,25562.0,0.0,0,Paid
2698,2698,1025,,35469.0,44021.0,269,Open
2699,2699,1088,2025-04-15,38118.0,0.0,0,Paid
2700,2700,1115,2025-04-12,52929.0,0.0,0,Paid
2701,2701,1057,2025-03-27,34170.0,0.0,0,Paid
2702,2702,1123,2025-03-19,13143.0,0.0,0,Paid
2703,2703,1088,2025-04-03,30220.0,0.0,0,Paid
2704,2704,1064,,0,25879.0,271,Open
2705,2705,1085,2025-04-19,11527.0,0.0,0,Paid
2706,2706,1015,2025-03-30,36904.0,0.0,0,Paid
2707,2707,1063,2025-04-04,11022.0,0.0,0,Paid
2708,2708,1104,2025-03-29,26271.0,0.0,0,Paid
2709,2709,1076,,39429.0,43329.0,254,Open
2710,2710,1074,2025-04-04,25827.0,0.0,0,Paid
2711,2711,1083,,0,35944.0,270,Open
2712,2712,1055,2025-04-07,13791.0,0.0,0,Paid
2713,2713,1063,2025-03-24,30314.0,0.0,0,Paid
2714,2714,1099,2025-03-25,23884.0,0.0,0,Paid
2715,2715,1107,2025-05-17,45866.0,0.0,0,Paid
2716,2716,1070,2025-05-10,40705.0,0.0,0,Paid
2717,2717,1004,2025-05-12,10541.0,0.0,0,Paid
2718,2718,1106,2025-04-20,13309.0,0.0,0,Paid
2719,2719,1109,2025-05-03,38735.0,0.0,0,Paid
2720,2720,1122,2025-04-12,24059.0,0.0,0,Paid
2721,2721,1092,2025-04-09,12551.0,0.0,0,Paid
2722,2722,1027,2025-04-25,14569.0,0.0,0,Paid
2723,2723,1116,2025-03-20,25068.0,0.0,0,Paid
2724,2724,1106,2025-04-06,42159.0,0.0,0,Paid
2725,2725,1020,2025-04-30,46232.0,0.0,0,Paid
2726,2726,1074,2025-04-05,11989.0,0.0,0,Paid
2727,2727,1121,2025-04-16,63371.0,0.0,0,Paid
2728,2728,1053,2025-04-07,67438.0,0.0,0,Paid
2729,2729,1100,2025-04-16,32617.0,0.0,0,Paid
2730,2730,1058,2025-04-18,32298.0,0.0,0,Paid
2731,2731,1015,2025-04-09,41975.0,0.0,0,Paid
2732,2732,1121,2025-04-12,54512.0,0.0,0,Paid
2733,2733,1089,2025-03-22,89766.0,0.0,0,Paid
2734,2734,1016,2025-05-03,24268.0,0.0,0,Paid
2735,2735,1012,2025-04-08,47971.0,0.0,0,Paid
2736,2736,1014,2025-04-26,39526.0,0.0,0,Paid
2737,2737,1011,2025-04-30,12503.0,0.0,0,Paid
2738,2738,1019,2025-03-17,52313.0,0.0,0,Paid
2739,2739,1099,,0,29688.0,253,Open
2740,2740,1122,2025-03-16,12964.0,0.0,0,Paid
2741,2741,1116,2025-05-06,56741.0,0.0,0,Paid
2742,2742,1038,2025-03-22,40884.0,0.0,0,Paid
2743,2743,1004,2025-04-14,18125.0,0.0,0,Paid
2744,2744,1068,2025-04-08,26622.0,0.0,0,Paid
2745,2745,1009,2025-04-14,11919.0,0.0,0,Paid
2746,2746,1022,2025-04-06,27135.0,0.0,0,Paid
2747,2747,1001,2025-04-27,18300.0,0.0,0,Paid
2748,2748,1099,2025-04-22,21519.0,0.0,0,Paid
2749,2749,1003,,0,84251.0,267,Open
2750,2750,1083,2025-04-14,68937.0,0.0,0,Paid
2751,2751,1063,2025-04-03,38748.0,0.0,0,Paid
2752,2752,1059,2025-03-27,18100.0,0.0,0,Paid
2753,2753,1037,2025-04-23,48034.0,0.0,0,Paid
2754,2754,1033,2025-04-10,15537.0,0.0,0,Paid
2755,2755,1059,2025-04-17,49052.0,0.0,0,Paid
2756,2756,1052,,15393.0,29229.0,267,Open
2757,2757,1059,2025-04-20,21440.0,0.0,0,Paid
2758,2758,1047,2025-04-02,41125.0,0.0,0,Paid
2759,2759,1092,2025-03-18,34550.0,0.0,0,Paid
2760,2760,1085,2025-04-16,13359.0,0.0,0,Paid
2761,2761,1048,2025-04-28,74519.0,0.0,0,Paid
2762,2762,1014,2025-03-22,16296.0,0.0,0,Paid
2763,2763,1053,2025-04-11,39876.0,0.0,0,Paid
2764,2764,1021,2025-04-12,12704.0,0.0,0,Paid
2765,2765,1027,2025-03-19,76391.0,0.0,0,Paid
2766,2766,1096,2025-04-18,35078.0,0.0,0,Paid
2767,2767,1020,2025-04-13,48483.0,0.0,0,Paid
2768,2768,1041,2025-04-03,30682.0,0.0,0,Paid
2769,2769,1081,2025-04-06,65433.0,0.0,0,Paid
2770,2770,1111,2025-04-03,69128.0,0.0,0,Paid
2771,2771,1120,2025-04-16,24912.0,0.0,0,Paid
2772,2772,1047,2025-04-12,27145.0,0.0,0,Paid
2773,2773,1058,2025-04-30,19825.0,0.0,0,Paid
2774,2774,1116,2025-05-21,40544.0,0.0,0,Paid
2775,2775,1117,2025-04-02,28689.0,0.0,0,Paid
2776,2776,1089,2025-04-02,14016.0,0.0,0,Paid
2777,2777,1122,2025-05-06,32433.0,0.0,0,Paid
2778,2778,1049,2025-04-02,24405.0,0.0,0,Paid
2779,2779,1105,2025-03-27,36599.0,0.0,0,Paid
2780,2780,1063,2025-05-27,26272.0,0.0,0,Paid
2781,2781,1011,2025-04-02,47581.0,0.0,0,Paid
2782,2782,1020,2025-04-06,21922.0,0.0,0,Paid
2783,2783,1026,,0,52097.0,281,Open
2784,2784,1078,2025-04-06,25667.0,0.0,0,Paid
2785,2785,1076,2025-04-04,47946.0,0.0,0,Paid
2786,2786,1067,2025-04-16,11426.0,0.0,0,Paid
2787,2787,1022,2025-04-28,26575.0,0.0,0,Paid
2788,2788,1006,,0,10701.0,254,Open
2789,2789,1085,2025-04-10,57338.0,0.0,0,Paid
2790,2790,1095,2025-03-28,27316.0,0.0,0,Paid
2791,2791,1061,2025-04-25,17069.0,0.0,0,Paid
2792,2792,1103,2025-04-11,12335.0,0.0,0,Paid
2793,2793,1091,2025-04-29,80657.0,0.0,0,Paid
2794,2794,1035,2025-05-06,41799.0,0.0,0,Paid
2795,2795,1104,2025-04-06,24895.0,0.0,0,Paid
2796,2796,1104,2025-04-02,20160.0,0.0,0,Paid
2797,2797,1031,2025-03-18,21380.0,0.0,0,Paid
2798,2798,1002,2025-05-06,127387.0,0.0,0,Paid
2799,2799,1124,2025-05-03,20638.0,0.0,0,Paid
2800,2800,1101,2025-04-08,49897.0,0.0,0,Paid
2801,2801,1119,2025-04-08,37864.0,0.0,0,Paid
2802,2802,1001,2025-04-18,14861.0,0.0,0,Paid
2803,2803,1081,2025-04-04,33049.0,0.0,0,Paid
2804,2804,1064,2025-04-08,35371.0,0.0,0,Paid
2805,2805,1008,2025-04-03,15949.0,0.0,0,Paid
2806,2806,1125,2025-04-16,20806.0,0.0,0,Paid
2807,2807,1090,2025-04-21,14766.0,0.0,0,Paid
2808,2808,1097,2025-03-23,16476.0,0.0,0,Paid
2809,2809,1065,2025-04-19,22894.0,0.0,0,Paid
2810,2810,1045,2025-04-14,16723.0,0.0,0,Paid
2811,2811,1097,2025-04-04,41706.0,0.0,0,Paid
2812,2812,1116,2025-03-27,11084.0,0.0,0,Paid
2813,2813,1092,2025-04-06,41374.0,0.0,0,Paid
2814,2814,1041,2025-04-06,62517.0,0.0,0,Paid
2815,2815,1009,2025-04-07,69704.0,0.0,0,Paid
2816,2816,1046,2025-04-19,52506.0,0.0,0,Paid
2817,2817,1096,2025-03-24,34751.0,0.0,0,Paid
2818,2818,1046,2025-04-27,24569.0,0.0,0,Paid
2819,2819,1052,2025-04-20,56637.0,0.0,0,Paid
2820,2820,1019,2025-04-06,38752.0,0.0,0,Paid
2821,2821,1049,2025-04-17,37015.0,0.0,0,Paid
2822,2822,1002,2025-05-03,49128.0,0.0,0,Paid
2823,2823,1028,2025-04-04,42639.0,0.0,0,Paid
2824,2824,1044,2025-04-21,25770.0,0.0,0,Paid
2825,2825,1036,2025-03-26,28865.0,0.0,0,Paid
2826,2826,1056,2025-03-23,22261.0,0.0,0,Paid
2827,2827,1014,2025-04-07,48993.0,0.0,0,Paid
2828,2828,1038,2025-04-05,12781.0,0.0,0,Paid
2829,2829,1123,2025-04-08,23705.0,0.0,0,Paid
2830,2830,1088,2025-04-16,12375.0,0.0,0,Paid
2831,2831,1048,2025-03-24,34824.0,0.0,0,Paid
2832,2832,1125,2025-04-05,123497.0,0.0,0,Paid
2833,2833,1089,2025-03-23,11743.0,0.0,0,Paid
2834,2834,1118,2025-04-13,53669.0,0.0,0,Paid
2835,2835,1090,2025-04-19,45749.0,0.0,0,Paid
2836,2836,1081,2025-04-10,14923.0,0.0,0,Paid
2837,2837,1032,2025-03-31,58690.0,0.0,0,Paid
2838,2838,1097,2025-04-11,32468.0,0.0,0,Paid
2839,2839,1060,2025-04-12,11504.0,0.0,0,Paid
2840,2840,1100,2025-04-21,76046.0,0.0,0,Paid
2841,2841,1047,2025-04-11,40173.0,0.0,0,Paid
2842,2842,1106,,0,27520.0,267,Open
2843,2843,1123,,0,36807.0,251,Open
2844,2844,1083,2025-04-14,51871.0,0.0,0,Paid
2845,2845,1038,2025-04-16,46991.0,0.0,0,Paid
2846,2846,1102,2025-04-22,54296.0,0.0,0,Paid
2847,2847,1039,2025-04-12,36296.0,0.0,0,Paid
2848,2848,1011,2025-05-03,12198.0,0.0,0,Paid
2849,2849,1058,2025-04-21,32479.0,0.0,0,Paid
2850,2850,1036,2025-04-08,38259.0,0.0,0,Paid
2851,2851,1037,2025-04-03,12337.0,0.0,0,Paid
2852,2852,1071,2025-04-03,14923.0,0.0,0,Paid
2853,2853,1049,2025-04-12,14440.0,0.0,0,Paid
2854,2854,1108,2025-04-26,33308.0,0.0,0,Paid
2855,2855,1097,2025-04-27,38154.0,0.0,0,Paid
2856,2856,1009,2025-05-16,66971.0,0.0,0,Paid
2857,2857,1021,2025-04-11,21584.0,0.0,0,Paid
2858,2858,1053,2025-04-06,28141.0,0.0,0,Paid
2859,2859,1008,2025-03-30,13298.0,0.0,0,Paid
2860,2860,1105,2025-04-16,38541.0,0.0,0,Paid
2861,2861,1112,2025-03-30,13546.0,0.0,0,Paid
2862,2862,1108,2025-04-08,13244.0,0.0,0,Paid
2863,2863,1098,2025-03-27,35912.0,0.0,0,Paid
2864,2864,1097,2025-04-18,12375.0,0.0,0,Paid
2865,2865,1092,2025-04-18,34162.0,0.0,0,Paid
2866,2866,1076,2025-03-30,38040.0,0.0,0,Paid
2867,2867,1113,2025-04-07,11115.0,0.0,0,Paid
2868,2868,1028,2025-03-28,51615.0,0.0,0,Paid
2869,2869,1048,2025-04-19,11686.0,0.0,0,Paid
2870,2870,1078,2025-04-16,18917.0,0.0,0,Paid
2871,2871,1058,2025-04-14,10315.0,0.0,0,Paid
2872,2872,1066,2025-04-20,24960.0,0.0,0,Paid
2873,2873,1120,2025-04-18,29652.0,0.0,0,Paid
2874,2874,1096,2025-04-11,22888.0,0.0,0,Paid
2875,2875,1060,2025-04-25,36351.0,0.0,0,Paid
2876,2876,1114,2025-03-31,24258.0,0.0,0,Paid
2877,2877,1111,2025-04-10,37802.0,0.0,0,Paid
2878,2878,1093,2025-05-09,23877.0,0.0,0,Paid
2879,2879,1072,2025-04-23,64365.0,0.0,0,Paid
2880,2880,1121,2025-04-27,54366.0,0.0,0,Paid
2881,2881,1110,2025-05-02,28111.0,0.0,0,Paid
2882,2882,1057,2025-03-26,10128.0,0.0,0,Paid
2883,2883,1025,2025-04-12,23914.0,0.0,0,Paid
2884,2884,1036,2025-04-30,68928.0,0.0,0,Paid
2885,2885,1034,2025-04-20,13490.0,0.0,0,Paid
2886,2886,1118,2025-04-24,48421.0,0.0,0,Paid
2887,2887,1120,2025-04-29,45284.0,0.0,0,Paid
2888,2888,1093,2025-04-04,24486.0,0.0,0,Paid
2889,2889,1090,2025-05-08,44087.0,0.0,0,Paid
2890,2890,1028,,0,16640.0,266,Open
2891,2891,1053,,10396.0,19598.0,264,Open
2892,2892,1085,2025-04-09,11536.0,0.0,0,Paid
2893,2893,1103,2025-04-26,36615.0,0.0,0,Paid
2894,2894,1025,2025-04-21,44511.0,0.0,0,Paid
2895,2895,1107,2025-04-07,20347.0,0.0,0,Paid
2896,2896,1102,2025-05-08,46105.0,0.0,0,Paid
2897,2897,1059,2025-04-06,31408.0,0.0,0,Paid
2898,2898,1070,,0,73441.0,264,Open
2899,2899,1023,2025-04-03,31542.0,0.0,0,Paid
2900,2900,1087,2025-04-09,34392.0,0.0,0,Paid
2901,2901,1047,2025-04-18,37896.0,0.0,0,Paid
2902,2902,1083,2025-05-01,26191.0,0.0,0,Paid
2903,2903,1022,2025-04-27,46538.0,0.0,0,Paid
2904,2904,1044,2025-04-15,26528.0,0.0,0,Paid
2905,2905,1103,2025-04-07,55098.0,0.0,0,Paid
2906,2906,1106,2025-04-20,96321.0,0.0,0,Paid
2907,2907,1006,2025-04-06,12465.0,0.0,0,Paid
2908,2908,1095,2025-04-04,26929.0,0.0,0,Paid
2909,2909,1015,2025-04-07,31420.0,0.0,0,Paid
2910,2910,1105,2025-04-18,42794.0,0.0,0,Paid
2911,2911,1089,2025-03-25,26280.0,0.0,0,Paid
2912,2912,1115,2025-04-17,15996.0,0.0,0,Paid
2913,2913,1125,2025-04-16,61762.0,0.0,0,Paid
2914,2914,1031,2025-04-10,21716.0,0.0,0,Paid
2915,2915,1082,2025-04-05,18514.0,0.0,0,Paid
2916,2916,1024,2025-05-26,41293.0,0.0,0,Paid
2917,2917,1058,2025-04-16,95269.0,0.0,0,Paid
2918,2918,1039,2025-04-21,46008.0,0.0,0,Paid
2919,2919,1080,2025-04-13,28318.0,0.0,0,Paid
2920,2920,1005,,0,40229.0,264,Open
2921,2921,1061,,0,34822.0,249,Open
2922,2922,1080,2025-04-02,58027.0,0.0,0,Paid
2923,2923,1004,2025-03-24,108742.0,0.0,0,Paid
2924,2924,1012,2025-04-09,61846.0,0.0,0,Paid
2925,2925,1119,2025-04-15,36995.0,0.0,0,Paid
2926,2926,1042,2025-04-06,22388.0,0.0,0,Paid
2927,2927,1028,2025-05-15,33312.0,0.0,0,Paid
2928,2928,1004,2025-04-23,16532.0,0.0,0,Paid
2929,2929,1060,2025-04-12,42071.0,0.0,0,Paid
2930,2930,1033,2025-04-02,20391.0,0.0,0,Paid
2931,2931,1116,2025-04-09,48287.0,0.0,0,Paid
2932,2932,1088,2025-04-18,49158.0,0.0,0,Paid
2933,2933,1063,2025-05-08,36489.0,0.0,0,Paid
2934,2934,1049,2025-04-24,26524.0,0.0,0,Paid
2935,2935,1088,2025-04-20,12148.0,0.0,0,Paid
2936,2936,1015,2025-04-14,41475.0,0.0,0,Paid
2937,2937,1122,,0,11249.0,265,Open
2938,2938,1091,2025-05-06,53962.0,0.0,0,Paid
2939,2939,1036,2025-04-23,52623.0,0.0,0,Paid
2940,2940,1012,2025-05-19,40471.0,0.0,0,Paid
2941,2941,1117,2025-04-13,46336.0,0.0,0,Paid
2942,2942,1012,,0,24988.0,264,Open
2943,2943,1034,2025-04-08,63216.0,0.0,0,Paid
2944,2944,1075,2025-04-02,65168.0,0.0,0,Paid
2945,2945,1090,,0,23423.0,263,Open
2946,2946,1002,2025-03-23,24391.0,0.0,0,Paid
2947,2947,1018,2025-05-24,44498.0,0.0,0,Paid
2948,2948,1028,2025-04-22,13313.0,0.0,0,Paid
2949,2949,1082,2025-04-06,28547.0,0.0,0,Paid
2950,2950,1086,2025-04-11,74734.0,0.0,0,Paid
2951,2951,1010,2025-04-22,29328.0,0.0,0,Paid
2952,2952,1108,2025-04-12,18479.0,0.0,0,Paid
2953,2953,1006,2025-04-24,70610.0,0.0,0,Paid
2954,2954,1086,2025-05-14,80703.0,0.0,0,Paid
2955,2955,1117,2025-04-17,36607.0,0.0,0,Paid
2956,2956,1114,2025-03-31,22383.0,0.0,0,Paid
2957,2957,1064,2025-04-18,47446.0,0.0,0,Paid
2958,2958,1009,2025-04-27,74692.0,0.0,0,Paid
2959,2959,1036,2025-04-14,49482.0,0.0,0,Paid
2960,2960,1118,2025-05-02,26185.0,0.0,0,Paid
2961,2961,1061,,14362.0,23576.0,262,Open
2962,2962,1089,2025-05-01,34128.0,0.0,0,Paid
2963,2963,1018,2025-03-26,35016.0,0.0,0,Paid
2964,2964,1044,2025-04-17,12222.0,0.0,0,Paid
2965,2965,1112,,0,34153.0,263,Open
2966,2966,1116,2025-04-09,19936.0,0.0,0,Paid
2967,2967,1043,2025-04-17,14095.0,0.0,0,Paid
2968,2968,1055,2025-04-28,37544.0,0.0,0,Paid
2969,2969,1089,2025-04-15,17573.0,0.0,0,Paid
2970,2970,1103,2025-04-26,37129.0,0.0,0,Paid
2971,2971,1093,2025-04-05,22340.0,0.0,0,Paid
2972,2972,1024,,16642.0,31235.0,277,Open
2973,2973,1051,2025-04-09,64241.0,0.0,0,Paid
2974,2974,1078,2025-04-25,15511.0,0.0,0,Paid
2975,2975,1071,2025-03-26,13341.0,0.0,0,Paid
2976,2976,1059,2025-05-04,29072.0,0.0,0,Paid
2977,2977,1066,2025-04-16,49977.0,0.0,0,Paid
2978,2978,1077,2025-04-16,15753.0,0.0,0,Paid
2979,2979,1018,2025-04-28,27912.0,0.0,0,Paid
2980,2980,1036,2025-04-17,26442.0,0.0,0,Paid
2981,2981,1013,2025-04-08,24635.0,0.0,0,Paid
2982,2982,1002,2025-05-10,87128.0,0.0,0,Paid
2983,2983,1037,,0,62677.0,244,Open
2984,2984,1071,2025-04-29,10487.0,0.0,0,Paid
2985,2985,1075,,0,11214.0,263,Open
2986,2986,1079,2025-04-04,11790.0,0.0,0,Paid
2987,2987,1079,2025-04-21,10577.0,0.0,0,Paid
2988,2988,1029,2025-04-07,25804.0,0.0,0,Paid
2989,2989,1118,2025-04-12,26821.0,0.0,0,Paid
2990,2990,1077,2025-04-09,11976.0,0.0,0,Paid
2991,2991,1109,2025-04-23,67768.0,0.0,0,Paid
2992,2992,1079,2025-05-28,37633.0,0.0,0,Paid
2993,2993,1056,2025-04-27,19521.0,0.0,0,Paid
2994,2994,1064,2025-04-09,73030.0,0.0,0,Paid
2995,2995,1010,2025-05-02,37477.0,0.0,0,Paid
2996,2996,1101,2025-05-12,57398.0,0.0,0,Paid
2997,2997,1116,,0,11317.0,262,Open
2998,2998,1004,2025-04-09,29051.0,0.0,0,Paid
2999,2999,1003,,0,42916.0,246,Open
3000,3000,1063,2025-04-05,14068.0,0.0,0,Paid
3001,3001,1035,2025-04-06,25311.0,0.0,0,Paid
3002,3002,1022,2025-05-20,68094.0,0.0,0,Paid
3003,3003,1005,2025-04-09,24804.0,0.0,0,Paid
3004,3004,1012,2025-05-14,51255.0,0.0,0,Paid
3005,3005,1068,2025-04-30,15669.0,0.0,0,Paid
3006,3006,1110,2025-04-19,51752.0,0.0,0,Paid
3007,3007,1009,2025-05-02,44139.0,0.0,0,Paid
3008,3008,1084,2025-04-08,12252.0,0.0,0,Paid
3009,3009,1061,,48329.0,69092.0,244,Open
3010,3010,1104,2025-04-09,88432.0,0.0,0,Paid
3011,3011,1101,2025-04-11,47522.0,0.0,0,Paid
3012,3012,1098,2025-04-21,10842.0,0.0,0,Paid
3013,3013,1042,2025-03-29,13737.0,0.0,0,Paid
3014,3014,1003,2025-05-12,91369.0,0.0,0,Paid
3015,3015,1109,2025-04-11,72792.0,0.0,0,Paid
3016,3016,1074,2025-04-01,49398.0,0.0,0,Paid
3017,3017,1021,2025-05-03,64704.0,0.0,0,Paid
3018,3018,1049,2025-04-25,48591.0,0.0,0,Paid
3019,3019,1071,2025-04-30,9867.0,0.0,0,Paid
3020,3020,1124,2025-04-09,36444.0,0.0,0,Paid
3021,3021,1052,2025-05-06,58507.0,0.0,0,Paid
3022,3022,1104,2025-04-18,35808.0,0.0,0,Paid
3023,3023,1108,2025-05-15,12071.0,0.0,0,Paid
3024,3024,1041,2025-04-28,25680.0,0.0,0,Paid
3025,3025,1100,2025-05-05,54618.0,0.0,0,Paid
3026,3026,1084,2025-04-21,17689.0,0.0,0,Paid
3027,3027,1116,2025-04-28,52934.0,0.0,0,Paid
3028,3028,1113,2025-04-20,24180.0,0.0,0,Paid
3029,3029,1032,2025-05-24,12440.0,0.0,0,Paid
3030,3030,1060,2025-03-29,89517.0,0.0,0,Paid
3031,3031,1010,2025-04-08,98719.0,0.0,0,Paid
3032,3032,1112,2025-04-19,32752.0,0.0,0,Paid
3033,3033,1040,2025-04-11,33508.0,0.0,0,Paid
3034,3034,1035,2025-03-25,27584.0,0.0,0,Paid
3035,3035,1048,2025-05-05,28631.0,0.0,0,Paid
3036,3036,1037,2025-04-24,22700.0,0.0,0,Paid
3037,3037,1114,2025-04-21,36825.0,0.0,0,Paid
3038,3038,1094,2025-04-21,26652.0,0.0,0,Paid
3039,3039,1020,,0,35430.0,260,Open
3040,3040,1035,2025-03-30,39608.0,0.0,0,Paid
3041,3041,1079,2025-04-12,40357.0,0.0,0,Paid
3042,3042,1025,2025-04-11,23865.0,0.0,0,Paid
3043,3043,1114,2025-04-09,16059.0,0.0,0,Paid
3044,3044,1009,2025-04-16,26190.0,0.0,0,Paid
3045,3045,1101,2025-04-21,11713.0,0.0,0,Paid
3046,3046,1011,2025-04-27,27077.0,0.0,0,Paid
3047,3047,1094,2025-05-01,50459.0,0.0,0,Paid
3048,3048,1114,2025-04-23,101845.0,0.0,0,Paid
3049,3049,1042,2025-03-27,78268.0,0.0,0,Paid
3050,3050,1104,2025-05-17,65752.0,0.0,0,Paid
3051,3051,1043,2025-04-17,83729.0,0.0,0,Paid
3052,3052,1052,2025-04-20,23286.0,0.0,0,Paid
3053,3053,1072,2025-04-26,24237.0,0.0,0,Paid
3054,3054,1032,2025-04-17,46974.0,0.0,0,Paid
3055,3055,1096,,0,11670.0,275,Open
3056,3056,1032,2025-04-26,24143.0,0.0,0,Paid
3057,3057,1114,2025-05-01,23595.0,0.0,0,Paid
3058,3058,1054,2025-04-10,22951.0,0.0,0,Paid
3059,3059,1113,2025-04-06,12079.0,0.0,0,Paid
3060,3060,1028,2025-04-03,106783.0,0.0,0,Paid
3061,3061,1021,2025-04-27,38397.0,0.0,0,Paid
3062,3062,1013,2025-04-12,31689.0,0.0,0,Paid
3063,3063,1012,2025-04-12,30529.0,0.0,0,Paid
3064,3064,1020,2025-04-07,77664.0,0.0,0,Paid
3065,3065,1047,2025-03-30,28899.0,0.0,0,Paid
3066,3066,1086,2025-05-10,92189.0,0.0,0,Paid
3067,3067,1075,2025-03-31,19234.0,0.0,0,Paid
3068,3068,1119,,3673.0,10151.0,275,Open
3069,3069,1076,2025-04-10,13787.0,0.0,0,Paid
3070,3070,1079,2025-05-03,40320.0,0.0,0,Paid
3071,3071,1090,2025-04-02,11277.0,0.0,0,Paid
3072,3072,1037,2025-04-16,38377.0,0.0,0,Paid
3073,3073,1046,,0,47838.0,272,Open
3074,3074,1105,2025-05-01,20763.0,0.0,0,Paid
3075,3075,1042,2025-05-11,71270.0,0.0,0,Paid
3076,3076,1113,2025-04-21,27562.0,0.0,0,Paid
3077,3077,1020,2025-04-12,11887.0,0.0,0,Paid
3078,3078,1062,2025-04-11,17019.0,0.0,0,Paid
3079,3079,1121,2025-05-19,12676.0,0.0,0,Paid
3080,3080,1084,,0,51776.0,272,Open
3081,3081,1009,2025-04-25,10293.0,0.0,0,Paid
3082,3082,1060,2025-04-17,31696.0,0.0,0,Paid
3083,3083,1042,2025-05-04,43243.0,0.0,0,Paid
3084,3084,1123,2025-04-28,37544.0,0.0,0,Paid
3085,3085,1001,2025-04-19,42620.0,0.0,0,Paid
3086,3086,1043,2025-04-14,30726.0,0.0,0,Paid
3087,3087,1078,2025-04-08,50903.0,0.0,0,Paid
3088,3088,1002,2025-04-26,17697.0,0.0,0,Paid
3089,3089,1048,2025-04-18,54890.0,0.0,0,Paid
3090,3090,1019,2025-04-18,13814.0,0.0,0,Paid
3091,3091,1065,2025-05-12,34309.0,0.0,0,Paid
3092,3092,1026,2025-05-07,23104.0,0.0,0,Paid
3093,3093,1059,2025-04-19,43621.0,0.0,0,Paid
3094,3094,1037,2025-04-17,53708.0,0.0,0,Paid
3095,3095,1102,,0,24760.0,273,Open
3096,3096,1074,2025-05-03,33684.0,0.0,0,Paid
3097,3097,1058,2025-04-01,11568.0,0.0,0,Paid
3098,3098,1075,2025-04-24,49649.0,0.0,0,Paid
3099,3099,1006,2025-03-28,10109.0,0.0,0,Paid
3100,3100,1010,2025-04-19,12908.0,0.0,0,Paid
3101,3101,1065,2025-05-01,29618.0,0.0,0,Paid
3102,3102,1101,2025-05-10,76052.0,0.0,0,Paid
3103,3103,1085,2025-04-21,23646.0,0.0,0,Paid
3104,3104,1119,2025-04-14,48319.0,0.0,0,Paid
3105,3105,1088,2025-05-17,51341.0,0.0,0,Paid
3106,3106,1062,2025-05-11,12484.0,0.0,0,Paid
3107,3107,1086,2025-05-03,11101.0,0.0,0,Paid
3108,3108,1094,2025-05-08,12423.0,0.0,0,Paid
3109,3109,1071,2025-05-03,11116.0,0.0,0,Paid
3110,3110,1016,2025-04-27,19062.0,0.0,0,Paid
3111,3111,1121,2025-04-27,24621.0,0.0,0,Paid
3112,3112,1044,2025-05-15,11215.0,0.0,0,Paid
3113,3113,1086,2025-04-15,32849.0,0.0,0,Paid
3114,3114,1012,2025-05-08,58110.0,0.0,0,Paid
3115,3115,1117,2025-05-06,28813.0,0.0,0,Paid
3116,3116,1012,2025-04-12,65288.0,0.0,0,Paid
3117,3117,1025,2025-05-07,20753.0,0.0,0,Paid
3118,3118,1004,2025-04-15,46039.0,0.0,0,Paid
3119,3119,1104,2025-04-29,27054.0,0.0,0,Paid
3120,3120,1062,2025-05-02,12997.0,0.0,0,Paid
3121,3121,1085,2025-04-24,104406.0,0.0,0,Paid
3122,3122,1059,2025-05-02,67988.0,0.0,0,Paid
3123,3123,1001,2025-05-06,29059.0,0.0,0,Paid
3124,3124,1048,2025-04-25,17070.0,0.0,0,Paid
3125,3125,1011,2025-04-25,40648.0,0.0,0,Paid
3126,3126,1099,2025-04-16,12838.0,0.0,0,Paid
3127,3127,1044,2025-03-31,12812.0,0.0,0,Paid
3128,3128,1082,2025-04-18,37434.0,0.0,0,Paid
3129,3129,1008,2025-04-14,12608.0,0.0,0,Paid
3130,3130,1090,2025-05-13,83676.0,0.0,0,Paid
3131,3131,1010,2025-04-18,24311.0,0.0,0,Paid
3132,3132,1095,2025-04-13,53776.0,0.0,0,Paid
3133,3133,1112,2025-04-12,12786.0,0.0,0,Paid
3134,3134,1013,2025-04-15,28666.0,0.0,0,Paid
3135,3135,1024,,0,12883.0,272,Open
3136,3136,1098,2025-04-19,37256.0,0.0,0,Paid
3137,3137,1104,2025-04-27,38477.0,0.0,0,Paid
3138,3138,1085,2025-04-27,57941.0,0.0,0,Paid
3139,3139,1006,2025-04-20,49770.0,0.0,0,Paid
3140,3140,1018,2025-04-17,48034.0,0.0,0,Paid
3141,3141,1014,2025-05-14,51494.0,0.0,0,Paid
3142,3142,1021,2025-05-24,25766.0,0.0,0,Paid
3143,3143,1011,2025-05-15,35927.0,0.0,0,Paid
3144,3144,1104,2025-04-28,13146.0,0.0,0,Paid
3145,3145,1022,2025-04-26,11038.0,0.0,0,Paid
3146,3146,1088,2025-05-23,53433.0,0.0,0,Paid
3147,3147,1100,2025-04-18,19706.0,0.0,0,Paid
3148,3148,1050,2025-05-18,54352.0,0.0,0,Paid
3149,3149,1052,2025-04-01,25480.0,0.0,0,Paid
3150,3150,1114,2025-04-26,48716.0,0.0,0,Paid
3151,3151,1064,2025-04-26,27520.0,0.0,0,Paid
3152,3152,1074,2025-04-20,12413.0,0.0,0,Paid
3153,3153,1086,2025-05-09,23362.0,0.0,0,Paid
3154,3154,1010,2025-04-23,37112.0,0.0,0,Paid
3155,3155,1123,2025-05-07,17415.0,0.0,0,Paid
3156,3156,1053,2025-05-03,13882.0,0.0,0,Paid
3157,3157,1093,2025-05-04,14029.0,0.0,0,Paid
3158,3158,1067,2025-05-03,19475.0,0.0,0,Paid
3159,3159,1082,2025-04-25,37698.0,0.0,0,Paid
3160,3160,1032,2025-04-14,23530.0,0.0,0,Paid
3161,3161,1033,2025-04-16,54490.0,0.0,0,Paid
3162,3162,1059,2025-04-27,24748.0,0.0,0,Paid
3163,3163,1037,2025-05-13,16451.0,0.0,0,Paid
3164,3164,1068,2025-05-03,13583.0,0.0,0,Paid
3165,3165,1029,2025-05-21,26995.0,0.0,0,Paid
3166,3166,1021,2025-04-05,36224.0,0.0,0,Paid
3167,3167,1050,2025-05-22,38691.0,0.0,0,Paid
3168,3168,1120,2025-04-30,39930.0,0.0,0,Paid
3169,3169,1111,2025-05-05,11265.0,0.0,0,Paid
3170,3170,1003,2025-04-20,51659.0,0.0,0,Paid
3171,3171,1032,2025-05-03,64998.0,0.0,0,Paid
3172,3172,1079,2025-04-06,57206.0,0.0,0,Paid
3173,3173,1001,2025-04-24,58011.0,0.0,0,Paid
3174,3174,1099,2025-04-23,11384.0,0.0,0,Paid
3175,3175,1040,2025-05-07,34093.0,0.0,0,Paid
3176,3176,1035,,0,36601.0,270,Open
3177,3177,1046,2025-04-20,40327.0,0.0,0,Paid
3178,3178,1032,2025-04-05,25067.0,0.0,0,Paid
3179,3179,1064,2025-04-21,47689.0,0.0,0,Paid
3180,3180,1010,2025-05-11,54940.0,0.0,0,Paid
3181,3181,1053,2025-06-05,47948.0,0.0,0,Paid
3182,3182,1125,2025-04-24,53529.0,0.0,0,Paid
3183,3183,1005,2025-04-16,49242.0,0.0,0,Paid
3184,3184,1036,2025-05-18,55281.0,0.0,0,Paid
3185,3185,1079,2025-06-14,86843.0,0.0,0,Paid
3186,3186,1069,2025-04-01,44236.0,0.0,0,Paid
3187,3187,1022,2025-04-30,66345.0,0.0,0,Paid
3188,3188,1108,2025-04-17,58098.0,0.0,0,Paid
3189,3189,1065,2025-05-07,95723.0,0.0,0,Paid
3190,3190,1055,2025-04-25,68154.0,0.0,0,Paid
3191,3191,1095,2025-05-02,69419.0,0.0,0,Paid
3192,3192,1036,2025-05-26,22405.0,0.0,0,Paid
3193,3193,1106,2025-05-03,41022.0,0.0,0,Paid
3194,3194,1085,2025-04-01,13748.0,0.0,0,Paid
3195,3195,1047,2025-04-29,24421.0,0.0,0,Paid
3196,3196,1088,,14424.0,43111.0,238,Open
3197,3197,1022,,0,40710.0,254,Open
3198,3198,1115,2025-05-08,23727.0,0.0,0,Paid
3199,3199,1056,2025-05-18,11952.0,0.0,0,Paid
3200,3200,1067,2025-04-21,37263.0,0.0,0,Paid
3201,3201,1124,2025-05-05,54839.0,0.0,0,Paid
3202,3202,1069,2025-06-02,143514.0,0.0,0,Paid
3203,3203,1023,2025-04-25,20106.0,0.0,0,Paid
3204,3204,1094,2025-05-11,49382.0,0.0,0,Paid
3205,3205,1038,2025-06-03,91199.0,0.0,0,Paid
3206,3206,1089,2025-04-09,24431.0,0.0,0,Paid
3207,3207,1069,,0,13239.0,255,Open
3208,3208,1095,2025-04-19,24578.0,0.0,0,Paid
3209,3209,1113,2025-04-29,29206.0,0.0,0,Paid
3210,3210,1114,,2972.0,7894.0,240,Open
3211,3211,1068,2025-04-06,24270.0,0.0,0,Paid
3212,3212,1055,,0,19376.0,255,Open
3213,3213,1102,2025-04-21,56322.0,0.0,0,Paid
3214,3214,1093,2025-05-14,23461.0,0.0,0,Paid
3215,3215,1059,2025-04-24,19051.0,0.0,0,Paid
3216,3216,1100,2025-04-18,15401.0,0.0,0,Paid
3217,3217,1104,2025-04-17,37233.0,0.0,0,Paid
3218,3218,1011,2025-04-24,17301.0,0.0,0,Paid
3219,3219,1013,2025-04-25,12088.0,0.0,0,Paid
3220,3220,1124,2025-05-23,58278.0,0.0,0,Paid
3221,3221,1041,,0,59100.0,253,Open
3222,3222,1034,2025-05-01,11305.0,0.0,0,Paid
3223,3223,1086,2025-05-04,20097.0,0.0,0,Paid
3224,3224,1023,,0,36022.0,254,Open
3225,3225,1006,2025-05-03,29911.0,0.0,0,Paid
3226,3226,1007,2025-05-10,25074.0,0.0,0,Paid
3227,3227,1045,2025-04-20,11806.0,0.0,0,Paid
3228,3228,1049,2025-04-30,18852.0,0.0,0,Paid
3229,3229,1035,2025-05-15,17720.0,0.0,0,Paid
3230,3230,1022,2025-04-17,102675.0,0.0,0,Paid
3231,3231,1092,2025-04-26,61746.0,0.0,0,Paid
3232,3232,1079,2025-06-02,13040.0,0.0,0,Paid
3233,3233,1082,,0,36206.0,253,Open
3234,3234,1017,2025-04-04,93986.0,0.0,0,Paid
3235,3235,1107,2025-04-16,13984.0,0.0,0,Paid
3236,3236,1095,2025-04-19,76544.0,0.0,0,Paid
3237,3237,1122,2025-04-17,26506.0,0.0,0,Paid
3238,3238,1025,2025-04-18,50387.0,0.0,0,Paid
3239,3239,1020,2025-04-18,35910.0,0.0,0,Paid
3240,3240,1087,2025-05-07,17288.0,0.0,0,Paid
3241,3241,1053,2025-04-30,11588.0,0.0,0,Paid
3242,3242,1097,2025-04-21,11912.0,0.0,0,Paid
3243,3243,1040,2025-04-29,30960.0,0.0,0,Paid
3244,3244,1006,2025-05-15,22724.0,0.0,0,Paid
3245,3245,1097,2025-04-27,31487.0,0.0,0,Paid
3246,3246,1024,2025-04-20,11756.0,0.0,0,Paid
3247,3247,1038,2025-04-09,10715.0,0.0,0,Paid
3248,3248,1086,2025-06-05,55053.0,0.0,0,Paid
3249,3249,1074,2025-04-25,22545.0,0.0,0,Paid
3250,3250,1003,2025-04-09,55289.0,0.0,0,Paid
3251,3251,1023,2025-05-28,77435.0,0.0,0,Paid
3252,3252,1018,2025-04-27,32956.0,0.0,0,Paid
3253,3253,1088,2025-04-21,33150.0,0.0,0,Paid
3254,3254,1027,2025-04-20,81067.0,0.0,0,Paid
3255,3255,1033,2025-05-02,21777.0,0.0,0,Paid
3256,3256,1094,2025-04-27,74722.0,0.0,0,Paid
3257,3257,1068,2025-04-20,13724.0,0.0,0,Paid
3258,3258,1007,2025-05-13,48243.0,0.0,0,Paid
3259,3259,1028,2025-05-05,16755.0,0.0,0,Paid
3260,3260,1006,2025-05-12,21379.0,0.0,0,Paid
3261,3261,1079,2025-04-29,108488.0,0.0,0,Paid
3262,3262,1050,2025-04-09,32687.0,0.0,0,Paid
3263,3263,1068,,0,68444.0,250,Open
3264,3264,1106,2025-04-29,22537.0,0.0,0,Paid
3265,3265,1071,2025-05-17,35491.0,0.0,0,Paid
3266,3266,1032,,0,24748.0,268,Open
3267,3267,1106,2025-04-08,14443.0,0.0,0,Paid
3268,3268,1054,2025-04-04,23512.0,0.0,0,Paid
3269,3269,1045,2025-05-03,97697.0,0.0,0,Paid
3270,3270,1010,,0,13833.0,254,Open
3271,3271,1038,2025-04-24,117396.0,0.0,0,Paid
3272,3272,1097,2025-05-18,26790.0,0.0,0,Paid
3273,3273,1021,2025-04-25,24384.0,0.0,0,Paid
3274,3274,1043,2025-05-25,54945.0,0.0,0,Paid
3275,3275,1005,2025-04-11,12636.0,0.0,0,Paid
3276,3276,1096,2025-04-26,66848.0,0.0,0,Paid
3277,3277,1102,2025-04-25,23951.0,0.0,0,Paid
3278,3278,1006,2025-04-19,23143.0,0.0,0,Paid
3279,3279,1055,2025-04-28,19315.0,0.0,0,Paid
3280,3280,1067,2025-05-09,30828.0,0.0,0,Paid
3281,3281,1078,2025-05-05,54951.0,0.0,0,Paid
3282,3282,1042,2025-04-20,51774.0,0.0,0,Paid
3283,3283,1099,2025-05-08,26080.0,0.0,0,Paid
3284,3284,1024,2025-06-21,50898.0,0.0,0,Paid
3285,3285,1063,2025-05-03,10674.0,0.0,0,Paid
3286,3286,1107,2025-04-03,19045.0,0.0,0,Paid
3287,3287,1031,2025-05-13,29766.0,0.0,0,Paid
3288,3288,1044,2025-04-03,26631.0,0.0,0,Paid
3289,3289,1071,2025-04-09,23165.0,0.0,0,Paid
3290,3290,1079,,0,34460.0,267,Open
3291,3291,1058,2025-04-22,21282.0,0.0,0,Paid
3292,3292,1075,2025-04-02,15736.0,0.0,0,Paid
3293,3293,1024,2025-05-08,58724.0,0.0,0,Paid
3294,3294,1052,,0,67713.0,251,Open
3295,3295,1081,2025-05-02,56832.0,0.0,0,Paid
3296,3296,1107,2025-04-19,24600.0,0.0,0,Paid
3297,3297,1094,2025-05-05,30040.0,0.0,0,Paid
3298,3298,1019,2025-06-08,54152.0,0.0,0,Paid
3299,3299,1122,2025-04-19,40230.0,0.0,0,Paid
3300,3300,1114,2025-05-01,18987.0,0.0,0,Paid
3301,3301,1025,,0,26121.0,267,Open
3302,3302,1029,2025-04-30,98530.0,0.0,0,Paid
3303,3303,1052,2025-04-18,10928.0,0.0,0,Paid
3304,3304,1072,2025-04-12,20837.0,0.0,0,Paid
3305,3305,1004,2025-04-29,25089.0,0.0,0,Paid
3306,3306,1072,2025-04-26,16537.0,0.0,0,Paid
3307,3307,1078,2025-05-02,73600.0,0.0,0,Paid
3308,3308,1067,2025-04-28,74509.0,0.0,0,Paid
3309,3309,1106,2025-04-25,57068.0,0.0,0,Paid
3310,3310,1085,2025-05-22,9272.0,0.0,0,Paid
3311,3311,1071,2025-04-21,11215.0,0.0,0,Paid
3312,3312,1098,2025-05-31,84763.0,0.0,0,Paid
3313,3313,1049,2025-05-01,34945.0,0.0,0,Paid
3314,3314,1119,2025-05-11,22548.0,0.0,0,Paid
3315,3315,1088,2025-04-03,29240.0,0.0,0,Paid
3316,3316,1041,2025-04-26,83909.0,0.0,0,Paid
3317,3317,1035,2025-05-02,98420.0,0.0,0,Paid
3318,3318,1099,2025-04-04,11869.0,0.0,0,Paid
3319,3319,1123,2025-04-19,25284.0,0.0,0,Paid
3320,3320,1086,2025-05-21,38226.0,0.0,0,Paid
3321,3321,1008,2025-04-08,54702.0,0.0,0,Paid
3322,3322,1026,2025-04-30,56653.0,0.0,0,Paid
3323,3323,1110,2025-04-22,33980.0,0.0,0,Paid
3324,3324,1011,2025-04-22,59949.0,0.0,0,Paid
3325,3325,1042,,0,27584.0,250,Open
3326,3326,1075,2025-04-20,24380.0,0.0,0,Paid
3327,3327,1007,2025-04-20,44061.0,0.0,0,Paid
3328,3328,1057,2025-05-12,21299.0,0.0,0,Paid
3329,3329,1121,2025-04-25,32857.0,0.0,0,Paid
3330,3330,1077,2025-05-22,14395.0,0.0,0,Paid
3331,3331,1096,2025-04-09,10324.0,0.0,0,Paid
3332,3332,1021,,0,86127.0,249,Open
3333,3333,1100,2025-05-04,62063.0,0.0,0,Paid
3334,3334,1025,2025-04-09,22971.0,0.0,0,Paid
3335,3335,1017,2025-04-24,26808.0,0.0,0,Paid
3336,3336,1124,2025-04-11,23054.0,0.0,0,Paid
3337,3337,1060,2025-04-05,26009.0,0.0,0,Paid
3338,3338,1078,2025-05-06,41083.0,0.0,0,Paid
3339,3339,1055,2025-05-24,24447.0,0.0,0,Paid
3340,3340,1074,2025-06-03,27867.0,0.0,0,Paid
3341,3341,1058,2025-04-20,48846.0,0.0,0,Paid
3342,3342,1124,,10635.0,25144.0,249,Open
3343,3343,1111,2025-05-04,27057.0,0.0,0,Paid
3344,3344,1007,,0,25816.0,250,Open
3345,3345,1014,2025-04-05,13053.0,0.0,0,Paid
3346,3346,1064,2025-05-21,26412.0,0.0,0,Paid
3347,3347,1002,,0,16960.0,266,Open
3348,3348,1106,2025-05-04,67242.0,0.0,0,Paid
3349,3349,1120,2025-05-05,23419.0,0.0,0,Paid
3350,3350,1094,2025-06-05,25861.0,0.0,0,Paid
3351,3351,1111,2025-04-27,35919.0,0.0,0,Paid
3352,3352,1023,2025-05-02,129968.0,0.0,0,Paid
3353,3353,1044,2025-04-23,79008.0,0.0,0,Paid
3354,3354,1076,2025-06-06,43489.0,0.0,0,Paid
3355,3355,1119,2025-05-03,38216.0,0.0,0,Paid
3356,3356,1031,2025-05-02,37988.0,0.0,0,Paid
3357,3357,1111,2025-04-20,52152.0,0.0,0,Paid
3358,3358,1108,2025-04-26,64370.0,0.0,0,Paid
3359,3359,1087,2025-04-19,13262.0,0.0,0,Paid
3360,3360,1043,2025-05-10,65824.0,0.0,0,Paid
3361,3361,1034,2025-04-28,38835.0,0.0,0,Paid
3362,3362,1010,2025-05-02,11809.0,0.0,0,Paid
3363,3363,1125,2025-04-23,23051.0,0.0,0,Paid
3364,3364,1035,2025-04-23,19611.0,0.0,0,Paid
3365,3365,1101,2025-05-14,22648.0,0.0,0,Paid
3366,3366,1043,2025-05-02,18187.0,0.0,0,Paid
3367,3367,1030,2025-04-24,157521.0,0.0,0,Paid
3368,3368,1065,2025-05-10,31229.0,0.0,0,Paid
3369,3369,1078,2025-05-19,41438.0,0.0,0,Paid
3370,3370,1037,2025-06-02,37039.0,0.0,0,Paid
3371,3371,1005,2025-05-15,28917.0,0.0,0,Paid
3372,3372,1023,2025-04-26,35028.0,0.0,0,Paid
3373,3373,1125,,0,23899.0,249,Open
3374,3374,1036,2025-04-30,18341.0,0.0,0,Paid
3375,3375,1060,2025-05-04,11004.0,0.0,0,Paid
3376,3376,1020,2025-04-13,31057.0,0.0,0,Paid
3377,3377,1108,2025-05-23,40913.0,0.0,0,Paid
3378,3378,1064,2025-04-28,32991.0,0.0,0,Paid
3379,3379,1052,,0,21608.0,250,Open
3380,3380,1048,2025-05-06,53285.0,0.0,0,Paid
3381,3381,1050,2025-04-23,13116.0,0.0,0,Paid
3382,3382,1073,2025-05-07,23486.0,0.0,0,Paid
3383,3383,1096,2025-04-24,40768.0,0.0,0,Paid
3384,3384,1120,2025-04-24,26362.0,0.0,0,Paid
3385,3385,1079,2025-04-21,36344.0,0.0,0,Paid
3386,3386,1018,2025-05-07,25106.0,0.0,0,Paid
3387,3387,1029,2025-05-07,52561.0,0.0,0,Paid
3388,3388,1119,,0,21248.0,265,Open
3389,3389,1118,2025-04-16,18534.0,0.0,0,Paid
3390,3390,1120,2025-05-07,29224.0,0.0,0,Paid
3391,3391,1052,,0,72427.0,247,Open
3392,3392,1044,2025-04-22,24297.0,0.0,0,Paid
3393,3393,1065,2025-05-28,61294.0,0.0,0,Paid
3394,3394,1004,2025-04-28,45159.0,0.0,0,Paid
3395,3395,1042,2025-05-01,44114.0,0.0,0,Paid
3396,3396,1088,2025-05-18,13610.0,0.0,0,Paid
3397,3397,1113,2025-05-28,13084.0,0.0,0,Paid
3398,3398,1062,2025-04-23,39440.0,0.0,0,Paid
3399,3399,1107,2025-05-22,18827.0,0.0,0,Paid
3400,3400,1027,,0,41864.0,248,Open
3401,3401,1014,2025-05-20,12453.0,0.0,0,Paid
3402,3402,1114,2025-05-26,12354.0,0.0,0,Paid
3403,3403,1122,,0,23249.0,233,Open
3404,3404,1123,2025-04-30,16707.0,0.0,0,Paid
3405,3405,1111,2025-05-13,80234.0,0.0,0,Paid
3406,3406,1046,2025-05-06,16426.0,0.0,0,Paid
3407,3407,1016,2025-04-23,25969.0,0.0,0,Paid
3408,3408,1097,2025-04-22,32274.0,0.0,0,Paid
3409,3409,1109,2025-05-14,11953.0,0.0,0,Paid
3410,3410,1120,2025-05-11,30888.0,0.0,0,Paid
3411,3411,1055,2025-04-13,42158.0,0.0,0,Paid
3412,3412,1097,2025-04-28,57556.0,0.0,0,Paid
3413,3413,1022,2025-05-11,24196.0,0.0,0,Paid
3414,3414,1036,2025-05-20,40901.0,0.0,0,Paid
3415,3415,1124,2025-05-19,17215.0,0.0,0,Paid
3416,3416,1065,2025-05-08,53057.0,0.0,0,Paid
3417,3417,1124,2025-04-27,62346.0,0.0,0,Paid
3418,3418,1001,2025-04-27,45141.0,0.0,0,Paid
3419,3419,1048,2025-04-21,26786.0,0.0,0,Paid
3420,3420,1083,2025-04-08,34175.0,0.0,0,Paid
3421,3421,1103,2025-05-15,93302.0,0.0,0,Paid
3422,3422,1067,2025-05-24,12418.0,0.0,0,Paid
3423,3423,1024,,14037.0,13788.0,248,Open
3424,3424,1050,2025-04-10,15720.0,0.0,0,Paid
3425,3425,1064,2025-05-31,95948.0,0.0,0,Paid
3426,3426,1101,2025-05-11,66572.0,0.0,0,Paid
3427,3427,1020,2025-04-30,50710.0,0.0,0,Paid
3428,3428,1118,2025-05-10,20917.0,0.0,0,Paid
3429,3429,1068,2025-04-21,12813.0,0.0,0,Paid
3430,3430,1018,2025-05-20,38239.0,0.0,0,Paid
3431,3431,1019,2025-05-06,11772.0,0.0,0,Paid
3432,3432,1095,2025-05-03,51853.0,0.0,0,Paid
3433,3433,1034,2025-04-14,11420.0,0.0,0,Paid
3434,3434,1099,2025-04-06,15792.0,0.0,0,Paid
3435,3435,1059,2025-05-15,25240.0,0.0,0,Paid
3436,3436,1125,2025-04-28,11231.0,0.0,0,Paid
3437,3437,1049,2025-04-30,24966.0,0.0,0,Paid
3438,3438,1105,2025-04-27,27061.0,0.0,0,Paid
3439,3439,1094,2025-04-10,98454.0,0.0,0,Paid
3440,3440,1092,2025-05-03,11848.0,0.0,0,Paid
3441,3441,1026,2025-05-14,13504.0,0.0,0,Paid
3442,3442,1073,2025-04-09,42222.0,0.0,0,Paid
3443,3443,1023,2025-05-08,87366.0,0.0,0,Paid
3444,3444,1028,2025-05-12,55437.0,0.0,0,Paid
3445,3445,1085,2025-06-03,77343.0,0.0,0,Paid
3446,3446,1071,2025-05-01,19406.0,0.0,0,Paid
3447,3447,1032,2025-05-09,18416.0,0.0,0,Paid
3448,3448,1041,2025-04-30,103138.0,0.0,0,Paid
3449,3449,1095,2025-05-18,16555.0,0.0,0,Paid
3450,3450,1051,2025-05-02,37404.0,0.0,0,Paid
3451,3451,1104,,0,48999.0,245,Open
3452,3452,1015,2025-05-05,56745.0,0.0,0,Paid
3453,3453,1024,2025-04-23,26847.0,0.0,0,Paid
3454,3454,1043,2025-05-12,34962.0,0.0,0,Paid
3455,3455,1015,2025-05-25,47661.0,0.0,0,Paid
3456,3456,1018,2025-04-11,39674.0,0.0,0,Paid
3457,3457,1104,,0,36193.0,232,Open
3458,3458,1047,2025-05-15,95605.0,0.0,0,Paid
3459,3459,1114,2025-05-21,34815.0,0.0,0,Paid
3460,3460,1104,2025-05-23,38615.0,0.0,0,Paid
3461,3461,1045,2025-04-15,94496.0,0.0,0,Paid
3462,3462,1113,2025-05-11,56651.0,0.0,0,Paid
3463,3463,1008,2025-05-16,22883.0,0.0,0,Paid
3464,3464,1105,2025-05-01,118493.0,0.0,0,Paid
3465,3465,1083,2025-05-10,16634.0,0.0,0,Paid
3466,3466,1042,2025-05-17,26163.0,0.0,0,Paid
3467,3467,1094,2025-05-04,13367.0,0.0,0,Paid
3468,3468,1100,2025-05-19,79386.0,0.0,0,Paid
3469,3469,1045,2025-04-12,24368.0,0.0,0,Paid
3470,3470,1036,2025-05-17,16404.0,0.0,0,Paid
3471,3471,1001,2025-04-27,50172.0,0.0,0,Paid
3472,3472,1088,2025-05-21,82761.0,0.0,0,Paid
3473,3473,1020,2025-05-05,16602.0,0.0,0,Paid
3474,3474,1111,2025-05-16,19082.0,0.0,0,Paid
3475,3475,1007,2025-05-02,21804.0,0.0,0,Paid
3476,3476,1014,2025-04-25,42472.0,0.0,0,Paid
3477,3477,1093,2025-04-15,13745.0,0.0,0,Paid
3478,3478,1057,2025-04-22,12575.0,0.0,0,Paid
3479,3479,1094,2025-05-09,22722.0,0.0,0,Paid
3480,3480,1002,2025-05-12,11575.0,0.0,0,Paid
3481,3481,1104,2025-06-04,40735.0,0.0,0,Paid
3482,3482,1012,2025-04-19,24852.0,0.0,0,Paid
3483,3483,1081,2025-05-05,37912.0,0.0,0,Paid
3484,3484,1018,2025-04-11,66462.0,0.0,0,Paid
3485,3485,1108,2025-05-18,12745.0,0.0,0,Paid
3486,3486,1049,2025-05-12,32412.0,0.0,0,Paid
3487,3487,1084,2025-04-11,32154.0,0.0,0,Paid
3488,3488,1100,,0,46704.0,229,Open
3489,3489,1013,2025-04-28,35465.0,0.0,0,Paid
3490,3490,1071,2025-04-24,28241.0,0.0,0,Paid
3491,3491,1119,2025-05-10,32058.0,0.0,0,Paid
3492,3492,1020,2025-05-11,44899.0,0.0,0,Paid
3493,3493,1055,2025-05-14,59529.0,0.0,0,Paid
3494,3494,1022,2025-04-23,23746.0,0.0,0,Paid
3495,3495,1124,2025-05-04,17029.0,0.0,0,Paid
3496,3496,1111,2025-05-14,22227.0,0.0,0,Paid
3497,3497,1044,2025-05-03,38772.0,0.0,0,Paid
3498,3498,1001,2025-04-12,68738.0,0.0,0,Paid
3499,3499,1032,2025-05-05,33312.0,0.0,0,Paid
3500,3500,1073,2025-06-06,13087.0,0.0,0,Paid
3501,3501,1115,2025-04-24,43541.0,0.0,0,Paid
3502,3502,1045,2025-05-12,60163.0,0.0,0,Paid
3503,3503,1032,2025-05-09,23036.0,0.0,0,Paid
3504,3504,1001,2025-05-06,38562.0,0.0,0,Paid
3505,3505,1005,2025-05-24,27025.0,0.0,0,Paid
3506,3506,1053,2025-04-24,35637.0,0.0,0,Paid
3507,3507,1021,2025-05-26,16658.0,0.0,0,Paid
3508,3508,1013,2025-05-08,11967.0,0.0,0,Paid
3509,3509,1093,2025-04-30,100129.0,0.0,0,Paid
3510,3510,1011,2025-05-13,13057.0,0.0,0,Paid
3511,3511,1030,2025-05-09,11498.0,0.0,0,Paid
3512,3512,1037,2025-05-17,73977.0,0.0,0,Paid
3513,3513,1023,2025-05-08,23933.0,0.0,0,Paid
3514,3514,1056,2025-06-09,13644.0,0.0,0,Paid
3515,3515,1055,2025-05-05,21956.0,0.0,0,Paid
3516,3516,1072,2025-04-26,39236.0,0.0,0,Paid
3517,3517,1052,2025-05-29,11762.0,0.0,0,Paid
3518,3518,1119,,0,32158.0,259,Open
3519,3519,1075,2025-05-16,26608.0,0.0,0,Paid
3520,3520,1110,2025-05-17,12904.0,0.0,0,Paid
3521,3521,1040,2025-04-14,10967.0,0.0,0,Paid
3522,3522,1009,2025-05-04,49640.0,0.0,0,Paid
3523,3523,1033,2025-04-19,32101.0,0.0,0,Paid
3524,3524,1031,2025-05-01,33611.0,0.0,0,Paid
3525,3525,1110,2025-05-04,74517.0,0.0,0,Paid
3526,3526,1041,2025-05-07,43767.0,0.0,0,Paid
3527,3527,1079,2025-05-08,63604.0,0.0,0,Paid
3528,3528,1083,2025-04-27,18401.0,0.0,0,Paid
3529,3529,1064,2025-04-28,85692.0,0.0,0,Paid
3530,3530,1076,2025-05-12,39323.0,0.0,0,Paid
3531,3531,1014,2025-04-29,10176.0,0.0,0,Paid
3532,3532,1007,2025-05-02,22555.0,0.0,0,Paid
3533,3533,1107,2025-05-18,37594.0,0.0,0,Paid
3534,3534,1086,,4967.0,8146.0,245,Open
3535,3535,1015,2025-05-23,15142.0,0.0,0,Paid
3536,3536,1022,2025-05-24,51119.0,0.0,0,Paid
3537,3537,1018,2025-04-18,63200.0,0.0,0,Paid
3538,3538,1022,2025-04-26,23748.0,0.0,0,Paid
3539,3539,1085,2025-05-14,21576.0,0.0,0,Paid
3540,3540,1120,2025-05-02,16699.0,0.0,0,Paid
3541,3541,1011,2025-04-18,46185.0,0.0,0,Paid
3542,3542,1114,2025-05-02,35505.0,0.0,0,Paid
3543,3543,1115,2025-04-28,50284.0,0.0,0,Paid
3544,3544,1081,2025-05-19,66329.0,0.0,0,Paid
3545,3545,1004,2025-04-20,17131.0,0.0,0,Paid
3546,3546,1039,2025-05-20,158331.0,0.0,0,Paid
3547,3547,1122,2025-05-17,16407.0,0.0,0,Paid
3548,3548,1057,2025-05-24,49177.0,0.0,0,Paid
3549,3549,1070,2025-04-30,42696.0,0.0,0,Paid
3550,3550,1061,2025-04-27,36294.0,0.0,0,Paid
3551,3551,1025,2025-05-18,51206.0,0.0,0,Paid
3552,3552,1011,2025-04-25,14949.0,0.0,0,Paid
3553,3553,1105,2025-04-29,53543.0,0.0,0,Paid
3554,3554,1020,2025-04-19,49315.0,0.0,0,Paid
3555,3555,1086,2025-05-04,39636.0,0.0,0,Paid
3556,3556,1030,2025-05-09,47972.0,0.0,0,Paid
3557,3557,1102,2025-05-06,18889.0,0.0,0,Paid
3558,3558,1032,2025-05-10,17490.0,0.0,0,Paid
3559,3559,1043,2025-05-24,12357.0,0.0,0,Paid
3560,3560,1059,2025-04-27,32366.0,0.0,0,Paid
3561,3561,1082,2025-05-12,71810.0,0.0,0,Paid
3562,3562,1082,2025-05-03,23366.0,0.0,0,Paid
3563,3563,1079,2025-05-04,26346.0,0.0,0,Paid
3564,3564,1020,2025-05-02,13722.0,0.0,0,Paid
3565,3565,1120,2025-04-27,12975.0,0.0,0,Paid
3566,3566,1053,2025-05-09,36581.0,0.0,0,Paid
3567,3567,1100,2025-06-01,30469.0,0.0,0,Paid
3568,3568,1065,2025-05-12,24588.0,0.0,0,Paid
3569,3569,1020,2025-04-11,12090.0,0.0,0,Paid
3570,3570,1074,,34958.0,31853.0,227,Open
3571,3571,1107,2025-04-30,12556.0,0.0,0,Paid
3572,3572,1032,2025-05-31,45445.0,0.0,0,Paid
3573,3573,1112,2025-05-19,44556.0,0.0,0,Paid
3574,3574,1061,2025-05-22,19375.0,0.0,0,Paid
3575,3575,1033,2025-05-02,70340.0,0.0,0,Paid
3576,3576,1100,2025-04-12,26262.0,0.0,0,Paid
3577,3577,1039,2025-05-23,32640.0,0.0,0,Paid
3578,3578,1055,2025-05-24,18971.0,0.0,0,Paid
3579,3579,1073,2025-04-15,11532.0,0.0,0,Paid
3580,3580,1095,2025-05-09,37564.0,0.0,0,Paid
3581,3581,1034,2025-05-17,77451.0,0.0,0,Paid
3582,3582,1006,2025-05-17,31995.0,0.0,0,Paid
3583,3583,1071,2025-05-15,86587.0,0.0,0,Paid
3584,3584,1053,2025-05-11,12065.0,0.0,0,Paid
3585,3585,1118,2025-05-24,103806.0,0.0,0,Paid
3586,3586,1055,2025-05-01,22776.0,0.0,0,Paid
3587,3587,1051,2025-05-12,33080.0,0.0,0,Paid
3588,3588,1065,2025-05-21,40784.0,0.0,0,Paid
3589,3589,1034,,7862.0,4519.0,229,Open
3590,3590,1016,2025-05-22,70384.0,0.0,0,Paid
3591,3591,1062,2025-05-24,57506.0,0.0,0,Paid
3592,3592,1114,,0,23262.0,244,Open
3593,3593,1008,2025-05-02,12407.0,0.0,0,Paid
3594,3594,1054,2025-05-18,24850.0,0.0,0,Paid
3595,3595,1017,2025-05-03,30363.0,0.0,0,Paid
3596,3596,1001,2025-05-17,28713.0,0.0,0,Paid
3597,3597,1039,2025-05-11,29157.0,0.0,0,Paid
3598,3598,1118,,0,39473.0,243,Open
3599,3599,1101,2025-05-10,30893.0,0.0,0,Paid
3600,3600,1042,2025-04-15,115853.0,0.0,0,Paid
3601,3601,1102,2025-05-08,35343.0,0.0,0,Paid
3602,3602,1069,2025-05-04,28588.0,0.0,0,Paid
3603,3603,1040,2025-05-05,61675.0,0.0,0,Paid
3604,3604,1055,2025-05-12,89424.0,0.0,0,Paid
3605,3605,1103,2025-04-18,61924.0,0.0,0,Paid
3606,3606,1044,2025-05-01,28514.0,0.0,0,Paid
3607,3607,1043,2025-05-02,19993.0,0.0,0,Paid
3608,3608,1055,2025-05-31,24270.0,0.0,0,Paid
3609,3609,1038,2025-04-19,15082.0,0.0,0,Paid
3610,3610,1085,2025-05-04,43938.0,0.0,0,Paid
3611,3611,1079,2025-04-20,27760.0,0.0,0,Paid
3612,3612,1012,2025-05-02,13081.0,0.0,0,Paid
3613,3613,1123,2025-04-16,93925.0,0.0,0,Paid
3614,3614,1116,2025-04-29,43998.0,0.0,0,Paid
3615,3615,1067,2025-05-14,31530.0,0.0,0,Paid
3616,3616,1011,2025-05-27,59961.0,0.0,0,Paid
3617,3617,1057,2025-04-13,29988.0,0.0,0,Paid
3618,3618,1092,2025-05-14,126404.0,0.0,0,Paid
3619,3619,1104,2025-05-10,14884.0,0.0,0,Paid
3620,3620,1033,,7026.0,8204.0,243,Open
3621,3621,1030,2025-05-18,40989.0,0.0,0,Paid
3622,3622,1060,2025-05-14,43348.0,0.0,0,Paid
3623,3623,1048,2025-05-23,106327.0,0.0,0,Paid
3624,3624,1089,2025-05-12,132779.0,0.0,0,Paid
3625,3625,1047,2025-05-09,46819.0,0.0,0,Paid
3626,3626,1033,,0,197671.0,239,Open
3627,3627,1044,2025-05-12,27431.0,0.0,0,Paid
3628,3628,1025,2025-05-29,93792.0,0.0,0,Paid
3629,3629,1099,2025-04-19,48733.0,0.0,0,Paid
3630,3630,1094,2025-05-11,46775.0,0.0,0,Paid
3631,3631,1032,2025-04-28,36703.0,0.0,0,Paid
3632,3632,1022,2025-05-10,33406.0,0.0,0,Paid
3633,3633,1022,2025-06-02,18785.0,0.0,0,Paid
3634,3634,1002,2025-05-30,144545.0,0.0,0,Paid
3635,3635,1032,2025-05-10,20860.0,0.0,0,Paid
3636,3636,1025,2025-05-08,31850.0,0.0,0,Paid
3637,3637,1065,2025-05-17,31209.0,0.0,0,Paid
3638,3638,1043,2025-06-11,44609.0,0.0,0,Paid
3639,3639,1101,2025-05-06,173886.0,0.0,0,Paid
3640,3640,1112,2025-05-16,16717.0,0.0,0,Paid
3641,3641,1045,2025-04-15,29885.0,0.0,0,Paid
3642,3642,1086,2025-05-16,26595.0,0.0,0,Paid
3643,3643,1069,2025-05-13,28421.0,0.0,0,Paid
3644,3644,1080,,41424.0,45552.0,255,Open
3645,3645,1097,2025-04-30,48167.0,0.0,0,Paid
3646,3646,1083,2025-05-14,94280.0,0.0,0,Paid
3647,3647,1112,2025-05-05,18802.0,0.0,0,Paid
3648,3648,1075,2025-05-08,39549.0,0.0,0,Paid
3649,3649,1089,2025-04-29,32047.0,0.0,0,Paid
3650,3650,1062,2025-05-04,24908.0,0.0,0,Paid
3651,3651,1018,2025-05-24,22785.0,0.0,0,Paid
3652,3652,1111,2025-04-28,14761.0,0.0,0,Paid
3653,3653,1035,2025-05-11,42059.0,0.0,0,Paid
3654,3654,1029,2025-04-14,15229.0,0.0,0,Paid
3655,3655,1125,2025-05-05,20159.0,0.0,0,Paid
3656,3656,1004,2025-05-12,30244.0,0.0,0,Paid
3657,3657,1067,2025-05-05,36298.0,0.0,0,Paid
3658,3658,1072,2025-05-24,104109.0,0.0,0,Paid
3659,3659,1030,2025-05-19,28278.0,0.0,0,Paid
3660,3660,1067,2025-05-03,12953.0,0.0,0,Paid
3661,3661,1081,2025-04-29,33135.0,0.0,0,Paid
3662,3662,1087,2025-05-01,80317.0,0.0,0,Paid
3663,3663,1048,2025-04-24,43548.0,0.0,0,Paid
3664,3664,1093,2025-06-02,15460.0,0.0,0,Paid
3665,3665,1011,2025-04-29,28212.0,0.0,0,Paid
3666,3666,1036,2025-05-13,59193.0,0.0,0,Paid
3667,3667,1040,2025-04-20,44587.0,0.0,0,Paid
3668,3668,1087,2025-06-12,73742.0,0.0,0,Paid
3669,3669,1107,2025-05-12,35033.0,0.0,0,Paid
3670,3670,1105,2025-05-08,80141.0,0.0,0,Paid
3671,3671,1010,2025-05-20,50720.0,0.0,0,Paid
3672,3672,1050,2025-05-08,47906.0,0.0,0,Paid
3673,3673,1083,2025-05-31,16511.0,0.0,0,Paid
3674,3674,1115,2025-06-13,28987.0,0.0,0,Paid
3675,3675,1104,2025-05-28,24706.0,0.0,0,Paid
3676,3676,1035,2025-05-01,16501.0,0.0,0,Paid
3677,3677,1002,2025-04-20,59815.0,0.0,0,Paid
3678,3678,1071,2025-04-30,26772.0,0.0,0,Paid
3679,3679,1080,2025-06-04,29422.0,0.0,0,Paid
3680,3680,1056,,8548.0,20836.0,255,Open
3681,3681,1016,2025-05-27,45046.0,0.0,0,Paid
3682,3682,1047,2025-04-27,61314.0,0.0,0,Paid
3683,3683,1047,2025-05-06,43932.0,0.0,0,Paid
3684,3684,1031,2025-05-02,12036.0,0.0,0,Paid
3685,3685,1113,2025-05-02,66455.0,0.0,0,Paid
3686,3686,1072,2025-05-04,107037.0,0.0,0,Paid
3687,3687,1011,2025-04-19,37318.0,0.0,0,Paid
3688,3688,1018,2025-04-25,21867.0,0.0,0,Paid
3689,3689,1066,2025-05-08,81779.0,0.0,0,Paid
3690,3690,1086,2025-05-31,69400.0,0.0,0,Paid
3691,3691,1024,2025-05-08,42077.0,0.0,0,Paid
3692,3692,1036,2025-05-22,40378.0,0.0,0,Paid
3693,3693,1018,2025-05-11,39157.0,0.0,0,Paid
3694,3694,1076,2025-05-31,14775.0,0.0,0,Paid
3695,3695,1117,2025-06-19,14986.0,0.0,0,Paid
3696,3696,1071,2025-04-21,92441.0,0.0,0,Paid
3697,3697,1107,2025-05-18,13426.0,0.0,0,Paid
3698,3698,1017,2025-05-13,32632.0,0.0,0,Paid
3699,3699,1091,2025-05-21,80405.0,0.0,0,Paid
3700,3700,1091,2025-06-10,78764.0,0.0,0,Paid
3701,3701,1059,2025-05-04,55795.0,0.0,0,Paid
3702,3702,1065,2025-04-21,49312.0,0.0,0,Paid
3703,3703,1093,2025-05-24,23520.0,0.0,0,Paid
3704,3704,1117,2025-04-26,24617.0,0.0,0,Paid
3705,3705,1092,2025-05-20,33596.0,0.0,0,Paid
3706,3706,1070,2025-05-20,17154.0,0.0,0,Paid
3707,3707,1062,2025-05-09,100961.0,0.0,0,Paid
3708,3708,1008,2025-05-24,36485.0,0.0,0,Paid
3709,3709,1079,2025-05-17,27634.0,0.0,0,Paid
3710,3710,1041,2025-04-22,34001.0,0.0,0,Paid
3711,3711,1096,2025-04-24,15075.0,0.0,0,Paid
3712,3712,1018,2025-05-26,52281.0,0.0,0,Paid
3713,3713,1056,,0,14409.0,241,Open
3714,3714,1107,2025-05-23,49299.0,0.0,0,Paid
3715,3715,1101,2025-05-13,29703.0,0.0,0,Paid
3716,3716,1103,2025-05-20,23897.0,0.0,0,Paid
3717,3717,1053,2025-05-06,36199.0,0.0,0,Paid
3718,3718,1061,2025-05-30,29427.0,0.0,0,Paid
3719,3719,1066,2025-06-15,47891.0,0.0,0,Paid
3720,3720,1040,2025-06-05,144542.0,0.0,0,Paid
3721,3721,1034,2025-05-25,40350.0,0.0,0,Paid
3722,3722,1085,2025-05-23,13077.0,0.0,0,Paid
3723,3723,1125,2025-04-20,17913.0,0.0,0,Paid
3724,3724,1033,2025-05-17,82164.0,0.0,0,Paid
3725,3725,1068,2025-05-10,89502.0,0.0,0,Paid
3726,3726,1056,2025-05-21,60609.0,0.0,0,Paid
3727,3727,1033,2025-05-06,20146.0,0.0,0,Paid
3728,3728,1071,2025-05-30,105265.0,0.0,0,Paid
3729,3729,1117,2025-05-04,11531.0,0.0,0,Paid
3730,3730,1018,2025-05-07,68903.0,0.0,0,Paid
3731,3731,1091,2025-05-28,23315.0,0.0,0,Paid
3732,3732,1046,2025-05-24,24625.0,0.0,0,Paid
3733,3733,1002,2025-06-15,65575.0,0.0,0,Paid
3734,3734,1099,,0,35828.0,239,Open
3735,3735,1077,2025-05-20,14682.0,0.0,0,Paid
3736,3736,1013,,0,16070.0,255,Open
3737,3737,1019,2025-05-12,28011.0,0.0,0,Paid
3738,3738,1088,2025-06-04,13143.0,0.0,0,Paid
3739,3739,1080,2025-05-17,42033.0,0.0,0,Paid
3740,3740,1120,2025-06-01,12413.0,0.0,0,Paid
3741,3741,1086,2025-04-18,66969.0,0.0,0,Paid
3742,3742,1102,2025-05-26,25941.0,0.0,0,Paid
3743,3743,1098,2025-05-01,63788.0,0.0,0,Paid
3744,3744,1015,2025-06-02,156582.0,0.0,0,Paid
3745,3745,1103,2025-04-21,65169.0,0.0,0,Paid
3746,3746,1082,2025-05-04,61387.0,0.0,0,Paid
3747,3747,1013,2025-05-10,30622.0,0.0,0,Paid
3748,3748,1060,2025-06-01,72377.0,0.0,0,Paid
3749,3749,1083,2025-05-13,21884.0,0.0,0,Paid
3750,3750,1009,2025-05-15,13017.0,0.0,0,Paid
3751,3751,1039,2025-05-09,71458.0,0.0,0,Paid
3752,3752,1045,2025-05-27,39707.0,0.0,0,Paid
3753,3753,1006,2025-05-07,14376.0,0.0,0,Paid
3754,3754,1081,2025-04-27,66309.0,0.0,0,Paid
3755,3755,1084,2025-05-29,23868.0,0.0,0,Paid
3756,3756,1098,2025-04-28,28469.0,0.0,0,Paid
3757,3757,1044,2025-05-25,82609.0,0.0,0,Paid
3758,3758,1073,2025-05-14,37321.0,0.0,0,Paid
3759,3759,1074,2025-05-03,30120.0,0.0,0,Paid
3760,3760,1092,2025-05-31,62032.0,0.0,0,Paid
3761,3761,1115,2025-06-13,16023.0,0.0,0,Paid
3762,3762,1123,2025-05-08,25378.0,0.0,0,Paid
3763,3763,1040,2025-04-16,13070.0,0.0,0,Paid
3764,3764,1063,2025-06-03,114087.0,0.0,0,Paid
3765,3765,1043,2025-05-11,47368.0,0.0,0,Paid
3766,3766,1028,2025-05-27,16066.0,0.0,0,Paid
3767,3767,1051,2025-05-19,29297.0,0.0,0,Paid
3768,3768,1024,2025-05-18,14615.0,0.0,0,Paid
3769,3769,1029,2025-04-17,47050.0,0.0,0,Paid
3770,3770,1005,2025-05-17,44922.0,0.0,0,Paid
3771,3771,1108,2025-05-22,47455.0,0.0,0,Paid
3772,3772,1117,2025-04-21,42976.0,0.0,0,Paid
3773,3773,1114,2025-05-16,13358.0,0.0,0,Paid
3774,3774,1119,2025-05-26,31406.0,0.0,0,Paid
3775,3775,1125,2025-05-19,56886.0,0.0,0,Paid
3776,3776,1070,2025-06-07,65507.0,0.0,0,Paid
3777,3777,1012,2025-05-22,57736.0,0.0,0,Paid
3778,3778,1030,2025-05-16,43771.0,0.0,0,Paid
3779,3779,1113,2025-04-28,33212.0,0.0,0,Paid
3780,3780,1024,2025-05-01,12067.0,0.0,0,Paid
3781,3781,1004,2025-05-21,28123.0,0.0,0,Paid
3782,3782,1108,2025-04-28,25097.0,0.0,0,Paid
3783,3783,1024,2025-05-07,43132.0,0.0,0,Paid
3784,3784,1085,2025-05-23,36763.0,0.0,0,Paid
3785,3785,1101,2025-05-04,23761.0,0.0,0,Paid
3786,3786,1013,2025-06-03,30358.0,0.0,0,Paid
3787,3787,1028,2025-05-19,45298.0,0.0,0,Paid
3788,3788,1073,2025-05-15,66933.0,0.0,0,Paid
3789,3789,1072,,0,61270.0,251,Open
3790,3790,1099,2025-04-27,59767.0,0.0,0,Paid
3791,3791,1028,2025-07-05,16495.0,0.0,0,Paid
3792,3792,1020,2025-06-04,63199.0,0.0,0,Paid
3793,3793,1124,2025-05-15,40086.0,0.0,0,Paid
3794,3794,1066,2025-05-20,111243.0,0.0,0,Paid
3795,3795,1028,,0,45242.0,251,Open
3796,3796,1108,2025-05-29,41852.0,0.0,0,Paid
3797,3797,1036,2025-06-09,27683.0,0.0,0,Paid
3798,3798,1017,,0,20498.0,223,Open
3799,3799,1123,2025-06-05,142465.0,0.0,0,Paid
3800,3800,1002,2025-04-18,33788.0,0.0,0,Paid
3801,3801,1007,2025-05-25,65768.0,0.0,0,Paid
3802,3802,1110,2025-05-03,47750.0,0.0,0,Paid
3803,3803,1113,2025-05-04,47281.0,0.0,0,Paid
3804,3804,1116,2025-05-08,29656.0,0.0,0,Paid
3805,3805,1033,2025-05-02,33066.0,0.0,0,Paid
3806,3806,1008,2025-05-02,16230.0,0.0,0,Paid
3807,3807,1046,2025-05-09,46645.0,0.0,0,Paid
3808,3808,1029,,0,25954.0,237,Open
3809,3809,1054,2025-05-08,15062.0,0.0,0,Paid
3810,3810,1010,2025-05-25,61674.0,0.0,0,Paid
3811,3811,1096,2025-05-18,28512.0,0.0,0,Paid
3812,3812,1004,2025-05-05,30206.0,0.0,0,Paid
3813,3813,1050,2025-05-04,46143.0,0.0,0,Paid
3814,3814,1112,2025-05-17,15208.0,0.0,0,Paid
3815,3815,1072,2025-05-04,12939.0,0.0,0,Paid
3816,3816,1125,2025-06-01,158203.0,0.0,0,Paid
3817,3817,1090,,0,58929.0,237,Open
3818,3818,1103,2025-06-06,12688.0,0.0,0,Paid
3819,3819,1033,2025-05-03,30763.0,0.0,0,Paid
3820,3820,1051,2025-06-07,16044.0,0.0,0,Paid
3821,3821,1054,2025-05-04,93790.0,0.0,0,Paid
3822,3822,1109,2025-05-29,16039.0,0.0,0,Paid
3823,3823,1016,2025-06-01,14859.0,0.0,0,Paid
3824,3824,1118,2025-05-03,78961.0,0.0,0,Paid
3825,3825,1090,2025-05-10,32288.0,0.0,0,Paid
3826,3826,1114,2025-04-28,41664.0,0.0,0,Paid
3827,3827,1077,2025-04-24,61071.0,0.0,0,Paid
3828,3828,1031,2025-04-23,55293.0,0.0,0,Paid
3829,3829,1085,2025-05-29,83936.0,0.0,0,Paid
3830,3830,1031,2025-05-13,63370.0,0.0,0,Paid
3831,3831,1037,2025-05-28,88587.0,0.0,0,Paid
3832,3832,1069,,0,152794.0,233,Open
3833,3833,1122,2025-05-01,13849.0,0.0,0,Paid
3834,3834,1109,2025-05-09,114447.0,0.0,0,Paid
3835,3835,1093,2025-04-26,48543.0,0.0,0,Paid
3836,3836,1087,2025-05-16,50728.0,0.0,0,Paid
3837,3837,1076,,0,16734.0,252,Open
3838,3838,1118,,0,61359.0,250,Open
3839,3839,1031,2025-05-19,70836.0,0.0,0,Paid
3840,3840,1094,2025-06-02,27423.0,0.0,0,Paid
3841,3841,1009,2025-05-08,45333.0,0.0,0,Paid
3842,3842,1003,2025-05-10,65509.0,0.0,0,Paid
3843,3843,1119,2025-06-02,92341.0,0.0,0,Paid
3844,3844,1024,,0,59971.0,251,Open
3845,3845,1121,2025-04-25,38671.0,0.0,0,Paid
3846,3846,1119,2025-04-19,26054.0,0.0,0,Paid
3847,3847,1018,2025-05-13,31007.0,0.0,0,Paid
3848,3848,1016,,0,41452.0,235,Open
3849,3849,1123,2025-05-03,30731.0,0.0,0,Paid
3850,3850,1054,2025-05-06,27842.0,0.0,0,Paid
3851,3851,1040,2025-05-06,34733.0,0.0,0,Paid
3852,3852,1059,2025-05-16,36539.0,0.0,0,Paid
3853,3853,1003,2025-06-17,84003.0,0.0,0,Paid
3854,3854,1046,2025-05-04,24196.0,0.0,0,Paid
3855,3855,1048,2025-05-03,26384.0,0.0,0,Paid
3856,3856,1027,2025-06-18,40027.0,0.0,0,Paid
3857,3857,1115,2025-05-14,73519.0,0.0,0,Paid
3858,3858,1088,2025-05-19,55804.0,0.0,0,Paid
3859,3859,1064,2025-05-25,63709.0,0.0,0,Paid
3860,3860,1089,2025-05-16,87027.0,0.0,0,Paid
3861,3861,1106,2025-05-20,65413.0,0.0,0,Paid
3862,3862,1088,2025-05-24,59532.0,0.0,0,Paid
3863,3863,1015,2025-05-16,15129.0,0.0,0,Paid
3864,3864,1046,2025-05-08,17511.0,0.0,0,Paid
3865,3865,1048,2025-05-19,128498.0,0.0,0,Paid
3866,3866,1005,2025-05-20,29043.0,0.0,0,Paid
3867,3867,1040,2025-06-03,14410.0,0.0,0,Paid
3868,3868,1025,2025-05-16,30349.0,0.0,0,Paid
3869,3869,1016,2025-05-04,15592.0,0.0,0,Paid
3870,3870,1104,2025-06-08,19802.0,0.0,0,Paid
3871,3871,1026,2025-05-23,23473.0,0.0,0,Paid
3872,3872,1067,2025-05-04,15000.0,0.0,0,Paid
3873,3873,1093,,0,37737.0,251,Open
3874,3874,1017,2025-05-16,40062.0,0.0,0,Paid
3875,3875,1028,2025-05-20,117904.0,0.0,0,Paid
3876,3876,1089,2025-06-10,26401.0,0.0,0,Paid
3877,3877,1078,2025-05-23,83576.0,0.0,0,Paid
3878,3878,1089,2025-06-04,14336.0,0.0,0,Paid
3879,3879,1030,2025-05-26,86848.0,0.0,0,Paid
3880,3880,1005,2025-04-26,14533.0,0.0,0,Paid
3881,3881,1024,,0,13374.0,236,Open
3882,3882,1098,2025-05-12,26840.0,0.0,0,Paid
3883,3883,1063,,0,19347.0,236,Open
3884,3884,1109,2025-04-28,32175.0,0.0,0,Paid
3885,3885,1081,2025-06-25,155657.0,0.0,0,Paid
3886,3886,1064,2025-05-07,82023.0,0.0,0,Paid
3887,3887,1111,2025-05-06,67031.0,0.0,0,Paid
3888,3888,1057,2025-06-03,24742.0,0.0,0,Paid
3889,3889,1089,,0,20206.0,251,Open
3890,3890,1092,2025-05-17,30504.0,0.0,0,Paid
3891,3891,1045,2025-04-23,37486.0,0.0,0,Paid
3892,3892,1020,2025-06-15,79902.0,0.0,0,Paid
3893,3893,1123,2025-05-18,60567.0,0.0,0,Paid
3894,3894,1114,2025-04-26,14211.0,0.0,0,Paid
3895,3895,1032,2025-05-30,100163.0,0.0,0,Paid
3896,3896,1111,,0,59464.0,235,Open
3897,3897,1088,,0,37144.0,221,Open
3898,3898,1001,2025-05-22,35433.0,0.0,0,Paid
3899,3899,1084,2025-04-19,22020.0,0.0,0,Paid
3900,3900,1010,2025-05-07,21832.0,0.0,0,Paid
3901,3901,1085,2025-05-30,14397.0,0.0,0,Paid
3902,3902,1041,2025-05-31,26926.0,0.0,0,Paid
3903,3903,1041,2025-05-08,61071.0,0.0,0,Paid
3904,3904,1012,2025-05-12,13232.0,0.0,0,Paid
3905,3905,1073,2025-05-30,41280.0,0.0,0,Paid
3906,3906,1086,2025-05-17,60838.0,0.0,0,Paid
3907,3907,1028,2025-05-13,43179.0,0.0,0,Paid
3908,3908,1103,2025-06-15,42529.0,0.0,0,Paid
3909,3909,1056,2025-05-11,15177.0,0.0,0,Paid
3910,3910,1018,2025-05-17,97806.0,0.0,0,Paid
3911,3911,1121,,9013.0,8823.0,235,Open
3912,3912,1060,2025-05-16,14152.0,0.0,0,Paid
3913,3913,1073,2025-05-19,42589.0,0.0,0,Paid
3914,3914,1030,2025-05-19,53358.0,0.0,0,Paid
3915,3915,1017,2025-05-15,32370.0,0.0,0,Paid
3916,3916,1074,2025-06-06,29546.0,0.0,0,Paid
3917,3917,1070,2025-05-24,57896.0,0.0,0,Paid
3918,3918,1074,2025-04-25,14680.0,0.0,0,Paid
3919,3919,1015,2025-05-16,87688.0,0.0,0,Paid
3920,3920,1066,2025-05-07,40082.0,0.0,0,Paid
3921,3921,1024,2025-05-25,57615.0,0.0,0,Paid
3922,3922,1004,2025-05-11,13124.0,0.0,0,Paid
3923,3923,1037,2025-05-09,64875.0,0.0,0,Paid
3924,3924,1001,2025-04-21,37860.0,0.0,0,Paid
3925,3925,1040,2025-05-23,76141.0,0.0,0,Paid
3926,3926,1076,,0,40039.0,233,Open
3927,3927,1054,2025-05-27,15454.0,0.0,0,Paid
3928,3928,1110,2025-05-08,66885.0,0.0,0,Paid
3929,3929,1041,2025-06-08,14190.0,0.0,0,Paid
3930,3930,1073,,0,41630.0,249,Open
3931,3931,1011,2025-05-10,10886.0,0.0,0,Paid
3932,3932,1029,2025-05-04,28611.0,0.0,0,Paid
3933,3933,1060,2025-05-22,14460.0,0.0,0,Paid
3934,3934,1053,2025-05-02,21865.0,0.0,0,Paid
3935,3935,1011,2025-05-13,47180.0,0.0,0,Paid
3936,3936,1073,2025-05-05,50483.0,0.0,0,Paid
3937,3937,1037,2025-05-29,36189.0,0.0,0,Paid
3938,3938,1116,2025-06-03,29766.0,0.0,0,Paid
3939,3939,1091,2025-05-24,27860.0,0.0,0,Paid
3940,3940,1119,2025-04-20,12885.0,0.0,0,Paid
3941,3941,1107,2025-05-17,20083.0,0.0,0,Paid
3942,3942,1113,2025-04-30,23072.0,0.0,0,Paid
3943,3943,1090,2025-06-10,26318.0,0.0,0,Paid
3944,3944,1043,2025-05-11,16122.0,0.0,0,Paid
3945,3945,1074,2025-05-06,19913.0,0.0,0,Paid
3946,3946,1067,2025-04-29,39146.0,0.0,0,Paid
3947,3947,1115,2025-05-05,86022.0,0.0,0,Paid
3948,3948,1023,2025-05-17,50014.0,0.0,0,Paid
3949,3949,1067,2025-06-01,29102.0,0.0,0,Paid
3950,3950,1053,2025-05-22,18283.0,0.0,0,Paid
3951,3951,1032,2025-05-27,30831.0,0.0,0,Paid
3952,3952,1109,2025-05-06,13999.0,0.0,0,Paid
3953,3953,1106,2025-05-23,48586.0,0.0,0,Paid
3954,3954,1014,2025-05-20,55144.0,0.0,0,Paid
3955,3955,1111,2025-05-16,12192.0,0.0,0,Paid
3956,3956,1043,2025-06-29,41083.0,0.0,0,Paid
3957,3957,1056,2025-05-20,48121.0,0.0,0,Paid
3958,3958,1028,2025-06-02,26459.0,0.0,0,Paid
3959,3959,1042,2025-05-14,26637.0,0.0,0,Paid
3960,3960,1120,,0,14800.0,234,Open
3961,3961,1107,2025-05-07,45018.0,0.0,0,Paid
3962,3962,1005,,0,63980.0,246,Open
3963,3963,1084,2025-05-20,28943.0,0.0,0,Paid
3964,3964,1092,,9458.0,4892.0,234,Open
3965,3965,1106,2025-05-03,39963.0,0.0,0,Paid
3966,3966,1116,2025-05-24,20771.0,0.0,0,Paid
3967,3967,1036,2025-06-20,85988.0,0.0,0,Paid
3968,3968,1114,2025-05-28,29608.0,0.0,0,Paid
3969,3969,1009,2025-04-30,27975.0,0.0,0,Paid
3970,3970,1027,2025-06-18,13249.0,0.0,0,Paid
3971,3971,1122,2025-05-28,40067.0,0.0,0,Paid
3972,3972,1121,2025-05-23,12818.0,0.0,0,Paid
3973,3973,1097,2025-05-19,29816.0,0.0,0,Paid
3974,3974,1067,2025-05-26,25386.0,0.0,0,Paid
3975,3975,1052,2025-05-11,56254.0,0.0,0,Paid
3976,3976,1002,2025-05-10,19947.0,0.0,0,Paid
3977,3977,1089,2025-05-09,14224.0,0.0,0,Paid
3978,3978,1057,2025-04-25,50629.0,0.0,0,Paid
3979,3979,1079,,0,29647.0,233,Open
3980,3980,1083,2025-05-24,42359.0,0.0,0,Paid
3981,3981,1023,2025-05-21,14414.0,0.0,0,Paid
3982,3982,1031,2025-05-21,88578.0,0.0,0,Paid
3983,3983,1102,2025-06-03,17090.0,0.0,0,Paid
3984,3984,1075,2025-04-22,18606.0,0.0,0,Paid
3985,3985,1003,2025-06-02,120318.0,0.0,0,Paid
3986,3986,1007,2025-06-02,46282.0,0.0,0,Paid
3987,3987,1093,2025-05-15,25334.0,0.0,0,Paid
3988,3988,1123,2025-05-26,35409.0,0.0,0,Paid
3989,3989,1089,,0,49854.0,230,Open
3990,3990,1120,2025-05-24,58523.0,0.0,0,Paid
3991,3991,1047,,70855.0,30635.0,245,Open
3992,3992,1061,2025-05-07,18381.0,0.0,0,Paid
3993,3993,1009,2025-05-09,23308.0,0.0,0,Paid
3994,3994,1044,,0,15851.0,233,Open
3995,3995,1033,2025-04-24,40094.0,0.0,0,Paid
3996,3996,1025,,0,80025.0,231,Open
3997,3997,1024,2025-05-19,43696.0,0.0,0,Paid
3998,3998,1066,2025-04-27,14267.0,0.0,0,Paid
3999,3999,1071,2025-05-28,43676.0,0.0,0,Paid
4000,4000,1116,2025-05-30,50789.0,0.0,0,Paid
4001,4001,1063,2025-06-16,51410.0,0.0,0,Paid
4002,4002,1014,2025-05-07,15368.0,0.0,0,Paid
4003,4003,1046,2025-05-20,46776.0,0.0,0,Paid
4004,4004,1023,2025-05-15,16065.0,0.0,0,Paid
4005,4005,1096,2025-05-10,56472.0,0.0,0,Paid
4006,4006,1038,2025-05-09,14840.0,0.0,0,Paid
4007,4007,1087,2025-05-26,16327.0,0.0,0,Paid
4008,4008,1025,2025-05-28,42091.0,0.0,0,Paid
4009,4009,1070,,30545.0,50504.0,246,Open
4010,4010,1107,2025-04-27,35851.0,0.0,0,Paid
4011,4011,1066,2025-06-05,36791.0,0.0,0,Paid
4012,4012,1002,2025-06-10,76264.0,0.0,0,Paid
4013,4013,1065,2025-05-13,64105.0,0.0,0,Paid
4014,4014,1058,2025-06-04,18707.0,0.0,0,Paid
4015,4015,1051,2025-05-17,42878.0,0.0,0,Paid
4016,4016,1054,2025-06-12,47692.0,0.0,0,Paid
4017,4017,1061,2025-05-24,14419.0,0.0,0,Paid
4018,4018,1011,2025-04-29,56201.0,0.0,0,Paid
4019,4019,1084,2025-05-26,31905.0,0.0,0,Paid
4020,4020,1076,2025-05-24,42958.0,0.0,0,Paid
4021,4021,1028,,0,17945.0,217,Open
4022,4022,1086,,0,26718.0,231,Open
4023,4023,1020,2025-06-07,37854.0,0.0,0,Paid
4024,4024,1038,2025-05-01,20431.0,0.0,0,Paid
4025,4025,1034,,50589.0,46410.0,243,Open
4026,4026,1044,2025-05-16,24315.0,0.0,0,Paid
4027,4027,1006,,0,13248.0,232,Open
4028,4028,1029,2025-05-09,27648.0,0.0,0,Paid
4029,4029,1013,2025-05-13,24964.0,0.0,0,Paid
4030,4030,1096,2025-05-24,34131.0,0.0,0,Paid
4031,4031,1112,2025-04-25,46479.0,0.0,0,Paid
4032,4032,1052,2025-05-27,24952.0,0.0,0,Paid
4033,4033,1072,2025-05-12,15747.0,0.0,0,Paid
4034,4034,1097,2025-05-15,46263.0,0.0,0,Paid
4035,4035,1119,,14683.0,32758.0,230,Open
4036,4036,1068,2025-05-10,73226.0,0.0,0,Paid
4037,4037,1082,2025-05-28,58448.0,0.0,0,Paid
4038,4038,1040,2025-05-31,46301.0,0.0,0,Paid
4039,4039,1024,2025-05-08,42250.0,0.0,0,Paid
4040,4040,1104,2025-05-31,15809.0,0.0,0,Paid
4041,4041,1037,2025-05-08,13786.0,0.0,0,Paid
4042,4042,1125,2025-06-02,15666.0,0.0,0,Paid
4043,4043,1111,2025-05-24,45045.0,0.0,0,Paid
4044,4044,1079,2025-05-31,21240.0,0.0,0,Paid
4045,4045,1036,,0,37646.0,230,Open
4046,4046,1066,2025-04-24,38697.0,0.0,0,Paid
4047,4047,1055,2025-05-23,26144.0,0.0,0,Paid
4048,4048,1091,2025-05-17,45175.0,0.0,0,Paid
4049,4049,1025,2025-05-30,15473.0,0.0,0,Paid
4050,4050,1042,2025-05-11,20844.0,0.0,0,Paid
4051,4051,1031,2025-07-01,22203.0,0.0,0,Paid
4052,4052,1089,2025-05-16,23305.0,0.0,0,Paid
4053,4053,1099,2025-04-24,28678.0,0.0,0,Paid
4054,4054,1090,2025-05-02,22076.0,0.0,0,Paid
4055,4055,1023,,0,49512.0,245,Open
4056,4056,1050,2025-06-03,209355.0,0.0,0,Paid
4057,4057,1105,2025-05-05,78126.0,0.0,0,Paid
4058,4058,1081,2025-05-30,74161.0,0.0,0,Paid
4059,4059,1099,2025-05-19,112362.0,0.0,0,Paid
4060,4060,1100,2025-05-25,26471.0,0.0,0,Paid
4061,4061,1085,2025-05-18,79112.0,0.0,0,Paid
4062,4062,1087,2025-05-24,21774.0,0.0,0,Paid
4063,4063,1045,2025-05-23,42976.0,0.0,0,Paid
4064,4064,1042,,40757.0,20413.0,230,Open
4065,4065,1003,2025-04-26,55435.0,0.0,0,Paid
4066,4066,1097,2025-05-15,55979.0,0.0,0,Paid
4067,4067,1001,2025-06-18,44183.0,0.0,0,Paid
4068,4068,1032,2025-05-12,99632.0,0.0,0,Paid
4069,4069,1057,2025-05-14,61842.0,0.0,0,Paid
4070,4070,1076,2025-05-31,30038.0,0.0,0,Paid
4071,4071,1070,2025-05-12,58277.0,0.0,0,Paid
4072,4072,1092,2025-04-30,21199.0,0.0,0,Paid
4073,4073,1048,2025-05-18,37559.0,0.0,0,Paid
4074,4074,1046,2025-06-23,61048.0,0.0,0,Paid
4075,4075,1027,2025-05-21,18926.0,0.0,0,Paid
4076,4076,1029,2025-05-14,33862.0,0.0,0,Paid
4077,4077,1002,2025-05-11,60191.0,0.0,0,Paid
4078,4078,1057,2025-05-25,57551.0,0.0,0,Paid
4079,4079,1053,2025-05-21,29528.0,0.0,0,Paid
4080,4080,1051,2025-05-18,79535.0,0.0,0,Paid
4081,4081,1077,2025-05-30,38238.0,0.0,0,Paid
4082,4082,1109,2025-05-26,42116.0,0.0,0,Paid
4083,4083,1066,2025-06-11,35996.0,0.0,0,Paid
4084,4084,1032,2025-05-26,29164.0,0.0,0,Paid
4085,4085,1044,2025-05-29,28492.0,0.0,0,Paid
4086,4086,1038,2025-06-14,29830.0,0.0,0,Paid
4087,4087,1041,2025-05-30,71450.0,0.0,0,Paid
4088,4088,1002,2025-05-11,24984.0,0.0,0,Paid
4089,4089,1005,2025-05-31,13388.0,0.0,0,Paid
4090,4090,1078,2025-06-04,14372.0,0.0,0,Paid
4091,4091,1046,2025-05-17,26996.0,0.0,0,Paid
4092,4092,1113,2025-05-18,70757.0,0.0,0,Paid
4093,4093,1040,2025-06-20,41420.0,0.0,0,Paid
4094,4094,1077,2025-06-21,42283.0,0.0,0,Paid
4095,4095,1054,2025-05-10,23921.0,0.0,0,Paid
4096,4096,1123,2025-05-11,29965.0,0.0,0,Paid
4097,4097,1045,2025-05-23,30593.0,0.0,0,Paid
4098,4098,1076,2025-05-22,64935.0,0.0,0,Paid
4099,4099,1122,,0,95459.0,243,Open
4100,4100,1099,2025-05-31,18285.0,0.0,0,Paid
4101,4101,1038,,32871.0,25632.0,243,Open
4102,4102,1062,2025-05-26,25933.0,0.0,0,Paid
4103,4103,1113,2025-05-19,103829.0,0.0,0,Paid
4104,4104,1097,2025-06-18,22263.0,0.0,0,Paid
4105,4105,1038,2025-06-18,32578.0,0.0,0,Paid
4106,4106,1077,2025-05-26,70626.0,0.0,0,Paid
4107,4107,1116,2025-05-17,50210.0,0.0,0,Paid
4108,4108,1039,2025-05-02,96308.0,0.0,0,Paid
4109,4109,1045,2025-05-11,58355.0,0.0,0,Paid
4110,4110,1041,2025-05-04,45373.0,0.0,0,Paid
4111,4111,1002,2025-06-10,96848.0,0.0,0,Paid
4112,4112,1085,2025-05-19,15063.0,0.0,0,Paid
4113,4113,1039,2025-05-02,41692.0,0.0,0,Paid
4114,4114,1077,2025-05-17,73326.0,0.0,0,Paid
4115,4115,1069,,22174.0,9794.0,229,Open
4116,4116,1125,2025-05-12,11409.0,0.0,0,Paid
4117,4117,1111,2025-05-31,16642.0,0.0,0,Paid
4118,4118,1051,2025-05-10,32566.0,0.0,0,Paid
4119,4119,1100,2025-05-16,16792.0,0.0,0,Paid
4120,4120,1082,2025-06-09,49312.0,0.0,0,Paid
4121,4121,1094,2025-05-16,51983.0,0.0,0,Paid
4122,4122,1087,2025-05-19,15463.0,0.0,0,Paid
4123,4123,1108,2025-06-03,15263.0,0.0,0,Paid
4124,4124,1052,2025-05-26,38129.0,0.0,0,Paid
4125,4125,1008,2025-05-20,28923.0,0.0,0,Paid
4126,4126,1007,2025-05-06,13901.0,0.0,0,Paid
4127,4127,1030,2025-05-11,26393.0,0.0,0,Paid
4128,4128,1019,2025-05-04,45026.0,0.0,0,Paid
4129,4129,1107,2025-06-03,57613.0,0.0,0,Paid
4130,4130,1039,2025-05-26,76466.0,0.0,0,Paid
4131,4131,1078,,0,114019.0,241,Open
4132,4132,1069,2025-06-15,17241.0,0.0,0,Paid
4133,4133,1009,2025-05-29,11482.0,0.0,0,Paid
4134,4134,1055,2025-05-11,26299.0,0.0,0,Paid
4135,4135,1114,2025-04-29,48778.0,0.0,0,Paid
4136,4136,1061,,30329.0,32517.0,226,Open
4137,4137,1024,2025-05-09,12449.0,0.0,0,Paid
4138,4138,1042,2025-06-10,14472.0,0.0,0,Paid
4139,4139,1029,2025-06-03,38397.0,0.0,0,Paid
4140,4140,1014,2025-05-18,65320.0,0.0,0,Paid
4141,4141,1036,2025-05-19,42764.0,0.0,0,Paid
4142,4142,1021,2025-05-27,52089.0,0.0,0,Paid
4143,4143,1040,2025-05-31,42312.0,0.0,0,Paid
4144,4144,1049,2025-05-31,39469.0,0.0,0,Paid
4145,4145,1044,2025-05-03,42432.0,0.0,0,Paid
4146,4146,1007,2025-05-27,30119.0,0.0,0,Paid
4147,4147,1074,2025-06-14,44153.0,0.0,0,Paid
4148,4148,1013,,0,60013.0,226,Open
4149,4149,1067,2025-05-25,35402.0,0.0,0,Paid
4150,4150,1066,2025-05-06,11892.0,0.0,0,Paid
4151,4151,1116,2025-05-15,36825.0,0.0,0,Paid
4152,4152,1117,2025-06-13,67042.0,0.0,0,Paid
4153,4153,1043,2025-05-17,87282.0,0.0,0,Paid
4154,4154,1015,2025-05-24,47319.0,0.0,0,Paid
4155,4155,1057,2025-06-06,41233.0,0.0,0,Paid
4156,4156,1081,2025-05-26,42956.0,0.0,0,Paid
4157,4157,1070,2025-06-06,101899.0,0.0,0,Paid
4158,4158,1119,2025-06-09,31001.0,0.0,0,Paid
4159,4159,1124,2025-07-12,27103.0,0.0,0,Paid
4160,4160,1055,2025-05-26,13795.0,0.0,0,Paid
4161,4161,1051,2025-05-22,106568.0,0.0,0,Paid
4162,4162,1068,2025-05-23,28167.0,0.0,0,Paid
4163,4163,1015,2025-05-20,65220.0,0.0,0,Paid
4164,4164,1011,2025-05-18,79269.0,0.0,0,Paid
4165,4165,1114,2025-05-21,52978.0,0.0,0,Paid
4166,4166,1093,2025-06-03,143295.0,0.0,0,Paid
4167,4167,1057,2025-06-16,59642.0,0.0,0,Paid
4168,4168,1055,,0,13763.0,229,Open
4169,4169,1012,2025-05-16,18403.0,0.0,0,Paid
4170,4170,1093,2025-05-19,68300.0,0.0,0,Paid
4171,4171,1086,,0,45172.0,212,Open
4172,4172,1074,,0,14665.0,244,Open
4173,4173,1123,2025-05-12,29640.0,0.0,0,Paid
4174,4174,1111,,0,25897.0,229,Open
4175,4175,1006,2025-05-31,14130.0,0.0,0,Paid
4176,4176,1065,,0,55053.0,227,Open
4177,4177,1113,2025-06-16,21025.0,0.0,0,Paid
4178,4178,1120,2025-05-17,11116.0,0.0,0,Paid
4179,4179,1118,2025-06-15,63763.0,0.0,0,Paid
4180,4180,1093,2025-05-23,14107.0,0.0,0,Paid
4181,4181,1091,2025-05-14,38949.0,0.0,0,Paid
4182,4182,1112,2025-05-08,15984.0,0.0,0,Paid
4183,4183,1058,2025-06-02,81006.0,0.0,0,Paid
4184,4184,1050,2025-05-27,23539.0,0.0,0,Paid
4185,4185,1113,2025-05-30,35942.0,0.0,0,Paid
4186,4186,1123,2025-05-16,32060.0,0.0,0,Paid
4187,4187,1063,2025-05-12,21101.0,0.0,0,Paid
4188,4188,1077,2025-06-07,13985.0,0.0,0,Paid
4189,4189,1038,2025-06-11,46389.0,0.0,0,Paid
4190,4190,1033,2025-05-18,13916.0,0.0,0,Paid
4191,4191,1090,2025-05-23,42360.0,0.0,0,Paid
4192,4192,1027,2025-05-20,61201.0,0.0,0,Paid
4193,4193,1006,2025-05-24,60711.0,0.0,0,Paid
4194,4194,1086,2025-05-27,160601.0,0.0,0,Paid
4195,4195,1063,2025-05-14,19571.0,0.0,0,Paid
4196,4196,1066,,0,32729.0,212,Open
4197,4197,1097,2025-05-19,26512.0,0.0,0,Paid
4198,4198,1119,2025-05-01,44968.0,0.0,0,Paid
4199,4199,1089,2025-05-08,24674.0,0.0,0,Paid
4200,4200,1081,2025-05-02,79192.0,0.0,0,Paid
4201,4201,1110,2025-07-14,132261.0,0.0,0,Paid
4202,4202,1035,2025-06-12,34218.0,0.0,0,Paid
4203,4203,1107,2025-05-14,93285.0,0.0,0,Paid
4204,4204,1018,,0,41345.0,242,Open
4205,4205,1055,2025-05-26,39270.0,0.0,0,Paid
4206,4206,1101,2025-06-24,208796.0,0.0,0,Paid
4207,4207,1107,2025-05-07,25622.0,0.0,0,Paid
4208,4208,1065,2025-05-21,16408.0,0.0,0,Paid
4209,4209,1084,,0,80061.0,240,Open
4210,4210,1030,2025-05-29,105549.0,0.0,0,Paid
4211,4211,1030,2025-05-02,14153.0,0.0,0,Paid
4212,4212,1015,2025-06-23,44122.0,0.0,0,Paid
4213,4213,1003,2025-05-20,25199.0,0.0,0,Paid
4214,4214,1034,2025-05-17,14277.0,0.0,0,Paid
4215,4215,1111,2025-06-11,226652.0,0.0,0,Paid
4216,4216,1093,2025-06-03,116547.0,0.0,0,Paid
4217,4217,1003,2025-06-05,38301.0,0.0,0,Paid
4218,4218,1108,2025-05-19,49970.0,0.0,0,Paid
4219,4219,1031,2025-04-28,21468.0,0.0,0,Paid
4220,4220,1062,2025-05-28,94225.0,0.0,0,Paid
4221,4221,1036,2025-06-06,24009.0,0.0,0,Paid
4222,4222,1095,2025-06-03,38110.0,0.0,0,Paid
4223,4223,1053,2025-05-14,18858.0,0.0,0,Paid
4224,4224,1064,2025-05-19,17967.0,0.0,0,Paid
4225,4225,1089,2025-06-28,137196.0,0.0,0,Paid
4226,4226,1007,2025-05-13,21565.0,0.0,0,Paid
4227,4227,1013,2025-05-13,15975.0,0.0,0,Paid
4228,4228,1089,2025-04-28,23735.0,0.0,0,Paid
4229,4229,1100,2025-05-16,23518.0,0.0,0,Paid
4230,4230,1054,2025-05-25,32037.0,0.0,0,Paid
4231,4231,1053,2025-05-26,23515.0,0.0,0,Paid
4232,4232,1004,2025-05-30,52584.0,0.0,0,Paid
4233,4233,1123,2025-05-25,27443.0,0.0,0,Paid
4234,4234,1012,2025-05-17,169730.0,0.0,0,Paid
4235,4235,1022,2025-06-14,40493.0,0.0,0,Paid
4236,4236,1066,2025-05-28,15011.0,0.0,0,Paid
4237,4237,1019,2025-06-03,14393.0,0.0,0,Paid
4238,4238,1100,2025-06-02,13074.0,0.0,0,Paid
4239,4239,1064,2025-05-13,34539.0,0.0,0,Paid
4240,4240,1001,,0,15486.0,227,Open
4241,4241,1019,2025-06-06,14842.0,0.0,0,Paid
4242,4242,1024,,0,105894.0,210,Open
4243,4243,1019,2025-05-27,12020.0,0.0,0,Paid
4244,4244,1094,2025-06-05,15285.0,0.0,0,Paid
4245,4245,1035,2025-05-12,86203.0,0.0,0,Paid
4246,4246,1079,2025-05-27,40047.0,0.0,0,Paid
4247,4247,1081,2025-05-31,43719.0,0.0,0,Paid
4248,4248,1060,2025-06-02,13669.0,0.0,0,Paid
4249,4249,1125,2025-05-24,23044.0,0.0,0,Paid
4250,4250,1070,2025-06-08,28916.0,0.0,0,Paid
4251,4251,1014,2025-05-20,25806.0,0.0,0,Paid
4252,4252,1012,2025-05-08,16562.0,0.0,0,Paid
4253,4253,1097,2025-05-23,24970.0,0.0,0,Paid
4254,4254,1072,2025-05-11,62690.0,0.0,0,Paid
4255,4255,1087,2025-05-01,61011.0,0.0,0,Paid
4256,4256,1068,2025-06-05,13675.0,0.0,0,Paid
4257,4257,1096,2025-05-14,27049.0,0.0,0,Paid
4258,4258,1074,2025-05-19,49746.0,0.0,0,Paid
4259,4259,1017,2025-05-30,15718.0,0.0,0,Paid
4260,4260,1068,2025-05-11,11521.0,0.0,0,Paid
4261,4261,1026,2025-06-05,80952.0,0.0,0,Paid
4262,4262,1030,2025-06-12,74570.0,0.0,0,Paid
4263,4263,1058,2025-06-01,11810.0,0.0,0,Paid
4264,4264,1053,2025-05-07,32389.0,0.0,0,Paid
4265,4265,1110,2025-05-16,37907.0,0.0,0,Paid
4266,4266,1121,2025-06-03,40898.0,0.0,0,Paid
4267,4267,1098,2025-06-09,84822.0,0.0,0,Paid
4268,4268,1067,2025-05-15,16623.0,0.0,0,Paid
4269,4269,1076,2025-05-17,42506.0,0.0,0,Paid
4270,4270,1074,2025-05-04,14718.0,0.0,0,Paid
4271,4271,1001,,23766.0,16102.0,240,Open
4272,4272,1050,,0,85117.0,207,Open
4273,4273,1026,2025-05-25,62871.0,0.0,0,Paid
4274,4274,1069,2025-05-29,91963.0,0.0,0,Paid
4275,4275,1002,2025-04-30,56453.0,0.0,0,Paid
4276,4276,1108,2025-05-21,63109.0,0.0,0,Paid
4277,4277,1034,2025-05-23,97340.0,0.0,0,Paid
4278,4278,1077,2025-05-20,14587.0,0.0,0,Paid
4279,4279,1016,2025-06-16,197515.0,0.0,0,Paid
4280,4280,1058,2025-05-28,73434.0,0.0,0,Paid
4281,4281,1072,2025-04-29,12574.0,0.0,0,Paid
4282,4282,1019,2025-05-19,64092.0,0.0,0,Paid
4283,4283,1034,2025-05-23,102750.0,0.0,0,Paid
4284,4284,1027,2025-05-23,111662.0,0.0,0,Paid
4285,4285,1121,2025-05-30,15015.0,0.0,0,Paid
4286,4286,1114,2025-06-03,41709.0,0.0,0,Paid
4287,4287,1008,,0,77826.0,238,Open
4288,4288,1003,2025-06-08,23337.0,0.0,0,Paid
4289,4289,1118,2025-05-18,120319.0,0.0,0,Paid
4290,4290,1119,2025-05-09,14134.0,0.0,0,Paid
4291,4291,1068,,0,98519.0,207,Open
4292,4292,1089,2025-05-17,61549.0,0.0,0,Paid
4293,4293,1025,2025-04-29,14264.0,0.0,0,Paid
4294,4294,1045,2025-06-03,13235.0,0.0,0,Paid
4295,4295,1099,2025-05-22,27121.0,0.0,0,Paid
4296,4296,1014,2025-05-19,23004.0,0.0,0,Paid
4297,4297,1125,2025-05-23,51935.0,0.0,0,Paid
4298,4298,1111,2025-06-03,27588.0,0.0,0,Paid
4299,4299,1008,2025-05-22,28174.0,0.0,0,Paid
4300,4300,1017,2025-05-04,29268.0,0.0,0,Paid
4301,4301,1096,2025-04-30,42387.0,0.0,0,Paid
4302,4302,1073,2025-05-09,29309.0,0.0,0,Paid
4303,4303,1084,2025-05-13,84954.0,0.0,0,Paid
4304,4304,1002,,0,127022.0,223,Open
4305,4305,1115,2025-06-05,46851.0,0.0,0,Paid
4306,4306,1049,,0,109139.0,222,Open
4307,4307,1057,2025-06-04,95950.0,0.0,0,Paid
4308,4308,1014,2025-05-30,11438.0,0.0,0,Paid
4309,4309,1064,2025-04-30,25580.0,0.0,0,Paid
4310,4310,1109,2025-06-10,65461.0,0.0,0,Paid
4311,4311,1054,2025-06-21,14485.0,0.0,0,Paid
4312,4312,1013,2025-05-11,82319.0,0.0,0,Paid
4313,4313,1122,,0,22946.0,240,Open
4314,4314,1104,2025-05-21,28894.0,0.0,0,Paid
4315,4315,1052,2025-05-29,28128.0,0.0,0,Paid
4316,4316,1113,2025-07-02,148040.0,0.0,0,Paid
4317,4317,1057,,40302.0,33603.0,236,Open
4318,4318,1011,2025-06-02,59483.0,0.0,0,Paid
4319,4319,1047,2025-06-08,42683.0,0.0,0,Paid
4320,4320,1073,2025-05-01,31740.0,0.0,0,Paid
4321,4321,1031,2025-05-31,20037.0,0.0,0,Paid
4322,4322,1113,2025-05-28,16555.0,0.0,0,Paid
4323,4323,1015,2025-05-20,42519.0,0.0,0,Paid
4324,4324,1097,2025-05-09,15610.0,0.0,0,Paid
4325,4325,1023,2025-06-18,28603.0,0.0,0,Paid
4326,4326,1012,2025-06-10,32714.0,0.0,0,Paid
4327,4327,1064,2025-05-15,20314.0,0.0,0,Paid
4328,4328,1110,2025-05-14,72005.0,0.0,0,Paid
4329,4329,1087,2025-05-12,22959.0,0.0,0,Paid
4330,4330,1009,2025-06-27,18796.0,0.0,0,Paid
4331,4331,1069,2025-06-26,19961.0,0.0,0,Paid
4332,4332,1013,2025-05-23,30401.0,0.0,0,Paid
4333,4333,1021,,111974.0,60968.0,206,Open
4334,4334,1093,2025-05-16,66673.0,0.0,0,Paid
4335,4335,1052,2025-05-31,58313.0,0.0,0,Paid
4336,4336,1031,2025-05-30,27489.0,0.0,0,Paid
4337,4337,1112,2025-05-30,23247.0,0.0,0,Paid
4338,4338,1026,2025-05-30,25939.0,0.0,0,Paid
4339,4339,1080,2025-06-12,38346.0,0.0,0,Paid
4340,4340,1002,2025-07-06,105205.0,0.0,0,Paid
4341,4341,1015,2025-06-02,59656.0,0.0,0,Paid
4342,4342,1098,2025-05-31,46118.0,0.0,0,Paid
4343,4343,1014,2025-05-09,42971.0,0.0,0,Paid
4344,4344,1046,2025-06-13,100891.0,0.0,0,Paid
4345,4345,1007,2025-06-10,50193.0,0.0,0,Paid
4346,4346,1060,2025-05-07,21997.0,0.0,0,Paid
4347,4347,1002,2025-06-28,47732.0,0.0,0,Paid
4348,4348,1022,2025-05-19,21309.0,0.0,0,Paid
4349,4349,1072,2025-05-16,22351.0,0.0,0,Paid
4350,4350,1100,2025-06-07,89319.0,0.0,0,Paid
4351,4351,1014,2025-06-17,35414.0,0.0,0,Paid
4352,4352,1100,2025-05-21,32809.0,0.0,0,Paid
4353,4353,1113,2025-06-10,111100.0,0.0,0,Paid
4354,4354,1062,2025-05-07,39891.0,0.0,0,Paid
4355,4355,1058,2025-05-05,18970.0,0.0,0,Paid
4356,4356,1116,2025-06-17,65227.0,0.0,0,Paid
4357,4357,1047,2025-05-05,42874.0,0.0,0,Paid
4358,4358,1005,2025-06-01,64149.0,0.0,0,Paid
4359,4359,1018,2025-06-04,42671.0,0.0,0,Paid
4360,4360,1125,2025-05-04,33199.0,0.0,0,Paid
4361,4361,1098,2025-05-03,75498.0,0.0,0,Paid
4362,4362,1051,2025-05-14,27715.0,0.0,0,Paid
4363,4363,1056,,0,18532.0,224,Open
4364,4364,1118,2025-05-23,18947.0,0.0,0,Paid
4365,4365,1008,2025-06-25,96938.0,0.0,0,Paid
4366,4366,1106,2025-06-19,66991.0,0.0,0,Paid
4367,4367,1006,2025-05-17,16587.0,0.0,0,Paid
4368,4368,1099,2025-06-20,151083.0,0.0,0,Paid
4369,4369,1015,2025-06-09,40770.0,0.0,0,Paid
4370,4370,1037,2025-05-19,98727.0,0.0,0,Paid
4371,4371,1014,2025-05-01,24649.0,0.0,0,Paid
4372,4372,1105,2025-05-30,42280.0,0.0,0,Paid
4373,4373,1049,2025-05-12,65704.0,0.0,0,Paid
4374,4374,1071,2025-05-02,31944.0,0.0,0,Paid
4375,4375,1112,2025-06-15,92267.0,0.0,0,Paid
4376,4376,1071,2025-06-09,110376.0,0.0,0,Paid
4377,4377,1117,2025-05-22,14251.0,0.0,0,Paid
4378,4378,1063,2025-06-07,23206.0,0.0,0,Paid
4379,4379,1061,2025-05-07,70183.0,0.0,0,Paid
4380,4380,1118,2025-06-01,14110.0,0.0,0,Paid
4381,4381,1043,2025-05-16,30311.0,0.0,0,Paid
4382,4382,1098,2025-06-15,31248.0,0.0,0,Paid
4383,4383,1121,2025-05-08,39468.0,0.0,0,Paid
4384,4384,1050,2025-05-10,58191.0,0.0,0,Paid
4385,4385,1098,2025-05-20,14613.0,0.0,0,Paid
4386,4386,1019,2025-05-06,94719.0,0.0,0,Paid
4387,4387,1059,2025-05-28,14001.0,0.0,0,Paid
4388,4388,1097,2025-05-25,35197.0,0.0,0,Paid
4389,4389,1030,2025-05-10,48826.0,0.0,0,Paid
4390,4390,1030,2025-05-22,58335.0,0.0,0,Paid
4391,4391,1038,2025-06-26,60550.0,0.0,0,Paid
4392,4392,1024,2025-06-08,112773.0,0.0,0,Paid
4393,4393,1034,2025-06-18,15928.0,0.0,0,Paid
4394,4394,1024,2025-05-16,78947.0,0.0,0,Paid
4395,4395,1058,2025-06-12,56344.0,0.0,0,Paid
4396,4396,1027,2025-06-06,13628.0,0.0,0,Paid
4397,4397,1091,2025-05-30,55615.0,0.0,0,Paid
4398,4398,1054,2025-06-06,15596.0,0.0,0,Paid
4399,4399,1115,2025-06-15,39327.0,0.0,0,Paid
4400,4400,1086,2025-05-31,52872.0,0.0,0,Paid
4401,4401,1120,2025-05-07,60720.0,0.0,0,Paid
4402,4402,1100,2025-05-24,45271.0,0.0,0,Paid
4403,4403,1101,,0,14929.0,223,Open
4404,4404,1074,2025-06-19,30405.0,0.0,0,Paid
4405,4405,1077,2025-05-19,11938.0,0.0,0,Paid
4406,4406,1084,2025-05-26,57100.0,0.0,0,Paid
4407,4407,1061,2025-05-24,46365.0,0.0,0,Paid
4408,4408,1056,2025-06-21,87238.0,0.0,0,Paid
4409,4409,1031,,0,61597.0,222,Open
4410,4410,1052,2025-05-28,67909.0,0.0,0,Paid
4411,4411,1024,2025-05-29,19967.0,0.0,0,Paid
4412,4412,1098,2025-05-19,16003.0,0.0,0,Paid
4413,4413,1114,2025-06-11,27253.0,0.0,0,Paid
4414,4414,1100,2025-05-29,44722.0,0.0,0,Paid
4415,4415,1015,2025-05-27,26814.0,0.0,0,Paid
4416,4416,1023,2025-07-13,38984.0,0.0,0,Paid
4417,4417,1002,2025-05-19,78115.0,0.0,0,Paid
4418,4418,1053,2025-05-21,66220.0,0.0,0,Paid
4419,4419,1002,2025-06-10,153615.0,0.0,0,Paid
4420,4420,1107,2025-05-24,72868.0,0.0,0,Paid
4421,4421,1010,2025-05-28,25790.0,0.0,0,Paid
4422,4422,1011,2025-06-13,61202.0,0.0,0,Paid
4423,4423,1006,2025-05-17,13022.0,0.0,0,Paid
4424,4424,1024,2025-05-08,87348.0,0.0,0,Paid
4425,4425,1036,,0,30674.0,222,Open
4426,4426,1036,2025-05-22,15675.0,0.0,0,Paid
4427,4427,1072,2025-05-28,71246.0,0.0,0,Paid
4428,4428,1042,2025-06-01,14380.0,0.0,0,Paid
4429,4429,1071,2025-06-07,13853.0,0.0,0,Paid
4430,4430,1078,2025-05-26,35398.0,0.0,0,Paid
4431,4431,1111,2025-05-28,29880.0,0.0,0,Paid
4432,4432,1050,2025-06-18,52038.0,0.0,0,Paid
4433,4433,1008,2025-05-25,41661.0,0.0,0,Paid
4434,4434,1051,2025-05-21,24924.0,0.0,0,Paid
4435,4435,1046,2025-05-05,68703.0,0.0,0,Paid
4436,4436,1096,2025-06-09,62517.0,0.0,0,Paid
4437,4437,1056,2025-06-11,53251.0,0.0,0,Paid
4438,4438,1047,2025-05-18,13371.0,0.0,0,Paid
4439,4439,1092,2025-06-05,58786.0,0.0,0,Paid
4440,4440,1022,2025-06-03,52867.0,0.0,0,Paid
4441,4441,1121,2025-05-14,25026.0,0.0,0,Paid
4442,4442,1036,2025-06-13,36759.0,0.0,0,Paid
4443,4443,1045,2025-06-12,31639.0,0.0,0,Paid
4444,4444,1123,2025-06-09,31266.0,0.0,0,Paid
4445,4445,1104,2025-05-29,33234.0,0.0,0,Paid
4446,4446,1080,2025-06-10,46176.0,0.0,0,Paid
4447,4447,1115,,13521.0,16308.0,237,Open
4448,4448,1105,2025-06-17,57982.0,0.0,0,Paid
4449,4449,1100,2025-05-09,45039.0,0.0,0,Paid
4450,4450,1032,2025-06-19,58847.0,0.0,0,Paid
4451,4451,1045,2025-05-30,17003.0,0.0,0,Paid
4452,4452,1030,2025-06-21,67543.0,0.0,0,Paid
4453,4453,1113,2025-05-27,40149.0,0.0,0,Paid
4454,4454,1077,2025-06-28,42318.0,0.0,0,Paid
4455,4455,1016,2025-06-12,50451.0,0.0,0,Paid
4456,4456,1010,2025-05-31,57913.0,0.0,0,Paid
4457,4457,1050,,0,21881.0,207,Open
4458,4458,1058,2025-06-15,40631.0,0.0,0,Paid
4459,4459,1017,2025-06-06,68786.0,0.0,0,Paid
4460,4460,1093,2025-05-17,28309.0,0.0,0,Paid
4461,4461,1036,2025-06-04,54418.0,0.0,0,Paid
4462,4462,1050,2025-05-07,12974.0,0.0,0,Paid
4463,4463,1114,2025-06-26,54451.0,0.0,0,Paid
4464,4464,1076,2025-06-03,19388.0,0.0,0,Paid
4465,4465,1035,2025-05-31,43349.0,0.0,0,Paid
4466,4466,1046,2025-06-16,14632.0,0.0,0,Paid
4467,4467,1041,2025-05-22,85143.0,0.0,0,Paid
4468,4468,1039,2025-06-11,16465.0,0.0,0,Paid
4469,4469,1057,2025-06-03,43372.0,0.0,0,Paid
4470,4470,1017,2025-05-10,44502.0,0.0,0,Paid
4471,4471,1020,2025-05-23,44762.0,0.0,0,Paid
4472,4472,1087,2025-07-01,55220.0,0.0,0,Paid
4473,4473,1076,2025-05-30,53876.0,0.0,0,Paid
4474,4474,1006,2025-05-13,56433.0,0.0,0,Paid
4475,4475,1026,2025-06-08,28542.0,0.0,0,Paid
4476,4476,1056,2025-06-18,97318.0,0.0,0,Paid
4477,4477,1008,2025-05-22,27470.0,0.0,0,Paid
4478,4478,1008,2025-05-05,25730.0,0.0,0,Paid
4479,4479,1101,2025-06-18,32965.0,0.0,0,Paid
4480,4480,1100,2025-06-10,29304.0,0.0,0,Paid
4481,4481,1018,2025-06-26,26197.0,0.0,0,Paid
4482,4482,1085,2025-06-11,13076.0,0.0,0,Paid
4483,4483,1028,2025-05-31,22422.0,0.0,0,Paid
4484,4484,1051,2025-06-06,53441.0,0.0,0,Paid
4485,4485,1045,2025-05-31,14852.0,0.0,0,Paid
4486,4486,1082,2025-06-09,14688.0,0.0,0,Paid
4487,4487,1058,2025-06-23,40050.0,0.0,0,Paid
4488,4488,1002,2025-06-13,31723.0,0.0,0,Paid
4489,4489,1032,2025-05-26,60317.0,0.0,0,Paid
4490,4490,1002,2025-05-19,29812.0,0.0,0,Paid
4491,4491,1107,2025-05-21,60703.0,0.0,0,Paid
4492,4492,1115,2025-06-13,26737.0,0.0,0,Paid
4493,4493,1047,2025-05-21,46499.0,0.0,0,Paid
4494,4494,1092,2025-06-03,13823.0,0.0,0,Paid
4495,4495,1011,2025-05-24,13813.0,0.0,0,Paid
4496,4496,1021,2025-05-29,20726.0,0.0,0,Paid
4497,4497,1076,2025-06-09,31487.0,0.0,0,Paid
4498,4498,1068,2025-05-30,52230.0,0.0,0,Paid
4499,4499,1052,,0,28549.0,220,Open
4500,4500,1061,2025-06-18,11479.0,0.0,0,Paid
4501,4501,1028,,0,115073.0,218,Open
4502,4502,1060,2025-05-11,62969.0,0.0,0,Paid
4503,4503,1106,2025-06-06,14727.0,0.0,0,Paid
4504,4504,1114,2025-06-19,15983.0,0.0,0,Paid
4505,4505,1120,2025-07-04,33108.0,0.0,0,Paid
4506,4506,1121,2025-05-26,40354.0,0.0,0,Paid
4507,4507,1116,2025-06-25,14408.0,0.0,0,Paid
4508,4508,1085,2025-06-23,35990.0,0.0,0,Paid
4509,4509,1005,2025-06-20,47917.0,0.0,0,Paid
4510,4510,1078,,0,46661.0,218,Open
4511,4511,1009,2025-05-12,29860.0,0.0,0,Paid
4512,4512,1071,2025-06-30,68594.0,0.0,0,Paid
4513,4513,1025,,0,61942.0,216,Open
4514,4514,1022,2025-06-06,42284.0,0.0,0,Paid
4515,4515,1064,2025-05-25,14118.0,0.0,0,Paid
4516,4516,1043,2025-06-08,12873.0,0.0,0,Paid
4517,4517,1002,2025-06-19,67932.0,0.0,0,Paid
4518,4518,1048,2025-05-13,60182.0,0.0,0,Paid
4519,4519,1036,2025-05-24,38588.0,0.0,0,Paid
4520,4520,1094,2025-05-22,21787.0,0.0,0,Paid
4521,4521,1030,2025-06-23,25557.0,0.0,0,Paid
4522,4522,1062,,0,19334.0,220,Open
4523,4523,1100,2025-05-22,19648.0,0.0,0,Paid
4524,4524,1075,2025-06-09,18468.0,0.0,0,Paid
4525,4525,1063,2025-05-06,78677.0,0.0,0,Paid
4526,4526,1038,2025-06-13,72693.0,0.0,0,Paid
4527,4527,1007,2025-05-27,28716.0,0.0,0,Paid
4528,4528,1058,2025-05-14,33011.0,0.0,0,Paid
4529,4529,1109,2025-06-08,151148.0,0.0,0,Paid
4530,4530,1030,2025-07-01,48360.0,0.0,0,Paid
4531,4531,1039,2025-05-23,53172.0,0.0,0,Paid
4532,4532,1067,2025-05-05,27863.0,0.0,0,Paid
4533,4533,1090,,0,46808.0,219,Open
4534,4534,1067,2025-06-29,45100.0,0.0,0,Paid
4535,4535,1003,2025-06-22,15264.0,0.0,0,Paid
4536,4536,1113,2025-05-15,12647.0,0.0,0,Paid
4537,4537,1118,2025-05-15,14789.0,0.0,0,Paid
4538,4538,1051,2025-05-14,28576.0,0.0,0,Paid
4539,4539,1102,,0,41348.0,234,Open
4540,4540,1024,2025-05-19,25299.0,0.0,0,Paid
4541,4541,1036,2025-05-06,37298.0,0.0,0,Paid
4542,4542,1058,2025-05-18,68604.0,0.0,0,Paid
4543,4543,1077,2025-06-08,41097.0,0.0,0,Paid
4544,4544,1027,2025-05-24,37362.0,0.0,0,Paid
4545,4545,1080,2025-05-12,23041.0,0.0,0,Paid
4546,4546,1052,2025-06-12,59349.0,0.0,0,Paid
4547,4547,1109,2025-06-21,38017.0,0.0,0,Paid
4548,4548,1107,2025-05-11,18252.0,0.0,0,Paid
4549,4549,1090,2025-06-05,32372.0,0.0,0,Paid
4550,4550,1051,2025-06-14,45060.0,0.0,0,Paid
4551,4551,1052,2025-06-10,40560.0,0.0,0,Paid
4552,4552,1025,2025-06-30,41418.0,0.0,0,Paid
4553,4553,1108,2025-06-06,61532.0,0.0,0,Paid
4554,4554,1021,2025-06-02,36209.0,0.0,0,Paid
4555,4555,1042,2025-06-06,37270.0,0.0,0,Paid
4556,4556,1095,2025-05-28,83839.0,0.0,0,Paid
4557,4557,1107,2025-05-21,27678.0,0.0,0,Paid
4558,4558,1092,2025-06-02,13859.0,0.0,0,Paid
4559,4559,1031,2025-05-27,41247.0,0.0,0,Paid
4560,4560,1082,2025-06-01,29367.0,0.0,0,Paid
4561,4561,1100,2025-06-08,20667.0,0.0,0,Paid
4562,4562,1009,,41139.0,77269.0,215,Open
4563,4563,1001,2025-05-30,59048.0,0.0,0,Paid
4564,4564,1072,2025-06-23,83407.0,0.0,0,Paid
4565,4565,1101,2025-05-23,81330.0,0.0,0,Paid
4566,4566,1095,,5115.0,9092.0,204,Open
4567,4567,1061,2025-06-09,42901.0,0.0,0,Paid
4568,4568,1085,2025-05-27,74902.0,0.0,0,Paid
4569,4569,1068,2025-06-02,16241.0,0.0,0,Paid
4570,4570,1109,,0,62061.0,202,Open
4571,4571,1085,2025-05-23,41041.0,0.0,0,Paid
4572,4572,1058,,0,38805.0,202,Open
4573,4573,1077,2025-05-06,34651.0,0.0,0,Paid
4574,4574,1004,2025-05-28,55152.0,0.0,0,Paid
4575,4575,1115,2025-06-08,46354.0,0.0,0,Paid
4576,4576,1077,2025-05-26,116981.0,0.0,0,Paid
4577,4577,1099,2025-06-13,55680.0,0.0,0,Paid
4578,4578,1109,2025-06-09,14293.0,0.0,0,Paid
4579,4579,1075,2025-06-03,12720.0,0.0,0,Paid
4580,4580,1012,2025-07-06,126933.0,0.0,0,Paid
4581,4581,1076,2025-05-29,26327.0,0.0,0,Paid
4582,4582,1103,2025-06-12,63145.0,0.0,0,Paid
4583,4583,1005,2025-05-23,31381.0,0.0,0,Paid
4584,4584,1097,2025-05-30,59209.0,0.0,0,Paid
4585,4585,1036,2025-05-12,182881.0,0.0,0,Paid
4586,4586,1081,2025-05-31,11846.0,0.0,0,Paid
4587,4587,1063,2025-06-07,35085.0,0.0,0,Paid
4588,4588,1096,2025-05-08,28422.0,0.0,0,Paid
4589,4589,1048,2025-06-17,43440.0,0.0,0,Paid
4590,4590,1121,2025-06-17,28777.0,0.0,0,Paid
4591,4591,1117,2025-06-04,147842.0,0.0,0,Paid
4592,4592,1119,2025-06-14,29203.0,0.0,0,Paid
4593,4593,1118,2025-06-07,19857.0,0.0,0,Paid
4594,4594,1109,2025-05-23,18962.0,0.0,0,Paid
4595,4595,1055,2025-05-24,61832.0,0.0,0,Paid
4596,4596,1105,2025-06-25,44088.0,0.0,0,Paid
4597,4597,1112,2025-07-07,27966.0,0.0,0,Paid
4598,4598,1116,,0,33831.0,231,Open
4599,4599,1064,2025-06-06,20483.0,0.0,0,Paid
4600,4600,1052,2025-06-12,26641.0,0.0,0,Paid
4601,4601,1052,2025-05-17,78875.0,0.0,0,Paid
4602,4602,1068,2025-06-02,71477.0,0.0,0,Paid
4603,4603,1063,2025-06-03,26794.0,0.0,0,Paid
4604,4604,1023,2025-06-09,114427.0,0.0,0,Paid
4605,4605,1022,,0,13510.0,218,Open
4606,4606,1050,2025-05-19,53082.0,0.0,0,Paid
4607,4607,1023,2025-05-21,17280.0,0.0,0,Paid
4608,4608,1076,2025-06-13,14726.0,0.0,0,Paid
4609,4609,1078,,0,137148.0,215,Open
4610,4610,1042,2025-05-29,120262.0,0.0,0,Paid
4611,4611,1091,2025-06-10,60489.0,0.0,0,Paid
4612,4612,1100,,0,48278.0,202,Open
4613,4613,1122,2025-06-16,13719.0,0.0,0,Paid
4614,4614,1032,2025-06-02,30426.0,0.0,0,Paid
4615,4615,1011,2025-06-14,14515.0,0.0,0,Paid
4616,4616,1001,2025-06-24,17330.0,0.0,0,Paid
4617,4617,1120,2025-05-27,29334.0,0.0,0,Paid
4618,4618,1121,2025-05-24,45853.0,0.0,0,Paid
4619,4619,1112,2025-06-10,42025.0,0.0,0,Paid
4620,4620,1039,2025-05-25,53326.0,0.0,0,Paid
4621,4621,1082,2025-05-24,14083.0,0.0,0,Paid
4622,4622,1079,2025-05-31,75612.0,0.0,0,Paid
4623,4623,1101,2025-06-12,42734.0,0.0,0,Paid
4624,4624,1002,2025-06-01,59748.0,0.0,0,Paid
4625,4625,1044,2025-06-14,67873.0,0.0,0,Paid
4626,4626,1121,2025-05-30,40139.0,0.0,0,Paid
4627,4627,1116,2025-06-02,75439.0,0.0,0,Paid
4628,4628,1070,2025-06-05,24840.0,0.0,0,Paid
4629,4629,1110,2025-07-02,139758.0,0.0,0,Paid
4630,4630,1032,2025-05-24,29126.0,0.0,0,Paid
4631,4631,1053,2025-06-19,22682.0,0.0,0,Paid
4632,4632,1098,2025-05-26,32234.0,0.0,0,Paid
4633,4633,1038,2025-05-26,68703.0,0.0,0,Paid
4634,4634,1016,2025-06-21,43728.0,0.0,0,Paid
4635,4635,1085,2025-05-08,20743.0,0.0,0,Paid
4636,4636,1064,2025-06-20,43122.0,0.0,0,Paid
4637,4637,1064,2025-05-12,22107.0,0.0,0,Paid
4638,4638,1085,2025-06-03,29948.0,0.0,0,Paid
4639,4639,1107,,6859.0,9009.0,217,Open
4640,4640,1062,2025-05-25,61702.0,0.0,0,Paid
4641,4641,1094,2025-06-07,28489.0,0.0,0,Paid
4642,4642,1071,2025-05-13,15678.0,0.0,0,Paid
4643,4643,1004,2025-06-06,66305.0,0.0,0,Paid
4644,4644,1009,2025-06-15,77029.0,0.0,0,Paid
4645,4645,1061,2025-06-18,120155.0,0.0,0,Paid
4646,4646,1005,2025-06-13,17069.0,0.0,0,Paid
4647,4647,1125,2025-06-10,89743.0,0.0,0,Paid
4648,4648,1076,2025-06-18,25875.0,0.0,0,Paid
4649,4649,1125,2025-05-25,12389.0,0.0,0,Paid
4650,4650,1045,2025-06-13,30157.0,0.0,0,Paid
4651,4651,1104,2025-06-21,38194.0,0.0,0,Paid
4652,4652,1051,2025-06-08,61320.0,0.0,0,Paid
4653,4653,1118,2025-06-19,24294.0,0.0,0,Paid
4654,4654,1076,2025-05-31,29888.0,0.0,0,Paid
4655,4655,1040,,0,39797.0,200,Open
4656,4656,1032,,0,18630.0,232,Open
4657,4657,1023,2025-05-15,67522.0,0.0,0,Paid
4658,4658,1021,2025-06-09,27027.0,0.0,0,Paid
4659,4659,1066,2025-06-03,62468.0,0.0,0,Paid
4660,4660,1125,2025-06-11,44427.0,0.0,0,Paid
4661,4661,1070,2025-06-07,20829.0,0.0,0,Paid
4662,4662,1116,2025-05-31,25805.0,0.0,0,Paid
4663,4663,1027,2025-05-25,44587.0,0.0,0,Paid
4664,4664,1120,2025-06-18,83049.0,0.0,0,Paid
4665,4665,1109,2025-06-11,81559.0,0.0,0,Paid
4666,4666,1063,2025-06-12,60187.0,0.0,0,Paid
4667,4667,1077,2025-05-24,34109.0,0.0,0,Paid
4668,4668,1077,2025-05-17,66403.0,0.0,0,Paid
4669,4669,1037,2025-06-18,22939.0,0.0,0,Paid
4670,4670,1110,2025-06-07,26129.0,0.0,0,Paid
4671,4671,1071,2025-06-16,101281.0,0.0,0,Paid
4672,4672,1052,2025-05-09,14120.0,0.0,0,Paid
4673,4673,1059,2025-07-10,38778.0,0.0,0,Paid
4674,4674,1003,2025-05-29,114657.0,0.0,0,Paid
4675,4675,1035,2025-05-25,32589.0,0.0,0,Paid
4676,4676,1090,2025-06-09,14162.0,0.0,0,Paid
4677,4677,1118,2025-06-16,33589.0,0.0,0,Paid
4678,4678,1009,2025-05-24,19137.0,0.0,0,Paid
4679,4679,1074,2025-05-26,40824.0,0.0,0,Paid
4680,4680,1050,2025-05-17,56906.0,0.0,0,Paid
4681,4681,1074,2025-06-16,27181.0,0.0,0,Paid
4682,4682,1002,2025-06-08,14578.0,0.0,0,Paid
4683,4683,1063,2025-06-04,29671.0,0.0,0,Paid
4684,4684,1117,2025-06-01,161670.0,0.0,0,Paid
4685,4685,1006,2025-06-16,30285.0,0.0,0,Paid
4686,4686,1048,2025-05-17,13893.0,0.0,0,Paid
4687,4687,1035,,0,51742.0,199,Open
4688,4688,1002,2025-06-20,71868.0,0.0,0,Paid
4689,4689,1095,2025-06-24,57634.0,0.0,0,Paid
4690,4690,1003,2025-06-09,13147.0,0.0,0,Paid
4691,4691,1048,2025-06-24,21761.0,0.0,0,Paid
4692,4692,1110,2025-07-02,57722.0,0.0,0,Paid
4693,4693,1092,2025-05-25,28556.0,0.0,0,Paid
4694,4694,1060,2025-05-20,21600.0,0.0,0,Paid
4695,4695,1104,2025-06-03,22368.0,0.0,0,Paid
4696,4696,1072,2025-06-20,32182.0,0.0,0,Paid
4697,4697,1043,2025-06-23,31979.0,0.0,0,Paid
4698,4698,1071,2025-05-29,12824.0,0.0,0,Paid
4699,4699,1028,2025-06-02,22024.0,0.0,0,Paid
4700,4700,1021,2025-05-26,37003.0,0.0,0,Paid
4701,4701,1020,2025-05-20,62389.0,0.0,0,Paid
4702,4702,1031,2025-06-14,27229.0,0.0,0,Paid
4703,4703,1108,2025-05-19,51073.0,0.0,0,Paid
4704,4704,1082,,0,32423.0,199,Open
4705,4705,1003,2025-05-26,27177.0,0.0,0,Paid
4706,4706,1010,2025-05-26,29863.0,0.0,0,Paid
4707,4707,1057,2025-07-01,16046.0,0.0,0,Paid
4708,4708,1041,2025-06-24,37102.0,0.0,0,Paid
4709,4709,1008,2025-06-11,16570.0,0.0,0,Paid
4710,4710,1040,2025-06-06,14241.0,0.0,0,Paid
4711,4711,1124,2025-06-21,16904.0,0.0,0,Paid
4712,4712,1121,2025-05-25,41137.0,0.0,0,Paid
4713,4713,1093,2025-06-09,56230.0,0.0,0,Paid
4714,4714,1082,2025-05-17,31223.0,0.0,0,Paid
4715,4715,1120,2025-06-03,34897.0,0.0,0,Paid
4716,4716,1016,2025-05-15,36452.0,0.0,0,Paid
4717,4717,1078,2025-06-07,19540.0,0.0,0,Paid
4718,4718,1048,2025-06-27,38149.0,0.0,0,Paid
4719,4719,1032,,0,23584.0,215,Open
4720,4720,1034,2025-06-10,81370.0,0.0,0,Paid
4721,4721,1073,2025-06-02,14616.0,0.0,0,Paid
4722,4722,1109,2025-05-25,12302.0,0.0,0,Paid
4723,4723,1062,2025-06-25,106941.0,0.0,0,Paid
4724,4724,1034,2025-05-25,50769.0,0.0,0,Paid
4725,4725,1042,2025-06-05,52662.0,0.0,0,Paid
4726,4726,1049,2025-06-01,14211.0,0.0,0,Paid
4727,4727,1022,2025-06-21,31311.0,0.0,0,Paid
4728,4728,1069,2025-05-15,73689.0,0.0,0,Paid
4729,4729,1074,2025-05-28,80532.0,0.0,0,Paid
4730,4730,1055,2025-06-11,41439.0,0.0,0,Paid
4731,4731,1028,2025-06-03,20944.0,0.0,0,Paid
4732,4732,1076,2025-07-21,57888.0,0.0,0,Paid
4733,4733,1042,2025-06-17,73101.0,0.0,0,Paid
4734,4734,1044,2025-06-14,27605.0,0.0,0,Paid
4735,4735,1089,2025-07-09,29099.0,0.0,0,Paid
4736,4736,1029,2025-06-06,21734.0,0.0,0,Paid
4737,4737,1028,2025-05-31,15157.0,0.0,0,Paid
4738,4738,1081,2025-05-20,14695.0,0.0,0,Paid
4739,4739,1027,2025-05-20,18861.0,0.0,0,Paid
4740,4740,1090,2025-05-28,58860.0,0.0,0,Paid
4741,4741,1119,,50189.0,87094.0,210,Open
4742,4742,1007,2025-05-26,43816.0,0.0,0,Paid
4743,4743,1102,2025-06-01,38638.0,0.0,0,Paid
4744,4744,1106,2025-06-11,30850.0,0.0,0,Paid
4745,4745,1064,2025-06-01,26768.0,0.0,0,Paid
4746,4746,1061,2025-06-10,39516.0,0.0,0,Paid
4747,4747,1073,2025-06-10,67278.0,0.0,0,Paid
4748,4748,1021,2025-06-02,80049.0,0.0,0,Paid
4749,4749,1046,2025-05-26,13557.0,0.0,0,Paid
4750,4750,1114,2025-06-03,63584.0,0.0,0,Paid
4751,4751,1035,2025-05-26,31608.0,0.0,0,Paid
4752,4752,1014,2025-06-02,28250.0,0.0,0,Paid
4753,4753,1096,2025-05-23,19658.0,0.0,0,Paid
4754,4754,1077,2025-06-26,37060.0,0.0,0,Paid
4755,4755,1095,2025-06-10,55936.0,0.0,0,Paid
4756,4756,1103,2025-06-21,23424.0,0.0,0,Paid
4757,4757,1112,2025-06-15,20133.0,0.0,0,Paid
4758,4758,1115,2025-06-20,13911.0,0.0,0,Paid
4759,4759,1071,2025-06-09,16360.0,0.0,0,Paid
4760,4760,1117,2025-06-02,85383.0,0.0,0,Paid
4761,4761,1044,2025-06-03,24807.0,0.0,0,Paid
4762,4762,1095,,0,14663.0,198,Open
4763,4763,1117,2025-05-30,91426.0,0.0,0,Paid
4764,4764,1039,2025-05-28,30466.0,0.0,0,Paid
4765,4765,1044,2025-07-29,47550.0,0.0,0,Paid
4766,4766,1100,2025-06-26,24890.0,0.0,0,Paid
4767,4767,1027,2025-06-15,20422.0,0.0,0,Paid
4768,4768,1125,2025-06-19,34362.0,0.0,0,Paid
4769,4769,1050,2025-05-24,39432.0,0.0,0,Paid
4770,4770,1048,2025-07-15,93811.0,0.0,0,Paid
4771,4771,1077,2025-05-29,24576.0,0.0,0,Paid
4772,4772,1066,2025-07-02,89623.0,0.0,0,Paid
4773,4773,1100,2025-06-14,30197.0,0.0,0,Paid
4774,4774,1080,2025-06-04,40306.0,0.0,0,Paid
4775,4775,1103,,0,61357.0,197,Open
4776,4776,1050,2025-05-29,41948.0,0.0,0,Paid
4777,4777,1046,,0,13771.0,213,Open
4778,4778,1064,2025-06-15,86522.0,0.0,0,Paid
4779,4779,1042,2025-05-27,46873.0,0.0,0,Paid
4780,4780,1033,2025-05-27,44966.0,0.0,0,Paid
4781,4781,1050,2025-06-11,16895.0,0.0,0,Paid
4782,4782,1017,,0,18476.0,213,Open
4783,4783,1049,2025-06-13,16009.0,0.0,0,Paid
4784,4784,1034,2025-05-17,17394.0,0.0,0,Paid
4785,4785,1120,2025-06-03,24015.0,0.0,0,Paid
4786,4786,1117,2025-06-20,14531.0,0.0,0,Paid
4787,4787,1030,2025-06-12,50257.0,0.0,0,Paid
4788,4788,1123,2025-06-12,107914.0,0.0,0,Paid
4789,4789,1039,2025-05-27,13281.0,0.0,0,Paid
4790,4790,1023,,0,33730.0,213,Open
4791,4791,1070,2025-05-30,42961.0,0.0,0,Paid
4792,4792,1096,2025-05-30,37180.0,0.0,0,Paid
4793,4793,1075,2025-07-06,12059.0,0.0,0,Paid
4794,4794,1109,2025-05-24,62364.0,0.0,0,Paid
4795,4795,1018,2025-07-13,120420.0,0.0,0,Paid
4796,4796,1050,2025-06-19,12536.0,0.0,0,Paid
4797,4797,1046,2025-05-17,43815.0,0.0,0,Paid
4798,4798,1039,,0,38154.0,196,Open
4799,4799,1123,2025-05-17,131597.0,0.0,0,Paid
4800,4800,1044,2025-06-28,16620.0,0.0,0,Paid
4801,4801,1001,2025-05-23,48742.0,0.0,0,Paid
4802,4802,1084,2025-06-03,36513.0,0.0,0,Paid
4803,4803,1068,2025-07-03,136782.0,0.0,0,Paid
4804,4804,1036,2025-07-25,63391.0,0.0,0,Paid
4805,4805,1030,2025-06-13,77973.0,0.0,0,Paid
4806,4806,1061,2025-06-05,42471.0,0.0,0,Paid
4807,4807,1085,2025-06-06,25132.0,0.0,0,Paid
4808,4808,1035,2025-05-24,31142.0,0.0,0,Paid
4809,4809,1097,2025-06-27,88699.0,0.0,0,Paid
4810,4810,1083,2025-06-24,73386.0,0.0,0,Paid
4811,4811,1054,2025-06-20,47649.0,0.0,0,Paid
4812,4812,1125,2025-06-13,30426.0,0.0,0,Paid
4813,4813,1080,2025-06-03,30468.0,0.0,0,Paid
4814,4814,1062,2025-05-30,18439.0,0.0,0,Paid
4815,4815,1001,2025-06-04,30210.0,0.0,0,Paid
4816,4816,1085,2025-06-19,15816.0,0.0,0,Paid
4817,4817,1119,2025-07-16,128718.0,0.0,0,Paid
4818,4818,1065,2025-06-18,97013.0,0.0,0,Paid
4819,4819,1073,2025-07-01,44084.0,0.0,0,Paid
4820,4820,1003,,0,25941.0,211,Open
4821,4821,1084,2025-06-19,120672.0,0.0,0,Paid
4822,4822,1075,2025-05-30,30951.0,0.0,0,Paid
4823,4823,1008,2025-05-28,12898.0,0.0,0,Paid
4824,4824,1055,2025-06-09,46769.0,0.0,0,Paid
4825,4825,1008,2025-06-21,12939.0,0.0,0,Paid
4826,4826,1058,2025-05-29,36858.0,0.0,0,Paid
4827,4827,1041,2025-06-24,69901.0,0.0,0,Paid
4828,4828,1105,2025-06-17,24415.0,0.0,0,Paid
4829,4829,1027,2025-05-24,64726.0,0.0,0,Paid
4830,4830,1042,2025-06-15,14851.0,0.0,0,Paid
4831,4831,1098,2025-06-18,17666.0,0.0,0,Paid
4832,4832,1071,2025-05-21,52279.0,0.0,0,Paid
4833,4833,1111,2025-06-23,13603.0,0.0,0,Paid
4834,4834,1011,2025-06-29,16284.0,0.0,0,Paid
4835,4835,1101,2025-06-11,32955.0,0.0,0,Paid
4836,4836,1095,2025-05-29,25460.0,0.0,0,Paid
4837,4837,1102,,0,67195.0,209,Open
4838,4838,1099,2025-06-11,45720.0,0.0,0,Paid
4839,4839,1063,2025-06-02,38537.0,0.0,0,Paid
4840,4840,1112,2025-05-31,30039.0,0.0,0,Paid
4841,4841,1062,2025-06-13,25895.0,0.0,0,Paid
4842,4842,1029,2025-06-08,64954.0,0.0,0,Paid
4843,4843,1109,2025-07-23,37754.0,0.0,0,Paid
4844,4844,1041,2025-05-29,15123.0,0.0,0,Paid
4845,4845,1079,2025-05-30,25689.0,0.0,0,Paid
4846,4846,1044,,0,27731.0,210,Open
4847,4847,1057,2025-06-18,35171.0,0.0,0,Paid
4848,4848,1028,,5081.0,11235.0,196,Open
4849,4849,1088,2025-06-21,11089.0,0.0,0,Paid
4850,4850,1012,2025-06-06,37683.0,0.0,0,Paid
4851,4851,1095,2025-06-24,41370.0,0.0,0,Paid
4852,4852,1066,,10542.0,5263.0,226,Open
4853,4853,1009,2025-05-30,20617.0,0.0,0,Paid
4854,4854,1020,2025-06-02,32216.0,0.0,0,Paid
4855,4855,1109,,0,132087.0,207,Open
4856,4856,1051,2025-05-20,28967.0,0.0,0,Paid
4857,4857,1096,2025-05-23,117316.0,0.0,0,Paid
4858,4858,1007,2025-05-21,25360.0,0.0,0,Paid
4859,4859,1039,2025-07-03,31279.0,0.0,0,Paid
4860,4860,1125,2025-07-01,71577.0,0.0,0,Paid
4861,4861,1098,2025-06-19,44841.0,0.0,0,Paid
4862,4862,1105,2025-06-15,103896.0,0.0,0,Paid
4863,4863,1079,2025-06-12,23721.0,0.0,0,Paid
4864,4864,1046,2025-05-15,13246.0,0.0,0,Paid
4865,4865,1118,2025-05-30,37876.0,0.0,0,Paid
4866,4866,1066,2025-06-23,57430.0,0.0,0,Paid
4867,4867,1091,2025-06-03,26722.0,0.0,0,Paid
4868,4868,1085,2025-06-29,24531.0,0.0,0,Paid
4869,4869,1030,2025-06-15,13058.0,0.0,0,Paid
4870,4870,1045,2025-06-04,14507.0,0.0,0,Paid
4871,4871,1056,,0,19509.0,211,Open
4872,4872,1050,,0,37758.0,196,Open
4873,4873,1094,2025-06-30,112984.0,0.0,0,Paid
4874,4874,1118,2025-06-17,35216.0,0.0,0,Paid
4875,4875,1119,2025-06-26,20596.0,0.0,0,Paid
4876,4876,1115,2025-07-03,35644.0,0.0,0,Paid
4877,4877,1073,2025-05-25,32146.0,0.0,0,Paid
4878,4878,1101,2025-05-25,41809.0,0.0,0,Paid
4879,4879,1050,,0,66406.0,209,Open
4880,4880,1063,,7467.0,12521.0,211,Open
4881,4881,1017,2025-05-26,37627.0,0.0,0,Paid
4882,4882,1031,2025-05-21,59378.0,0.0,0,Paid
4883,4883,1020,2025-06-25,96629.0,0.0,0,Paid
4884,4884,1093,2025-07-20,64660.0,0.0,0,Paid
4885,4885,1054,2025-06-10,49668.0,0.0,0,Paid
4886,4886,1049,2025-07-06,29927.0,0.0,0,Paid
4887,4887,1096,2025-06-14,69793.0,0.0,0,Paid
4888,4888,1122,2025-06-09,13710.0,0.0,0,Paid
4889,4889,1029,2025-06-20,30733.0,0.0,0,Paid
4890,4890,1116,2025-06-10,31441.0,0.0,0,Paid
4891,4891,1063,2025-05-26,74414.0,0.0,0,Paid
4892,4892,1111,2025-06-13,39345.0,0.0,0,Paid
4893,4893,1016,2025-06-05,13476.0,0.0,0,Paid
4894,4894,1032,,6696.0,9250.0,210,Open
4895,4895,1056,2025-07-02,89057.0,0.0,0,Paid
4896,4896,1105,2025-05-15,24324.0,0.0,0,Paid
4897,4897,1009,,0,28855.0,209,Open
4898,4898,1116,2025-06-26,59558.0,0.0,0,Paid
4899,4899,1082,2025-06-17,73174.0,0.0,0,Paid
4900,4900,1113,2025-07-07,51372.0,0.0,0,Paid
4901,4901,1124,2025-06-09,17493.0,0.0,0,Paid
4902,4902,1125,2025-06-01,112807.0,0.0,0,Paid
4903,4903,1107,2025-07-09,41578.0,0.0,0,Paid
4904,4904,1119,2025-07-08,107115.0,0.0,0,Paid
4905,4905,1069,2025-05-26,80024.0,0.0,0,Paid
4906,4906,1031,2025-06-08,15113.0,0.0,0,Paid
4907,4907,1090,,0,27564.0,225,Open
4908,4908,1107,,0,44090.0,223,Open
4909,4909,1068,2025-06-18,29422.0,0.0,0,Paid
4910,4910,1009,2025-07-16,37588.0,0.0,0,Paid
4911,4911,1057,,0,44982.0,223,Open
4912,4912,1025,2025-07-04,44027.0,0.0,0,Paid
4913,4913,1090,2025-05-24,15509.0,0.0,0,Paid
4914,4914,1012,2025-06-04,115673.0,0.0,0,Paid
4915,4915,1069,2025-06-01,27552.0,0.0,0,Paid
4916,4916,1010,2025-05-17,33708.0,0.0,0,Paid
4917,4917,1052,2025-05-26,22927.0,0.0,0,Paid
4918,4918,1007,2025-05-22,21864.0,0.0,0,Paid
4919,4919,1019,2025-06-12,34171.0,0.0,0,Paid
4920,4920,1010,2025-06-01,84415.0,0.0,0,Paid
4921,4921,1026,2025-05-16,18085.0,0.0,0,Paid
4922,4922,1056,2025-06-22,16945.0,0.0,0,Paid
4923,4923,1043,2025-06-20,155516.0,0.0,0,Paid
4924,4924,1095,2025-05-31,27655.0,0.0,0,Paid
4925,4925,1052,2025-06-29,13819.0,0.0,0,Paid
4926,4926,1073,2025-06-10,14311.0,0.0,0,Paid
4927,4927,1055,2025-06-08,14791.0,0.0,0,Paid
4928,4928,1018,2025-05-24,26878.0,0.0,0,Paid
4929,4929,1112,,0,15302.0,194,Open
4930,4930,1084,,0,32205.0,194,Open
4931,4931,1097,2025-06-15,67343.0,0.0,0,Paid
4932,4932,1029,2025-06-29,15868.0,0.0,0,Paid
4933,4933,1047,2025-06-20,22232.0,0.0,0,Paid
4934,4934,1094,2025-06-16,31491.0,0.0,0,Paid
4935,4935,1087,2025-06-19,19037.0,0.0,0,Paid
4936,4936,1103,2025-06-01,12436.0,0.0,0,Paid
4937,4937,1023,2025-06-13,28551.0,0.0,0,Paid
4938,4938,1094,,0,30444.0,208,Open
4939,4939,1097,2025-06-04,215823.0,0.0,0,Paid
4940,4940,1085,2025-06-11,42827.0,0.0,0,Paid
4941,4941,1080,2025-07-02,42741.0,0.0,0,Paid
4942,4942,1023,2025-06-05,13371.0,0.0,0,Paid
4943,4943,1105,2025-06-16,130556.0,0.0,0,Paid
4944,4944,1021,2025-06-22,43773.0,0.0,0,Paid
4945,4945,1008,2025-06-12,11979.0,0.0,0,Paid
4946,4946,1048,2025-06-16,45635.0,0.0,0,Paid
4947,4947,1048,2025-06-03,31552.0,0.0,0,Paid
4948,4948,1051,2025-06-03,64023.0,0.0,0,Paid
4949,4949,1027,2025-06-03,13398.0,0.0,0,Paid
4950,4950,1113,,0,51357.0,192,Open
4951,4951,1032,2025-06-23,48930.0,0.0,0,Paid
4952,4952,1119,2025-06-05,14811.0,0.0,0,Paid
4953,4953,1011,2025-07-12,20850.0,0.0,0,Paid
4954,4954,1096,2025-07-13,33035.0,0.0,0,Paid
4955,4955,1028,2025-06-05,82456.0,0.0,0,Paid
4956,4956,1086,2025-07-15,27440.0,0.0,0,Paid
4957,4957,1094,2025-06-07,43610.0,0.0,0,Paid
4958,4958,1097,2025-06-01,17500.0,0.0,0,Paid
4959,4959,1029,2025-05-28,55003.0,0.0,0,Paid
4960,4960,1115,2025-06-29,40889.0,0.0,0,Paid
4961,4961,1064,,53889.0,67672.0,206,Open
4962,4962,1061,2025-06-15,74554.0,0.0,0,Paid
4963,4963,1079,2025-05-19,61534.0,0.0,0,Paid
4964,4964,1092,2025-06-20,28988.0,0.0,0,Paid
4965,4965,1017,2025-07-06,56257.0,0.0,0,Paid
4966,4966,1026,,0,143481.0,204,Open
4967,4967,1036,,0,20361.0,208,Open
4968,4968,1082,2025-06-03,124770.0,0.0,0,Paid
4969,4969,1105,2025-06-18,40969.0,0.0,0,Paid
4970,4970,1120,2025-06-12,12782.0,0.0,0,Paid
4971,4971,1106,2025-06-11,55939.0,0.0,0,Paid
4972,4972,1086,,0,47544.0,207,Open
4973,4973,1059,2025-06-16,26628.0,0.0,0,Paid
4974,4974,1004,2025-06-06,32423.0,0.0,0,Paid
4975,4975,1005,2025-06-09,57103.0,0.0,0,Paid
4976,4976,1101,2025-06-06,33159.0,0.0,0,Paid
4977,4977,1035,2025-06-22,38754.0,0.0,0,Paid
4978,4978,1025,2025-06-16,20597.0,0.0,0,Paid
4979,4979,1107,2025-07-06,12665.0,0.0,0,Paid
4980,4980,1036,,0,58345.0,206,Open
4981,4981,1034,2025-07-21,18659.0,0.0,0,Paid
4982,4982,1056,2025-05-31,12486.0,0.0,0,Paid
4983,4983,1014,2025-07-14,19297.0,0.0,0,Paid
4984,4984,1091,2025-07-05,82633.0,0.0,0,Paid
4985,4985,1116,2025-06-07,71228.0,0.0,0,Paid
4986,4986,1068,2025-06-25,123173.0,0.0,0,Paid
4987,4987,1070,2025-06-09,92868.0,0.0,0,Paid
4988,4988,1080,2025-06-28,83317.0,0.0,0,Paid
4989,4989,1034,2025-06-06,23106.0,0.0,0,Paid
4990,4990,1071,2025-06-09,65500.0,0.0,0,Paid
4991,4991,1008,2025-06-11,14865.0,0.0,0,Paid
4992,4992,1076,,10644.0,26814.0,206,Open
4993,4993,1011,2025-06-05,62901.0,0.0,0,Paid
4994,4994,1015,2025-06-10,34476.0,0.0,0,Paid
4995,4995,1075,2025-06-02,13204.0,0.0,0,Paid
4996,4996,1060,2025-06-07,83758.0,0.0,0,Paid
4997,4997,1067,2025-06-18,20172.0,0.0,0,Paid
4998,4998,1059,2025-07-24,74320.0,0.0,0,Paid
4999,4999,1063,2025-06-07,32727.0,0.0,0,Paid
5000,5000,1109,2025-06-08,27830.0,0.0,0,Paid
5001,5001,1055,2025-06-20,49734.0,0.0,0,Paid
5002,5002,1082,2025-06-02,13851.0,0.0,0,Paid
5003,5003,1049,2025-06-08,42551.0,0.0,0,Paid
5004,5004,1045,2025-07-07,31413.0,0.0,0,Paid
5005,5005,1011,2025-06-25,13757.0,0.0,0,Paid
5006,5006,1085,2025-06-25,28075.0,0.0,0,Paid
5007,5007,1105,2025-06-23,15081.0,0.0,0,Paid
5008,5008,1040,2025-06-02,14485.0,0.0,0,Paid
5009,5009,1037,2025-06-02,28237.0,0.0,0,Paid
5010,5010,1091,2025-06-07,52613.0,0.0,0,Paid
5011,5011,1046,2025-06-03,39714.0,0.0,0,Paid
5012,5012,1008,2025-05-30,29250.0,0.0,0,Paid
5013,5013,1090,2025-05-23,13588.0,0.0,0,Paid
5014,5014,1047,2025-05-28,41570.0,0.0,0,Paid
5015,5015,1110,2025-05-25,27688.0,0.0,0,Paid
5016,5016,1018,2025-06-09,56077.0,0.0,0,Paid
5017,5017,1034,2025-07-06,40433.0,0.0,0,Paid
5018,5018,1084,2025-05-18,15440.0,0.0,0,Paid
5019,5019,1105,2025-06-02,31064.0,0.0,0,Paid
5020,5020,1101,2025-07-17,30818.0,0.0,0,Paid
5021,5021,1113,2025-06-18,41195.0,0.0,0,Paid
5022,5022,1008,2025-06-13,61992.0,0.0,0,Paid
5023,5023,1013,2025-07-06,118773.0,0.0,0,Paid
5024,5024,1093,2025-06-03,37559.0,0.0,0,Paid
5025,5025,1021,2025-06-11,29700.0,0.0,0,Paid
5026,5026,1002,2025-06-02,15944.0,0.0,0,Paid
5027,5027,1068,,17363.0,27327.0,221,Open
5028,5028,1012,2025-06-10,75064.0,0.0,0,Paid
5029,5029,1078,2025-06-10,45863.0,0.0,0,Paid
5030,5030,1032,2025-06-23,34391.0,0.0,0,Paid
5031,5031,1100,2025-06-17,14073.0,0.0,0,Paid
5032,5032,1099,2025-07-11,12973.0,0.0,0,Paid
5033,5033,1001,2025-07-05,38910.0,0.0,0,Paid
5034,5034,1123,2025-06-13,39168.0,0.0,0,Paid
5035,5035,1017,2025-06-28,109184.0,0.0,0,Paid
5036,5036,1115,2025-06-15,30705.0,0.0,0,Paid
5037,5037,1039,2025-06-12,29777.0,0.0,0,Paid
5038,5038,1101,2025-06-23,12794.0,0.0,0,Paid
5039,5039,1072,,0,60958.0,204,Open
5040,5040,1081,2025-07-09,26599.0,0.0,0,Paid
5041,5041,1079,2025-06-08,12748.0,0.0,0,Paid
5042,5042,1064,2025-07-15,28415.0,0.0,0,Paid
5043,5043,1060,2025-07-07,75291.0,0.0,0,Paid
5044,5044,1013,2025-05-26,62066.0,0.0,0,Paid
5045,5045,1118,2025-06-05,39311.0,0.0,0,Paid
5046,5046,1074,2025-05-25,74162.0,0.0,0,Paid
5047,5047,1101,2025-06-16,45865.0,0.0,0,Paid
5048,5048,1003,2025-06-05,28923.0,0.0,0,Paid
5049,5049,1078,2025-06-10,21108.0,0.0,0,Paid
5050,5050,1039,2025-06-24,45073.0,0.0,0,Paid
5051,5051,1009,2025-06-12,13515.0,0.0,0,Paid
5052,5052,1031,2025-06-12,39411.0,0.0,0,Paid
5053,5053,1041,2025-06-27,45742.0,0.0,0,Paid
5054,5054,1054,2025-06-09,26815.0,0.0,0,Paid
5055,5055,1029,2025-06-16,18317.0,0.0,0,Paid
5056,5056,1093,2025-05-25,40438.0,0.0,0,Paid
5057,5057,1039,2025-06-04,29135.0,0.0,0,Paid
5058,5058,1024,2025-05-28,39968.0,0.0,0,Paid
5059,5059,1096,2025-06-06,51408.0,0.0,0,Paid
5060,5060,1066,2025-06-08,15187.0,0.0,0,Paid
5061,5061,1093,2025-06-07,13637.0,0.0,0,Paid
5062,5062,1077,2025-06-18,14414.0,0.0,0,Paid
5063,5063,1119,2025-05-25,25261.0,0.0,0,Paid
5064,5064,1104,,0,16096.0,206,Open
5065,5065,1098,2025-06-26,14041.0,0.0,0,Paid
5066,5066,1044,2025-06-09,39532.0,0.0,0,Paid
5067,5067,1082,2025-06-21,19240.0,0.0,0,Paid
5068,5068,1029,2025-06-16,71272.0,0.0,0,Paid
5069,5069,1116,2025-06-26,12437.0,0.0,0,Paid
5070,5070,1021,2025-07-02,59123.0,0.0,0,Paid
5071,5071,1039,2025-06-01,14378.0,0.0,0,Paid
5072,5072,1023,,0,30163.0,205,Open
5073,5073,1078,2025-07-16,56103.0,0.0,0,Paid
5074,5074,1051,2025-06-25,61249.0,0.0,0,Paid
5075,5075,1108,2025-06-19,15392.0,0.0,0,Paid
5076,5076,1046,2025-05-29,11413.0,0.0,0,Paid
5077,5077,1086,2025-06-30,13808.0,0.0,0,Paid
5078,5078,1029,2025-06-16,23130.0,0.0,0,Paid
5079,5079,1001,2025-06-20,45747.0,0.0,0,Paid
5080,5080,1049,2025-06-04,12759.0,0.0,0,Paid
5081,5081,1092,2025-06-07,43462.0,0.0,0,Paid
5082,5082,1077,2025-06-10,62089.0,0.0,0,Paid
5083,5083,1080,2025-06-03,41800.0,0.0,0,Paid
5084,5084,1103,2025-07-16,36052.0,0.0,0,Paid
5085,5085,1124,2025-06-04,26982.0,0.0,0,Paid
5086,5086,1037,2025-06-06,31901.0,0.0,0,Paid
5087,5087,1108,2025-07-03,12019.0,0.0,0,Paid
5088,5088,1046,2025-06-04,13060.0,0.0,0,Paid
5089,5089,1118,2025-06-05,27621.0,0.0,0,Paid
5090,5090,1044,2025-07-02,29543.0,0.0,0,Paid
5091,5091,1115,2025-06-09,14210.0,0.0,0,Paid
5092,5092,1106,2025-06-09,18862.0,0.0,0,Paid
5093,5093,1053,2025-07-02,21281.0,0.0,0,Paid
5094,5094,1087,,0,62932.0,218,Open
5095,5095,1119,,0,29093.0,219,Open
5096,5096,1032,2025-06-06,25709.0,0.0,0,Paid
5097,5097,1070,2025-06-09,13922.0,0.0,0,Paid
5098,5098,1093,2025-05-25,13313.0,0.0,0,Paid
5099,5099,1117,,0,33322.0,219,Open
5100,5100,1006,,0,19116.0,205,Open
5101,5101,1044,2025-06-06,39265.0,0.0,0,Paid
5102,5102,1112,2025-06-01,34192.0,0.0,0,Paid
5103,5103,1034,2025-06-28,42747.0,0.0,0,Paid
5104,5104,1027,,10288.0,17548.0,189,Open
5105,5105,1092,2025-06-02,29606.0,0.0,0,Paid
5106,5106,1044,2025-06-06,27614.0,0.0,0,Paid
5107,5107,1027,2025-07-02,79221.0,0.0,0,Paid
5108,5108,1004,2025-06-14,31345.0,0.0,0,Paid
5109,5109,1055,2025-06-26,90339.0,0.0,0,Paid
5110,5110,1114,2025-06-09,13999.0,0.0,0,Paid
5111,5111,1036,,0,45164.0,203,Open
5112,5112,1107,2025-06-02,14782.0,0.0,0,Paid
5113,5113,1050,2025-06-20,26517.0,0.0,0,Paid
5114,5114,1055,2025-06-29,105253.0,0.0,0,Paid
5115,5115,1016,2025-06-10,14567.0,0.0,0,Paid
5116,5116,1001,2025-06-22,28159.0,0.0,0,Paid
5117,5117,1119,2025-06-11,57104.0,0.0,0,Paid
5118,5118,1007,2025-06-05,13574.0,0.0,0,Paid
5119,5119,1023,2025-06-25,88097.0,0.0,0,Paid
5120,5120,1003,2025-06-08,17758.0,0.0,0,Paid
5121,5121,1018,2025-06-14,43907.0,0.0,0,Paid
5122,5122,1112,2025-06-21,25669.0,0.0,0,Paid
5123,5123,1115,,0,79022.0,203,Open
5124,5124,1120,2025-06-08,40693.0,0.0,0,Paid
5125,5125,1064,2025-06-28,91110.0,0.0,0,Paid
5126,5126,1048,2025-05-25,41641.0,0.0,0,Paid
5127,5127,1030,2025-06-14,27566.0,0.0,0,Paid
5128,5128,1058,2025-06-21,42396.0,0.0,0,Paid
5129,5129,1025,2025-05-28,75309.0,0.0,0,Paid
5130,5130,1008,2025-05-23,38383.0,0.0,0,Paid
5131,5131,1063,2025-06-20,101160.0,0.0,0,Paid
5132,5132,1026,,0,51046.0,202,Open
5133,5133,1067,2025-06-12,16105.0,0.0,0,Paid
5134,5134,1018,2025-06-20,11461.0,0.0,0,Paid
5135,5135,1114,2025-07-05,80486.0,0.0,0,Paid
5136,5136,1035,2025-06-16,41299.0,0.0,0,Paid
5137,5137,1097,2025-06-22,46322.0,0.0,0,Paid
5138,5138,1049,2025-07-22,39213.0,0.0,0,Paid
5139,5139,1052,2025-06-18,48124.0,0.0,0,Paid
5140,5140,1027,2025-06-19,63845.0,0.0,0,Paid
5141,5141,1115,,0,52211.0,186,Open
5142,5142,1072,2025-06-15,63359.0,0.0,0,Paid
5143,5143,1111,2025-05-27,117698.0,0.0,0,Paid
5144,5144,1111,2025-06-06,15091.0,0.0,0,Paid
5145,5145,1114,2025-05-22,33733.0,0.0,0,Paid
5146,5146,1038,2025-07-02,30936.0,0.0,0,Paid
5147,5147,1091,2025-07-03,26017.0,0.0,0,Paid
5148,5148,1122,2025-06-19,42887.0,0.0,0,Paid
5149,5149,1033,,0,40729.0,203,Open
5150,5150,1031,2025-06-10,19378.0,0.0,0,Paid
5151,5151,1107,2025-06-12,28246.0,0.0,0,Paid
5152,5152,1036,2025-05-22,32791.0,0.0,0,Paid
5153,5153,1026,2025-06-30,22033.0,0.0,0,Paid
5154,5154,1052,2025-07-08,31722.0,0.0,0,Paid
5155,5155,1058,2025-06-01,23241.0,0.0,0,Paid
5156,5156,1060,2025-05-28,22232.0,0.0,0,Paid
5157,5157,1078,2025-06-02,100450.0,0.0,0,Paid
5158,5158,1012,2025-06-10,39405.0,0.0,0,Paid
5159,5159,1103,2025-06-29,28520.0,0.0,0,Paid
5160,5160,1050,2025-07-01,36816.0,0.0,0,Paid
5161,5161,1026,2025-07-03,24348.0,0.0,0,Paid
5162,5162,1111,,6929.0,16563.0,218,Open
5163,5163,1048,2025-06-13,61664.0,0.0,0,Paid
5164,5164,1057,2025-06-12,26580.0,0.0,0,Paid
5165,5165,1122,2025-06-10,43319.0,0.0,0,Paid
5166,5166,1037,2025-06-08,14068.0,0.0,0,Paid
5167,5167,1060,2025-06-07,28141.0,0.0,0,Paid
5168,5168,1070,2025-06-10,105991.0,0.0,0,Paid
5169,5169,1063,2025-06-18,165970.0,0.0,0,Paid
5170,5170,1101,2025-06-01,19421.0,0.0,0,Paid
5171,5171,1060,,0,22081.0,188,Open
5172,5172,1033,2025-07-11,38886.0,0.0,0,Paid
5173,5173,1091,2025-06-12,28995.0,0.0,0,Paid
5174,5174,1014,,0,12889.0,218,Open
5175,5175,1105,,0,27675.0,218,Open
5176,5176,1114,2025-06-19,54048.0,0.0,0,Paid
5177,5177,1107,,0,21116.0,203,Open
5178,5178,1061,2025-07-29,71819.0,0.0,0,Paid
5179,5179,1016,2025-07-11,45689.0,0.0,0,Paid
5180,5180,1084,2025-07-04,67498.0,0.0,0,Paid
5181,5181,1078,2025-05-26,48772.0,0.0,0,Paid
5182,5182,1092,,0,30754.0,202,Open
5183,5183,1038,2025-06-14,33586.0,0.0,0,Paid
5184,5184,1109,,27648.0,50850.0,200,Open
5185,5185,1013,2025-06-19,129018.0,0.0,0,Paid
5186,5186,1087,2025-07-07,72217.0,0.0,0,Paid
5187,5187,1047,2025-06-26,33854.0,0.0,0,Paid
5188,5188,1038,2025-06-07,35278.0,0.0,0,Paid
5189,5189,1068,2025-06-11,33185.0,0.0,0,Paid
5190,5190,1047,2025-06-23,33758.0,0.0,0,Paid
5191,5191,1121,2025-06-27,63563.0,0.0,0,Paid
5192,5192,1080,2025-06-16,43377.0,0.0,0,Paid
5193,5193,1012,2025-06-03,47665.0,0.0,0,Paid
5194,5194,1003,2025-06-24,63759.0,0.0,0,Paid
5195,5195,1054,2025-06-22,15430.0,0.0,0,Paid
5196,5196,1117,2025-06-08,14260.0,0.0,0,Paid
5197,5197,1006,2025-07-12,30335.0,0.0,0,Paid
5198,5198,1005,2025-06-10,38742.0,0.0,0,Paid
5199,5199,1027,2025-06-08,13519.0,0.0,0,Paid
5200,5200,1118,,0,50133.0,186,Open
5201,5201,1065,2025-06-23,24772.0,0.0,0,Paid
5202,5202,1074,2025-07-01,40127.0,0.0,0,Paid
5203,5203,1091,2025-05-27,26565.0,0.0,0,Paid
5204,5204,1110,2025-07-13,48339.0,0.0,0,Paid
5205,5205,1121,2025-06-11,43086.0,0.0,0,Paid
5206,5206,1085,2025-06-17,59357.0,0.0,0,Paid
5207,5207,1043,2025-06-24,30009.0,0.0,0,Paid
5208,5208,1093,2025-06-10,63127.0,0.0,0,Paid
5209,5209,1095,2025-06-05,23072.0,0.0,0,Paid
5210,5210,1086,2025-06-24,18024.0,0.0,0,Paid
5211,5211,1076,2025-06-01,15044.0,0.0,0,Paid
5212,5212,1106,2025-06-20,38891.0,0.0,0,Paid
5213,5213,1113,2025-06-24,53615.0,0.0,0,Paid
5214,5214,1041,2025-07-03,56602.0,0.0,0,Paid
5215,5215,1107,2025-05-30,78109.0,0.0,0,Paid
5216,5216,1008,2025-06-12,87890.0,0.0,0,Paid
5217,5217,1009,2025-05-28,16285.0,0.0,0,Paid
5218,5218,1104,2025-06-13,38253.0,0.0,0,Paid
5219,5219,1122,2025-07-25,136041.0,0.0,0,Paid
5220,5220,1043,2025-06-19,41619.0,0.0,0,Paid
5221,5221,1095,2025-06-29,86904.0,0.0,0,Paid
5222,5222,1082,2025-06-30,53348.0,0.0,0,Paid
5223,5223,1118,,0,28301.0,186,Open
5224,5224,1018,,0,39519.0,201,Open
5225,5225,1111,2025-06-30,97399.0,0.0,0,Paid
5226,5226,1090,2025-06-14,24011.0,0.0,0,Paid
5227,5227,1029,2025-07-09,101537.0,0.0,0,Paid
5228,5228,1005,2025-07-02,34766.0,0.0,0,Paid
5229,5229,1002,2025-06-13,76972.0,0.0,0,Paid
5230,5230,1078,2025-07-28,50234.0,0.0,0,Paid
5231,5231,1016,2025-05-24,31097.0,0.0,0,Paid
5232,5232,1030,2025-06-16,21679.0,0.0,0,Paid
5233,5233,1014,2025-06-14,26352.0,0.0,0,Paid
5234,5234,1111,2025-05-29,26094.0,0.0,0,Paid
5235,5235,1070,2025-07-12,33363.0,0.0,0,Paid
5236,5236,1056,2025-06-12,33441.0,0.0,0,Paid
5237,5237,1051,2025-07-15,97617.0,0.0,0,Paid
5238,5238,1119,2025-06-22,89834.0,0.0,0,Paid
5239,5239,1107,2025-06-10,24241.0,0.0,0,Paid
5240,5240,1025,2025-05-28,23550.0,0.0,0,Paid
5241,5241,1024,2025-06-15,148888.0,0.0,0,Paid
5242,5242,1001,2025-06-24,37366.0,0.0,0,Paid
5243,5243,1041,2025-06-24,23285.0,0.0,0,Paid
5244,5244,1020,2025-06-14,20159.0,0.0,0,Paid
5245,5245,1049,2025-06-22,71081.0,0.0,0,Paid
5246,5246,1069,2025-06-21,21788.0,0.0,0,Paid
5247,5247,1091,2025-07-08,14333.0,0.0,0,Paid
5248,5248,1050,2025-06-13,32107.0,0.0,0,Paid
5249,5249,1009,2025-06-19,33794.0,0.0,0,Paid
5250,5250,1045,2025-06-15,33553.0,0.0,0,Paid
5251,5251,1083,2025-06-12,60522.0,0.0,0,Paid
5252,5252,1047,2025-05-29,77637.0,0.0,0,Paid
5253,5253,1034,2025-05-30,35443.0,0.0,0,Paid
5254,5254,1114,2025-07-16,48588.0,0.0,0,Paid
5255,5255,1081,,0,43562.0,215,Open
5256,5256,1094,2025-06-22,15238.0,0.0,0,Paid
5257,5257,1083,2025-07-03,30191.0,0.0,0,Paid
5258,5258,1125,2025-06-10,68131.0,0.0,0,Paid
5259,5259,1020,,0,43708.0,199,Open
5260,5260,1016,2025-06-17,27951.0,0.0,0,Paid
5261,5261,1006,,0,23059.0,186,Open
5262,5262,1034,2025-07-13,71111.0,0.0,0,Paid
5263,5263,1055,2025-06-23,157861.0,0.0,0,Paid
5264,5264,1102,2025-07-02,36881.0,0.0,0,Paid
5265,5265,1104,2025-07-04,20982.0,0.0,0,Paid
5266,5266,1040,2025-06-11,62420.0,0.0,0,Paid
5267,5267,1116,2025-05-28,41309.0,0.0,0,Paid
5268,5268,1116,2025-06-24,46952.0,0.0,0,Paid
5269,5269,1033,2025-06-16,22406.0,0.0,0,Paid
5270,5270,1055,2025-06-08,31988.0,0.0,0,Paid
5271,5271,1054,,0,142389.0,212,Open
5272,5272,1026,2025-07-25,62823.0,0.0,0,Paid
5273,5273,1085,2025-06-17,66558.0,0.0,0,Paid
5274,5274,1054,2025-07-18,52819.0,0.0,0,Paid
5275,5275,1031,2025-06-22,37733.0,0.0,0,Paid
5276,5276,1061,2025-06-21,56094.0,0.0,0,Paid
5277,5277,1021,2025-07-04,32042.0,0.0,0,Paid
5278,5278,1079,2025-07-01,108048.0,0.0,0,Paid
5279,5279,1094,2025-07-06,56245.0,0.0,0,Paid
5280,5280,1069,2025-06-15,35752.0,0.0,0,Paid
5281,5281,1047,2025-06-11,13001.0,0.0,0,Paid
5282,5282,1035,2025-06-26,32618.0,0.0,0,Paid
5283,5283,1023,2025-06-26,15064.0,0.0,0,Paid
5284,5284,1073,2025-06-29,86592.0,0.0,0,Paid
5285,5285,1109,2025-06-07,26458.0,0.0,0,Paid
5286,5286,1119,,12482.0,9656.0,200,Open
5287,5287,1009,,0,29742.0,199,Open
5288,5288,1015,2025-06-17,16276.0,0.0,0,Paid
5289,5289,1044,2025-06-20,37607.0,0.0,0,Paid
5290,5290,1040,2025-07-08,14541.0,0.0,0,Paid
5291,5291,1099,2025-06-24,17256.0,0.0,0,Paid
5292,5292,1029,2025-06-11,53264.0,0.0,0,Paid
5293,5293,1093,2025-06-11,41115.0,0.0,0,Paid
5294,5294,1085,2025-07-06,20921.0,0.0,0,Paid
5295,5295,1114,2025-06-02,15162.0,0.0,0,Paid
5296,5296,1108,,0,16250.0,185,Open
5297,5297,1068,2025-06-15,74198.0,0.0,0,Paid
5298,5298,1092,2025-06-11,16923.0,0.0,0,Paid
5299,5299,1056,2025-07-09,20890.0,0.0,0,Paid
5300,5300,1081,2025-06-04,90243.0,0.0,0,Paid
5301,5301,1039,2025-07-18,11755.0,0.0,0,Paid
5302,5302,1029,2025-06-16,32272.0,0.0,0,Paid
5303,5303,1070,2025-06-15,53344.0,0.0,0,Paid
5304,5304,1057,2025-06-17,71118.0,0.0,0,Paid
5305,5305,1107,2025-06-20,16188.0,0.0,0,Paid
5306,5306,1098,2025-07-02,71828.0,0.0,0,Paid
5307,5307,1055,2025-05-30,28785.0,0.0,0,Paid
5308,5308,1125,2025-07-11,13844.0,0.0,0,Paid
5309,5309,1055,2025-07-02,61801.0,0.0,0,Paid
5310,5310,1031,2025-05-30,20690.0,0.0,0,Paid
5311,5311,1056,2025-06-19,33489.0,0.0,0,Paid
5312,5312,1005,2025-07-02,68154.0,0.0,0,Paid
5313,5313,1017,2025-07-18,52123.0,0.0,0,Paid
5314,5314,1030,2025-06-06,81837.0,0.0,0,Paid
5315,5315,1030,2025-06-26,20625.0,0.0,0,Paid
5316,5316,1045,2025-07-10,77995.0,0.0,0,Paid
5317,5317,1020,2025-06-22,30465.0,0.0,0,Paid
5318,5318,1110,2025-07-02,28978.0,0.0,0,Paid
5319,5319,1031,2025-06-25,42806.0,0.0,0,Paid
5320,5320,1060,2025-06-29,15424.0,0.0,0,Paid
5321,5321,1043,2025-06-21,23884.0,0.0,0,Paid
5322,5322,1067,2025-06-21,15364.0,0.0,0,Paid
5323,5323,1056,2025-06-24,35349.0,0.0,0,Paid
5324,5324,1084,2025-06-18,56866.0,0.0,0,Paid
5325,5325,1062,2025-07-10,83002.0,0.0,0,Paid
5326,5326,1015,2025-06-10,26215.0,0.0,0,Paid
5327,5327,1050,2025-06-13,121482.0,0.0,0,Paid
5328,5328,1021,2025-06-14,145862.0,0.0,0,Paid
5329,5329,1079,2025-07-17,66762.0,0.0,0,Paid
5330,5330,1021,2025-07-31,14836.0,0.0,0,Paid
5331,5331,1116,2025-06-26,29804.0,0.0,0,Paid
5332,5332,1015,2025-05-26,11992.0,0.0,0,Paid
5333,5333,1088,2025-07-02,72652.0,0.0,0,Paid
5334,5334,1080,2025-07-04,12914.0,0.0,0,Paid
5335,5335,1008,2025-07-12,43019.0,0.0,0,Paid
5336,5336,1100,2025-06-24,14522.0,0.0,0,Paid
5337,5337,1072,2025-06-16,66618.0,0.0,0,Paid
5338,5338,1045,2025-06-29,39435.0,0.0,0,Paid
5339,5339,1052,2025-06-06,29161.0,0.0,0,Paid
5340,5340,1078,2025-06-19,32066.0,0.0,0,Paid
5341,5341,1088,2025-07-06,105320.0,0.0,0,Paid
5342,5342,1019,2025-06-23,69059.0,0.0,0,Paid
5343,5343,1006,2025-06-27,28112.0,0.0,0,Paid
5344,5344,1007,2025-06-20,16379.0,0.0,0,Paid
5345,5345,1036,2025-06-05,28149.0,0.0,0,Paid
5346,5346,1069,2025-06-27,14221.0,0.0,0,Paid
5347,5347,1023,2025-06-16,23713.0,0.0,0,Paid
5348,5348,1087,,13538.0,14254.0,198,Open
5349,5349,1053,2025-06-26,13236.0,0.0,0,Paid
5350,5350,1012,2025-07-03,38415.0,0.0,0,Paid
5351,5351,1060,2025-06-24,66252.0,0.0,0,Paid
5352,5352,1063,2025-06-28,33662.0,0.0,0,Paid
5353,5353,1090,2025-06-12,15303.0,0.0,0,Paid
5354,5354,1117,2025-08-18,70444.0,0.0,0,Paid
5355,5355,1004,2025-06-22,12087.0,0.0,0,Paid
5356,5356,1042,2025-06-24,97212.0,0.0,0,Paid
5357,5357,1113,,0,13547.0,198,Open
5358,5358,1103,2025-06-13,115321.0,0.0,0,Paid
5359,5359,1079,2025-06-12,38094.0,0.0,0,Paid
5360,5360,1077,2025-06-16,15825.0,0.0,0,Paid
5361,5361,1104,2025-06-25,27228.0,0.0,0,Paid
5362,5362,1054,2025-07-03,48582.0,0.0,0,Paid
5363,5363,1095,,0,67871.0,196,Open
5364,5364,1057,2025-06-26,40251.0,0.0,0,Paid
5365,5365,1026,2025-07-05,80018.0,0.0,0,Paid
5366,5366,1037,2025-07-26,92820.0,0.0,0,Paid
5367,5367,1092,2025-06-23,39995.0,0.0,0,Paid
5368,5368,1009,2025-06-30,23016.0,0.0,0,Paid
5369,5369,1094,2025-07-30,47610.0,0.0,0,Paid
5370,5370,1010,2025-06-24,15490.0,0.0,0,Paid
5371,5371,1014,2025-06-29,71765.0,0.0,0,Paid
5372,5372,1077,2025-07-05,15004.0,0.0,0,Paid
5373,5373,1062,2025-06-12,30281.0,0.0,0,Paid
5374,5374,1069,2025-06-11,13424.0,0.0,0,Paid
5375,5375,1049,2025-06-27,52934.0,0.0,0,Paid
5376,5376,1004,2025-06-07,56860.0,0.0,0,Paid
5377,5377,1094,2025-06-07,16289.0,0.0,0,Paid
5378,5378,1074,2025-06-14,39806.0,0.0,0,Paid
5379,5379,1077,2025-06-28,96422.0,0.0,0,Paid
5380,5380,1008,2025-07-02,28622.0,0.0,0,Paid
5381,5381,1049,2025-06-13,29448.0,0.0,0,Paid
5382,5382,1011,2025-06-06,67535.0,0.0,0,Paid
5383,5383,1025,,0,22641.0,183,Open
5384,5384,1075,2025-06-28,28845.0,0.0,0,Paid
5385,5385,1087,2025-07-11,139538.0,0.0,0,Paid
5386,5386,1094,2025-07-10,26539.0,0.0,0,Paid
5387,5387,1058,2025-06-24,79929.0,0.0,0,Paid
5388,5388,1016,2025-07-06,19972.0,0.0,0,Paid
5389,5389,1043,2025-06-18,25460.0,0.0,0,Paid
5390,5390,1014,2025-06-28,53293.0,0.0,0,Paid
5391,5391,1010,2025-06-27,115450.0,0.0,0,Paid
5392,5392,1053,2025-06-04,48502.0,0.0,0,Paid
5393,5393,1107,2025-05-31,25847.0,0.0,0,Paid
5394,5394,1105,2025-06-13,24915.0,0.0,0,Paid
5395,5395,1054,2025-06-08,61821.0,0.0,0,Paid
5396,5396,1012,,0,45450.0,196,Open
5397,5397,1089,2025-06-15,81199.0,0.0,0,Paid
5398,5398,1122,,30189.0,14151.0,196,Open
5399,5399,1083,2025-07-12,15916.0,0.0,0,Paid
5400,5400,1088,2025-06-28,62473.0,0.0,0,Paid
5401,5401,1089,2025-06-27,21184.0,0.0,0,Paid
5402,5402,1111,2025-07-11,57375.0,0.0,0,Paid
5403,5403,1109,2025-06-23,23373.0,0.0,0,Paid
5404,5404,1077,,0,47760.0,180,Open
5405,5405,1043,,5652.0,11535.0,182,Open
5406,5406,1088,,0,21801.0,212,Open
5407,5407,1016,2025-06-13,43706.0,0.0,0,Paid
5408,5408,1019,2025-06-18,58535.0,0.0,0,Paid
5409,5409,1014,2025-06-14,92202.0,0.0,0,Paid
5410,5410,1072,2025-06-14,12864.0,0.0,0,Paid
5411,5411,1116,2025-06-17,26744.0,0.0,0,Paid
5412,5412,1120,2025-06-14,29934.0,0.0,0,Paid
5413,5413,1025,2025-06-30,47975.0,0.0,0,Paid
5414,5414,1034,2025-06-05,14282.0,0.0,0,Paid
5415,5415,1099,2025-07-10,14351.0,0.0,0,Paid
5416,5416,1078,2025-06-24,19760.0,0.0,0,Paid
5417,5417,1077,2025-07-08,58762.0,0.0,0,Paid
5418,5418,1076,2025-06-26,42745.0,0.0,0,Paid
5419,5419,1101,,0,46665.0,195,Open
5420,5420,1096,2025-06-13,40750.0,0.0,0,Paid
5421,5421,1059,2025-06-23,84271.0,0.0,0,Paid
5422,5422,1012,2025-06-20,48476.0,0.0,0,Paid
5423,5423,1061,2025-06-10,30125.0,0.0,0,Paid
5424,5424,1089,2025-06-04,31761.0,0.0,0,Paid
5425,5425,1118,2025-06-18,27821.0,0.0,0,Paid
5426,5426,1022,2025-06-29,13506.0,0.0,0,Paid
5427,5427,1108,2025-06-25,75660.0,0.0,0,Paid
5428,5428,1087,2025-07-13,55023.0,0.0,0,Paid
5429,5429,1013,2025-07-14,27775.0,0.0,0,Paid
5430,5430,1038,2025-07-15,31200.0,0.0,0,Paid
5431,5431,1086,2025-06-22,16165.0,0.0,0,Paid
5432,5432,1032,2025-08-01,27904.0,0.0,0,Paid
5433,5433,1045,2025-06-28,106860.0,0.0,0,Paid
5434,5434,1095,2025-07-06,84399.0,0.0,0,Paid
5435,5435,1079,2025-06-30,65049.0,0.0,0,Paid
5436,5436,1045,2025-06-13,37611.0,0.0,0,Paid
5437,5437,1041,2025-06-15,31480.0,0.0,0,Paid
5438,5438,1042,,0,29626.0,195,Open
5439,5439,1050,2025-06-24,80369.0,0.0,0,Paid
5440,5440,1010,,0,90088.0,194,Open
5441,5441,1074,2025-07-16,14300.0,0.0,0,Paid
5442,5442,1023,2025-07-01,19151.0,0.0,0,Paid
5443,5443,1055,2025-06-19,24159.0,0.0,0,Paid
5444,5444,1030,2025-07-24,58169.0,0.0,0,Paid
5445,5445,1106,2025-06-22,29969.0,0.0,0,Paid
5446,5446,1003,2025-06-04,59867.0,0.0,0,Paid
5447,5447,1081,2025-06-16,103026.0,0.0,0,Paid
5448,5448,1087,2025-06-28,31636.0,0.0,0,Paid
5449,5449,1087,,0,49112.0,179,Open
5450,5450,1033,2025-07-05,51221.0,0.0,0,Paid
5451,5451,1116,2025-06-25,96389.0,0.0,0,Paid
5452,5452,1037,2025-06-16,60404.0,0.0,0,Paid
5453,5453,1050,2025-06-16,13626.0,0.0,0,Paid
5454,5454,1027,,0,98915.0,207,Open
5455,5455,1045,2025-06-07,46625.0,0.0,0,Paid
5456,5456,1080,2025-06-13,46036.0,0.0,0,Paid
5457,5457,1118,2025-07-20,49693.0,0.0,0,Paid
5458,5458,1078,2025-06-22,27027.0,0.0,0,Paid
5459,5459,1042,2025-06-11,56332.0,0.0,0,Paid
5460,5460,1016,2025-06-11,65399.0,0.0,0,Paid
5461,5461,1098,2025-07-05,74387.0,0.0,0,Paid
5462,5462,1028,2025-05-31,31203.0,0.0,0,Paid
5463,5463,1079,,0,140300.0,176,Open
5464,5464,1069,2025-06-24,55783.0,0.0,0,Paid
5465,5465,1090,2025-06-14,21266.0,0.0,0,Paid
5466,5466,1110,2025-06-16,53108.0,0.0,0,Paid
5467,5467,1080,2025-07-08,13951.0,0.0,0,Paid
5468,5468,1034,2025-07-21,13296.0,0.0,0,Paid
5469,5469,1058,2025-07-09,151597.0,0.0,0,Paid
5470,5470,1001,2025-07-02,27469.0,0.0,0,Paid
5471,5471,1055,2025-08-02,24397.0,0.0,0,Paid
5472,5472,1114,2025-06-16,84694.0,0.0,0,Paid
5473,5473,1027,2025-07-13,20944.0,0.0,0,Paid
5474,5474,1042,2025-06-12,60704.0,0.0,0,Paid
5475,5475,1042,2025-06-03,75690.0,0.0,0,Paid
5476,5476,1074,2025-07-02,16518.0,0.0,0,Paid
5477,5477,1006,2025-06-25,42916.0,0.0,0,Paid
5478,5478,1056,2025-07-06,43773.0,0.0,0,Paid
5479,5479,1022,2025-07-05,37346.0,0.0,0,Paid
5480,5480,1043,2025-07-13,90894.0,0.0,0,Paid
5481,5481,1069,2025-06-03,54907.0,0.0,0,Paid
5482,5482,1112,2025-07-05,44177.0,0.0,0,Paid
5483,5483,1081,,0,67476.0,194,Open
5484,5484,1096,2025-06-11,40739.0,0.0,0,Paid
5485,5485,1050,,0,30819.0,179,Open
5486,5486,1099,2025-06-30,26218.0,0.0,0,Paid
5487,5487,1074,2025-07-03,40754.0,0.0,0,Paid
5488,5488,1098,2025-06-24,13283.0,0.0,0,Paid
5489,5489,1019,2025-07-25,53406.0,0.0,0,Paid
5490,5490,1061,2025-07-07,118078.0,0.0,0,Paid
5491,5491,1019,2025-06-29,14794.0,0.0,0,Paid
5492,5492,1028,2025-07-03,13618.0,0.0,0,Paid
5493,5493,1092,2025-06-29,17176.0,0.0,0,Paid
5494,5494,1124,2025-06-29,14632.0,0.0,0,Paid
5495,5495,1108,2025-06-30,13555.0,0.0,0,Paid
5496,5496,1108,2025-07-14,23983.0,0.0,0,Paid
5497,5497,1055,2025-07-04,28967.0,0.0,0,Paid
5498,5498,1032,2025-06-26,33433.0,0.0,0,Paid
5499,5499,1117,2025-06-09,68981.0,0.0,0,Paid
5500,5500,1064,,0,86507.0,191,Open
5501,5501,1037,2025-06-17,29916.0,0.0,0,Paid
5502,5502,1092,2025-07-19,93798.0,0.0,0,Paid
5503,5503,1033,2025-06-23,24618.0,0.0,0,Paid
5504,5504,1101,2025-06-28,113786.0,0.0,0,Paid
5505,5505,1112,2025-06-22,26529.0,0.0,0,Paid
5506,5506,1060,,0,78020.0,175,Open
5507,5507,1041,2025-06-28,14967.0,0.0,0,Paid
5508,5508,1027,2025-06-20,62533.0,0.0,0,Paid
5509,5509,1109,2025-07-09,29289.0,0.0,0,Paid
5510,5510,1051,2025-06-21,15493.0,0.0,0,Paid
5511,5511,1032,2025-06-16,30746.0,0.0,0,Paid
5512,5512,1085,2025-07-18,111869.0,0.0,0,Paid
5513,5513,1017,2025-07-21,17696.0,0.0,0,Paid
5514,5514,1088,2025-06-22,48054.0,0.0,0,Paid
5515,5515,1004,2025-07-17,82359.0,0.0,0,Paid
5516,5516,1008,2025-06-24,54271.0,0.0,0,Paid
5517,5517,1054,2025-06-17,67443.0,0.0,0,Paid
5518,5518,1065,2025-07-05,24303.0,0.0,0,Paid
5519,5519,1014,2025-07-05,58846.0,0.0,0,Paid
5520,5520,1124,2025-06-21,19261.0,0.0,0,Paid
5521,5521,1061,2025-06-27,69084.0,0.0,0,Paid
5522,5522,1098,2025-06-23,64303.0,0.0,0,Paid
5523,5523,1075,2025-07-17,41475.0,0.0,0,Paid
5524,5524,1107,,0,42658.0,192,Open
5525,5525,1018,2025-06-27,65281.0,0.0,0,Paid
5526,5526,1048,2025-06-20,15682.0,0.0,0,Paid
5527,5527,1089,2025-06-16,29080.0,0.0,0,Paid
5528,5528,1024,2025-06-17,39907.0,0.0,0,Paid
5529,5529,1088,2025-07-21,81413.0,0.0,0,Paid
5530,5530,1020,2025-06-14,34127.0,0.0,0,Paid
5531,5531,1049,2025-06-23,16235.0,0.0,0,Paid
5532,5532,1032,2025-07-06,28239.0,0.0,0,Paid
5533,5533,1044,2025-07-17,22814.0,0.0,0,Paid
5534,5534,1106,2025-06-07,27726.0,0.0,0,Paid
5535,5535,1115,,0,23381.0,178,Open
5536,5536,1083,2025-06-16,61623.0,0.0,0,Paid
5537,5537,1118,2025-07-02,29356.0,0.0,0,Paid
5538,5538,1111,2025-07-20,54658.0,0.0,0,Paid
5539,5539,1125,2025-08-01,23906.0,0.0,0,Paid
5540,5540,1066,2025-06-24,28524.0,0.0,0,Paid
5541,5541,1054,,6334.0,9230.0,193,Open
5542,5542,1068,2025-07-25,76177.0,0.0,0,Paid
5543,5543,1016,2025-06-25,88315.0,0.0,0,Paid
5544,5544,1104,2025-06-17,41417.0,0.0,0,Paid
5545,5545,1102,2025-06-17,17872.0,0.0,0,Paid
5546,5546,1047,2025-06-19,116238.0,0.0,0,Paid
5547,5547,1015,2025-06-29,98937.0,0.0,0,Paid
5548,5548,1110,2025-06-20,14760.0,0.0,0,Paid
5549,5549,1123,2025-06-16,16109.0,0.0,0,Paid
5550,5550,1026,2025-06-30,41488.0,0.0,0,Paid
5551,5551,1050,2025-06-06,26133.0,0.0,0,Paid
5552,5552,1021,2025-06-04,15202.0,0.0,0,Paid
5553,5553,1060,2025-07-16,26304.0,0.0,0,Paid
5554,5554,1119,2025-06-17,22171.0,0.0,0,Paid
5555,5555,1061,2025-06-23,14042.0,0.0,0,Paid
5556,5556,1026,2025-07-06,25983.0,0.0,0,Paid
5557,5557,1047,2025-06-28,14687.0,0.0,0,Paid
5558,5558,1104,2025-07-14,13341.0,0.0,0,Paid
5559,5559,1012,2025-06-16,15876.0,0.0,0,Paid
5560,5560,1047,2025-07-09,21452.0,0.0,0,Paid
5561,5561,1041,2025-06-01,23015.0,0.0,0,Paid
5562,5562,1042,2025-06-19,40948.0,0.0,0,Paid
5563,5563,1095,2025-06-21,33194.0,0.0,0,Paid
5564,5564,1116,2025-06-17,53512.0,0.0,0,Paid
5565,5565,1040,2025-06-06,21941.0,0.0,0,Paid
5566,5566,1125,2025-07-05,92050.0,0.0,0,Paid
5567,5567,1083,2025-06-29,38258.0,0.0,0,Paid
5568,5568,1109,2025-07-20,30906.0,0.0,0,Paid
5569,5569,1086,,0,36309.0,192,Open
5570,5570,1065,,0,43759.0,191,Open
5571,5571,1104,2025-06-19,30864.0,0.0,0,Paid
5572,5572,1080,2025-06-29,74453.0,0.0,0,Paid
5573,5573,1068,2025-07-14,35512.0,0.0,0,Paid
5574,5574,1001,2025-07-05,13759.0,0.0,0,Paid
5575,5575,1103,,0,25906.0,192,Open
5576,5576,1017,2025-07-19,80700.0,0.0,0,Paid
5577,5577,1123,2025-06-16,42737.0,0.0,0,Paid
5578,5578,1072,2025-07-04,40305.0,0.0,0,Paid
5579,5579,1121,2025-07-06,32679.0,0.0,0,Paid
5580,5580,1043,2025-06-15,23427.0,0.0,0,Paid
5581,5581,1119,2025-07-07,39712.0,0.0,0,Paid
5582,5582,1117,2025-07-15,30431.0,0.0,0,Paid
5583,5583,1004,2025-07-03,36211.0,0.0,0,Paid
5584,5584,1002,2025-06-21,57680.0,0.0,0,Paid
5585,5585,1103,2025-06-30,28349.0,0.0,0,Paid
5586,5586,1006,2025-06-24,71202.0,0.0,0,Paid
5587,5587,1075,2025-06-17,16866.0,0.0,0,Paid
5588,5588,1034,2025-07-27,37913.0,0.0,0,Paid
5589,5589,1104,2025-07-29,12815.0,0.0,0,Paid
5590,5590,1066,,0,29979.0,176,Open
5591,5591,1117,2025-06-29,58480.0,0.0,0,Paid
5592,5592,1027,2025-08-03,63673.0,0.0,0,Paid
5593,5593,1108,2025-08-02,80208.0,0.0,0,Paid
5594,5594,1103,2025-06-23,94714.0,0.0,0,Paid
5595,5595,1076,2025-07-17,24911.0,0.0,0,Paid
5596,5596,1011,,20866.0,20091.0,175,Open
5597,5597,1098,,0,42944.0,206,Open
5598,5598,1076,2025-07-01,20416.0,0.0,0,Paid
5599,5599,1073,2025-06-27,89988.0,0.0,0,Paid
5600,5600,1016,2025-06-19,13189.0,0.0,0,Paid
5601,5601,1057,2025-06-16,42238.0,0.0,0,Paid
5602,5602,1012,2025-07-04,15212.0,0.0,0,Paid
5603,5603,1094,2025-06-06,61735.0,0.0,0,Paid
5604,5604,1002,2025-06-29,41422.0,0.0,0,Paid
5605,5605,1068,2025-07-02,31530.0,0.0,0,Paid
5606,5606,1049,,13971.0,31289.0,206,Open
5607,5607,1085,2025-06-29,18168.0,0.0,0,Paid
5608,5608,1068,2025-07-10,25176.0,0.0,0,Paid
5609,5609,1028,,58214.0,34026.0,175,Open
5610,5610,1115,2025-07-10,27284.0,0.0,0,Paid
5611,5611,1055,2025-07-09,20432.0,0.0,0,Paid
5612,5612,1003,2025-07-04,51798.0,0.0,0,Paid
5613,5613,1035,2025-06-20,41556.0,0.0,0,Paid
5614,5614,1061,2025-07-18,40734.0,0.0,0,Paid
5615,5615,1042,2025-07-05,16523.0,0.0,0,Paid
5616,5616,1077,,0,108569.0,190,Open
5617,5617,1059,2025-07-18,70541.0,0.0,0,Paid
5618,5618,1091,2025-06-13,27525.0,0.0,0,Paid
5619,5619,1055,2025-07-12,45368.0,0.0,0,Paid
5620,5620,1080,2025-07-06,42277.0,0.0,0,Paid
5621,5621,1079,2025-07-03,20032.0,0.0,0,Paid
5622,5622,1040,2025-06-12,42647.0,0.0,0,Paid
5623,5623,1077,2025-06-24,57167.0,0.0,0,Paid
5624,5624,1027,2025-07-11,62594.0,0.0,0,Paid
5625,5625,1107,2025-06-04,24453.0,0.0,0,Paid
5626,5626,1074,2025-07-22,52040.0,0.0,0,Paid
5627,5627,1036,2025-07-04,30026.0,0.0,0,Paid
5628,5628,1099,2025-06-23,28620.0,0.0,0,Paid
5629,5629,1071,2025-06-13,19581.0,0.0,0,Paid
5630,5630,1123,2025-07-03,26154.0,0.0,0,Paid
5631,5631,1005,2025-07-04,27775.0,0.0,0,Paid
5632,5632,1108,2025-06-27,40748.0,0.0,0,Paid
5633,5633,1031,2025-06-29,125578.0,0.0,0,Paid
5634,5634,1119,2025-07-06,65152.0,0.0,0,Paid
5635,5635,1003,2025-07-11,13182.0,0.0,0,Paid
5636,5636,1063,2025-06-21,31260.0,0.0,0,Paid
5637,5637,1052,2025-07-14,115830.0,0.0,0,Paid
5638,5638,1051,2025-06-22,18905.0,0.0,0,Paid
5639,5639,1074,2025-06-24,97697.0,0.0,0,Paid
5640,5640,1053,2025-06-24,21196.0,0.0,0,Paid
5641,5641,1103,2025-06-10,25908.0,0.0,0,Paid
5642,5642,1046,2025-07-04,78700.0,0.0,0,Paid
5643,5643,1084,2025-07-13,90382.0,0.0,0,Paid
5644,5644,1044,,0,40442.0,176,Open
5645,5645,1021,2025-06-25,58349.0,0.0,0,Paid
5646,5646,1083,2025-06-04,24770.0,0.0,0,Paid
5647,5647,1058,2025-06-19,19415.0,0.0,0,Paid
5648,5648,1086,2025-06-18,25810.0,0.0,0,Paid
5649,5649,1059,2025-06-22,74273.0,0.0,0,Paid
5650,5650,1087,2025-06-27,48640.0,0.0,0,Paid
5651,5651,1027,2025-06-22,19373.0,0.0,0,Paid
5652,5652,1070,2025-06-28,37949.0,0.0,0,Paid
5653,5653,1085,2025-07-24,38217.0,0.0,0,Paid
5654,5654,1045,2025-06-09,22250.0,0.0,0,Paid
5655,5655,1039,2025-06-27,12733.0,0.0,0,Paid
5656,5656,1027,2025-07-28,20586.0,0.0,0,Paid
5657,5657,1064,2025-07-03,20596.0,0.0,0,Paid
5658,5658,1023,2025-06-11,58247.0,0.0,0,Paid
5659,5659,1115,2025-07-24,91708.0,0.0,0,Paid
5660,5660,1031,2025-06-25,28901.0,0.0,0,Paid
5661,5661,1007,2025-07-27,14355.0,0.0,0,Paid
5662,5662,1083,2025-06-10,19584.0,0.0,0,Paid
5663,5663,1031,2025-06-29,26110.0,0.0,0,Paid
5664,5664,1089,2025-06-28,76102.0,0.0,0,Paid
5665,5665,1044,2025-07-10,17296.0,0.0,0,Paid
5666,5666,1083,2025-06-10,16060.0,0.0,0,Paid
5667,5667,1084,2025-07-10,55454.0,0.0,0,Paid
5668,5668,1020,2025-06-19,15672.0,0.0,0,Paid
5669,5669,1107,,0,14334.0,190,Open
5670,5670,1108,2025-06-20,109217.0,0.0,0,Paid
5671,5671,1013,2025-07-08,34702.0,0.0,0,Paid
5672,5672,1115,2025-07-13,39100.0,0.0,0,Paid
5673,5673,1053,2025-08-06,73782.0,0.0,0,Paid
5674,5674,1101,2025-06-19,14001.0,0.0,0,Paid
5675,5675,1052,2025-06-16,32339.0,0.0,0,Paid
5676,5676,1092,2025-07-12,186236.0,0.0,0,Paid
5677,5677,1104,2025-06-29,42365.0,0.0,0,Paid
5678,5678,1074,2025-06-22,32807.0,0.0,0,Paid
5679,5679,1064,2025-07-18,14309.0,0.0,0,Paid
5680,5680,1025,2025-06-30,61902.0,0.0,0,Paid
5681,5681,1059,2025-06-22,39264.0,0.0,0,Paid
5682,5682,1096,2025-06-27,41428.0,0.0,0,Paid
5683,5683,1083,2025-06-24,30908.0,0.0,0,Paid
5684,5684,1068,2025-07-25,13492.0,0.0,0,Paid
5685,5685,1091,2025-07-08,44233.0,0.0,0,Paid
5686,5686,1071,2025-07-01,40592.0,0.0,0,Paid
5687,5687,1052,2025-06-27,128390.0,0.0,0,Paid
5688,5688,1048,,9885.0,18182.0,173,Open
5689,5689,1077,2025-06-26,97797.0,0.0,0,Paid
5690,5690,1035,2025-07-06,31283.0,0.0,0,Paid
5691,5691,1045,2025-06-29,185217.0,0.0,0,Paid
5692,5692,1078,2025-06-08,104266.0,0.0,0,Paid
5693,5693,1082,2025-07-13,58275.0,0.0,0,Paid
5694,5694,1041,2025-06-26,35114.0,0.0,0,Paid
5695,5695,1057,2025-06-17,34318.0,0.0,0,Paid
5696,5696,1026,2025-06-28,86973.0,0.0,0,Paid
5697,5697,1002,2025-07-07,107494.0,0.0,0,Paid
5698,5698,1081,2025-07-23,81388.0,0.0,0,Paid
5699,5699,1050,2025-07-18,31398.0,0.0,0,Paid
5700,5700,1086,2025-07-31,63694.0,0.0,0,Paid
5701,5701,1076,,19905.0,49526.0,171,Open
5702,5702,1098,2025-07-11,83933.0,0.0,0,Paid
5703,5703,1012,2025-06-29,48295.0,0.0,0,Paid
5704,5704,1034,2025-06-18,113897.0,0.0,0,Paid
5705,5705,1104,2025-07-09,20983.0,0.0,0,Paid
5706,5706,1104,2025-06-25,61563.0,0.0,0,Paid
5707,5707,1111,2025-07-07,80183.0,0.0,0,Paid
5708,5708,1081,2025-06-24,62602.0,0.0,0,Paid
5709,5709,1024,2025-07-02,53048.0,0.0,0,Paid
5710,5710,1013,2025-07-14,40255.0,0.0,0,Paid
5711,5711,1098,2025-06-16,112485.0,0.0,0,Paid
5712,5712,1124,2025-07-11,60791.0,0.0,0,Paid
5713,5713,1070,2025-07-06,12057.0,0.0,0,Paid
5714,5714,1122,2025-08-12,26857.0,0.0,0,Paid
5715,5715,1111,2025-06-30,34100.0,0.0,0,Paid
5716,5716,1018,2025-07-04,19555.0,0.0,0,Paid
5717,5717,1042,2025-07-14,49379.0,0.0,0,Paid
5718,5718,1024,,4131.0,9684.0,173,Open
5719,5719,1062,2025-07-04,26916.0,0.0,0,Paid
5720,5720,1117,2025-06-16,62433.0,0.0,0,Paid
5721,5721,1056,,0,58116.0,186,Open
5722,5722,1049,2025-07-13,33437.0,0.0,0,Paid
5723,5723,1108,2025-07-05,28697.0,0.0,0,Paid
5724,5724,1064,2025-07-14,27704.0,0.0,0,Paid
5725,5725,1085,2025-06-27,12005.0,0.0,0,Paid
5726,5726,1029,2025-07-27,31049.0,0.0,0,Paid
5727,5727,1043,2025-07-19,59223.0,0.0,0,Paid
5728,5728,1039,2025-06-28,40756.0,0.0,0,Paid
5729,5729,1097,,11414.0,17397.0,187,Open
5730,5730,1117,2025-06-09,54821.0,0.0,0,Paid
5731,5731,1063,2025-07-21,42234.0,0.0,0,Paid
5732,5732,1105,2025-07-24,21411.0,0.0,0,Paid
5733,5733,1071,2025-07-15,20861.0,0.0,0,Paid
5734,5734,1013,2025-06-24,55674.0,0.0,0,Paid
5735,5735,1060,2025-07-06,65408.0,0.0,0,Paid
5736,5736,1032,2025-07-14,15731.0,0.0,0,Paid
5737,5737,1044,2025-08-01,13994.0,0.0,0,Paid
5738,5738,1023,2025-06-22,47437.0,0.0,0,Paid
5739,5739,1059,2025-06-22,32524.0,0.0,0,Paid
5740,5740,1111,2025-06-25,13228.0,0.0,0,Paid
5741,5741,1097,2025-07-10,75945.0,0.0,0,Paid
5742,5742,1080,2025-07-15,19873.0,0.0,0,Paid
5743,5743,1109,,0,21560.0,173,Open
5744,5744,1049,2025-06-20,17597.0,0.0,0,Paid
5745,5745,1095,2025-07-08,75270.0,0.0,0,Paid
5746,5746,1012,2025-07-01,17304.0,0.0,0,Paid
5747,5747,1122,,14898.0,10101.0,172,Open
5748,5748,1002,2025-06-08,64762.0,0.0,0,Paid
5749,5749,1119,2025-07-13,30867.0,0.0,0,Paid
5750,5750,1025,2025-07-26,77199.0,0.0,0,Paid
5751,5751,1010,2025-06-22,28429.0,0.0,0,Paid
5752,5752,1001,2025-07-20,65747.0,0.0,0,Paid
5753,5753,1081,2025-07-11,81239.0,0.0,0,Paid
5754,5754,1050,2025-06-24,17160.0,0.0,0,Paid
5755,5755,1060,2025-06-23,22718.0,0.0,0,Paid
5756,5756,1042,2025-06-25,50132.0,0.0,0,Paid
5757,5757,1076,2025-07-06,89171.0,0.0,0,Paid
5758,5758,1082,2025-06-13,81829.0,0.0,0,Paid
5759,5759,1029,2025-06-29,57566.0,0.0,0,Paid
5760,5760,1043,2025-07-07,30593.0,0.0,0,Paid
5761,5761,1034,2025-07-05,124702.0,0.0,0,Paid
5762,5762,1069,2025-07-29,26290.0,0.0,0,Paid
5763,5763,1057,2025-06-27,58780.0,0.0,0,Paid
5764,5764,1003,2025-07-13,22027.0,0.0,0,Paid
5765,5765,1007,2025-07-14,86283.0,0.0,0,Paid
5766,5766,1092,2025-06-23,45500.0,0.0,0,Paid
5767,5767,1016,2025-06-24,78648.0,0.0,0,Paid
5768,5768,1113,2025-07-01,14779.0,0.0,0,Paid
5769,5769,1054,2025-06-22,12993.0,0.0,0,Paid
5770,5770,1088,2025-07-04,12416.0,0.0,0,Paid
5771,5771,1121,,0,21332.0,187,Open
5772,5772,1123,2025-07-10,29362.0,0.0,0,Paid
5773,5773,1054,2025-07-15,43203.0,0.0,0,Paid
5774,5774,1111,2025-06-27,31203.0,0.0,0,Paid
5775,5775,1028,,0,82565.0,185,Open
5776,5776,1111,2025-07-10,74937.0,0.0,0,Paid
5777,5777,1077,,0,28953.0,186,Open
5778,5778,1053,2025-07-13,11328.0,0.0,0,Paid
5779,5779,1024,2025-07-11,14777.0,0.0,0,Paid
5780,5780,1008,2025-07-18,88128.0,0.0,0,Paid
5781,5781,1016,2025-07-18,92761.0,0.0,0,Paid
5782,5782,1070,2025-06-08,29680.0,0.0,0,Paid
5783,5783,1026,2025-07-17,80748.0,0.0,0,Paid
5784,5784,1028,2025-07-14,15809.0,0.0,0,Paid
5785,5785,1049,2025-06-16,98289.0,0.0,0,Paid
5786,5786,1122,2025-07-12,32240.0,0.0,0,Paid
5787,5787,1030,2025-06-26,73656.0,0.0,0,Paid
5788,5788,1057,2025-06-12,20824.0,0.0,0,Paid
5789,5789,1065,2025-07-16,40848.0,0.0,0,Paid
5790,5790,1005,2025-07-26,27614.0,0.0,0,Paid
5791,5791,1044,2025-07-19,137121.0,0.0,0,Paid
5792,5792,1032,2025-06-24,30773.0,0.0,0,Paid
5793,5793,1002,2025-07-08,69373.0,0.0,0,Paid
5794,5794,1116,,7223.0,18148.0,185,Open
5795,5795,1039,2025-07-13,46047.0,0.0,0,Paid
5796,5796,1062,2025-07-21,61826.0,0.0,0,Paid
5797,5797,1070,2025-07-05,85809.0,0.0,0,Paid
5798,5798,1093,2025-07-02,41760.0,0.0,0,Paid
5799,5799,1005,2025-07-23,26191.0,0.0,0,Paid
5800,5800,1116,2025-07-08,25506.0,0.0,0,Paid
5801,5801,1074,2025-07-06,27808.0,0.0,0,Paid
5802,5802,1068,2025-07-07,49730.0,0.0,0,Paid
5803,5803,1090,2025-07-17,29892.0,0.0,0,Paid
5804,5804,1073,,0,47715.0,199,Open
5805,5805,1074,2025-07-22,33917.0,0.0,0,Paid
5806,5806,1031,2025-06-30,15615.0,0.0,0,Paid
5807,5807,1042,2025-06-28,15353.0,0.0,0,Paid
5808,5808,1040,2025-06-27,13085.0,0.0,0,Paid
5809,5809,1091,2025-07-05,14563.0,0.0,0,Paid
5810,5810,1063,2025-06-28,20551.0,0.0,0,Paid
5811,5811,1080,,0,27424.0,185,Open
5812,5812,1112,2025-07-11,56743.0,0.0,0,Paid
5813,5813,1003,2025-06-18,46370.0,0.0,0,Paid
5814,5814,1088,2025-06-29,68703.0,0.0,0,Paid
5815,5815,1051,2025-07-30,23709.0,0.0,0,Paid
5816,5816,1038,2025-07-18,29641.0,0.0,0,Paid
5817,5817,1048,2025-07-30,93119.0,0.0,0,Paid
5818,5818,1089,,0,48193.0,200,Open
5819,5819,1012,2025-06-25,42252.0,0.0,0,Paid
5820,5820,1020,2025-07-04,31271.0,0.0,0,Paid
5821,5821,1065,,0,28355.0,185,Open
5822,5822,1013,2025-07-05,38445.0,0.0,0,Paid
5823,5823,1125,2025-07-10,33194.0,0.0,0,Paid
5824,5824,1045,2025-07-30,20969.0,0.0,0,Paid
5825,5825,1093,2025-06-30,28690.0,0.0,0,Paid
5826,5826,1001,2025-07-20,16569.0,0.0,0,Paid
5827,5827,1097,2025-07-11,76042.0,0.0,0,Paid
5828,5828,1124,2025-07-07,13798.0,0.0,0,Paid
5829,5829,1104,2025-08-07,117190.0,0.0,0,Paid
5830,5830,1037,2025-06-30,25433.0,0.0,0,Paid
5831,5831,1060,2025-07-15,97793.0,0.0,0,Paid
5832,5832,1124,2025-06-15,61254.0,0.0,0,Paid
5833,5833,1060,2025-07-04,11111.0,0.0,0,Paid
5834,5834,1067,2025-07-20,78442.0,0.0,0,Paid
5835,5835,1039,2025-07-23,33614.0,0.0,0,Paid
5836,5836,1031,,0,110500.0,166,Open
5837,5837,1060,2025-07-13,35549.0,0.0,0,Paid
5838,5838,1081,2025-07-13,78632.0,0.0,0,Paid
5839,5839,1060,2025-06-20,133808.0,0.0,0,Paid
5840,5840,1044,,0,18763.0,170,Open
5841,5841,1029,2025-07-03,90756.0,0.0,0,Paid
5842,5842,1074,,0,120439.0,182,Open
5843,5843,1069,2025-07-11,37445.0,0.0,0,Paid
5844,5844,1124,2025-06-25,36574.0,0.0,0,Paid
5845,5845,1037,2025-06-15,15827.0,0.0,0,Paid
5846,5846,1017,2025-07-19,13913.0,0.0,0,Paid
5847,5847,1100,2025-06-24,13196.0,0.0,0,Paid
5848,5848,1005,2025-07-03,81197.0,0.0,0,Paid
5849,5849,1077,2025-07-29,42243.0,0.0,0,Paid
5850,5850,1117,2025-07-19,67818.0,0.0,0,Paid
5851,5851,1014,2025-07-12,12107.0,0.0,0,Paid
5852,5852,1117,2025-08-17,27410.0,0.0,0,Paid
5853,5853,1054,2025-07-01,27828.0,0.0,0,Paid
5854,5854,1017,2025-06-26,58674.0,0.0,0,Paid
5855,5855,1043,2025-06-26,79725.0,0.0,0,Paid
5856,5856,1074,2025-06-28,107127.0,0.0,0,Paid
5857,5857,1098,,0,20365.0,170,Open
5858,5858,1101,2025-06-14,18570.0,0.0,0,Paid
5859,5859,1032,2025-07-12,62002.0,0.0,0,Paid
5860,5860,1095,2025-06-14,22364.0,0.0,0,Paid
5861,5861,1042,2025-06-30,43035.0,0.0,0,Paid
5862,5862,1091,2025-06-11,41843.0,0.0,0,Paid
5863,5863,1059,2025-07-15,27545.0,0.0,0,Paid
5864,5864,1063,2025-06-24,54461.0,0.0,0,Paid
5865,5865,1034,2025-07-10,49410.0,0.0,0,Paid
5866,5866,1052,2025-06-25,23569.0,0.0,0,Paid
5867,5867,1057,2025-07-03,39339.0,0.0,0,Paid
5868,5868,1074,2025-06-12,72370.0,0.0,0,Paid
5869,5869,1003,2025-07-22,14217.0,0.0,0,Paid
5870,5870,1086,2025-07-10,56880.0,0.0,0,Paid
5871,5871,1072,2025-07-29,18206.0,0.0,0,Paid
5872,5872,1106,2025-07-10,22251.0,0.0,0,Paid
5873,5873,1030,2025-06-19,67570.0,0.0,0,Paid
5874,5874,1087,2025-07-11,17063.0,0.0,0,Paid
5875,5875,1020,,0,12488.0,184,Open
5876,5876,1082,2025-06-11,35470.0,0.0,0,Paid
5877,5877,1030,2025-07-09,36850.0,0.0,0,Paid
5878,5878,1007,2025-07-10,15586.0,0.0,0,Paid
5879,5879,1012,2025-07-16,41902.0,0.0,0,Paid
5880,5880,1064,2025-06-28,25110.0,0.0,0,Paid
5881,5881,1035,2025-06-28,24529.0,0.0,0,Paid
5882,5882,1087,2025-06-28,47654.0,0.0,0,Paid
5883,5883,1048,2025-07-09,16376.0,0.0,0,Paid
5884,5884,1030,2025-07-13,154789.0,0.0,0,Paid
5885,5885,1012,2025-07-14,60739.0,0.0,0,Paid
5886,5886,1114,2025-07-28,107743.0,0.0,0,Paid
5887,5887,1079,2025-07-07,14623.0,0.0,0,Paid
5888,5888,1079,2025-08-01,132325.0,0.0,0,Paid
5889,5889,1046,2025-07-01,35196.0,0.0,0,Paid
5890,5890,1056,2025-07-15,20944.0,0.0,0,Paid
5891,5891,1053,2025-06-28,33335.0,0.0,0,Paid
5892,5892,1096,2025-07-11,35498.0,0.0,0,Paid
5893,5893,1047,2025-07-10,40940.0,0.0,0,Paid
5894,5894,1017,2025-06-27,82335.0,0.0,0,Paid
5895,5895,1038,2025-06-26,45156.0,0.0,0,Paid
5896,5896,1050,2025-06-10,14876.0,0.0,0,Paid
5897,5897,1010,2025-07-27,42768.0,0.0,0,Paid
5898,5898,1055,2025-07-21,37479.0,0.0,0,Paid
5899,5899,1006,2025-08-04,58712.0,0.0,0,Paid
5900,5900,1094,2025-06-10,14049.0,0.0,0,Paid
5901,5901,1068,2025-06-20,16317.0,0.0,0,Paid
5902,5902,1005,2025-06-25,22109.0,0.0,0,Paid
5903,5903,1072,2025-07-23,78295.0,0.0,0,Paid
5904,5904,1091,2025-07-11,47646.0,0.0,0,Paid
5905,5905,1120,2025-08-08,38520.0,0.0,0,Paid
5906,5906,1085,2025-07-08,86328.0,0.0,0,Paid
5907,5907,1049,2025-07-01,18448.0,0.0,0,Paid
5908,5908,1122,2025-06-26,26092.0,0.0,0,Paid
5909,5909,1015,2025-07-15,28020.0,0.0,0,Paid
5910,5910,1020,2025-07-12,65767.0,0.0,0,Paid
5911,5911,1029,2025-06-26,13763.0,0.0,0,Paid
5912,5912,1052,2025-07-12,63080.0,0.0,0,Paid
5913,5913,1077,2025-07-02,110204.0,0.0,0,Paid
5914,5914,1037,2025-06-15,109300.0,0.0,0,Paid
5915,5915,1011,2025-07-18,19734.0,0.0,0,Paid
5916,5916,1066,2025-07-24,29143.0,0.0,0,Paid
5917,5917,1072,,0,43729.0,182,Open
5918,5918,1006,2025-06-12,28797.0,0.0,0,Paid
5919,5919,1052,2025-06-28,30523.0,0.0,0,Paid
5920,5920,1081,2025-07-14,15781.0,0.0,0,Paid
5921,5921,1003,2025-07-05,21901.0,0.0,0,Paid
5922,5922,1098,2025-07-12,21025.0,0.0,0,Paid
5923,5923,1062,2025-06-26,33043.0,0.0,0,Paid
5924,5924,1072,2025-07-08,20798.0,0.0,0,Paid
5925,5925,1054,2025-08-02,45256.0,0.0,0,Paid
5926,5926,1019,2025-06-11,15025.0,0.0,0,Paid
5927,5927,1123,2025-07-26,15147.0,0.0,0,Paid
5928,5928,1076,2025-07-03,40873.0,0.0,0,Paid
5929,5929,1005,2025-07-15,54006.0,0.0,0,Paid
5930,5930,1052,2025-08-03,43685.0,0.0,0,Paid
5931,5931,1018,2025-07-28,24641.0,0.0,0,Paid
5932,5932,1037,2025-07-10,15820.0,0.0,0,Paid
5933,5933,1004,2025-06-15,17517.0,0.0,0,Paid
5934,5934,1120,2025-07-11,13795.0,0.0,0,Paid
5935,5935,1092,2025-06-29,14712.0,0.0,0,Paid
5936,5936,1035,2025-08-12,30845.0,0.0,0,Paid
5937,5937,1064,2025-07-03,31029.0,0.0,0,Paid
5938,5938,1044,2025-08-05,40719.0,0.0,0,Paid
5939,5939,1008,2025-07-20,37536.0,0.0,0,Paid
5940,5940,1005,2025-07-24,14614.0,0.0,0,Paid
5941,5941,1109,2025-07-26,47116.0,0.0,0,Paid
5942,5942,1095,2025-07-08,25178.0,0.0,0,Paid
5943,5943,1109,2025-06-26,13328.0,0.0,0,Paid
5944,5944,1053,2025-07-10,73118.0,0.0,0,Paid
5945,5945,1015,2025-08-10,14164.0,0.0,0,Paid
5946,5946,1036,2025-08-03,23622.0,0.0,0,Paid
5947,5947,1011,2025-07-15,34839.0,0.0,0,Paid
5948,5948,1107,,0,26195.0,181,Open
5949,5949,1019,2025-06-26,56362.0,0.0,0,Paid
5950,5950,1020,2025-07-11,64492.0,0.0,0,Paid
5951,5951,1060,2025-07-14,25218.0,0.0,0,Paid
5952,5952,1029,,4755.0,6191.0,182,Open
5953,5953,1020,2025-07-26,82062.0,0.0,0,Paid
5954,5954,1016,2025-07-13,25670.0,0.0,0,Paid
5955,5955,1001,2025-06-19,78964.0,0.0,0,Paid
5956,5956,1101,2025-06-17,13573.0,0.0,0,Paid
5957,5957,1105,2025-07-15,128829.0,0.0,0,Paid
5958,5958,1041,2025-07-23,47595.0,0.0,0,Paid
5959,5959,1093,2025-06-29,53789.0,0.0,0,Paid
5960,5960,1028,2025-07-06,31410.0,0.0,0,Paid
5961,5961,1097,,0,58166.0,193,Open
5962,5962,1110,2025-06-12,13665.0,0.0,0,Paid
5963,5963,1090,,0,20498.0,182,Open
5964,5964,1057,2025-07-14,16105.0,0.0,0,Paid
5965,5965,1054,2025-08-02,63759.0,0.0,0,Paid
5966,5966,1104,2025-07-04,34584.0,0.0,0,Paid
5967,5967,1068,2025-07-05,50765.0,0.0,0,Paid
5968,5968,1104,2025-07-14,12025.0,0.0,0,Paid
5969,5969,1098,2025-07-12,85594.0,0.0,0,Paid
5970,5970,1077,2025-06-30,12519.0,0.0,0,Paid
5971,5971,1120,2025-08-16,12547.0,0.0,0,Paid
5972,5972,1079,2025-07-20,12873.0,0.0,0,Paid
5973,5973,1014,2025-07-03,56877.0,0.0,0,Paid
5974,5974,1079,2025-07-03,35333.0,0.0,0,Paid
5975,5975,1107,2025-06-27,13545.0,0.0,0,Paid
5976,5976,1104,,5749.0,6003.0,197,Open
5977,5977,1063,2025-07-24,11514.0,0.0,0,Paid
5978,5978,1108,2025-07-11,44806.0,0.0,0,Paid
5979,5979,1053,2025-06-27,11056.0,0.0,0,Paid
5980,5980,1005,2025-07-18,30498.0,0.0,0,Paid
5981,5981,1052,2025-08-11,10450.0,0.0,0,Paid
5982,5982,1105,,0,13468.0,196,Open
5983,5983,1009,2025-07-19,16907.0,0.0,0,Paid
5984,5984,1007,2025-07-20,46002.0,0.0,0,Paid
5985,5985,1097,2025-07-18,53713.0,0.0,0,Paid
5986,5986,1041,2025-07-17,28482.0,0.0,0,Paid
5987,5987,1026,,0,14854.0,196,Open
5988,5988,1010,2025-07-31,136835.0,0.0,0,Paid
5989,5989,1107,2025-06-16,25921.0,0.0,0,Paid
5990,5990,1037,2025-07-09,12819.0,0.0,0,Paid
5991,5991,1043,2025-07-23,52170.0,0.0,0,Paid
5992,5992,1067,2025-06-29,68259.0,0.0,0,Paid
5993,5993,1090,,0,27579.0,165,Open
5994,5994,1100,2025-07-10,52358.0,0.0,0,Paid
5995,5995,1047,,0,52179.0,179,Open
5996,5996,1103,,5946.0,6819.0,166,Open
5997,5997,1045,2025-06-27,17321.0,0.0,0,Paid
5998,5998,1107,2025-07-19,24545.0,0.0,0,Paid
5999,5999,1124,2025-06-28,11129.0,0.0,0,Paid
6000,6000,1064,2025-06-24,17992.0,0.0,0,Paid
6001,6001,1102,2025-07-11,18554.0,0.0,0,Paid
6002,6002,1125,2025-07-21,30286.0,0.0,0,Paid
6003,6003,1062,2025-07-24,49366.0,0.0,0,Paid
6004,6004,1119,2025-07-07,38999.0,0.0,0,Paid
6005,6005,1016,2025-07-28,28515.0,0.0,0,Paid
6006,6006,1001,2025-06-14,45519.0,0.0,0,Paid
6007,6007,1112,2025-07-04,26069.0,0.0,0,Paid
6008,6008,1050,2025-07-11,14319.0,0.0,0,Paid
6009,6009,1076,2025-07-11,13906.0,0.0,0,Paid
6010,6010,1052,2025-07-10,18756.0,0.0,0,Paid
6011,6011,1058,2025-07-08,22504.0,0.0,0,Paid
6012,6012,1063,2025-07-07,45705.0,0.0,0,Paid
6013,6013,1031,2025-06-18,48602.0,0.0,0,Paid
6014,6014,1051,2025-06-28,13657.0,0.0,0,Paid
6015,6015,1047,2025-07-09,36735.0,0.0,0,Paid
6016,6016,1119,2025-06-19,26186.0,0.0,0,Paid
6017,6017,1086,,0,65351.0,177,Open
6018,6018,1011,2025-07-25,62352.0,0.0,0,Paid
6019,6019,1109,2025-07-23,58366.0,0.0,0,Paid
6020,6020,1080,2025-06-13,19608.0,0.0,0,Paid
6021,6021,1087,2025-06-29,16645.0,0.0,0,Paid
6022,6022,1025,2025-06-22,34753.0,0.0,0,Paid
6023,6023,1098,2025-07-08,18078.0,0.0,0,Paid
6024,6024,1105,2025-07-26,87819.0,0.0,0,Paid
6025,6025,1008,2025-07-19,36658.0,0.0,0,Paid
6026,6026,1087,,3160.0,7720.0,165,Open
6027,6027,1110,,0,129818.0,191,Open
6028,6028,1054,,0,66488.0,179,Open
6029,6029,1018,2025-06-29,12546.0,0.0,0,Paid
6030,6030,1011,2025-06-14,24449.0,0.0,0,Paid
6031,6031,1082,2025-06-22,86499.0,0.0,0,Paid
6032,6032,1004,2025-06-18,90736.0,0.0,0,Paid
6033,6033,1031,2025-07-18,22540.0,0.0,0,Paid
6034,6034,1079,2025-07-13,10257.0,0.0,0,Paid
6035,6035,1019,2025-07-24,37655.0,0.0,0,Paid
6036,6036,1074,2025-06-23,30592.0,0.0,0,Paid
6037,6037,1020,2025-07-13,60348.0,0.0,0,Paid
6038,6038,1059,,0,52862.0,194,Open
6039,6039,1078,2025-07-16,26366.0,0.0,0,Paid
6040,6040,1022,2025-07-25,67271.0,0.0,0,Paid
6041,6041,1039,2025-07-15,24787.0,0.0,0,Paid
6042,6042,1103,2025-06-29,16652.0,0.0,0,Paid
6043,6043,1015,2025-06-30,50541.0,0.0,0,Paid
6044,6044,1101,2025-07-11,92583.0,0.0,0,Paid
6045,6045,1004,2025-07-14,26896.0,0.0,0,Paid
6046,6046,1043,2025-07-23,24555.0,0.0,0,Paid
6047,6047,1082,2025-08-18,12050.0,0.0,0,Paid
6048,6048,1062,2025-07-06,65965.0,0.0,0,Paid
6049,6049,1089,2025-06-26,81335.0,0.0,0,Paid
6050,6050,1050,2025-07-01,35370.0,0.0,0,Paid
6051,6051,1051,2025-07-03,57516.0,0.0,0,Paid
6052,6052,1042,2025-08-07,14924.0,0.0,0,Paid
6053,6053,1085,2025-07-08,19452.0,0.0,0,Paid
6054,6054,1099,2025-07-06,40517.0,0.0,0,Paid
6055,6055,1046,,11811.0,10506.0,164,Open
6056,6056,1045,2025-07-12,92998.0,0.0,0,Paid
6057,6057,1088,2025-07-15,63009.0,0.0,0,Paid
6058,6058,1051,2025-06-19,12848.0,0.0,0,Paid
6059,6059,1046,2025-07-25,47871.0,0.0,0,Paid
6060,6060,1014,2025-07-06,33130.0,0.0,0,Paid
6061,6061,1027,2025-07-16,25032.0,0.0,0,Paid
6062,6062,1051,2025-07-23,11021.0,0.0,0,Paid
6063,6063,1022,2025-07-01,26255.0,0.0,0,Paid
6064,6064,1066,2025-07-21,82158.0,0.0,0,Paid
6065,6065,1114,2025-07-08,31099.0,0.0,0,Paid
6066,6066,1030,2025-08-13,41696.0,0.0,0,Paid
6067,6067,1038,2025-07-13,85308.0,0.0,0,Paid
6068,6068,1058,2025-07-29,20129.0,0.0,0,Paid
6069,6069,1061,2025-07-06,66122.0,0.0,0,Paid
6070,6070,1090,2025-07-02,36621.0,0.0,0,Paid
6071,6071,1042,2025-07-11,41981.0,0.0,0,Paid
6072,6072,1091,,0,24529.0,178,Open
6073,6073,1005,2025-06-28,66842.0,0.0,0,Paid
6074,6074,1017,2025-07-08,38540.0,0.0,0,Paid
6075,6075,1002,2025-06-30,11819.0,0.0,0,Paid
6076,6076,1020,2025-07-15,12211.0,0.0,0,Paid
6077,6077,1116,2025-07-01,38256.0,0.0,0,Paid
6078,6078,1059,2025-06-22,12760.0,0.0,0,Paid
6079,6079,1056,2025-07-13,12224.0,0.0,0,Paid
6080,6080,1112,2025-08-01,20775.0,0.0,0,Paid
6081,6081,1108,2025-07-08,27820.0,0.0,0,Paid
6082,6082,1040,2025-07-11,42818.0,0.0,0,Paid
6083,6083,1048,,0,12323.0,179,Open
6084,6084,1034,2025-07-01,10742.0,0.0,0,Paid
6085,6085,1043,2025-07-01,18507.0,0.0,0,Paid
6086,6086,1013,2025-07-10,22244.0,0.0,0,Paid
6087,6087,1067,2025-07-18,15766.0,0.0,0,Paid
6088,6088,1046,2025-07-10,11812.0,0.0,0,Paid
6089,6089,1074,2025-07-06,39204.0,0.0,0,Paid
6090,6090,1099,2025-06-22,47174.0,0.0,0,Paid
6091,6091,1032,2025-07-01,11595.0,0.0,0,Paid
6092,6092,1071,2025-06-21,19303.0,0.0,0,Paid
6093,6093,1057,2025-07-10,25085.0,0.0,0,Paid
6094,6094,1095,2025-07-24,21234.0,0.0,0,Paid
6095,6095,1121,2025-07-06,36631.0,0.0,0,Paid
6096,6096,1047,2025-06-29,47683.0,0.0,0,Paid
6097,6097,1042,2025-06-25,11118.0,0.0,0,Paid
6098,6098,1060,2025-07-21,37210.0,0.0,0,Paid
6099,6099,1057,2025-07-22,24093.0,0.0,0,Paid
6100,6100,1003,2025-07-24,23189.0,0.0,0,Paid
6101,6101,1001,2025-07-25,51543.0,0.0,0,Paid
6102,6102,1070,2025-07-24,33834.0,0.0,0,Paid
6103,6103,1023,,0,37884.0,191,Open
6104,6104,1090,2025-07-29,77491.0,0.0,0,Paid
6105,6105,1024,2025-07-24,32843.0,0.0,0,Paid
6106,6106,1053,2025-07-28,36151.0,0.0,0,Paid
6107,6107,1088,2025-07-03,25194.0,0.0,0,Paid
6108,6108,1071,2025-07-11,27189.0,0.0,0,Paid
6109,6109,1057,2025-07-27,28584.0,0.0,0,Paid
6110,6110,1014,2025-07-14,27093.0,0.0,0,Paid
6111,6111,1124,2025-07-24,28516.0,0.0,0,Paid
6112,6112,1103,2025-07-22,35880.0,0.0,0,Paid
6113,6113,1100,2025-07-04,69857.0,0.0,0,Paid
6114,6114,1100,2025-09-01,24677.0,0.0,0,Paid
6115,6115,1096,2025-07-08,11377.0,0.0,0,Paid
6116,6116,1114,2025-07-13,38040.0,0.0,0,Paid
6117,6117,1036,2025-07-23,33809.0,0.0,0,Paid
6118,6118,1032,2025-07-16,11065.0,0.0,0,Paid
6119,6119,1109,2025-07-17,31205.0,0.0,0,Paid
6120,6120,1119,2025-07-02,33948.0,0.0,0,Paid
6121,6121,1028,2025-07-07,25171.0,0.0,0,Paid
6122,6122,1067,2025-07-04,33594.0,0.0,0,Paid
6123,6123,1121,2025-07-12,20573.0,0.0,0,Paid
6124,6124,1099,2025-07-03,31416.0,0.0,0,Paid
6125,6125,1051,2025-07-06,10451.0,0.0,0,Paid
6126,6126,1061,2025-07-23,17258.0,0.0,0,Paid
6127,6127,1079,2025-06-18,25868.0,0.0,0,Paid
6128,6128,1060,2025-07-04,131943.0,0.0,0,Paid
6129,6129,1103,2025-07-26,39718.0,0.0,0,Paid
6130,6130,1107,2025-07-02,10329.0,0.0,0,Paid
6131,6131,1099,2025-07-05,26185.0,0.0,0,Paid
6132,6132,1073,2025-07-06,26444.0,0.0,0,Paid
6133,6133,1094,,12103.0,8786.0,176,Open
6134,6134,1067,2025-07-20,10868.0,0.0,0,Paid
6135,6135,1073,2025-07-03,22434.0,0.0,0,Paid
6136,6136,1047,2025-07-12,35817.0,0.0,0,Paid
6137,6137,1029,,0,14023.0,162,Open
6138,6138,1049,2025-09-09,59641.0,0.0,0,Paid
6139,6139,1040,2025-06-19,12306.0,0.0,0,Paid
6140,6140,1084,2025-07-14,37151.0,0.0,0,Paid
6141,6141,1060,2025-08-06,72458.0,0.0,0,Paid
6142,6142,1085,2025-07-02,24114.0,0.0,0,Paid
6143,6143,1069,2025-06-18,23647.0,0.0,0,Paid
6144,6144,1042,2025-07-21,24453.0,0.0,0,Paid
6145,6145,1075,2025-07-23,14548.0,0.0,0,Paid
6146,6146,1094,2025-07-14,16854.0,0.0,0,Paid
6147,6147,1018,2025-07-02,12902.0,0.0,0,Paid
6148,6148,1041,2025-07-02,75198.0,0.0,0,Paid
6149,6149,1037,2025-06-30,63610.0,0.0,0,Paid
6150,6150,1017,2025-07-07,17088.0,0.0,0,Paid
6151,6151,1114,2025-07-02,21185.0,0.0,0,Paid
6152,6152,1048,2025-06-18,14009.0,0.0,0,Paid
6153,6153,1006,2025-07-11,27684.0,0.0,0,Paid
6154,6154,1054,2025-07-05,22850.0,0.0,0,Paid
6155,6155,1061,2025-07-10,22367.0,0.0,0,Paid
6156,6156,1071,2025-07-23,30198.0,0.0,0,Paid
6157,6157,1087,2025-07-26,77509.0,0.0,0,Paid
6158,6158,1042,2025-07-08,55208.0,0.0,0,Paid
6159,6159,1117,,16055.0,26113.0,189,Open
6160,6160,1081,2025-07-04,57623.0,0.0,0,Paid
6161,6161,1086,2025-07-25,22983.0,0.0,0,Paid
6162,6162,1104,2025-08-04,11662.0,0.0,0,Paid
6163,6163,1043,2025-08-01,48614.0,0.0,0,Paid
6164,6164,1069,2025-07-12,25174.0,0.0,0,Paid
6165,6165,1063,2025-07-10,55280.0,0.0,0,Paid
6166,6166,1077,2025-06-27,73020.0,0.0,0,Paid
6167,6167,1095,2025-07-25,35173.0,0.0,0,Paid
6168,6168,1085,2025-07-25,66941.0,0.0,0,Paid
6169,6169,1003,2025-07-05,66403.0,0.0,0,Paid
6170,6170,1073,2025-07-11,37502.0,0.0,0,Paid
6171,6171,1078,2025-07-11,49828.0,0.0,0,Paid
6172,6172,1004,2025-08-07,28499.0,0.0,0,Paid
6173,6173,1027,2025-07-08,25827.0,0.0,0,Paid
6174,6174,1005,2025-07-22,19876.0,0.0,0,Paid
6175,6175,1094,2025-07-10,25724.0,0.0,0,Paid
6176,6176,1097,2025-07-07,23297.0,0.0,0,Paid
6177,6177,1077,2025-07-22,17918.0,0.0,0,Paid
6178,6178,1079,2025-07-06,46654.0,0.0,0,Paid
6179,6179,1023,2025-07-16,13170.0,0.0,0,Paid
6180,6180,1072,2025-07-06,26831.0,0.0,0,Paid
6181,6181,1024,2025-06-26,10178.0,0.0,0,Paid
6182,6182,1072,2025-08-09,12678.0,0.0,0,Paid
6183,6183,1071,2025-07-14,34937.0,0.0,0,Paid
6184,6184,1021,2025-08-08,25628.0,0.0,0,Paid
6185,6185,1022,2025-07-23,39197.0,0.0,0,Paid
6186,6186,1054,2025-07-21,25247.0,0.0,0,Paid
6187,6187,1113,2025-07-13,27016.0,0.0,0,Paid
6188,6188,1003,2025-08-04,23131.0,0.0,0,Paid
6189,6189,1057,2025-07-19,81876.0,0.0,0,Paid
6190,6190,1060,2025-07-15,26646.0,0.0,0,Paid
6191,6191,1061,2025-06-27,25516.0,0.0,0,Paid
6192,6192,1090,,28906.0,31708.0,172,Open
6193,6193,1059,,0,36927.0,189,Open
6194,6194,1065,2025-07-04,36131.0,0.0,0,Paid
6195,6195,1040,2025-07-14,98864.0,0.0,0,Paid
6196,6196,1019,2025-07-14,28947.0,0.0,0,Paid
6197,6197,1083,2025-08-04,80358.0,0.0,0,Paid
6198,6198,1064,2025-07-13,17807.0,0.0,0,Paid
6199,6199,1043,2025-06-20,23083.0,0.0,0,Paid
6200,6200,1089,2025-06-25,39541.0,0.0,0,Paid
6201,6201,1061,2025-06-24,68006.0,0.0,0,Paid
6202,6202,1068,2025-07-20,58731.0,0.0,0,Paid
6203,6203,1098,2025-07-12,12999.0,0.0,0,Paid
6204,6204,1088,2025-07-22,26615.0,0.0,0,Paid
6205,6205,1011,2025-08-03,38103.0,0.0,0,Paid
6206,6206,1067,2025-07-08,51712.0,0.0,0,Paid
6207,6207,1093,2025-07-08,49215.0,0.0,0,Paid
6208,6208,1047,2025-09-01,37535.0,0.0,0,Paid
6209,6209,1106,2025-07-04,25566.0,0.0,0,Paid
6210,6210,1125,2025-07-13,11643.0,0.0,0,Paid
6211,6211,1083,2025-08-05,32627.0,0.0,0,Paid
6212,6212,1042,2025-07-27,53527.0,0.0,0,Paid
6213,6213,1087,2025-07-28,24200.0,0.0,0,Paid
6214,6214,1095,2025-07-05,37937.0,0.0,0,Paid
6215,6215,1037,2025-07-20,37921.0,0.0,0,Paid
6216,6216,1081,2025-07-20,17667.0,0.0,0,Paid
6217,6217,1023,,0,46374.0,157,Open
6218,6218,1080,2025-07-23,80016.0,0.0,0,Paid
6219,6219,1111,2025-07-18,58426.0,0.0,0,Paid
6220,6220,1055,2025-07-30,40748.0,0.0,0,Paid
6221,6221,1098,2025-07-05,54569.0,0.0,0,Paid
6222,6222,1088,2025-08-09,11039.0,0.0,0,Paid
6223,6223,1052,2025-07-18,54672.0,0.0,0,Paid
6224,6224,1057,2025-07-10,13772.0,0.0,0,Paid
6225,6225,1115,2025-07-27,46229.0,0.0,0,Paid
6226,6226,1079,,0,24799.0,174,Open
6227,6227,1074,2025-07-14,73073.0,0.0,0,Paid
6228,6228,1069,,0,89143.0,172,Open
6229,6229,1041,2025-06-30,44525.0,0.0,0,Paid
6230,6230,1059,2025-08-08,33492.0,0.0,0,Paid
6231,6231,1051,2025-07-08,35666.0,0.0,0,Paid
6232,6232,1079,2025-08-15,18686.0,0.0,0,Paid
6233,6233,1022,,0,12750.0,159,Open
6234,6234,1033,2025-08-08,12008.0,0.0,0,Paid
6235,6235,1034,2025-06-21,11854.0,0.0,0,Paid
6236,6236,1057,2025-07-14,12180.0,0.0,0,Paid
6237,6237,1117,2025-07-17,26152.0,0.0,0,Paid
6238,6238,1053,2025-07-17,39715.0,0.0,0,Paid
6239,6239,1086,2025-08-11,73912.0,0.0,0,Paid
6240,6240,1106,2025-07-28,27540.0,0.0,0,Paid
6241,6241,1007,2025-07-28,17050.0,0.0,0,Paid
6242,6242,1109,,17888.0,43450.0,157,Open
6243,6243,1020,2025-06-30,65148.0,0.0,0,Paid
6244,6244,1064,2025-07-15,43328.0,0.0,0,Paid
6245,6245,1043,2025-08-14,22441.0,0.0,0,Paid
6246,6246,1062,2025-08-04,28826.0,0.0,0,Paid
6247,6247,1079,,0,48946.0,187,Open
6248,6248,1033,2025-07-06,10667.0,0.0,0,Paid
6249,6249,1050,2025-08-14,45471.0,0.0,0,Paid
6250,6250,1093,2025-08-20,10896.0,0.0,0,Paid
6251,6251,1102,2025-07-06,16956.0,0.0,0,Paid
6252,6252,1069,2025-08-11,23029.0,0.0,0,Paid
6253,6253,1080,2025-08-03,11893.0,0.0,0,Paid
6254,6254,1118,2025-07-18,37511.0,0.0,0,Paid
6255,6255,1070,2025-07-23,35623.0,0.0,0,Paid
6256,6256,1114,2025-06-27,77108.0,0.0,0,Paid
6257,6257,1036,2025-08-03,14638.0,0.0,0,Paid
6258,6258,1089,2025-08-22,58485.0,0.0,0,Paid
6259,6259,1001,2025-07-27,52531.0,0.0,0,Paid
6260,6260,1009,2025-06-26,87206.0,0.0,0,Paid
6261,6261,1115,2025-07-23,44920.0,0.0,0,Paid
6262,6262,1068,2025-08-21,29106.0,0.0,0,Paid
6263,6263,1055,2025-07-16,11712.0,0.0,0,Paid
6264,6264,1047,2025-07-18,55855.0,0.0,0,Paid
6265,6265,1017,2025-07-19,37576.0,0.0,0,Paid
6266,6266,1004,2025-08-10,19043.0,0.0,0,Paid
6267,6267,1004,2025-07-11,17345.0,0.0,0,Paid
6268,6268,1058,,42308.0,91254.0,169,Open
6269,6269,1028,2025-07-21,17872.0,0.0,0,Paid
6270,6270,1097,2025-08-06,38679.0,0.0,0,Paid
6271,6271,1059,2025-07-07,24534.0,0.0,0,Paid
6272,6272,1009,2025-07-11,46298.0,0.0,0,Paid
6273,6273,1063,2025-07-08,29618.0,0.0,0,Paid
6274,6274,1070,2025-07-12,20892.0,0.0,0,Paid
6275,6275,1039,2025-08-13,18934.0,0.0,0,Paid
6276,6276,1052,2025-08-04,49657.0,0.0,0,Paid
6277,6277,1120,2025-06-30,24709.0,0.0,0,Paid
6278,6278,1067,2025-08-05,25706.0,0.0,0,Paid
6279,6279,1070,2025-07-20,12290.0,0.0,0,Paid
6280,6280,1041,2025-08-06,24382.0,0.0,0,Paid
6281,6281,1098,2025-08-10,63380.0,0.0,0,Paid
6282,6282,1089,2025-07-06,22920.0,0.0,0,Paid
6283,6283,1032,,0,159294.0,168,Open
6284,6284,1105,2025-07-12,12260.0,0.0,0,Paid
6285,6285,1111,2025-07-12,43576.0,0.0,0,Paid
6286,6286,1027,2025-06-24,39509.0,0.0,0,Paid
6287,6287,1057,2025-07-02,112187.0,0.0,0,Paid
6288,6288,1018,2025-07-28,81376.0,0.0,0,Paid
6289,6289,1068,2025-08-07,22388.0,0.0,0,Paid
6290,6290,1032,2025-08-09,27660.0,0.0,0,Paid
6291,6291,1035,2025-07-06,24616.0,0.0,0,Paid
6292,6292,1053,2025-07-10,11519.0,0.0,0,Paid
6293,6293,1105,2025-07-17,23495.0,0.0,0,Paid
6294,6294,1091,2025-08-04,84644.0,0.0,0,Paid
6295,6295,1017,2025-08-09,13377.0,0.0,0,Paid
6296,6296,1083,,38573.0,69633.0,184,Open
6297,6297,1091,2025-07-02,18844.0,0.0,0,Paid
6298,6298,1100,2025-07-07,18245.0,0.0,0,Paid
6299,6299,1105,2025-07-18,43136.0,0.0,0,Paid
6300,6300,1040,2025-07-12,58463.0,0.0,0,Paid
6301,6301,1044,2025-06-28,56651.0,0.0,0,Paid
6302,6302,1093,2025-07-21,49659.0,0.0,0,Paid
6303,6303,1059,,0,93860.0,185,Open
6304,6304,1062,2025-08-08,14245.0,0.0,0,Paid
6305,6305,1082,2025-07-30,43306.0,0.0,0,Paid
6306,6306,1059,2025-07-17,32896.0,0.0,0,Paid
6307,6307,1002,2025-07-31,24764.0,0.0,0,Paid
6308,6308,1119,2025-07-12,62936.0,0.0,0,Paid
6309,6309,1092,2025-07-09,69497.0,0.0,0,Paid
6310,6310,1021,,10755.0,25810.0,170,Open
6311,6311,1004,2025-07-15,27536.0,0.0,0,Paid
6312,6312,1121,2025-07-22,40956.0,0.0,0,Paid
6313,6313,1036,,11354.0,31069.0,169,Open
6314,6314,1077,2025-06-24,45739.0,0.0,0,Paid
6315,6315,1092,2025-08-15,14223.0,0.0,0,Paid
6316,6316,1031,2025-07-09,44040.0,0.0,0,Paid
6317,6317,1098,2025-07-03,38359.0,0.0,0,Paid
6318,6318,1042,2025-07-14,24562.0,0.0,0,Paid
6319,6319,1005,2025-07-09,46638.0,0.0,0,Paid
6320,6320,1036,2025-07-09,17468.0,0.0,0,Paid
6321,6321,1003,2025-07-18,31841.0,0.0,0,Paid
6322,6322,1041,2025-07-11,32251.0,0.0,0,Paid
6323,6323,1080,,0,47988.0,185,Open
6324,6324,1064,2025-07-15,37100.0,0.0,0,Paid
6325,6325,1125,2025-08-14,11238.0,0.0,0,Paid
6326,6326,1050,2025-07-18,42946.0,0.0,0,Paid
6327,6327,1015,2025-07-12,34100.0,0.0,0,Paid
6328,6328,1072,,0,28901.0,170,Open
6329,6329,1041,2025-07-31,11468.0,0.0,0,Paid
6330,6330,1121,2025-07-24,52081.0,0.0,0,Paid
6331,6331,1125,2025-07-20,43997.0,0.0,0,Paid
6332,6332,1009,2025-07-27,56766.0,0.0,0,Paid
6333,6333,1107,2025-06-25,47870.0,0.0,0,Paid
6334,6334,1027,2025-08-06,52200.0,0.0,0,Paid
6335,6335,1081,2025-07-18,40014.0,0.0,0,Paid
6336,6336,1100,2025-07-15,25284.0,0.0,0,Paid
6337,6337,1106,2025-08-08,19815.0,0.0,0,Paid
6338,6338,1022,2025-07-08,49823.0,0.0,0,Paid
6339,6339,1002,2025-06-23,18245.0,0.0,0,Paid
6340,6340,1083,2025-07-08,19433.0,0.0,0,Paid
6341,6341,1012,,0,94376.0,154,Open
6342,6342,1107,2025-07-10,42362.0,0.0,0,Paid
6343,6343,1004,2025-08-06,36882.0,0.0,0,Paid
6344,6344,1033,2025-07-25,32950.0,0.0,0,Paid
6345,6345,1053,2025-08-10,39712.0,0.0,0,Paid
6346,6346,1123,2025-06-30,24291.0,0.0,0,Paid
6347,6347,1030,2025-07-07,26040.0,0.0,0,Paid
6348,6348,1009,2025-07-10,22902.0,0.0,0,Paid
6349,6349,1060,2025-07-28,22687.0,0.0,0,Paid
6350,6350,1031,2025-06-25,27603.0,0.0,0,Paid
6351,6351,1080,2025-07-24,14080.0,0.0,0,Paid
6352,6352,1011,,0,45479.0,183,Open
6353,6353,1021,2025-07-14,24106.0,0.0,0,Paid
6354,6354,1070,2025-07-29,79167.0,0.0,0,Paid
6355,6355,1047,2025-07-12,53599.0,0.0,0,Paid
6356,6356,1087,2025-07-20,12386.0,0.0,0,Paid
6357,6357,1042,2025-07-13,40578.0,0.0,0,Paid
6358,6358,1027,2025-06-29,23216.0,0.0,0,Paid
6359,6359,1052,2025-06-28,53728.0,0.0,0,Paid
6360,6360,1092,2025-07-24,95350.0,0.0,0,Paid
6361,6361,1028,2025-07-12,152958.0,0.0,0,Paid
6362,6362,1015,2025-07-02,70879.0,0.0,0,Paid
6363,6363,1004,2025-07-31,79293.0,0.0,0,Paid
6364,6364,1003,2025-07-31,35441.0,0.0,0,Paid
6365,6365,1056,2025-07-29,95216.0,0.0,0,Paid
6366,6366,1067,2025-07-24,23531.0,0.0,0,Paid
6367,6367,1097,2025-08-21,25536.0,0.0,0,Paid
6368,6368,1059,,0,36073.0,169,Open
6369,6369,1004,2025-07-18,13635.0,0.0,0,Paid
6370,6370,1065,2025-08-22,86349.0,0.0,0,Paid
6371,6371,1008,2025-08-04,16842.0,0.0,0,Paid
6372,6372,1125,2025-07-21,38036.0,0.0,0,Paid
6373,6373,1111,2025-07-17,46460.0,0.0,0,Paid
6374,6374,1077,2025-08-03,31061.0,0.0,0,Paid
6375,6375,1108,2025-07-19,36960.0,0.0,0,Paid
6376,6376,1099,2025-07-25,50117.0,0.0,0,Paid
6377,6377,1064,2025-08-18,32485.0,0.0,0,Paid
6378,6378,1064,2025-07-27,37281.0,0.0,0,Paid
6379,6379,1072,2025-07-14,27338.0,0.0,0,Paid
6380,6380,1097,2025-07-04,11419.0,0.0,0,Paid
6381,6381,1038,2025-07-18,53384.0,0.0,0,Paid
6382,6382,1084,2025-07-22,34770.0,0.0,0,Paid
6383,6383,1001,2025-07-01,22427.0,0.0,0,Paid
6384,6384,1070,2025-07-12,59224.0,0.0,0,Paid
6385,6385,1122,2025-08-01,30547.0,0.0,0,Paid
6386,6386,1099,2025-07-17,13910.0,0.0,0,Paid
6387,6387,1004,2025-07-30,24700.0,0.0,0,Paid
6388,6388,1055,2025-07-26,104699.0,0.0,0,Paid
6389,6389,1091,2025-07-11,40698.0,0.0,0,Paid
6390,6390,1031,2025-07-16,32881.0,0.0,0,Paid
6391,6391,1053,2025-07-30,16672.0,0.0,0,Paid
6392,6392,1067,2025-07-19,22590.0,0.0,0,Paid
6393,6393,1013,2025-07-17,23695.0,0.0,0,Paid
6394,6394,1059,2025-07-14,24791.0,0.0,0,Paid
6395,6395,1062,,26545.0,27032.0,151,Open
6396,6396,1015,2025-07-03,11222.0,0.0,0,Paid
6397,6397,1048,2025-08-04,19400.0,0.0,0,Paid
6398,6398,1115,,9189.0,15238.0,153,Open
6399,6399,1014,2025-07-26,22732.0,0.0,0,Paid
6400,6400,1067,2025-07-18,46656.0,0.0,0,Paid
6401,6401,1101,2025-07-27,34601.0,0.0,0,Paid
6402,6402,1034,,0,12429.0,169,Open
6403,6403,1049,2025-07-30,26711.0,0.0,0,Paid
6404,6404,1030,2025-07-19,16794.0,0.0,0,Paid
6405,6405,1004,2025-07-23,15343.0,0.0,0,Paid
6406,6406,1044,2025-07-28,45667.0,0.0,0,Paid
6407,6407,1001,,0,61574.0,167,Open
6408,6408,1083,2025-07-22,23630.0,0.0,0,Paid
6409,6409,1049,2025-07-21,27369.0,0.0,0,Paid
6410,6410,1017,2025-07-29,61256.0,0.0,0,Paid
6411,6411,1103,2025-07-28,57868.0,0.0,0,Paid
6412,6412,1048,2025-07-19,34831.0,0.0,0,Paid
6413,6413,1058,2025-06-29,65730.0,0.0,0,Paid
6414,6414,1004,2025-07-23,40724.0,0.0,0,Paid
6415,6415,1005,2025-07-12,55526.0,0.0,0,Paid
6416,6416,1089,2025-07-09,14994.0,0.0,0,Paid
6417,6417,1105,2025-07-31,132885.0,0.0,0,Paid
6418,6418,1112,2025-07-20,16491.0,0.0,0,Paid
6419,6419,1104,2025-07-14,36114.0,0.0,0,Paid
6420,6420,1074,2025-07-14,35961.0,0.0,0,Paid
6421,6421,1033,2025-07-13,40368.0,0.0,0,Paid
6422,6422,1043,2025-07-18,44475.0,0.0,0,Paid
6423,6423,1090,2025-07-23,38610.0,0.0,0,Paid
6424,6424,1061,2025-08-11,29428.0,0.0,0,Paid
6425,6425,1096,2025-07-04,29554.0,0.0,0,Paid
6426,6426,1009,2025-07-14,121072.0,0.0,0,Paid
6427,6427,1037,2025-07-30,31964.0,0.0,0,Paid
6428,6428,1041,2025-07-19,20234.0,0.0,0,Paid
6429,6429,1055,2025-07-01,47058.0,0.0,0,Paid
6430,6430,1092,2025-09-05,38835.0,0.0,0,Paid
6431,6431,1060,2025-08-02,68169.0,0.0,0,Paid
6432,6432,1092,2025-07-30,75995.0,0.0,0,Paid
6433,6433,1095,2025-07-16,36084.0,0.0,0,Paid
6434,6434,1100,2025-07-27,53541.0,0.0,0,Paid
6435,6435,1037,2025-07-13,54905.0,0.0,0,Paid
6436,6436,1114,2025-07-15,42005.0,0.0,0,Paid
6437,6437,1105,2025-07-17,11671.0,0.0,0,Paid
6438,6438,1061,2025-07-12,26414.0,0.0,0,Paid
6439,6439,1074,2025-07-23,84658.0,0.0,0,Paid
6440,6440,1042,2025-07-23,26198.0,0.0,0,Paid
6441,6441,1061,2025-08-15,25948.0,0.0,0,Paid
6442,6442,1009,2025-08-07,13933.0,0.0,0,Paid
6443,6443,1123,,0,143736.0,164,Open
6444,6444,1120,2025-07-25,45416.0,0.0,0,Paid
6445,6445,1054,,0,46250.0,180,Open
6446,6446,1011,,9214.0,4000.0,167,Open
6447,6447,1031,2025-07-19,138726.0,0.0,0,Paid
6448,6448,1039,2025-07-28,22244.0,0.0,0,Paid
6449,6449,1105,2025-07-14,60715.0,0.0,0,Paid
6450,6450,1091,2025-07-10,37484.0,0.0,0,Paid
6451,6451,1062,2025-07-26,23410.0,0.0,0,Paid
6452,6452,1008,2025-07-23,47754.0,0.0,0,Paid
6453,6453,1019,2025-07-19,21211.0,0.0,0,Paid
6454,6454,1094,2025-07-14,14392.0,0.0,0,Paid
6455,6455,1021,2025-07-19,109685.0,0.0,0,Paid
6456,6456,1086,,0,33838.0,181,Open
6457,6457,1056,2025-08-03,35227.0,0.0,0,Paid
6458,6458,1083,2025-08-06,38665.0,0.0,0,Paid
6459,6459,1052,2025-07-29,48013.0,0.0,0,Paid
6460,6460,1107,2025-08-14,57839.0,0.0,0,Paid
6461,6461,1002,2025-07-20,41376.0,0.0,0,Paid
6462,6462,1032,2025-07-27,93588.0,0.0,0,Paid
6463,6463,1066,,0,51459.0,150,Open
6464,6464,1121,2025-07-13,34149.0,0.0,0,Paid
6465,6465,1108,2025-08-09,16691.0,0.0,0,Paid
6466,6466,1035,2025-08-01,91410.0,0.0,0,Paid
6467,6467,1089,2025-07-10,36535.0,0.0,0,Paid
6468,6468,1023,2025-07-30,43913.0,0.0,0,Paid
6469,6469,1103,2025-08-05,15058.0,0.0,0,Paid
6470,6470,1055,2025-08-22,45507.0,0.0,0,Paid
6471,6471,1099,2025-07-11,24046.0,0.0,0,Paid
6472,6472,1062,2025-07-17,64718.0,0.0,0,Paid
6473,6473,1098,2025-07-18,19523.0,0.0,0,Paid
6474,6474,1125,2025-07-08,12203.0,0.0,0,Paid
6475,6475,1096,2025-07-25,24972.0,0.0,0,Paid
6476,6476,1022,2025-08-09,65319.0,0.0,0,Paid
6477,6477,1092,2025-07-19,48272.0,0.0,0,Paid
6478,6478,1100,2025-07-31,92228.0,0.0,0,Paid
6479,6479,1056,2025-07-15,94022.0,0.0,0,Paid
6480,6480,1060,2025-07-18,20358.0,0.0,0,Paid
6481,6481,1062,2025-07-14,23180.0,0.0,0,Paid
6482,6482,1008,,11488.0,26051.0,180,Open
6483,6483,1099,,18980.0,17099.0,165,Open
6484,6484,1064,2025-08-16,61384.0,0.0,0,Paid
6485,6485,1090,2025-07-13,14597.0,0.0,0,Paid
6486,6486,1030,2025-08-09,45537.0,0.0,0,Paid
6487,6487,1023,2025-07-28,54745.0,0.0,0,Paid
6488,6488,1005,,0,34931.0,164,Open
6489,6489,1114,2025-07-28,12992.0,0.0,0,Paid
6490,6490,1019,2025-07-29,20129.0,0.0,0,Paid
6491,6491,1035,2025-08-23,18336.0,0.0,0,Paid
6492,6492,1088,2025-07-21,13589.0,0.0,0,Paid
6493,6493,1047,2025-07-19,24209.0,0.0,0,Paid
6494,6494,1047,2025-07-13,34354.0,0.0,0,Paid
6495,6495,1057,2025-07-19,83991.0,0.0,0,Paid
6496,6496,1081,2025-08-05,22960.0,0.0,0,Paid
6497,6497,1085,,0,47758.0,163,Open
6498,6498,1081,2025-08-06,13710.0,0.0,0,Paid
6499,6499,1089,2025-09-04,24976.0,0.0,0,Paid
6500,6500,1070,2025-07-20,28608.0,0.0,0,Paid
6501,6501,1027,2025-08-11,67884.0,0.0,0,Paid
6502,6502,1083,2025-07-26,38877.0,0.0,0,Paid
6503,6503,1034,2025-08-11,21526.0,0.0,0,Paid
6504,6504,1005,2025-07-02,18934.0,0.0,0,Paid
6505,6505,1060,2025-08-03,29146.0,0.0,0,Paid
6506,6506,1089,2025-07-16,81883.0,0.0,0,Paid
6507,6507,1066,2025-07-09,13390.0,0.0,0,Paid
6508,6508,1100,2025-07-11,31107.0,0.0,0,Paid
6509,6509,1043,2025-07-24,33435.0,0.0,0,Paid
6510,6510,1082,2025-07-11,27057.0,0.0,0,Paid
6511,6511,1029,2025-08-01,15352.0,0.0,0,Paid
6512,6512,1074,2025-07-04,59393.0,0.0,0,Paid
6513,6513,1075,2025-07-30,30914.0,0.0,0,Paid
6514,6514,1024,2025-07-27,25397.0,0.0,0,Paid
6515,6515,1020,2025-07-28,54117.0,0.0,0,Paid
6516,6516,1038,2025-07-31,23796.0,0.0,0,Paid
6517,6517,1077,2025-07-29,45693.0,0.0,0,Paid
6518,6518,1073,2025-07-15,32989.0,0.0,0,Paid
6519,6519,1047,2025-07-25,36581.0,0.0,0,Paid
6520,6520,1063,2025-07-23,36979.0,0.0,0,Paid
6521,6521,1012,2025-08-12,13145.0,0.0,0,Paid
6522,6522,1086,2025-07-31,10759.0,0.0,0,Paid
6523,6523,1045,2025-07-24,38130.0,0.0,0,Paid
6524,6524,1022,2025-07-02,48912.0,0.0,0,Paid
6525,6525,1058,2025-07-19,21072.0,0.0,0,Paid
6526,6526,1103,2025-07-29,12291.0,0.0,0,Paid
6527,6527,1039,2025-07-14,14116.0,0.0,0,Paid
6528,6528,1027,2025-08-05,32070.0,0.0,0,Paid
6529,6529,1039,2025-07-02,66516.0,0.0,0,Paid
6530,6530,1026,2025-09-04,49711.0,0.0,0,Paid
6531,6531,1081,2025-06-30,34449.0,0.0,0,Paid
6532,6532,1079,2025-07-30,27471.0,0.0,0,Paid
6533,6533,1118,2025-07-15,31861.0,0.0,0,Paid
6534,6534,1122,2025-07-25,51404.0,0.0,0,Paid
6535,6535,1063,2025-07-19,17978.0,0.0,0,Paid
6536,6536,1033,2025-08-06,114185.0,0.0,0,Paid
6537,6537,1124,2025-07-30,73174.0,0.0,0,Paid
6538,6538,1115,2025-07-29,29843.0,0.0,0,Paid
6539,6539,1074,2025-07-15,25910.0,0.0,0,Paid
6540,6540,1025,2025-06-29,13090.0,0.0,0,Paid
6541,6541,1058,2025-07-09,34037.0,0.0,0,Paid
6542,6542,1057,2025-07-27,20914.0,0.0,0,Paid
6543,6543,1078,2025-07-27,36896.0,0.0,0,Paid
6544,6544,1096,,0,53006.0,149,Open
6545,6545,1111,2025-07-12,11276.0,0.0,0,Paid
6546,6546,1122,2025-07-21,35131.0,0.0,0,Paid
6547,6547,1100,2025-07-15,21168.0,0.0,0,Paid
6548,6548,1015,2025-07-20,51026.0,0.0,0,Paid
6549,6549,1005,2025-08-15,12303.0,0.0,0,Paid
6550,6550,1043,2025-07-30,55337.0,0.0,0,Paid
6551,6551,1055,,13764.0,35012.0,164,Open
6552,6552,1057,2025-07-02,31576.0,0.0,0,Paid
6553,6553,1011,2025-08-01,26102.0,0.0,0,Paid
6554,6554,1044,2025-07-31,13611.0,0.0,0,Paid
6555,6555,1041,2025-07-02,37128.0,0.0,0,Paid
6556,6556,1065,2025-08-05,42019.0,0.0,0,Paid
6557,6557,1101,2025-07-16,54231.0,0.0,0,Paid
6558,6558,1029,2025-06-30,33499.0,0.0,0,Paid
6559,6559,1052,,0,22705.0,148,Open
6560,6560,1041,2025-07-27,41103.0,0.0,0,Paid
6561,6561,1062,,0,52335.0,177,Open
6562,6562,1113,2025-07-31,25147.0,0.0,0,Paid
6563,6563,1013,2025-07-15,23888.0,0.0,0,Paid
6564,6564,1008,2025-08-16,22647.0,0.0,0,Paid
6565,6565,1099,2025-08-15,41455.0,0.0,0,Paid
6566,6566,1101,2025-07-23,17396.0,0.0,0,Paid
6567,6567,1105,2025-07-23,20048.0,0.0,0,Paid
6568,6568,1074,2025-07-26,34495.0,0.0,0,Paid
6569,6569,1062,2025-07-28,23100.0,0.0,0,Paid
6570,6570,1122,2025-07-22,11242.0,0.0,0,Paid
6571,6571,1109,2025-07-08,45112.0,0.0,0,Paid
6572,6572,1120,2025-07-22,42693.0,0.0,0,Paid
6573,6573,1011,2025-07-06,26222.0,0.0,0,Paid
6574,6574,1018,2025-07-31,22862.0,0.0,0,Paid
6575,6575,1073,2025-07-06,12624.0,0.0,0,Paid
6576,6576,1006,2025-07-22,104559.0,0.0,0,Paid
6577,6577,1120,2025-07-18,70017.0,0.0,0,Paid
6578,6578,1045,2025-07-16,53857.0,0.0,0,Paid
6579,6579,1009,2025-08-17,37563.0,0.0,0,Paid
6580,6580,1116,2025-07-18,64952.0,0.0,0,Paid
6581,6581,1008,2025-08-15,61483.0,0.0,0,Paid
6582,6582,1121,2025-09-15,47606.0,0.0,0,Paid
6583,6583,1056,2025-07-25,12701.0,0.0,0,Paid
6584,6584,1116,2025-07-21,24347.0,0.0,0,Paid
6585,6585,1112,2025-07-21,36815.0,0.0,0,Paid
6586,6586,1026,2025-08-10,44642.0,0.0,0,Paid
6587,6587,1075,2025-07-30,12729.0,0.0,0,Paid
6588,6588,1020,2025-07-05,14584.0,0.0,0,Paid
6589,6589,1085,2025-08-17,36166.0,0.0,0,Paid
6590,6590,1105,2025-07-13,57438.0,0.0,0,Paid
6591,6591,1098,2025-07-28,36809.0,0.0,0,Paid
6592,6592,1012,2025-07-17,21529.0,0.0,0,Paid
6593,6593,1102,2025-07-18,37012.0,0.0,0,Paid
6594,6594,1089,2025-07-16,22920.0,0.0,0,Paid
6595,6595,1096,2025-08-04,75478.0,0.0,0,Paid
6596,6596,1079,2025-07-16,64722.0,0.0,0,Paid
6597,6597,1100,2025-07-31,19518.0,0.0,0,Paid
6598,6598,1113,,7008.0,8758.0,163,Open
6599,6599,1088,2025-07-27,36204.0,0.0,0,Paid
6600,6600,1106,2025-07-18,95628.0,0.0,0,Paid
6601,6601,1051,2025-08-22,52353.0,0.0,0,Paid
6602,6602,1045,2025-07-21,20967.0,0.0,0,Paid
6603,6603,1078,2025-07-23,15124.0,0.0,0,Paid
6604,6604,1080,2025-07-22,22650.0,0.0,0,Paid
6605,6605,1057,2025-07-04,44750.0,0.0,0,Paid
6606,6606,1037,2025-08-03,22381.0,0.0,0,Paid
6607,6607,1113,2025-08-11,33278.0,0.0,0,Paid
6608,6608,1037,2025-07-12,16562.0,0.0,0,Paid
6609,6609,1016,2025-07-22,42883.0,0.0,0,Paid
6610,6610,1117,2025-07-07,12122.0,0.0,0,Paid
6611,6611,1050,2025-08-01,53509.0,0.0,0,Paid
6612,6612,1050,2025-07-23,38819.0,0.0,0,Paid
6613,6613,1002,,0,39917.0,146,Open
6614,6614,1113,2025-08-31,18237.0,0.0,0,Paid
6615,6615,1087,2025-07-26,86658.0,0.0,0,Paid
6616,6616,1064,2025-07-25,32697.0,0.0,0,Paid
6617,6617,1021,2025-08-04,54805.0,0.0,0,Paid
6618,6618,1092,2025-08-07,24416.0,0.0,0,Paid
6619,6619,1124,2025-08-18,26096.0,0.0,0,Paid
6620,6620,1067,2025-08-01,11670.0,0.0,0,Paid
6621,6621,1040,2025-07-05,37776.0,0.0,0,Paid
6622,6622,1008,2025-07-04,74968.0,0.0,0,Paid
6623,6623,1117,2025-08-02,12885.0,0.0,0,Paid
6624,6624,1066,2025-08-20,20420.0,0.0,0,Paid
6625,6625,1030,2025-08-20,42400.0,0.0,0,Paid
6626,6626,1093,2025-08-01,10438.0,0.0,0,Paid
6627,6627,1075,2025-08-02,18756.0,0.0,0,Paid
6628,6628,1093,2025-07-29,11463.0,0.0,0,Paid
6629,6629,1111,2025-08-12,34078.0,0.0,0,Paid
6630,6630,1063,,0,51251.0,174,Open
6631,6631,1082,2025-08-22,20228.0,0.0,0,Paid
6632,6632,1070,2025-07-24,36795.0,0.0,0,Paid
6633,6633,1055,2025-08-29,50167.0,0.0,0,Paid
6634,6634,1063,2025-08-06,30776.0,0.0,0,Paid
6635,6635,1014,2025-08-21,34453.0,0.0,0,Paid
6636,6636,1073,2025-08-08,92684.0,0.0,0,Paid
6637,6637,1067,,0,44515.0,159,Open
6638,6638,1028,2025-07-14,98095.0,0.0,0,Paid
6639,6639,1112,2025-07-22,38699.0,0.0,0,Paid
6640,6640,1090,2025-08-19,10852.0,0.0,0,Paid
6641,6641,1064,,11007.0,12347.0,176,Open
6642,6642,1096,2025-07-29,32727.0,0.0,0,Paid
6643,6643,1125,2025-08-08,26873.0,0.0,0,Paid
6644,6644,1004,2025-08-09,40684.0,0.0,0,Paid
6645,6645,1068,,0,61588.0,158,Open
6646,6646,1034,2025-09-01,64586.0,0.0,0,Paid
6647,6647,1017,2025-08-07,23351.0,0.0,0,Paid
6648,6648,1091,2025-07-21,94581.0,0.0,0,Paid
6649,6649,1061,2025-07-11,34788.0,0.0,0,Paid
6650,6650,1028,2025-07-14,13110.0,0.0,0,Paid
6651,6651,1097,2025-07-03,35653.0,0.0,0,Paid
6652,6652,1084,,0,35725.0,146,Open
6653,6653,1123,2025-07-27,42973.0,0.0,0,Paid
6654,6654,1002,2025-07-22,12128.0,0.0,0,Paid
6655,6655,1112,2025-08-18,29427.0,0.0,0,Paid
6656,6656,1060,2025-08-09,81944.0,0.0,0,Paid
6657,6657,1062,2025-07-21,41492.0,0.0,0,Paid
6658,6658,1030,2025-08-01,11551.0,0.0,0,Paid
6659,6659,1080,2025-07-28,10942.0,0.0,0,Paid
6660,6660,1004,2025-08-08,22259.0,0.0,0,Paid
6661,6661,1077,2025-07-31,56670.0,0.0,0,Paid
6662,6662,1090,2025-07-29,37920.0,0.0,0,Paid
6663,6663,1065,2025-07-27,25008.0,0.0,0,Paid
6664,6664,1120,2025-08-05,54942.0,0.0,0,Paid
6665,6665,1076,2025-07-30,34750.0,0.0,0,Paid
6666,6666,1066,2025-07-08,21841.0,0.0,0,Paid
6667,6667,1006,2025-08-18,52663.0,0.0,0,Paid
6668,6668,1078,,14214.0,12160.0,176,Open
6669,6669,1057,2025-07-09,28018.0,0.0,0,Paid
6670,6670,1113,,14247.0,11118.0,160,Open
6671,6671,1051,2025-08-02,64513.0,0.0,0,Paid
6672,6672,1059,2025-08-08,19721.0,0.0,0,Paid
6673,6673,1098,2025-08-13,21829.0,0.0,0,Paid
6674,6674,1018,2025-07-30,10888.0,0.0,0,Paid
6675,6675,1016,2025-08-13,69210.0,0.0,0,Paid
6676,6676,1107,2025-07-29,24867.0,0.0,0,Paid
6677,6677,1111,,0,91842.0,158,Open
6678,6678,1055,2025-07-13,26470.0,0.0,0,Paid
6679,6679,1026,2025-07-11,40442.0,0.0,0,Paid
6680,6680,1108,2025-08-22,87444.0,0.0,0,Paid
6681,6681,1116,2025-07-25,12670.0,0.0,0,Paid
6682,6682,1030,2025-08-27,43412.0,0.0,0,Paid
6683,6683,1034,2025-07-24,11415.0,0.0,0,Paid
6684,6684,1072,2025-08-01,12300.0,0.0,0,Paid
6685,6685,1111,2025-07-27,72653.0,0.0,0,Paid
6686,6686,1112,2025-08-25,56511.0,0.0,0,Paid
6687,6687,1012,2025-07-25,13490.0,0.0,0,Paid
6688,6688,1102,2025-07-22,35675.0,0.0,0,Paid
6689,6689,1011,2025-08-17,19046.0,0.0,0,Paid
6690,6690,1105,2025-08-31,61839.0,0.0,0,Paid
6691,6691,1120,2025-07-22,30355.0,0.0,0,Paid
6692,6692,1014,2025-07-03,10919.0,0.0,0,Paid
6693,6693,1089,2025-07-06,52766.0,0.0,0,Paid
6694,6694,1064,,0,21720.0,145,Open
6695,6695,1101,2025-07-12,26376.0,0.0,0,Paid
6696,6696,1077,2025-07-09,15852.0,0.0,0,Paid
6697,6697,1072,2025-08-09,12086.0,0.0,0,Paid
6698,6698,1063,2025-07-19,24779.0,0.0,0,Paid
6699,6699,1002,,0,29520.0,161,Open
6700,6700,1013,2025-07-05,33692.0,0.0,0,Paid
6701,6701,1040,2025-07-15,11891.0,0.0,0,Paid
6702,6702,1033,2025-07-29,42590.0,0.0,0,Paid
6703,6703,1012,2025-08-12,20248.0,0.0,0,Paid
6704,6704,1013,2025-08-21,37728.0,0.0,0,Paid
6705,6705,1091,2025-08-21,69054.0,0.0,0,Paid
6706,6706,1103,2025-07-19,16214.0,0.0,0,Paid
6707,6707,1068,2025-08-05,38424.0,0.0,0,Paid
6708,6708,1121,2025-08-18,17263.0,0.0,0,Paid
6709,6709,1075,,0,27922.0,174,Open
6710,6710,1098,2025-07-19,19298.0,0.0,0,Paid
6711,6711,1066,2025-07-21,10972.0,0.0,0,Paid
6712,6712,1021,2025-07-29,59090.0,0.0,0,Paid
6713,6713,1097,2025-07-28,83791.0,0.0,0,Paid
6714,6714,1080,2025-07-31,36319.0,0.0,0,Paid
6715,6715,1043,2025-07-30,38463.0,0.0,0,Paid
6716,6716,1060,,0,23150.0,159,Open
6717,6717,1001,2025-07-25,18764.0,0.0,0,Paid
6718,6718,1053,2025-08-02,48003.0,0.0,0,Paid
6719,6719,1009,2025-08-19,47981.0,0.0,0,Paid
6720,6720,1078,2025-07-31,31044.0,0.0,0,Paid
6721,6721,1107,2025-08-27,54017.0,0.0,0,Paid
6722,6722,1028,,0,100862.0,173,Open
6723,6723,1064,2025-07-23,103354.0,0.0,0,Paid
6724,6724,1051,2025-07-28,25133.0,0.0,0,Paid
6725,6725,1051,2025-09-08,99199.0,0.0,0,Paid
6726,6726,1067,2025-07-25,93491.0,0.0,0,Paid
6727,6727,1034,2025-08-11,35074.0,0.0,0,Paid
6728,6728,1108,2025-08-18,89210.0,0.0,0,Paid
6729,6729,1041,2025-08-14,48518.0,0.0,0,Paid
6730,6730,1004,2025-07-08,59277.0,0.0,0,Paid
6731,6731,1093,2025-08-21,29774.0,0.0,0,Paid
6732,6732,1051,2025-08-08,38643.0,0.0,0,Paid
6733,6733,1057,2025-08-04,12291.0,0.0,0,Paid
6734,6734,1121,2025-08-12,33882.0,0.0,0,Paid
6735,6735,1026,2025-08-12,60872.0,0.0,0,Paid
6736,6736,1016,2025-08-09,36560.0,0.0,0,Paid
6737,6737,1095,2025-07-30,27089.0,0.0,0,Paid
6738,6738,1059,2025-07-30,50165.0,0.0,0,Paid
6739,6739,1012,2025-07-25,52486.0,0.0,0,Paid
6740,6740,1033,2025-07-22,42275.0,0.0,0,Paid
6741,6741,1095,2025-09-16,36100.0,0.0,0,Paid
6742,6742,1075,2025-07-29,48436.0,0.0,0,Paid
6743,6743,1051,2025-07-10,11458.0,0.0,0,Paid
6744,6744,1116,2025-08-05,27855.0,0.0,0,Paid
6745,6745,1028,2025-08-02,23694.0,0.0,0,Paid
6746,6746,1080,2025-07-30,117827.0,0.0,0,Paid
6747,6747,1101,2025-07-12,12672.0,0.0,0,Paid
6748,6748,1113,2025-08-01,59196.0,0.0,0,Paid
6749,6749,1006,2025-08-14,12561.0,0.0,0,Paid
6750,6750,1039,2025-08-09,37363.0,0.0,0,Paid
6751,6751,1061,2025-07-10,22495.0,0.0,0,Paid
6752,6752,1003,2025-07-28,42975.0,0.0,0,Paid
6753,6753,1042,2025-07-31,11440.0,0.0,0,Paid
6754,6754,1027,2025-07-27,44142.0,0.0,0,Paid
6755,6755,1045,2025-08-04,26115.0,0.0,0,Paid
6756,6756,1060,2025-08-24,55040.0,0.0,0,Paid
6757,6757,1043,2025-07-21,27518.0,0.0,0,Paid
6758,6758,1070,2025-08-02,23929.0,0.0,0,Paid
6759,6759,1024,2025-08-22,16283.0,0.0,0,Paid
6760,6760,1017,2025-08-01,39172.0,0.0,0,Paid
6761,6761,1083,2025-08-10,21154.0,0.0,0,Paid
6762,6762,1027,2025-08-16,101665.0,0.0,0,Paid
6763,6763,1065,2025-07-20,27871.0,0.0,0,Paid
6764,6764,1075,2025-07-26,12179.0,0.0,0,Paid
6765,6765,1052,2025-07-22,12497.0,0.0,0,Paid
6766,6766,1064,,0,58017.0,143,Open
6767,6767,1069,2025-07-28,23248.0,0.0,0,Paid
6768,6768,1104,2025-08-11,17397.0,0.0,0,Paid
6769,6769,1045,2025-07-20,13696.0,0.0,0,Paid
6770,6770,1001,2025-07-26,23333.0,0.0,0,Paid
6771,6771,1062,2025-08-12,82571.0,0.0,0,Paid
6772,6772,1112,2025-07-13,13417.0,0.0,0,Paid
6773,6773,1050,2025-08-10,32655.0,0.0,0,Paid
6774,6774,1067,2025-07-15,33042.0,0.0,0,Paid
6775,6775,1114,2025-07-22,29657.0,0.0,0,Paid
6776,6776,1041,2025-07-27,21604.0,0.0,0,Paid
6777,6777,1005,2025-08-06,58904.0,0.0,0,Paid
6778,6778,1109,2025-08-07,50379.0,0.0,0,Paid
6779,6779,1096,,0,16665.0,158,Open
6780,6780,1005,2025-07-06,12475.0,0.0,0,Paid
6781,6781,1029,,0,42746.0,142,Open
6782,6782,1117,2025-08-23,25137.0,0.0,0,Paid
6783,6783,1032,2025-07-20,33955.0,0.0,0,Paid
6784,6784,1103,2025-07-31,25220.0,0.0,0,Paid
6785,6785,1027,2025-08-27,35310.0,0.0,0,Paid
6786,6786,1125,2025-07-29,22714.0,0.0,0,Paid
6787,6787,1003,2025-07-27,34852.0,0.0,0,Paid
6788,6788,1069,2025-07-06,11011.0,0.0,0,Paid
6789,6789,1017,2025-07-23,13765.0,0.0,0,Paid
6790,6790,1016,2025-08-17,25580.0,0.0,0,Paid
6791,6791,1045,,0,33314.0,143,Open
6792,6792,1118,2025-07-21,13139.0,0.0,0,Paid
6793,6793,1076,,11633.0,17437.0,172,Open
6794,6794,1107,2025-08-11,121583.0,0.0,0,Paid
6795,6795,1110,2025-07-28,31488.0,0.0,0,Paid
6796,6796,1087,2025-07-26,11786.0,0.0,0,Paid
6797,6797,1076,2025-08-08,29187.0,0.0,0,Paid
6798,6798,1024,2025-08-21,57543.0,0.0,0,Paid
6799,6799,1068,2025-07-13,42891.0,0.0,0,Paid
6800,6800,1076,2025-07-28,18753.0,0.0,0,Paid
6801,6801,1110,2025-07-29,10341.0,0.0,0,Paid
6802,6802,1095,2025-07-08,29316.0,0.0,0,Paid
6803,6803,1098,2025-08-08,36253.0,0.0,0,Paid
6804,6804,1015,2025-08-23,29057.0,0.0,0,Paid
6805,6805,1033,2025-08-11,75470.0,0.0,0,Paid
6806,6806,1118,2025-08-15,38222.0,0.0,0,Paid
6807,6807,1101,2025-07-31,24469.0,0.0,0,Paid
6808,6808,1027,2025-07-23,38409.0,0.0,0,Paid
6809,6809,1092,2025-08-03,13387.0,0.0,0,Paid
6810,6810,1043,2025-08-07,11525.0,0.0,0,Paid
6811,6811,1048,2025-07-25,37147.0,0.0,0,Paid
6812,6812,1066,2025-08-05,19439.0,0.0,0,Paid
6813,6813,1104,2025-08-10,43611.0,0.0,0,Paid
6814,6814,1091,2025-07-23,67747.0,0.0,0,Paid
6815,6815,1037,2025-08-06,12610.0,0.0,0,Paid
6816,6816,1119,,0,16053.0,157,Open
6817,6817,1017,2025-08-23,77295.0,0.0,0,Paid
6818,6818,1020,2025-08-12,22747.0,0.0,0,Paid
6819,6819,1004,,9835.0,14589.0,156,Open
6820,6820,1003,2025-07-29,67102.0,0.0,0,Paid
6821,6821,1100,2025-09-01,14829.0,0.0,0,Paid
6822,6822,1009,2025-07-23,48315.0,0.0,0,Paid
6823,6823,1089,2025-07-29,77784.0,0.0,0,Paid
6824,6824,1008,2025-08-12,20181.0,0.0,0,Paid
6825,6825,1031,2025-07-12,56789.0,0.0,0,Paid
6826,6826,1119,2025-07-30,61720.0,0.0,0,Paid
6827,6827,1072,2025-08-18,12521.0,0.0,0,Paid
6828,6828,1062,2025-08-21,76995.0,0.0,0,Paid
6829,6829,1066,2025-07-24,65500.0,0.0,0,Paid
6830,6830,1103,2025-07-29,39281.0,0.0,0,Paid
6831,6831,1098,2025-08-10,15212.0,0.0,0,Paid
6832,6832,1088,2025-07-22,22184.0,0.0,0,Paid
6833,6833,1081,2025-08-03,13493.0,0.0,0,Paid
6834,6834,1006,2025-07-15,32362.0,0.0,0,Paid
6835,6835,1112,2025-07-23,71749.0,0.0,0,Paid
6836,6836,1067,,0,29013.0,155,Open
6837,6837,1004,2025-07-23,46956.0,0.0,0,Paid
6838,6838,1011,2025-08-20,27149.0,0.0,0,Paid
6839,6839,1006,2025-07-26,23002.0,0.0,0,Paid
6840,6840,1094,2025-08-30,11673.0,0.0,0,Paid
6841,6841,1032,2025-07-14,11618.0,0.0,0,Paid
6842,6842,1070,2025-07-26,17797.0,0.0,0,Paid
6843,6843,1084,2025-08-12,30002.0,0.0,0,Paid
6844,6844,1122,2025-08-14,24336.0,0.0,0,Paid
6845,6845,1053,2025-07-26,52063.0,0.0,0,Paid
6846,6846,1103,2025-07-26,41684.0,0.0,0,Paid
6847,6847,1038,2025-07-23,10855.0,0.0,0,Paid
6848,6848,1062,2025-07-10,40534.0,0.0,0,Paid
6849,6849,1060,2025-07-16,34387.0,0.0,0,Paid
6850,6850,1022,2025-08-16,19246.0,0.0,0,Paid
6851,6851,1084,2025-08-02,37237.0,0.0,0,Paid
6852,6852,1061,2025-08-07,13096.0,0.0,0,Paid
6853,6853,1068,2025-08-07,43575.0,0.0,0,Paid
6854,6854,1033,2025-09-03,12325.0,0.0,0,Paid
6855,6855,1032,2025-07-24,22052.0,0.0,0,Paid
6856,6856,1052,2025-07-29,10817.0,0.0,0,Paid
6857,6857,1049,2025-08-12,12999.0,0.0,0,Paid
6858,6858,1072,2025-07-29,63997.0,0.0,0,Paid
6859,6859,1054,2025-08-26,83102.0,0.0,0,Paid
6860,6860,1115,2025-08-20,55347.0,0.0,0,Paid
6861,6861,1019,2025-08-25,65087.0,0.0,0,Paid
6862,6862,1113,2025-08-18,43741.0,0.0,0,Paid
6863,6863,1029,2025-07-25,18707.0,0.0,0,Paid
6864,6864,1100,2025-07-24,15457.0,0.0,0,Paid
6865,6865,1063,2025-07-31,61284.0,0.0,0,Paid
6866,6866,1124,2025-07-18,81644.0,0.0,0,Paid
6867,6867,1075,2025-08-21,23715.0,0.0,0,Paid
6868,6868,1087,2025-08-23,40142.0,0.0,0,Paid
6869,6869,1048,2025-07-29,83013.0,0.0,0,Paid
6870,6870,1087,2025-08-08,59773.0,0.0,0,Paid
6871,6871,1051,2025-08-12,51586.0,0.0,0,Paid
6872,6872,1082,2025-09-01,35429.0,0.0,0,Paid
6873,6873,1060,2025-08-03,21175.0,0.0,0,Paid
6874,6874,1056,2025-08-10,23783.0,0.0,0,Paid
6875,6875,1020,2025-08-29,54742.0,0.0,0,Paid
6876,6876,1033,,18579.0,15606.0,154,Open
6877,6877,1081,2025-08-03,13409.0,0.0,0,Paid
6878,6878,1086,2025-08-21,38539.0,0.0,0,Paid
6879,6879,1029,2025-07-24,23422.0,0.0,0,Paid
6880,6880,1025,2025-08-15,42146.0,0.0,0,Paid
6881,6881,1065,2025-08-10,70053.0,0.0,0,Paid
6882,6882,1110,2025-07-16,51768.0,0.0,0,Paid
6883,6883,1100,2025-08-03,31919.0,0.0,0,Paid
6884,6884,1096,2025-07-26,11368.0,0.0,0,Paid
6885,6885,1106,2025-07-29,69037.0,0.0,0,Paid
6886,6886,1045,2025-07-29,15192.0,0.0,0,Paid
6887,6887,1118,2025-08-08,32302.0,0.0,0,Paid
6888,6888,1109,2025-09-03,33687.0,0.0,0,Paid
6889,6889,1079,2025-07-24,12082.0,0.0,0,Paid
6890,6890,1065,2025-07-24,16521.0,0.0,0,Paid
6891,6891,1001,2025-07-13,34423.0,0.0,0,Paid
6892,6892,1006,2025-08-05,38529.0,0.0,0,Paid
6893,6893,1115,2025-08-04,11258.0,0.0,0,Paid
6894,6894,1103,2025-08-08,22604.0,0.0,0,Paid
6895,6895,1058,2025-08-12,70543.0,0.0,0,Paid
6896,6896,1057,2025-07-14,40819.0,0.0,0,Paid
6897,6897,1055,2025-08-10,37932.0,0.0,0,Paid
6898,6898,1116,2025-08-10,26627.0,0.0,0,Paid
6899,6899,1054,2025-08-03,25159.0,0.0,0,Paid
6900,6900,1121,2025-07-14,17943.0,0.0,0,Paid
6901,6901,1081,2025-08-08,14555.0,0.0,0,Paid
6902,6902,1001,2025-07-31,73442.0,0.0,0,Paid
6903,6903,1108,2025-07-30,44590.0,0.0,0,Paid
6904,6904,1041,,0,112607.0,167,Open
6905,6905,1023,2025-07-18,12044.0,0.0,0,Paid
6906,6906,1026,2025-07-30,19714.0,0.0,0,Paid
6907,6907,1102,2025-08-05,156613.0,0.0,0,Paid
6908,6908,1111,2025-08-15,40092.0,0.0,0,Paid
6909,6909,1090,2025-08-20,25546.0,0.0,0,Paid
6910,6910,1115,2025-08-11,10744.0,0.0,0,Paid
6911,6911,1014,2025-07-26,14087.0,0.0,0,Paid
6912,6912,1053,,0,18668.0,155,Open
6913,6913,1088,2025-08-03,54733.0,0.0,0,Paid
6914,6914,1110,2025-08-22,11284.0,0.0,0,Paid
6915,6915,1100,2025-08-16,122674.0,0.0,0,Paid
6916,6916,1037,2025-07-31,13166.0,0.0,0,Paid
6917,6917,1031,2025-07-26,27176.0,0.0,0,Paid
6918,6918,1090,2025-09-09,23524.0,0.0,0,Paid
6919,6919,1116,2025-09-13,28106.0,0.0,0,Paid
6920,6920,1030,2025-07-16,23149.0,0.0,0,Paid
6921,6921,1002,2025-08-16,26303.0,0.0,0,Paid
6922,6922,1015,2025-07-19,114103.0,0.0,0,Paid
6923,6923,1088,2025-07-26,28752.0,0.0,0,Paid
6924,6924,1117,2025-08-23,27449.0,0.0,0,Paid
6925,6925,1070,2025-07-31,28679.0,0.0,0,Paid
6926,6926,1078,2025-07-31,24529.0,0.0,0,Paid
6927,6927,1124,2025-08-24,11306.0,0.0,0,Paid
6928,6928,1090,2025-08-10,38377.0,0.0,0,Paid
6929,6929,1011,2025-08-11,10354.0,0.0,0,Paid
6930,6930,1032,2025-07-26,68474.0,0.0,0,Paid
6931,6931,1083,2025-08-04,18227.0,0.0,0,Paid
6932,6932,1033,2025-08-04,33907.0,0.0,0,Paid
6933,6933,1119,2025-07-30,17347.0,0.0,0,Paid
6934,6934,1095,2025-09-15,40443.0,0.0,0,Paid
6935,6935,1110,2025-07-25,11225.0,0.0,0,Paid
6936,6936,1074,2025-08-16,50967.0,0.0,0,Paid
6937,6937,1055,2025-08-10,10896.0,0.0,0,Paid
6938,6938,1015,2025-08-13,52869.0,0.0,0,Paid
6939,6939,1107,2025-07-28,56244.0,0.0,0,Paid
6940,6940,1123,2025-07-11,28172.0,0.0,0,Paid
6941,6941,1004,2025-08-16,25032.0,0.0,0,Paid
6942,6942,1056,2025-08-02,92501.0,0.0,0,Paid
6943,6943,1105,2025-07-26,11376.0,0.0,0,Paid
6944,6944,1064,2025-08-10,65273.0,0.0,0,Paid
6945,6945,1045,2025-07-13,44026.0,0.0,0,Paid
6946,6946,1063,2025-08-27,62371.0,0.0,0,Paid
6947,6947,1086,2025-08-09,66741.0,0.0,0,Paid
6948,6948,1014,2025-07-18,18815.0,0.0,0,Paid
6949,6949,1095,2025-07-31,44743.0,0.0,0,Paid
6950,6950,1082,2025-08-01,39013.0,0.0,0,Paid
6951,6951,1103,2025-07-30,23362.0,0.0,0,Paid
6952,6952,1111,2025-07-30,19002.0,0.0,0,Paid
6953,6953,1048,2025-08-03,91058.0,0.0,0,Paid
6954,6954,1059,,0,46385.0,165,Open
6955,6955,1079,2025-08-14,80251.0,0.0,0,Paid
6956,6956,1035,2025-09-02,13896.0,0.0,0,Paid
6957,6957,1061,2025-07-28,73489.0,0.0,0,Paid
6958,6958,1064,2025-07-28,22600.0,0.0,0,Paid
6959,6959,1064,2025-08-14,20622.0,0.0,0,Paid
6960,6960,1087,2025-07-26,11069.0,0.0,0,Paid
6961,6961,1069,2025-07-28,68356.0,0.0,0,Paid
6962,6962,1045,2025-07-28,23881.0,0.0,0,Paid
6963,6963,1026,2025-08-03,11971.0,0.0,0,Paid
6964,6964,1049,2025-08-17,25850.0,0.0,0,Paid
6965,6965,1054,2025-08-16,31702.0,0.0,0,Paid
6966,6966,1081,2025-08-20,49647.0,0.0,0,Paid
6967,6967,1028,2025-07-28,39574.0,0.0,0,Paid
6968,6968,1101,,0,20164.0,167,Open
6969,6969,1043,2025-08-07,11342.0,0.0,0,Paid
6970,6970,1071,2025-08-21,34207.0,0.0,0,Paid
6971,6971,1015,,0,25603.0,138,Open
6972,6972,1096,2025-08-15,10873.0,0.0,0,Paid
6973,6973,1022,2025-07-23,22508.0,0.0,0,Paid
6974,6974,1056,2025-08-05,26655.0,0.0,0,Paid
6975,6975,1073,2025-07-22,51806.0,0.0,0,Paid
6976,6976,1083,,18513.0,26568.0,151,Open
6977,6977,1089,2025-08-21,20076.0,0.0,0,Paid
6978,6978,1027,2025-08-21,48812.0,0.0,0,Paid
6979,6979,1039,2025-07-26,10912.0,0.0,0,Paid
6980,6980,1089,2025-08-10,18845.0,0.0,0,Paid
6981,6981,1021,2025-07-22,43828.0,0.0,0,Paid
6982,6982,1101,2025-08-04,20323.0,0.0,0,Paid
6983,6983,1054,2025-08-06,37615.0,0.0,0,Paid
6984,6984,1074,2025-08-17,40977.0,0.0,0,Paid
6985,6985,1104,2025-07-20,42631.0,0.0,0,Paid
6986,6986,1074,2025-07-31,19339.0,0.0,0,Paid
6987,6987,1103,2025-08-16,27746.0,0.0,0,Paid
6988,6988,1039,2025-08-24,52233.0,0.0,0,Paid
6989,6989,1045,2025-08-16,31715.0,0.0,0,Paid
6990,6990,1123,2025-08-13,39293.0,0.0,0,Paid
6991,6991,1079,2025-08-02,56428.0,0.0,0,Paid
6992,6992,1015,2025-08-02,67627.0,0.0,0,Paid
6993,6993,1058,2025-08-29,18777.0,0.0,0,Paid
6994,6994,1102,2025-07-27,36902.0,0.0,0,Paid
6995,6995,1110,2025-08-17,47632.0,0.0,0,Paid
6996,6996,1083,2025-08-25,42194.0,0.0,0,Paid
6997,6997,1021,,73107.0,38452.0,163,Open
6998,6998,1117,2025-08-23,16043.0,0.0,0,Paid
6999,6999,1107,2025-08-11,45538.0,0.0,0,Paid
7000,7000,1080,2025-08-03,53287.0,0.0,0,Paid
7001,7001,1108,2025-08-26,28970.0,0.0,0,Paid
7002,7002,1038,2025-09-20,121620.0,0.0,0,Paid
7003,7003,1119,2025-07-29,45931.0,0.0,0,Paid
7004,7004,1007,2025-08-19,75614.0,0.0,0,Paid
7005,7005,1068,2025-08-09,30904.0,0.0,0,Paid
7006,7006,1100,2025-07-30,30906.0,0.0,0,Paid
7007,7007,1095,2025-07-28,43620.0,0.0,0,Paid
7008,7008,1022,2025-07-24,19883.0,0.0,0,Paid
7009,7009,1116,2025-07-27,21350.0,0.0,0,Paid
7010,7010,1011,2025-08-19,56797.0,0.0,0,Paid
7011,7011,1026,2025-07-29,142422.0,0.0,0,Paid
7012,7012,1018,2025-07-13,40486.0,0.0,0,Paid
7013,7013,1056,2025-07-31,141114.0,0.0,0,Paid
7014,7014,1057,2025-08-09,112258.0,0.0,0,Paid
7015,7015,1008,2025-07-16,26217.0,0.0,0,Paid
7016,7016,1076,2025-07-27,27310.0,0.0,0,Paid
7017,7017,1084,2025-08-02,21050.0,0.0,0,Paid
7018,7018,1035,,0,41857.0,151,Open
7019,7019,1066,,0,26333.0,167,Open
7020,7020,1074,2025-08-01,97893.0,0.0,0,Paid
7021,7021,1001,,0,60357.0,151,Open
7022,7022,1004,2025-08-12,107856.0,0.0,0,Paid
7023,7023,1083,2025-07-12,21937.0,0.0,0,Paid
7024,7024,1065,2025-08-07,20758.0,0.0,0,Paid
7025,7025,1089,2025-08-22,47036.0,0.0,0,Paid
7026,7026,1077,2025-08-01,49566.0,0.0,0,Paid
7027,7027,1122,2025-08-16,47383.0,0.0,0,Paid
7028,7028,1089,,15623.0,14052.0,151,Open
7029,7029,1093,2025-08-06,25380.0,0.0,0,Paid
7030,7030,1041,2025-08-22,62408.0,0.0,0,Paid
7031,7031,1107,2025-08-27,34888.0,0.0,0,Paid
7032,7032,1033,2025-08-14,121713.0,0.0,0,Paid
7033,7033,1019,2025-08-08,201958.0,0.0,0,Paid
7034,7034,1062,2025-08-20,137115.0,0.0,0,Paid
7035,7035,1021,2025-08-10,106995.0,0.0,0,Paid
7036,7036,1033,2025-08-14,19065.0,0.0,0,Paid
7037,7037,1006,2025-08-13,33990.0,0.0,0,Paid
7038,7038,1094,,0,86822.0,165,Open
7039,7039,1085,2025-08-18,83570.0,0.0,0,Paid
7040,7040,1051,2025-07-29,56132.0,0.0,0,Paid
7041,7041,1090,2025-08-10,36371.0,0.0,0,Paid
7042,7042,1084,2025-08-10,136203.0,0.0,0,Paid
7043,7043,1007,2025-08-30,55900.0,0.0,0,Paid
7044,7044,1010,2025-08-20,53640.0,0.0,0,Paid
7045,7045,1077,2025-08-30,56962.0,0.0,0,Paid
7046,7046,1125,2025-08-05,52904.0,0.0,0,Paid
7047,7047,1038,2025-07-15,18761.0,0.0,0,Paid
7048,7048,1027,2025-08-27,89631.0,0.0,0,Paid
7049,7049,1097,2025-09-04,52380.0,0.0,0,Paid
7050,7050,1024,2025-07-30,83586.0,0.0,0,Paid
7051,7051,1022,2025-08-15,58982.0,0.0,0,Paid
7052,7052,1086,2025-08-20,83727.0,0.0,0,Paid
7053,7053,1084,2025-08-15,76046.0,0.0,0,Paid
7054,7054,1024,,0,20450.0,151,Open
7055,7055,1059,2025-08-07,23917.0,0.0,0,Paid
7056,7056,1010,2025-07-26,39454.0,0.0,0,Paid
7057,7057,1076,2025-07-21,135682.0,0.0,0,Paid
7058,7058,1093,2025-07-31,18643.0,0.0,0,Paid
7059,7059,1110,2025-08-10,22164.0,0.0,0,Paid
7060,7060,1118,2025-07-17,43160.0,0.0,0,Paid
7061,7061,1074,,0,47865.0,151,Open
7062,7062,1065,2025-08-02,76501.0,0.0,0,Paid
7063,7063,1010,2025-08-23,89309.0,0.0,0,Paid
7064,7064,1079,,0,83755.0,148,Open
7065,7065,1046,2025-08-10,42941.0,0.0,0,Paid
7066,7066,1026,2025-07-14,18754.0,0.0,0,Paid
7067,7067,1096,,37642.0,106969.0,149,Open
7068,7068,1089,2025-08-21,16206.0,0.0,0,Paid
7069,7069,1118,2025-08-15,65454.0,0.0,0,Paid
7070,7070,1111,2025-08-23,37952.0,0.0,0,Paid
7071,7071,1046,2025-08-19,94842.0,0.0,0,Paid
7072,7072,1063,2025-08-29,29383.0,0.0,0,Paid
7073,7073,1019,2025-08-05,72388.0,0.0,0,Paid
7074,7074,1104,2025-08-02,15589.0,0.0,0,Paid
7075,7075,1091,2025-08-18,99680.0,0.0,0,Paid
7076,7076,1015,2025-08-01,87126.0,0.0,0,Paid
7077,7077,1102,2025-07-18,19872.0,0.0,0,Paid
7078,7078,1121,2025-08-25,113540.0,0.0,0,Paid
7079,7079,1110,2025-08-20,117184.0,0.0,0,Paid
7080,7080,1057,2025-07-19,122491.0,0.0,0,Paid
7081,7081,1097,2025-07-28,109565.0,0.0,0,Paid
7082,7082,1123,,0,149702.0,148,Open
7083,7083,1003,2025-08-01,103237.0,0.0,0,Paid
7084,7084,1094,,0,77508.0,150,Open
7085,7085,1034,2025-08-01,84033.0,0.0,0,Paid
7086,7086,1103,2025-07-27,26504.0,0.0,0,Paid
7087,7087,1122,2025-09-03,56788.0,0.0,0,Paid
7088,7088,1020,2025-08-12,18094.0,0.0,0,Paid
7089,7089,1012,2025-08-01,53976.0,0.0,0,Paid
7090,7090,1071,2025-07-30,41023.0,0.0,0,Paid
7091,7091,1037,2025-08-13,37471.0,0.0,0,Paid
7092,7092,1110,2025-08-18,66562.0,0.0,0,Paid
7093,7093,1086,2025-08-15,58908.0,0.0,0,Paid
7094,7094,1040,2025-08-12,30297.0,0.0,0,Paid
7095,7095,1038,2025-08-01,21230.0,0.0,0,Paid
7096,7096,1038,2025-07-21,41728.0,0.0,0,Paid
7097,7097,1074,2025-08-28,16371.0,0.0,0,Paid
7098,7098,1125,2025-07-29,20368.0,0.0,0,Paid
7099,7099,1055,2025-08-06,115610.0,0.0,0,Paid
7100,7100,1085,2025-08-02,174988.0,0.0,0,Paid
7101,7101,1077,2025-08-18,39137.0,0.0,0,Paid
7102,7102,1064,2025-08-27,58448.0,0.0,0,Paid
7103,7103,1057,2025-08-24,97035.0,0.0,0,Paid
7104,7104,1062,,0,162209.0,147,Open
7105,7105,1125,2025-08-02,19477.0,0.0,0,Paid
7106,7106,1103,2025-08-04,56152.0,0.0,0,Paid
7107,7107,1076,2025-08-07,19855.0,0.0,0,Paid
7108,7108,1119,2025-08-23,18559.0,0.0,0,Paid
7109,7109,1029,2025-08-19,90295.0,0.0,0,Paid
7110,7110,1004,2025-08-24,29363.0,0.0,0,Paid
7111,7111,1006,2025-08-27,130326.0,0.0,0,Paid
7112,7112,1113,2025-08-01,34003.0,0.0,0,Paid
7113,7113,1099,2025-08-05,29765.0,0.0,0,Paid
7114,7114,1051,2025-08-03,75520.0,0.0,0,Paid
7115,7115,1099,2025-07-29,27594.0,0.0,0,Paid
7116,7116,1073,2025-07-31,17996.0,0.0,0,Paid
7117,7117,1115,2025-08-06,17070.0,0.0,0,Paid
7118,7118,1060,2025-07-16,18886.0,0.0,0,Paid
7119,7119,1024,2025-08-20,34829.0,0.0,0,Paid
7120,7120,1084,2025-09-12,82967.0,0.0,0,Paid
7121,7121,1098,2025-07-29,17528.0,0.0,0,Paid
7122,7122,1067,,0,90386.0,164,Open
7123,7123,1068,2025-08-22,74847.0,0.0,0,Paid
7124,7124,1022,2025-09-07,78035.0,0.0,0,Paid
7125,7125,1119,2025-08-20,106789.0,0.0,0,Paid
7126,7126,1087,2025-08-16,18856.0,0.0,0,Paid
7127,7127,1098,2025-08-23,109041.0,0.0,0,Paid
7128,7128,1038,,0,178795.0,146,Open
7129,7129,1115,2025-07-20,46641.0,0.0,0,Paid
7130,7130,1122,2025-08-29,33910.0,0.0,0,Paid
7131,7131,1033,2025-08-21,25867.0,0.0,0,Paid
7132,7132,1099,2025-08-18,36615.0,0.0,0,Paid
7133,7133,1071,2025-08-04,57984.0,0.0,0,Paid
7134,7134,1016,2025-08-05,18554.0,0.0,0,Paid
7135,7135,1100,2025-08-03,58653.0,0.0,0,Paid
7136,7136,1101,2025-08-18,19696.0,0.0,0,Paid
7137,7137,1099,2025-08-06,53366.0,0.0,0,Paid
7138,7138,1104,2025-08-14,130879.0,0.0,0,Paid
7139,7139,1100,2025-07-16,40635.0,0.0,0,Paid
7140,7140,1057,2025-08-25,67375.0,0.0,0,Paid
7141,7141,1076,2025-08-08,100142.0,0.0,0,Paid
7142,7142,1037,2025-08-01,30306.0,0.0,0,Paid
7143,7143,1088,2025-08-07,38002.0,0.0,0,Paid
7144,7144,1032,2025-07-30,20973.0,0.0,0,Paid
7145,7145,1049,2025-07-16,19138.0,0.0,0,Paid
7146,7146,1011,2025-08-27,44478.0,0.0,0,Paid
7147,7147,1035,2025-09-10,73281.0,0.0,0,Paid
7148,7148,1114,2025-08-16,52499.0,0.0,0,Paid
7149,7149,1125,2025-08-19,54876.0,0.0,0,Paid
7150,7150,1012,2025-08-18,235628.0,0.0,0,Paid
7151,7151,1010,2025-07-23,121242.0,0.0,0,Paid
7152,7152,1116,2025-09-13,56796.0,0.0,0,Paid
7153,7153,1063,2025-07-29,20006.0,0.0,0,Paid
7154,7154,1047,2025-08-08,56425.0,0.0,0,Paid
7155,7155,1040,2025-08-06,41810.0,0.0,0,Paid
7156,7156,1122,2025-07-31,43177.0,0.0,0,Paid
7157,7157,1072,2025-07-22,49548.0,0.0,0,Paid
7158,7158,1014,,0,19341.0,164,Open
7159,7159,1074,2025-08-19,43971.0,0.0,0,Paid
7160,7160,1069,2025-08-04,23462.0,0.0,0,Paid
7161,7161,1057,2025-08-11,59339.0,0.0,0,Paid
7162,7162,1017,2025-08-10,142346.0,0.0,0,Paid
7163,7163,1014,2025-07-25,51574.0,0.0,0,Paid
7164,7164,1024,2025-09-08,30169.0,0.0,0,Paid
7165,7165,1048,2025-07-15,40101.0,0.0,0,Paid
7166,7166,1095,2025-08-18,75345.0,0.0,0,Paid
7167,7167,1066,,0,29293.0,149,Open
7168,7168,1064,2025-09-02,29044.0,0.0,0,Paid
7169,7169,1113,2025-07-20,55343.0,0.0,0,Paid
7170,7170,1106,2025-08-15,102358.0,0.0,0,Paid
7171,7171,1091,2025-08-21,21415.0,0.0,0,Paid
7172,7172,1073,2025-08-20,57204.0,0.0,0,Paid
7173,7173,1040,2025-07-22,59982.0,0.0,0,Paid
7174,7174,1112,2025-09-20,59633.0,0.0,0,Paid
7175,7175,1056,2025-09-08,25949.0,0.0,0,Paid
7176,7176,1064,2025-08-04,63112.0,0.0,0,Paid
7177,7177,1072,2025-09-24,15727.0,0.0,0,Paid
7178,7178,1013,2025-08-27,52322.0,0.0,0,Paid
7179,7179,1004,2025-09-03,20165.0,0.0,0,Paid
7180,7180,1078,,0,76049.0,131,Open
7181,7181,1074,2025-07-19,19601.0,0.0,0,Paid
7182,7182,1096,,0,102194.0,133,Open
7183,7183,1051,2025-07-30,21397.0,0.0,0,Paid
7184,7184,1038,2025-08-17,76424.0,0.0,0,Paid
7185,7185,1028,,0,51577.0,147,Open
7186,7186,1100,2025-08-17,20272.0,0.0,0,Paid
7187,7187,1066,2025-08-13,20716.0,0.0,0,Paid
7188,7188,1046,2025-07-27,19125.0,0.0,0,Paid
7189,7189,1117,2025-08-25,71107.0,0.0,0,Paid
7190,7190,1119,2025-08-25,32717.0,0.0,0,Paid
7191,7191,1108,2025-08-01,96231.0,0.0,0,Paid
7192,7192,1058,2025-08-03,41380.0,0.0,0,Paid
7193,7193,1111,2025-08-05,87920.0,0.0,0,Paid
7194,7194,1068,,16878.0,9935.0,133,Open
7195,7195,1028,2025-07-24,72978.0,0.0,0,Paid
7196,7196,1118,2025-09-10,24844.0,0.0,0,Paid
7197,7197,1004,2025-08-02,39773.0,0.0,0,Paid
7198,7198,1094,2025-07-19,25635.0,0.0,0,Paid
7199,7199,1030,2025-08-08,36863.0,0.0,0,Paid
7200,7200,1045,2025-08-09,150426.0,0.0,0,Paid
7201,7201,1021,2025-08-04,19014.0,0.0,0,Paid
7202,7202,1082,2025-08-17,64686.0,0.0,0,Paid
7203,7203,1122,2025-09-05,40777.0,0.0,0,Paid
7204,7204,1063,2025-08-03,50817.0,0.0,0,Paid
7205,7205,1028,2025-07-31,25485.0,0.0,0,Paid
7206,7206,1113,2025-08-10,41592.0,0.0,0,Paid
7207,7207,1078,2025-07-23,42206.0,0.0,0,Paid
7208,7208,1106,2025-08-13,55891.0,0.0,0,Paid
7209,7209,1097,2025-07-18,33022.0,0.0,0,Paid
7210,7210,1081,2025-08-10,21047.0,0.0,0,Paid
7211,7211,1101,2025-08-18,96537.0,0.0,0,Paid
7212,7212,1028,2025-08-25,50206.0,0.0,0,Paid
7213,7213,1004,2025-08-03,35413.0,0.0,0,Paid
7214,7214,1025,2025-08-03,20596.0,0.0,0,Paid
7215,7215,1007,2025-08-26,38853.0,0.0,0,Paid
7216,7216,1058,2025-10-03,14849.0,0.0,0,Paid
7217,7217,1025,,0,216163.0,145,Open
7218,7218,1040,,0,41750.0,133,Open
7219,7219,1086,2025-07-31,29475.0,0.0,0,Paid
7220,7220,1115,2025-08-20,74999.0,0.0,0,Paid
7221,7221,1008,2025-08-04,59018.0,0.0,0,Paid
7222,7222,1081,,0,20253.0,133,Open
7223,7223,1097,2025-07-28,72145.0,0.0,0,Paid
7224,7224,1083,2025-08-16,37511.0,0.0,0,Paid
7225,7225,1105,2025-09-18,54802.0,0.0,0,Paid
7226,7226,1080,2025-08-17,39701.0,0.0,0,Paid
7227,7227,1080,2025-08-21,54282.0,0.0,0,Paid
7228,7228,1120,2025-07-21,19732.0,0.0,0,Paid
7229,7229,1037,2025-08-15,57485.0,0.0,0,Paid
7230,7230,1123,2025-08-08,68681.0,0.0,0,Paid
7231,7231,1066,2025-08-09,48224.0,0.0,0,Paid
7232,7232,1067,2025-08-01,49495.0,0.0,0,Paid
7233,7233,1001,2025-07-17,48237.0,0.0,0,Paid
7234,7234,1043,2025-08-02,47649.0,0.0,0,Paid
7235,7235,1053,2025-08-01,40756.0,0.0,0,Paid
7236,7236,1023,2025-08-05,83280.0,0.0,0,Paid
7237,7237,1089,,0,131351.0,129,Open
7238,7238,1029,2025-07-21,17160.0,0.0,0,Paid
7239,7239,1089,2025-07-16,29634.0,0.0,0,Paid
7240,7240,1113,2025-09-02,31539.0,0.0,0,Paid
7241,7241,1074,2025-08-12,52213.0,0.0,0,Paid
7242,7242,1118,2025-09-04,39288.0,0.0,0,Paid
7243,7243,1072,2025-07-17,19094.0,0.0,0,Paid
7244,7244,1107,2025-08-01,61626.0,0.0,0,Paid
7245,7245,1047,2025-08-27,120057.0,0.0,0,Paid
7246,7246,1051,,0,59882.0,161,Open
7247,7247,1020,2025-07-30,101074.0,0.0,0,Paid
7248,7248,1075,2025-08-06,34817.0,0.0,0,Paid
7249,7249,1059,2025-09-02,35490.0,0.0,0,Paid
7250,7250,1015,2025-08-12,16215.0,0.0,0,Paid
7251,7251,1077,2025-07-24,18739.0,0.0,0,Paid
7252,7252,1057,2025-09-09,34112.0,0.0,0,Paid
7253,7253,1006,2025-08-06,23965.0,0.0,0,Paid
7254,7254,1058,2025-08-17,56922.0,0.0,0,Paid
7255,7255,1056,2025-08-18,58128.0,0.0,0,Paid
7256,7256,1100,,0,196874.0,144,Open
7257,7257,1093,2025-07-28,38677.0,0.0,0,Paid
7258,7258,1047,2025-08-05,102156.0,0.0,0,Paid
7259,7259,1010,,0,34496.0,161,Open
7260,7260,1065,2025-07-23,19448.0,0.0,0,Paid
7261,7261,1048,2025-08-21,33394.0,0.0,0,Paid
7262,7262,1001,2025-08-01,57647.0,0.0,0,Paid
7263,7263,1113,2025-08-13,73334.0,0.0,0,Paid
7264,7264,1006,2025-08-16,166263.0,0.0,0,Paid
7265,7265,1117,2025-08-04,30110.0,0.0,0,Paid
7266,7266,1084,2025-08-04,63165.0,0.0,0,Paid
7267,7267,1094,2025-08-23,32432.0,0.0,0,Paid
7268,7268,1111,2025-07-17,33406.0,0.0,0,Paid
7269,7269,1095,2025-09-08,48663.0,0.0,0,Paid
7270,7270,1013,2025-08-29,23012.0,0.0,0,Paid
7271,7271,1057,2025-09-25,135153.0,0.0,0,Paid
7272,7272,1085,2025-08-11,16165.0,0.0,0,Paid
7273,7273,1026,2025-07-25,27354.0,0.0,0,Paid
7274,7274,1049,2025-08-05,32469.0,0.0,0,Paid
7275,7275,1024,2025-08-12,71947.0,0.0,0,Paid
7276,7276,1107,2025-07-20,137951.0,0.0,0,Paid
7277,7277,1107,2025-08-16,17097.0,0.0,0,Paid
7278,7278,1064,2025-08-08,52177.0,0.0,0,Paid
7279,7279,1047,2025-08-16,21929.0,0.0,0,Paid
7280,7280,1065,2025-08-20,72792.0,0.0,0,Paid
7281,7281,1088,2025-08-12,35930.0,0.0,0,Paid
7282,7282,1112,2025-09-06,24837.0,0.0,0,Paid
7283,7283,1105,2025-08-14,92161.0,0.0,0,Paid
7284,7284,1106,2025-09-05,44528.0,0.0,0,Paid
7285,7285,1090,2025-08-14,72965.0,0.0,0,Paid
7286,7286,1054,2025-09-07,60097.0,0.0,0,Paid
7287,7287,1107,2025-08-23,65239.0,0.0,0,Paid
7288,7288,1050,2025-08-01,39545.0,0.0,0,Paid
7289,7289,1108,2025-07-27,20012.0,0.0,0,Paid
7290,7290,1048,,0,19433.0,147,Open
7291,7291,1105,2025-08-09,35640.0,0.0,0,Paid
7292,7292,1093,2025-09-12,57937.0,0.0,0,Paid
7293,7293,1125,2025-08-16,35251.0,0.0,0,Paid
7294,7294,1044,2025-08-28,35179.0,0.0,0,Paid
7295,7295,1043,2025-07-17,46451.0,0.0,0,Paid
7296,7296,1080,2025-09-14,128984.0,0.0,0,Paid
7297,7297,1072,2025-08-17,58137.0,0.0,0,Paid
7298,7298,1022,2025-09-01,141546.0,0.0,0,Paid
7299,7299,1047,2025-08-28,21472.0,0.0,0,Paid
7300,7300,1101,2025-08-16,52293.0,0.0,0,Paid
7301,7301,1088,2025-09-07,46100.0,0.0,0,Paid
7302,7302,1123,2025-09-06,20166.0,0.0,0,Paid
7303,7303,1032,2025-08-22,34318.0,0.0,0,Paid
7304,7304,1073,2025-08-25,16673.0,0.0,0,Paid
7305,7305,1015,2025-08-22,47125.0,0.0,0,Paid
7306,7306,1052,2025-08-18,85633.0,0.0,0,Paid
7307,7307,1018,2025-08-07,34686.0,0.0,0,Paid
7308,7308,1014,2025-08-25,56465.0,0.0,0,Paid
7309,7309,1059,2025-08-07,17115.0,0.0,0,Paid
7310,7310,1120,2025-08-11,49430.0,0.0,0,Paid
7311,7311,1119,2025-08-31,32489.0,0.0,0,Paid
7312,7312,1051,2025-07-31,17882.0,0.0,0,Paid
7313,7313,1027,2025-08-22,161511.0,0.0,0,Paid
7314,7314,1046,,0,85153.0,145,Open
7315,7315,1069,2025-08-19,78399.0,0.0,0,Paid
7316,7316,1116,,10763.0,25540.0,161,Open
7317,7317,1106,2025-08-14,16876.0,0.0,0,Paid
7318,7318,1055,2025-08-18,78947.0,0.0,0,Paid
7319,7319,1026,2025-08-03,37979.0,0.0,0,Paid
7320,7320,1037,2025-08-05,77842.0,0.0,0,Paid
7321,7321,1059,2025-08-18,43559.0,0.0,0,Paid
7322,7322,1078,2025-08-18,45122.0,0.0,0,Paid
7323,7323,1120,2025-08-15,40779.0,0.0,0,Paid
7324,7324,1098,2025-09-03,98473.0,0.0,0,Paid
7325,7325,1111,2025-08-03,60135.0,0.0,0,Paid
7326,7326,1085,2025-08-06,15075.0,0.0,0,Paid
7327,7327,1082,,0,19043.0,131,Open
7328,7328,1046,2025-09-12,14891.0,0.0,0,Paid
7329,7329,1054,,0,59090.0,145,Open
7330,7330,1044,2025-08-06,24157.0,0.0,0,Paid
7331,7331,1046,2025-08-31,15968.0,0.0,0,Paid
7332,7332,1017,2025-09-18,16105.0,0.0,0,Paid
7333,7333,1031,2025-08-15,19612.0,0.0,0,Paid
7334,7334,1110,2025-07-19,39045.0,0.0,0,Paid
7335,7335,1008,2025-08-11,49286.0,0.0,0,Paid
7336,7336,1097,2025-09-14,17146.0,0.0,0,Paid
7337,7337,1077,2025-08-31,40094.0,0.0,0,Paid
7338,7338,1066,2025-08-07,80017.0,0.0,0,Paid
7339,7339,1004,2025-08-11,29424.0,0.0,0,Paid
7340,7340,1101,2025-08-04,17650.0,0.0,0,Paid
7341,7341,1072,2025-08-30,17858.0,0.0,0,Paid
7342,7342,1031,2025-08-19,57262.0,0.0,0,Paid
7343,7343,1063,2025-08-06,32430.0,0.0,0,Paid
7344,7344,1009,2025-08-24,18409.0,0.0,0,Paid
7345,7345,1072,2025-08-19,34717.0,0.0,0,Paid
7346,7346,1024,2025-08-11,39811.0,0.0,0,Paid
7347,7347,1028,2025-09-05,79527.0,0.0,0,Paid
7348,7348,1078,,0,88070.0,160,Open
7349,7349,1008,2025-08-03,37617.0,0.0,0,Paid
7350,7350,1107,,0,35830.0,146,Open
7351,7351,1110,2025-08-03,72641.0,0.0,0,Paid
7352,7352,1043,,0,144389.0,127,Open
7353,7353,1114,2025-08-23,107456.0,0.0,0,Paid
7354,7354,1111,2025-08-01,51979.0,0.0,0,Paid
7355,7355,1019,2025-08-16,26677.0,0.0,0,Paid
7356,7356,1090,2025-09-16,41495.0,0.0,0,Paid
7357,7357,1024,2025-07-19,53984.0,0.0,0,Paid
7358,7358,1005,,0,54665.0,128,Open
7359,7359,1093,,35615.0,69662.0,143,Open
7360,7360,1025,2025-08-07,48562.0,0.0,0,Paid
7361,7361,1038,2025-08-27,62950.0,0.0,0,Paid
7362,7362,1076,2025-08-15,43709.0,0.0,0,Paid
7363,7363,1119,2025-08-06,17950.0,0.0,0,Paid
7364,7364,1123,2025-08-21,62712.0,0.0,0,Paid
7365,7365,1021,2025-08-05,63100.0,0.0,0,Paid
7366,7366,1118,2025-07-22,23353.0,0.0,0,Paid
7367,7367,1078,2025-08-18,73107.0,0.0,0,Paid
7368,7368,1076,2025-08-03,35249.0,0.0,0,Paid
7369,7369,1082,2025-08-27,18185.0,0.0,0,Paid
7370,7370,1120,2025-07-31,27962.0,0.0,0,Paid
7371,7371,1071,2025-09-08,18578.0,0.0,0,Paid
7372,7372,1004,2025-08-28,36714.0,0.0,0,Paid
7373,7373,1028,2025-08-18,18667.0,0.0,0,Paid
7374,7374,1098,2025-08-02,54118.0,0.0,0,Paid
7375,7375,1121,2025-09-02,112024.0,0.0,0,Paid
7376,7376,1016,2025-08-03,41540.0,0.0,0,Paid
7377,7377,1097,2025-08-02,36270.0,0.0,0,Paid
7378,7378,1064,2025-08-02,91178.0,0.0,0,Paid
7379,7379,1105,2025-08-25,45136.0,0.0,0,Paid
7380,7380,1101,2025-08-16,100661.0,0.0,0,Paid
7381,7381,1030,,0,147379.0,142,Open
7382,7382,1095,2025-08-10,63083.0,0.0,0,Paid
7383,7383,1002,2025-07-20,20421.0,0.0,0,Paid
7384,7384,1044,2025-08-19,24361.0,0.0,0,Paid
7385,7385,1108,2025-08-22,90785.0,0.0,0,Paid
7386,7386,1035,2025-08-04,54327.0,0.0,0,Paid
7387,7387,1028,2025-08-03,20328.0,0.0,0,Paid
7388,7388,1063,2025-08-17,32241.0,0.0,0,Paid
7389,7389,1003,2025-08-05,35272.0,0.0,0,Paid
7390,7390,1086,2025-09-22,29940.0,0.0,0,Paid
7391,7391,1048,2025-08-26,22883.0,0.0,0,Paid
7392,7392,1051,2025-07-21,57670.0,0.0,0,Paid
7393,7393,1104,2025-08-19,67061.0,0.0,0,Paid
7394,7394,1118,2025-08-14,38145.0,0.0,0,Paid
7395,7395,1085,2025-08-27,60534.0,0.0,0,Paid
7396,7396,1057,2025-08-22,33400.0,0.0,0,Paid
7397,7397,1051,2025-08-24,25243.0,0.0,0,Paid
7398,7398,1001,2025-08-10,18076.0,0.0,0,Paid
7399,7399,1067,2025-09-10,56037.0,0.0,0,Paid
7400,7400,1068,2025-08-13,17031.0,0.0,0,Paid
7401,7401,1082,2025-09-07,39294.0,0.0,0,Paid
7402,7402,1109,2025-08-06,34294.0,0.0,0,Paid
7403,7403,1042,2025-07-22,63983.0,0.0,0,Paid
7404,7404,1106,2025-09-26,51800.0,0.0,0,Paid
7405,7405,1078,2025-08-31,132722.0,0.0,0,Paid
7406,7406,1025,2025-08-16,50689.0,0.0,0,Paid
7407,7407,1033,2025-08-20,139372.0,0.0,0,Paid
7408,7408,1120,2025-08-03,177142.0,0.0,0,Paid
7409,7409,1012,2025-09-03,72531.0,0.0,0,Paid
7410,7410,1071,2025-09-04,114736.0,0.0,0,Paid
7411,7411,1079,2025-09-17,45596.0,0.0,0,Paid
7412,7412,1115,2025-09-01,38723.0,0.0,0,Paid
7413,7413,1084,2025-10-01,133557.0,0.0,0,Paid
7414,7414,1123,2025-09-16,47126.0,0.0,0,Paid
7415,7415,1035,2025-08-08,63068.0,0.0,0,Paid
7416,7416,1090,2025-08-10,38666.0,0.0,0,Paid
7417,7417,1075,2025-08-29,110262.0,0.0,0,Paid
7418,7418,1009,2025-09-02,28315.0,0.0,0,Paid
7419,7419,1078,2025-08-05,99823.0,0.0,0,Paid
7420,7420,1071,2025-08-28,48560.0,0.0,0,Paid
7421,7421,1004,2025-08-18,55424.0,0.0,0,Paid
7422,7422,1047,2025-08-20,22456.0,0.0,0,Paid
7423,7423,1028,2025-08-09,17250.0,0.0,0,Paid
7424,7424,1051,,0,18108.0,144,Open
7425,7425,1071,2025-08-14,83265.0,0.0,0,Paid
7426,7426,1032,2025-09-05,18261.0,0.0,0,Paid
7427,7427,1024,2025-09-01,38357.0,0.0,0,Paid
7428,7428,1122,2025-09-10,65789.0,0.0,0,Paid
7429,7429,1074,2025-08-08,56467.0,0.0,0,Paid
7430,7430,1089,2025-08-04,25692.0,0.0,0,Paid
7431,7431,1049,2025-09-01,34749.0,0.0,0,Paid
7432,7432,1106,2025-08-21,81707.0,0.0,0,Paid
7433,7433,1028,2025-08-14,98189.0,0.0,0,Paid
7434,7434,1015,2025-07-24,100740.0,0.0,0,Paid
7435,7435,1015,2025-08-11,18554.0,0.0,0,Paid
7436,7436,1092,,0,99569.0,155,Open
7437,7437,1116,2025-08-29,65376.0,0.0,0,Paid
7438,7438,1031,2025-08-30,20537.0,0.0,0,Paid
7439,7439,1094,2025-08-22,92464.0,0.0,0,Paid
7440,7440,1015,,0,36930.0,158,Open
7441,7441,1048,2025-09-10,17498.0,0.0,0,Paid
7442,7442,1034,2025-08-22,138228.0,0.0,0,Paid
7443,7443,1092,,20550.0,33856.0,128,Open
7444,7444,1112,2025-08-09,15704.0,0.0,0,Paid
7445,7445,1045,2025-08-15,20028.0,0.0,0,Paid
7446,7446,1096,2025-08-15,30798.0,0.0,0,Paid
7447,7447,1011,2025-08-15,83395.0,0.0,0,Paid
7448,7448,1056,,0,39847.0,158,Open
7449,7449,1122,2025-09-08,64022.0,0.0,0,Paid
7450,7450,1025,2025-08-04,24886.0,0.0,0,Paid
7451,7451,1003,2025-08-09,107012.0,0.0,0,Paid
7452,7452,1011,2025-08-10,19560.0,0.0,0,Paid
7453,7453,1037,2025-08-02,89620.0,0.0,0,Paid
7454,7454,1010,2025-08-14,45919.0,0.0,0,Paid
7455,7455,1042,2025-07-20,28931.0,0.0,0,Paid
7456,7456,1041,2025-09-08,48160.0,0.0,0,Paid
7457,7457,1064,2025-07-28,18389.0,0.0,0,Paid
7458,7458,1007,2025-08-05,60674.0,0.0,0,Paid
7459,7459,1051,2025-08-20,63530.0,0.0,0,Paid
7460,7460,1120,2025-08-18,16863.0,0.0,0,Paid
7461,7461,1021,2025-08-07,29426.0,0.0,0,Paid
7462,7462,1057,2025-08-15,33982.0,0.0,0,Paid
7463,7463,1089,2025-07-22,51629.0,0.0,0,Paid
7464,7464,1014,,7621.0,17662.0,144,Open
7465,7465,1026,2025-08-09,18304.0,0.0,0,Paid
7466,7466,1004,2025-08-19,100255.0,0.0,0,Paid
7467,7467,1009,2025-09-01,19142.0,0.0,0,Paid
7468,7468,1010,2025-08-18,58359.0,0.0,0,Paid
7469,7469,1035,,0,48879.0,127,Open
7470,7470,1072,,0,95170.0,140,Open
7471,7471,1021,,9292.0,6222.0,143,Open
7472,7472,1078,2025-09-08,130194.0,0.0,0,Paid
7473,7473,1011,2025-08-28,38707.0,0.0,0,Paid
7474,7474,1016,2025-09-02,83006.0,0.0,0,Paid
7475,7475,1106,2025-08-28,59581.0,0.0,0,Paid
7476,7476,1054,2025-07-26,116577.0,0.0,0,Paid
7477,7477,1035,2025-09-01,68004.0,0.0,0,Paid
7478,7478,1013,,28231.0,52839.0,141,Open
7479,7479,1116,2025-08-05,19663.0,0.0,0,Paid
7480,7480,1086,2025-08-28,115448.0,0.0,0,Paid
7481,7481,1045,2025-08-20,19622.0,0.0,0,Paid
7482,7482,1018,2025-08-24,40908.0,0.0,0,Paid
7483,7483,1080,2025-07-24,21638.0,0.0,0,Paid
7484,7484,1073,,0,76029.0,157,Open
7485,7485,1065,2025-09-05,84465.0,0.0,0,Paid
7486,7486,1025,2025-08-09,106593.0,0.0,0,Paid
7487,7487,1115,2025-08-14,54441.0,0.0,0,Paid
7488,7488,1079,2025-08-05,26179.0,0.0,0,Paid
7489,7489,1026,2025-08-13,44671.0,0.0,0,Paid
7490,7490,1035,,0,81944.0,156,Open
7491,7491,1030,2025-08-26,42110.0,0.0,0,Paid
7492,7492,1078,2025-08-09,47203.0,0.0,0,Paid
7493,7493,1059,2025-08-07,63569.0,0.0,0,Paid
7494,7494,1111,2025-08-10,52341.0,0.0,0,Paid
7495,7495,1001,2025-08-10,21430.0,0.0,0,Paid
7496,7496,1032,2025-08-21,87130.0,0.0,0,Paid
7497,7497,1113,2025-08-15,21080.0,0.0,0,Paid
7498,7498,1044,2025-08-10,35191.0,0.0,0,Paid
7499,7499,1022,,0,90904.0,155,Open
7500,7500,1059,2025-08-26,105960.0,0.0,0,Paid
7501,7501,1103,2025-08-13,17547.0,0.0,0,Paid
7502,7502,1112,2025-08-21,88492.0,0.0,0,Paid
7503,7503,1060,2025-08-10,19661.0,0.0,0,Paid
7504,7504,1083,2025-08-08,80600.0,0.0,0,Paid
7505,7505,1071,2025-08-22,50885.0,0.0,0,Paid
7506,7506,1065,,0,29727.0,143,Open
7507,7507,1015,2025-08-11,37296.0,0.0,0,Paid
7508,7508,1116,2025-09-07,72950.0,0.0,0,Paid
7509,7509,1077,2025-08-30,38754.0,0.0,0,Paid
7510,7510,1028,2025-08-07,183083.0,0.0,0,Paid
7511,7511,1064,2025-09-19,60147.0,0.0,0,Paid
7512,7512,1008,2025-07-30,32219.0,0.0,0,Paid
7513,7513,1121,,0,61864.0,126,Open
7514,7514,1023,2025-08-13,84483.0,0.0,0,Paid
7515,7515,1123,2025-08-29,171232.0,0.0,0,Paid
7516,7516,1010,2025-08-28,65951.0,0.0,0,Paid
7517,7517,1052,2025-09-11,40990.0,0.0,0,Paid
7518,7518,1106,2025-08-08,122862.0,0.0,0,Paid
7519,7519,1096,2025-07-29,135178.0,0.0,0,Paid
7520,7520,1055,2025-08-20,58706.0,0.0,0,Paid
7521,7521,1093,2025-08-12,61163.0,0.0,0,Paid
7522,7522,1117,2025-08-04,45054.0,0.0,0,Paid
7523,7523,1067,2025-07-31,19756.0,0.0,0,Paid
7524,7524,1005,2025-09-03,59742.0,0.0,0,Paid
7525,7525,1045,2025-08-23,20027.0,0.0,0,Paid
7526,7526,1041,2025-07-27,25745.0,0.0,0,Paid
7527,7527,1033,2025-08-23,58723.0,0.0,0,Paid
7528,7528,1022,2025-08-29,27078.0,0.0,0,Paid
7529,7529,1066,2025-09-08,92251.0,0.0,0,Paid
7530,7530,1023,2025-09-08,53498.0,0.0,0,Paid
7531,7531,1038,2025-07-30,34235.0,0.0,0,Paid
7532,7532,1051,2025-08-25,16964.0,0.0,0,Paid
7533,7533,1113,2025-08-22,51327.0,0.0,0,Paid
7534,7534,1009,,0,17988.0,142,Open
7535,7535,1061,2025-09-15,17823.0,0.0,0,Paid
7536,7536,1109,2025-08-14,39757.0,0.0,0,Paid
7537,7537,1067,2025-08-15,50217.0,0.0,0,Paid
7538,7538,1091,2025-08-08,81781.0,0.0,0,Paid
7539,7539,1028,2025-08-30,34700.0,0.0,0,Paid
7540,7540,1078,2025-08-30,119985.0,0.0,0,Paid
7541,7541,1061,2025-08-07,48981.0,0.0,0,Paid
7542,7542,1107,2025-08-07,53872.0,0.0,0,Paid
7543,7543,1006,2025-08-17,34466.0,0.0,0,Paid
7544,7544,1087,2025-09-04,18910.0,0.0,0,Paid
7545,7545,1008,2025-08-20,28116.0,0.0,0,Paid
7546,7546,1095,2025-08-21,36924.0,0.0,0,Paid
7547,7547,1081,2025-08-09,18604.0,0.0,0,Paid
7548,7548,1080,2025-09-03,66252.0,0.0,0,Paid
7549,7549,1117,2025-08-30,41741.0,0.0,0,Paid
7550,7550,1012,2025-08-05,82471.0,0.0,0,Paid
7551,7551,1040,2025-08-30,37080.0,0.0,0,Paid
7552,7552,1003,2025-08-18,45898.0,0.0,0,Paid
7553,7553,1045,2025-08-31,33401.0,0.0,0,Paid
7554,7554,1052,2025-09-20,76700.0,0.0,0,Paid
7555,7555,1059,2025-08-22,18316.0,0.0,0,Paid
7556,7556,1106,2025-09-13,107203.0,0.0,0,Paid
7557,7557,1042,2025-08-17,90661.0,0.0,0,Paid
7558,7558,1033,2025-08-24,19128.0,0.0,0,Paid
7559,7559,1043,2025-08-08,77912.0,0.0,0,Paid
7560,7560,1105,2025-08-26,17633.0,0.0,0,Paid
7561,7561,1007,2025-08-08,87571.0,0.0,0,Paid
7562,7562,1022,2025-08-23,28385.0,0.0,0,Paid
7563,7563,1036,2025-08-23,128920.0,0.0,0,Paid
7564,7564,1042,2025-08-29,71905.0,0.0,0,Paid
7565,7565,1075,,0,31496.0,157,Open
7566,7566,1008,2025-07-25,76005.0,0.0,0,Paid
7567,7567,1072,2025-08-20,134037.0,0.0,0,Paid
7568,7568,1011,2025-08-19,19472.0,0.0,0,Paid
7569,7569,1041,2025-08-21,34209.0,0.0,0,Paid
7570,7570,1091,,0,53087.0,125,Open
7571,7571,1043,2025-09-07,104375.0,0.0,0,Paid
7572,7572,1017,2025-07-29,19730.0,0.0,0,Paid
7573,7573,1003,2025-08-30,85525.0,0.0,0,Paid
7574,7574,1053,2025-08-16,19283.0,0.0,0,Paid
7575,7575,1067,2025-08-18,35912.0,0.0,0,Paid
7576,7576,1078,2025-08-31,37232.0,0.0,0,Paid
7577,7577,1092,2025-09-10,32590.0,0.0,0,Paid
7578,7578,1114,2025-08-01,37482.0,0.0,0,Paid
7579,7579,1087,2025-08-20,94179.0,0.0,0,Paid
7580,7580,1039,2025-08-13,38831.0,0.0,0,Paid
7581,7581,1007,2025-08-24,56009.0,0.0,0,Paid
7582,7582,1061,2025-07-26,77627.0,0.0,0,Paid
7583,7583,1088,,0,69737.0,140,Open
7584,7584,1093,2025-08-18,30916.0,0.0,0,Paid
7585,7585,1060,2025-08-04,80455.0,0.0,0,Paid
7586,7586,1046,2025-07-31,74030.0,0.0,0,Paid
7587,7587,1027,2025-08-23,16671.0,0.0,0,Paid
7588,7588,1033,2025-09-21,91728.0,0.0,0,Paid
7589,7589,1014,2025-08-28,61366.0,0.0,0,Paid
7590,7590,1031,2025-08-12,37829.0,0.0,0,Paid
7591,7591,1018,2025-08-31,96343.0,0.0,0,Paid
7592,7592,1087,2025-08-29,19085.0,0.0,0,Paid
7593,7593,1067,2025-08-01,27544.0,0.0,0,Paid
7594,7594,1003,2025-08-29,57381.0,0.0,0,Paid
7595,7595,1050,2025-08-17,60449.0,0.0,0,Paid
7596,7596,1039,2025-07-25,62002.0,0.0,0,Paid
7597,7597,1014,2025-08-29,39874.0,0.0,0,Paid
7598,7598,1095,,68681.0,76794.0,123,Open
7599,7599,1113,,84165.0,45000.0,154,Open
7600,7600,1056,2025-07-27,97927.0,0.0,0,Paid
7601,7601,1045,2025-09-14,84135.0,0.0,0,Paid
7602,7602,1065,2025-08-12,19861.0,0.0,0,Paid
7603,7603,1021,2025-08-08,45358.0,0.0,0,Paid
7604,7604,1115,2025-08-15,21054.0,0.0,0,Paid
7605,7605,1076,2025-08-18,54552.0,0.0,0,Paid
7606,7606,1093,2025-09-01,38155.0,0.0,0,Paid
7607,7607,1090,2025-08-21,33753.0,0.0,0,Paid
7608,7608,1039,2025-08-25,28291.0,0.0,0,Paid
7609,7609,1106,2025-08-14,50804.0,0.0,0,Paid
7610,7610,1020,2025-08-17,23393.0,0.0,0,Paid
7611,7611,1049,2025-08-12,168122.0,0.0,0,Paid
7612,7612,1065,2025-09-06,60420.0,0.0,0,Paid
7613,7613,1045,2025-08-11,71429.0,0.0,0,Paid
7614,7614,1096,,0,25494.0,126,Open
7615,7615,1063,2025-09-02,129414.0,0.0,0,Paid
7616,7616,1065,2025-08-22,37887.0,0.0,0,Paid
7617,7617,1086,2025-08-26,27472.0,0.0,0,Paid
7618,7618,1035,2025-08-07,38664.0,0.0,0,Paid
7619,7619,1014,2025-09-17,48274.0,0.0,0,Paid
7620,7620,1017,2025-08-14,18786.0,0.0,0,Paid
7621,7621,1035,2025-08-26,136305.0,0.0,0,Paid
7622,7622,1092,2025-07-23,17561.0,0.0,0,Paid
7623,7623,1112,2025-09-06,119889.0,0.0,0,Paid
7624,7624,1118,2025-08-08,36106.0,0.0,0,Paid
7625,7625,1117,2025-07-24,33532.0,0.0,0,Paid
7626,7626,1015,2025-08-17,70510.0,0.0,0,Paid
7627,7627,1054,2025-08-13,55515.0,0.0,0,Paid
7628,7628,1006,2025-08-26,33842.0,0.0,0,Paid
7629,7629,1050,,33048.0,17204.0,140,Open
7630,7630,1090,2025-08-20,83595.0,0.0,0,Paid
7631,7631,1025,,0,82233.0,152,Open
7632,7632,1010,2025-09-01,19742.0,0.0,0,Paid
7633,7633,1122,2025-08-19,61620.0,0.0,0,Paid
7634,7634,1058,2025-08-14,59260.0,0.0,0,Paid
7635,7635,1075,2025-08-01,186741.0,0.0,0,Paid
7636,7636,1097,2025-09-03,22549.0,0.0,0,Paid
7637,7637,1055,2025-08-18,102298.0,0.0,0,Paid
7638,7638,1081,2025-08-27,32860.0,0.0,0,Paid
7639,7639,1024,2025-08-13,63271.0,0.0,0,Paid
7640,7640,1055,2025-08-21,71527.0,0.0,0,Paid
7641,7641,1076,2025-09-23,17853.0,0.0,0,Paid
7642,7642,1050,2025-09-20,105031.0,0.0,0,Paid
7643,7643,1055,2025-08-06,16912.0,0.0,0,Paid
7644,7644,1108,2025-08-27,86554.0,0.0,0,Paid
7645,7645,1020,2025-08-19,81634.0,0.0,0,Paid
7646,7646,1054,2025-08-12,21250.0,0.0,0,Paid
7647,7647,1094,2025-08-21,36634.0,0.0,0,Paid
7648,7648,1103,2025-10-08,61588.0,0.0,0,Paid
7649,7649,1028,2025-09-25,65409.0,0.0,0,Paid
7650,7650,1028,2025-08-24,30937.0,0.0,0,Paid
7651,7651,1089,2025-08-13,26184.0,0.0,0,Paid
7652,7652,1017,2025-08-23,31561.0,0.0,0,Paid
7653,7653,1066,2025-08-19,28462.0,0.0,0,Paid
7654,7654,1107,2025-08-30,29199.0,0.0,0,Paid
7655,7655,1093,,0,36318.0,155,Open
7656,7656,1124,2025-09-02,53784.0,0.0,0,Paid
7657,7657,1112,2025-08-23,22233.0,0.0,0,Paid
7658,7658,1021,2025-08-17,17126.0,0.0,0,Paid
7659,7659,1027,2025-08-31,25989.0,0.0,0,Paid
7660,7660,1051,2025-08-09,53593.0,0.0,0,Paid
7661,7661,1032,,0,99874.0,137,Open
7662,7662,1066,2025-08-31,86085.0,0.0,0,Paid
7663,7663,1092,2025-08-30,18793.0,0.0,0,Paid
7664,7664,1004,2025-07-28,49038.0,0.0,0,Paid
7665,7665,1096,2025-08-19,96784.0,0.0,0,Paid
7666,7666,1095,2025-08-08,17081.0,0.0,0,Paid
7667,7667,1107,2025-07-31,52066.0,0.0,0,Paid
7668,7668,1104,2025-07-30,31834.0,0.0,0,Paid
7669,7669,1008,2025-08-10,131337.0,0.0,0,Paid
7670,7670,1099,2025-07-24,18521.0,0.0,0,Paid
7671,7671,1078,2025-09-26,15229.0,0.0,0,Paid
7672,7672,1077,2025-09-10,32825.0,0.0,0,Paid
7673,7673,1092,2025-08-12,39226.0,0.0,0,Paid
7674,7674,1057,2025-08-10,20568.0,0.0,0,Paid
7675,7675,1110,2025-09-21,28477.0,0.0,0,Paid
7676,7676,1066,2025-08-07,34592.0,0.0,0,Paid
7677,7677,1014,,28396.0,15470.0,155,Open
7678,7678,1091,2025-09-02,139956.0,0.0,0,Paid
7679,7679,1040,2025-09-09,119555.0,0.0,0,Paid
7680,7680,1105,2025-10-01,29385.0,0.0,0,Paid
7681,7681,1107,2025-08-08,82915.0,0.0,0,Paid
7682,7682,1070,,0,95560.0,123,Open
7683,7683,1003,,0,54035.0,153,Open
7684,7684,1012,2025-08-03,228037.0,0.0,0,Paid
7685,7685,1096,2025-08-10,50476.0,0.0,0,Paid
7686,7686,1095,2025-09-17,15085.0,0.0,0,Paid
7687,7687,1076,2025-08-28,83556.0,0.0,0,Paid
7688,7688,1012,2025-08-11,57458.0,0.0,0,Paid
7689,7689,1014,2025-08-30,36911.0,0.0,0,Paid
7690,7690,1069,2025-08-25,30165.0,0.0,0,Paid
7691,7691,1086,2025-08-11,73543.0,0.0,0,Paid
7692,7692,1071,2025-09-03,83283.0,0.0,0,Paid
7693,7693,1002,2025-08-20,34662.0,0.0,0,Paid
7694,7694,1029,2025-07-31,60169.0,0.0,0,Paid
7695,7695,1057,2025-08-13,63070.0,0.0,0,Paid
7696,7696,1054,,0,62125.0,152,Open
7697,7697,1081,2025-08-15,54147.0,0.0,0,Paid
7698,7698,1108,2025-08-09,25549.0,0.0,0,Paid
7699,7699,1062,2025-09-10,43669.0,0.0,0,Paid
7700,7700,1051,,0,18702.0,139,Open
7701,7701,1096,2025-08-15,36487.0,0.0,0,Paid
7702,7702,1096,2025-07-26,36017.0,0.0,0,Paid
7703,7703,1046,2025-08-31,99214.0,0.0,0,Paid
7704,7704,1028,2025-09-11,53324.0,0.0,0,Paid
7705,7705,1023,2025-09-05,35172.0,0.0,0,Paid
7706,7706,1066,2025-09-29,71906.0,0.0,0,Paid
7707,7707,1067,,0,119733.0,137,Open
7708,7708,1041,2025-09-15,18082.0,0.0,0,Paid
7709,7709,1006,2025-07-31,59905.0,0.0,0,Paid
7710,7710,1058,2025-09-04,92499.0,0.0,0,Paid
7711,7711,1051,2025-09-05,36925.0,0.0,0,Paid
7712,7712,1032,2025-09-04,58929.0,0.0,0,Paid
7713,7713,1074,2025-09-22,149314.0,0.0,0,Paid
7714,7714,1068,2025-07-30,30012.0,0.0,0,Paid
7715,7715,1068,2025-09-10,34962.0,0.0,0,Paid
7716,7716,1085,2025-08-13,17638.0,0.0,0,Paid
7717,7717,1023,2025-08-29,27915.0,0.0,0,Paid
7718,7718,1026,2025-09-02,18968.0,0.0,0,Paid
7719,7719,1002,2025-08-10,55477.0,0.0,0,Paid
7720,7720,1073,2025-08-03,28353.0,0.0,0,Paid
7721,7721,1005,2025-08-14,39108.0,0.0,0,Paid
7722,7722,1058,2025-08-02,24769.0,0.0,0,Paid
7723,7723,1056,2025-08-17,133648.0,0.0,0,Paid
7724,7724,1121,2025-08-14,36543.0,0.0,0,Paid
7725,7725,1026,2025-08-13,82053.0,0.0,0,Paid
7726,7726,1125,2025-08-18,141221.0,0.0,0,Paid
7727,7727,1038,2025-09-11,22294.0,0.0,0,Paid
7728,7728,1031,2025-08-19,15066.0,0.0,0,Paid
7729,7729,1105,2025-08-20,46250.0,0.0,0,Paid
7730,7730,1049,2025-08-21,15521.0,0.0,0,Paid
7731,7731,1072,2025-08-12,22474.0,0.0,0,Paid
7732,7732,1106,2025-08-12,21552.0,0.0,0,Paid
7733,7733,1107,2025-07-28,35012.0,0.0,0,Paid
7734,7734,1076,2025-09-18,51894.0,0.0,0,Paid
7735,7735,1018,2025-08-28,56965.0,0.0,0,Paid
7736,7736,1020,2025-08-29,97857.0,0.0,0,Paid
7737,7737,1046,2025-08-19,147092.0,0.0,0,Paid
7738,7738,1087,2025-09-09,79828.0,0.0,0,Paid
7739,7739,1015,2025-08-28,46312.0,0.0,0,Paid
7740,7740,1077,2025-08-09,53535.0,0.0,0,Paid
7741,7741,1009,,0,63078.0,120,Open
7742,7742,1054,2025-08-16,43523.0,0.0,0,Paid
7743,7743,1030,2025-07-31,19542.0,0.0,0,Paid
7744,7744,1093,2025-09-26,56850.0,0.0,0,Paid
7745,7745,1019,2025-07-28,61939.0,0.0,0,Paid
7746,7746,1084,2025-08-22,32910.0,0.0,0,Paid
7747,7747,1047,2025-09-14,95458.0,0.0,0,Paid
7748,7748,1015,2025-09-13,96259.0,0.0,0,Paid
7749,7749,1045,2025-09-04,37636.0,0.0,0,Paid
7750,7750,1054,2025-08-11,31319.0,0.0,0,Paid
7751,7751,1109,2025-08-27,25714.0,0.0,0,Paid
7752,7752,1026,2025-09-13,32235.0,0.0,0,Paid
7753,7753,1042,2025-07-26,23266.0,0.0,0,Paid
7754,7754,1066,2025-09-05,28160.0,0.0,0,Paid
7755,7755,1045,2025-09-04,35680.0,0.0,0,Paid
7756,7756,1100,,0,59728.0,136,Open
7757,7757,1036,,13279.0,13708.0,138,Open
7758,7758,1041,2025-09-14,54703.0,0.0,0,Paid
7759,7759,1082,2025-08-22,180902.0,0.0,0,Paid
7760,7760,1106,2025-08-25,16405.0,0.0,0,Paid
7761,7761,1117,2025-08-22,100175.0,0.0,0,Paid
7762,7762,1068,2025-08-15,19888.0,0.0,0,Paid
7763,7763,1081,2025-08-26,55104.0,0.0,0,Paid
7764,7764,1033,2025-09-03,77973.0,0.0,0,Paid
7765,7765,1061,2025-08-04,81355.0,0.0,0,Paid
7766,7766,1036,2025-09-01,57876.0,0.0,0,Paid
7767,7767,1013,2025-08-22,50217.0,0.0,0,Paid
7768,7768,1102,2025-09-09,96108.0,0.0,0,Paid
7769,7769,1092,2025-09-03,25649.0,0.0,0,Paid
7770,7770,1018,2025-08-21,180777.0,0.0,0,Paid
7771,7771,1024,2025-08-12,81602.0,0.0,0,Paid
7772,7772,1094,,0,46672.0,136,Open
7773,7773,1070,2025-08-28,39987.0,0.0,0,Paid
7774,7774,1011,2025-08-19,28831.0,0.0,0,Paid
7775,7775,1045,2025-08-23,17896.0,0.0,0,Paid
7776,7776,1061,2025-08-29,19258.0,0.0,0,Paid
7777,7777,1002,2025-07-29,62290.0,0.0,0,Paid
7778,7778,1057,2025-08-19,31478.0,0.0,0,Paid
7779,7779,1092,2025-08-28,56067.0,0.0,0,Paid
7780,7780,1008,2025-09-15,18604.0,0.0,0,Paid
7781,7781,1117,2025-08-14,24081.0,0.0,0,Paid
7782,7782,1007,2025-09-08,56140.0,0.0,0,Paid
7783,7783,1069,2025-07-30,54541.0,0.0,0,Paid
7784,7784,1067,2025-09-07,17896.0,0.0,0,Paid
7785,7785,1060,2025-08-29,88030.0,0.0,0,Paid
7786,7786,1003,2025-08-16,112379.0,0.0,0,Paid
7787,7787,1061,2025-09-01,35439.0,0.0,0,Paid
7788,7788,1121,2025-09-14,34124.0,0.0,0,Paid
7789,7789,1007,2025-09-25,81061.0,0.0,0,Paid
7790,7790,1011,2025-09-02,81646.0,0.0,0,Paid
7791,7791,1033,2025-08-26,46433.0,0.0,0,Paid
7792,7792,1013,2025-08-24,119235.0,0.0,0,Paid
7793,7793,1053,2025-09-13,88627.0,0.0,0,Paid
7794,7794,1036,2025-08-11,37116.0,0.0,0,Paid
7795,7795,1097,2025-08-25,19013.0,0.0,0,Paid
7796,7796,1049,,0,45349.0,151,Open
7797,7797,1098,2025-08-26,62905.0,0.0,0,Paid
7798,7798,1049,2025-08-28,99640.0,0.0,0,Paid
7799,7799,1095,2025-09-12,75638.0,0.0,0,Paid
7800,7800,1076,2025-09-03,25890.0,0.0,0,Paid
7801,7801,1085,2025-09-16,17067.0,0.0,0,Paid
7802,7802,1049,2025-08-17,44683.0,0.0,0,Paid
7803,7803,1010,2025-09-20,42590.0,0.0,0,Paid
7804,7804,1061,2025-08-22,69089.0,0.0,0,Paid
7805,7805,1117,2025-08-05,37638.0,0.0,0,Paid
7806,7806,1115,2025-08-11,18107.0,0.0,0,Paid
7807,7807,1035,2025-08-16,33497.0,0.0,0,Paid
7808,7808,1119,2025-08-13,90010.0,0.0,0,Paid
7809,7809,1067,,0,40215.0,136,Open
7810,7810,1120,2025-07-28,19299.0,0.0,0,Paid
7811,7811,1013,2025-09-10,84498.0,0.0,0,Paid
7812,7812,1064,2025-08-18,16180.0,0.0,0,Paid
7813,7813,1041,2025-08-25,21571.0,0.0,0,Paid
7814,7814,1071,2025-08-01,51141.0,0.0,0,Paid
7815,7815,1023,2025-08-13,24671.0,0.0,0,Paid
7816,7816,1010,2025-08-06,63138.0,0.0,0,Paid
7817,7817,1076,2025-08-15,51082.0,0.0,0,Paid
7818,7818,1071,2025-09-28,116091.0,0.0,0,Paid
7819,7819,1078,2025-08-12,83168.0,0.0,0,Paid
7820,7820,1095,2025-09-15,17568.0,0.0,0,Paid
7821,7821,1118,2025-08-23,56836.0,0.0,0,Paid
7822,7822,1124,2025-07-31,28788.0,0.0,0,Paid
7823,7823,1097,2025-08-11,28700.0,0.0,0,Paid
7824,7824,1072,2025-08-31,22905.0,0.0,0,Paid
7825,7825,1098,2025-07-31,114498.0,0.0,0,Paid
7826,7826,1051,2025-08-13,97101.0,0.0,0,Paid
7827,7827,1072,2025-09-04,17438.0,0.0,0,Paid
7828,7828,1029,2025-09-28,89513.0,0.0,0,Paid
7829,7829,1053,2025-08-26,78785.0,0.0,0,Paid
7830,7830,1006,2025-09-16,72628.0,0.0,0,Paid
7831,7831,1120,2025-08-25,89721.0,0.0,0,Paid
7832,7832,1043,,0,107281.0,133,Open
7833,7833,1063,,52844.0,23292.0,134,Open
7834,7834,1033,2025-08-14,21183.0,0.0,0,Paid
7835,7835,1061,2025-08-18,31240.0,0.0,0,Paid
7836,7836,1002,2025-08-20,74717.0,0.0,0,Paid
7837,7837,1089,2025-08-27,51143.0,0.0,0,Paid
7838,7838,1087,,0,72613.0,148,Open
7839,7839,1052,2025-09-13,116954.0,0.0,0,Paid
7840,7840,1051,2025-08-29,15972.0,0.0,0,Paid
7841,7841,1014,2025-08-23,18972.0,0.0,0,Paid
7842,7842,1025,,11684.0,26032.0,135,Open
7843,7843,1017,2025-09-29,40677.0,0.0,0,Paid
7844,7844,1037,2025-08-14,164457.0,0.0,0,Paid
7845,7845,1018,2025-08-21,16418.0,0.0,0,Paid
7846,7846,1125,2025-08-29,57232.0,0.0,0,Paid
7847,7847,1072,2025-08-26,18415.0,0.0,0,Paid
7848,7848,1055,2025-08-26,41155.0,0.0,0,Paid
7849,7849,1083,2025-07-29,32623.0,0.0,0,Paid
7850,7850,1050,,0,30939.0,136,Open
7851,7851,1079,2025-08-27,35492.0,0.0,0,Paid
7852,7852,1046,2025-08-13,16722.0,0.0,0,Paid
7853,7853,1067,2025-09-09,36831.0,0.0,0,Paid
7854,7854,1077,2025-09-05,122843.0,0.0,0,Paid
7855,7855,1012,2025-07-30,136800.0,0.0,0,Paid
7856,7856,1107,2025-08-20,40416.0,0.0,0,Paid
7857,7857,1112,2025-08-12,58630.0,0.0,0,Paid
7858,7858,1098,2025-09-01,108642.0,0.0,0,Paid
7859,7859,1078,2025-09-09,48737.0,0.0,0,Paid
7860,7860,1111,2025-08-15,53288.0,0.0,0,Paid
7861,7861,1119,2025-08-30,37765.0,0.0,0,Paid
7862,7862,1003,2025-08-23,18360.0,0.0,0,Paid
7863,7863,1075,2025-09-28,15959.0,0.0,0,Paid
7864,7864,1003,2025-09-24,19454.0,0.0,0,Paid
7865,7865,1080,2025-08-29,21849.0,0.0,0,Paid
7866,7866,1110,2025-10-09,107183.0,0.0,0,Paid
7867,7867,1065,2025-09-11,26091.0,0.0,0,Paid
7868,7868,1093,2025-08-20,34976.0,0.0,0,Paid
7869,7869,1024,2025-08-22,63746.0,0.0,0,Paid
7870,7870,1016,2025-08-31,18648.0,0.0,0,Paid
7871,7871,1054,2025-08-15,42018.0,0.0,0,Paid
7872,7872,1050,2025-08-28,80779.0,0.0,0,Paid
7873,7873,1019,2025-09-03,40494.0,0.0,0,Paid
7874,7874,1109,2025-08-24,78824.0,0.0,0,Paid
7875,7875,1084,,29092.0,24495.0,135,Open
7876,7876,1009,2025-08-19,38526.0,0.0,0,Paid
7877,7877,1045,2025-08-14,52879.0,0.0,0,Paid
7878,7878,1048,2025-09-03,58251.0,0.0,0,Paid
7879,7879,1116,2025-09-03,55206.0,0.0,0,Paid
7880,7880,1073,2025-08-17,19207.0,0.0,0,Paid
7881,7881,1107,2025-07-29,44045.0,0.0,0,Paid
7882,7882,1013,2025-09-01,37252.0,0.0,0,Paid
7883,7883,1101,2025-07-28,20271.0,0.0,0,Paid
7884,7884,1100,2025-09-06,33446.0,0.0,0,Paid
7885,7885,1057,2025-08-27,32304.0,0.0,0,Paid
7886,7886,1053,,0,60168.0,120,Open
7887,7887,1096,2025-08-17,23874.0,0.0,0,Paid
7888,7888,1096,2025-09-07,50740.0,0.0,0,Paid
7889,7889,1020,2025-08-06,69773.0,0.0,0,Paid
7890,7890,1089,2025-08-14,64552.0,0.0,0,Paid
7891,7891,1113,2025-08-25,35977.0,0.0,0,Paid
7892,7892,1060,2025-08-18,15549.0,0.0,0,Paid
7893,7893,1124,2025-08-30,151094.0,0.0,0,Paid
7894,7894,1090,2025-09-11,152441.0,0.0,0,Paid
7895,7895,1019,2025-09-11,94645.0,0.0,0,Paid
7896,7896,1059,2025-08-06,48033.0,0.0,0,Paid
7897,7897,1001,2025-08-13,20285.0,0.0,0,Paid
7898,7898,1008,2025-08-28,27320.0,0.0,0,Paid
7899,7899,1102,,0,36771.0,150,Open
7900,7900,1109,2025-09-01,21347.0,0.0,0,Paid
7901,7901,1001,2025-09-11,53513.0,0.0,0,Paid
7902,7902,1089,2025-09-14,75626.0,0.0,0,Paid
7903,7903,1123,2025-09-11,33817.0,0.0,0,Paid
7904,7904,1059,2025-08-06,36509.0,0.0,0,Paid
7905,7905,1089,2025-08-02,77938.0,0.0,0,Paid
7906,7906,1060,2025-08-19,31417.0,0.0,0,Paid
7907,7907,1114,2025-08-24,79476.0,0.0,0,Paid
7908,7908,1082,2025-08-21,17267.0,0.0,0,Paid
7909,7909,1066,2025-08-22,37760.0,0.0,0,Paid
7910,7910,1106,2025-09-04,35515.0,0.0,0,Paid
7911,7911,1066,2025-09-13,63949.0,0.0,0,Paid
7912,7912,1089,2025-08-14,58251.0,0.0,0,Paid
7913,7913,1045,2025-08-13,38041.0,0.0,0,Paid
7914,7914,1090,2025-09-02,62393.0,0.0,0,Paid
7915,7915,1111,2025-09-06,147053.0,0.0,0,Paid
7916,7916,1050,,0,53188.0,148,Open
7917,7917,1084,2025-08-02,30375.0,0.0,0,Paid
7918,7918,1084,2025-09-04,18011.0,0.0,0,Paid
7919,7919,1036,2025-08-31,88860.0,0.0,0,Paid
7920,7920,1117,2025-08-29,19963.0,0.0,0,Paid
7921,7921,1071,2025-08-04,38150.0,0.0,0,Paid
7922,7922,1029,2025-08-13,41293.0,0.0,0,Paid
7923,7923,1057,2025-08-17,17866.0,0.0,0,Paid
7924,7924,1043,2025-09-22,93918.0,0.0,0,Paid
7925,7925,1016,2025-08-03,46734.0,0.0,0,Paid
7926,7926,1002,2025-08-24,17628.0,0.0,0,Paid
7927,7927,1048,2025-08-29,75033.0,0.0,0,Paid
7928,7928,1017,2025-08-17,38094.0,0.0,0,Paid
7929,7929,1075,2025-10-01,47113.0,0.0,0,Paid
7930,7930,1120,,0,212659.0,131,Open
7931,7931,1052,,12420.0,26282.0,149,Open
7932,7932,1045,2025-08-20,38127.0,0.0,0,Paid
7933,7933,1122,2025-09-11,18235.0,0.0,0,Paid
7934,7934,1026,2025-09-01,75220.0,0.0,0,Paid
7935,7935,1028,2025-09-11,38285.0,0.0,0,Paid
7936,7936,1033,2025-09-11,88417.0,0.0,0,Paid
7937,7937,1064,2025-09-03,40337.0,0.0,0,Paid
7938,7938,1035,2025-08-24,16647.0,0.0,0,Paid
7939,7939,1121,2025-09-19,19001.0,0.0,0,Paid
7940,7940,1032,2025-09-26,116219.0,0.0,0,Paid
7941,7941,1100,2025-09-03,18833.0,0.0,0,Paid
7942,7942,1001,2025-08-20,43802.0,0.0,0,Paid
7943,7943,1079,2025-08-25,31497.0,0.0,0,Paid
7944,7944,1072,2025-08-25,26802.0,0.0,0,Paid
7945,7945,1039,2025-09-17,121160.0,0.0,0,Paid
7946,7946,1094,2025-08-31,84966.0,0.0,0,Paid
7947,7947,1063,2025-09-07,185438.0,0.0,0,Paid
7948,7948,1002,2025-08-30,50121.0,0.0,0,Paid
7949,7949,1002,2025-08-29,26050.0,0.0,0,Paid
7950,7950,1006,2025-08-21,50962.0,0.0,0,Paid
7951,7951,1044,2025-08-31,27549.0,0.0,0,Paid
7952,7952,1089,,22163.0,58803.0,118,Open
7953,7953,1123,2025-08-25,26913.0,0.0,0,Paid
7954,7954,1104,,0,84400.0,147,Open
7955,7955,1009,2025-09-03,111756.0,0.0,0,Paid
7956,7956,1054,2025-08-24,57450.0,0.0,0,Paid
7957,7957,1038,2025-09-17,19284.0,0.0,0,Paid
7958,7958,1100,2025-08-25,219364.0,0.0,0,Paid
7959,7959,1073,2025-08-07,37457.0,0.0,0,Paid
7960,7960,1007,2025-08-18,24551.0,0.0,0,Paid
7961,7961,1034,2025-09-02,64334.0,0.0,0,Paid
7962,7962,1010,2025-08-29,76658.0,0.0,0,Paid
7963,7963,1011,2025-08-15,104833.0,0.0,0,Paid
7964,7964,1054,2025-08-22,30540.0,0.0,0,Paid
7965,7965,1051,2025-08-19,88909.0,0.0,0,Paid
7966,7966,1081,2025-09-16,67265.0,0.0,0,Paid
7967,7967,1039,2025-08-10,15085.0,0.0,0,Paid
7968,7968,1051,,0,29885.0,148,Open
7969,7969,1113,2025-09-18,21947.0,0.0,0,Paid
7970,7970,1025,2025-08-24,105871.0,0.0,0,Paid
7971,7971,1019,2025-10-12,51805.0,0.0,0,Paid
7972,7972,1071,,0,177818.0,116,Open
7973,7973,1028,2025-08-09,75064.0,0.0,0,Paid
7974,7974,1120,2025-08-31,53773.0,0.0,0,Paid
7975,7975,1002,2025-10-06,84724.0,0.0,0,Paid
7976,7976,1032,2025-08-13,109010.0,0.0,0,Paid
7977,7977,1119,2025-08-17,94281.0,0.0,0,Paid
7978,7978,1066,2025-08-14,22138.0,0.0,0,Paid
7979,7979,1056,2025-09-01,53399.0,0.0,0,Paid
7980,7980,1023,2025-09-02,56956.0,0.0,0,Paid
7981,7981,1089,2025-08-29,72761.0,0.0,0,Paid
7982,7982,1011,,0,21078.0,134,Open
7983,7983,1079,2025-08-08,98869.0,0.0,0,Paid
7984,7984,1124,,0,81662.0,132,Open
7985,7985,1005,2025-09-05,97897.0,0.0,0,Paid
7986,7986,1109,2025-08-18,78724.0,0.0,0,Paid
7987,7987,1087,,0,214664.0,146,Open
7988,7988,1047,2025-08-21,68972.0,0.0,0,Paid
7989,7989,1035,2025-08-21,35902.0,0.0,0,Paid
7990,7990,1036,2025-08-22,47755.0,0.0,0,Paid
7991,7991,1004,2025-08-22,66355.0,0.0,0,Paid
7992,7992,1090,2025-08-30,21815.0,0.0,0,Paid
7993,7993,1110,2025-08-15,33924.0,0.0,0,Paid
7994,7994,1082,2025-09-08,21699.0,0.0,0,Paid
7995,7995,1007,2025-08-17,79437.0,0.0,0,Paid
7996,7996,1008,2025-08-22,23564.0,0.0,0,Paid
7997,7997,1072,2025-08-30,31356.0,0.0,0,Paid
7998,7998,1061,,7599.0,10435.0,133,Open
7999,7999,1025,2025-09-23,146901.0,0.0,0,Paid
8000,8000,1029,2025-08-28,113754.0,0.0,0,Paid
8001,8001,1047,2025-08-26,38917.0,0.0,0,Paid
8002,8002,1047,2025-08-28,79210.0,0.0,0,Paid
8003,8003,1014,2025-08-30,21767.0,0.0,0,Paid
8004,8004,1119,2025-09-05,55099.0,0.0,0,Paid
8005,8005,1030,2025-07-31,19776.0,0.0,0,Paid
8006,8006,1069,2025-09-06,27680.0,0.0,0,Paid
8007,8007,1023,2025-08-26,78922.0,0.0,0,Paid
8008,8008,1116,2025-09-02,45807.0,0.0,0,Paid
8009,8009,1072,2025-09-30,81049.0,0.0,0,Paid
8010,8010,1008,2025-08-19,54817.0,0.0,0,Paid
8011,8011,1107,2025-08-09,80933.0,0.0,0,Paid
8012,8012,1007,2025-08-31,38619.0,0.0,0,Paid
8013,8013,1053,2025-08-10,107373.0,0.0,0,Paid
8014,8014,1038,2025-08-22,33753.0,0.0,0,Paid
8015,8015,1068,2025-08-31,82122.0,0.0,0,Paid
8016,8016,1028,2025-08-06,25525.0,0.0,0,Paid
8017,8017,1029,2025-09-30,83788.0,0.0,0,Paid
8018,8018,1101,2025-08-19,37739.0,0.0,0,Paid
8019,8019,1092,2025-08-26,79601.0,0.0,0,Paid
8020,8020,1081,2025-08-17,93905.0,0.0,0,Paid
8021,8021,1064,2025-09-15,34507.0,0.0,0,Paid
8022,8022,1075,2025-08-30,52509.0,0.0,0,Paid
8023,8023,1123,,38755.0,20145.0,131,Open
8024,8024,1062,2025-08-19,54040.0,0.0,0,Paid
8025,8025,1102,2025-08-14,50673.0,0.0,0,Paid
8026,8026,1013,2025-08-30,19980.0,0.0,0,Paid
8027,8027,1086,2025-09-16,30035.0,0.0,0,Paid
8028,8028,1076,2025-09-01,21967.0,0.0,0,Paid
8029,8029,1097,2025-08-19,17494.0,0.0,0,Paid
8030,8030,1086,2025-09-03,55771.0,0.0,0,Paid
8031,8031,1001,2025-09-04,39282.0,0.0,0,Paid
8032,8032,1035,2025-08-19,54301.0,0.0,0,Paid
8033,8033,1116,2025-09-10,15745.0,0.0,0,Paid
8034,8034,1045,2025-08-30,100841.0,0.0,0,Paid
8035,8035,1067,2025-08-15,28184.0,0.0,0,Paid
8036,8036,1060,2025-08-15,19280.0,0.0,0,Paid
8037,8037,1028,2025-08-20,20152.0,0.0,0,Paid
8038,8038,1056,2025-08-17,36007.0,0.0,0,Paid
8039,8039,1064,2025-08-30,56416.0,0.0,0,Paid
8040,8040,1107,2025-08-09,20192.0,0.0,0,Paid
8041,8041,1007,2025-09-15,52153.0,0.0,0,Paid
8042,8042,1012,2025-08-15,16568.0,0.0,0,Paid
8043,8043,1081,2025-09-03,33718.0,0.0,0,Paid
8044,8044,1011,2025-09-12,84863.0,0.0,0,Paid
8045,8045,1051,2025-09-18,179212.0,0.0,0,Paid
8046,8046,1098,,0,57977.0,115,Open
8047,8047,1096,2025-09-04,83106.0,0.0,0,Paid
8048,8048,1038,2025-08-16,15675.0,0.0,0,Paid
8049,8049,1095,2025-08-24,47455.0,0.0,0,Paid
8050,8050,1050,2025-08-16,19381.0,0.0,0,Paid
8051,8051,1042,2025-08-18,98779.0,0.0,0,Paid
8052,8052,1063,2025-09-04,73004.0,0.0,0,Paid
8053,8053,1008,2025-08-30,50450.0,0.0,0,Paid
8054,8054,1084,2025-08-21,24992.0,0.0,0,Paid
8055,8055,1096,2025-08-30,75595.0,0.0,0,Paid
8056,8056,1049,2025-08-21,110365.0,0.0,0,Paid
8057,8057,1086,2025-08-28,34879.0,0.0,0,Paid
8058,8058,1023,2025-08-31,35253.0,0.0,0,Paid
8059,8059,1075,2025-09-06,145362.0,0.0,0,Paid
8060,8060,1081,2025-08-06,33509.0,0.0,0,Paid
8061,8061,1008,2025-09-07,21467.0,0.0,0,Paid
8062,8062,1119,2025-09-01,29142.0,0.0,0,Paid
8063,8063,1058,2025-09-02,91270.0,0.0,0,Paid
8064,8064,1104,2025-09-08,100191.0,0.0,0,Paid
8065,8065,1012,2025-08-28,61500.0,0.0,0,Paid
8066,8066,1115,2025-09-21,49071.0,0.0,0,Paid
8067,8067,1086,2025-09-03,95788.0,0.0,0,Paid
8068,8068,1021,2025-09-06,59875.0,0.0,0,Paid
8069,8069,1096,2025-08-20,60729.0,0.0,0,Paid
8070,8070,1008,2025-09-20,47474.0,0.0,0,Paid
8071,8071,1012,2025-08-31,19760.0,0.0,0,Paid
8072,8072,1050,2025-09-19,109289.0,0.0,0,Paid
8073,8073,1125,,0,57044.0,131,Open
8074,8074,1017,,0,105515.0,146,Open
8075,8075,1051,2025-09-02,34456.0,0.0,0,Paid
8076,8076,1054,2025-09-13,29089.0,0.0,0,Paid
8077,8077,1010,2025-08-17,15581.0,0.0,0,Paid
8078,8078,1095,2025-08-22,35504.0,0.0,0,Paid
8079,8079,1009,2025-08-25,28125.0,0.0,0,Paid
8080,8080,1011,2025-08-29,43655.0,0.0,0,Paid
8081,8081,1020,2025-08-03,52229.0,0.0,0,Paid
8082,8082,1089,2025-09-10,38311.0,0.0,0,Paid
8083,8083,1025,2025-08-17,55578.0,0.0,0,Paid
8084,8084,1071,2025-09-10,51391.0,0.0,0,Paid
8085,8085,1122,2025-08-26,142010.0,0.0,0,Paid
8086,8086,1064,2025-09-21,78885.0,0.0,0,Paid
8087,8087,1053,2025-09-15,58253.0,0.0,0,Paid
8088,8088,1086,2025-08-24,71479.0,0.0,0,Paid
8089,8089,1005,2025-08-25,54687.0,0.0,0,Paid
8090,8090,1014,2025-08-16,18746.0,0.0,0,Paid
8091,8091,1088,2025-09-02,98558.0,0.0,0,Paid
8092,8092,1062,2025-09-08,36955.0,0.0,0,Paid
8093,8093,1096,2025-09-11,56848.0,0.0,0,Paid
8094,8094,1041,2025-08-07,50644.0,0.0,0,Paid
8095,8095,1106,2025-08-26,25349.0,0.0,0,Paid
8096,8096,1034,,0,30197.0,146,Open
8097,8097,1094,,0,59133.0,130,Open
8098,8098,1050,2025-08-18,53262.0,0.0,0,Paid
8099,8099,1039,2025-09-09,29750.0,0.0,0,Paid
8100,8100,1122,2025-09-01,81483.0,0.0,0,Paid
8101,8101,1102,2025-09-19,80209.0,0.0,0,Paid
8102,8102,1119,2025-09-03,119234.0,0.0,0,Paid
8103,8103,1038,2025-08-17,19499.0,0.0,0,Paid
8104,8104,1042,2025-08-26,78684.0,0.0,0,Paid
8105,8105,1041,2025-08-17,39421.0,0.0,0,Paid
8106,8106,1062,2025-09-20,34255.0,0.0,0,Paid
8107,8107,1077,2025-09-21,70294.0,0.0,0,Paid
8108,8108,1053,2025-09-13,27622.0,0.0,0,Paid
8109,8109,1120,2025-08-30,39632.0,0.0,0,Paid
8110,8110,1093,2025-08-17,18122.0,0.0,0,Paid
8111,8111,1057,2025-08-03,39406.0,0.0,0,Paid
8112,8112,1077,2025-09-02,58359.0,0.0,0,Paid
8113,8113,1047,2025-09-06,25833.0,0.0,0,Paid
8114,8114,1034,2025-09-03,16887.0,0.0,0,Paid
8115,8115,1050,2025-08-29,52223.0,0.0,0,Paid
8116,8116,1033,2025-08-08,37194.0,0.0,0,Paid
8117,8117,1082,2025-10-01,41436.0,0.0,0,Paid
8118,8118,1050,2025-08-27,16920.0,0.0,0,Paid
8119,8119,1080,2025-08-08,34817.0,0.0,0,Paid
8120,8120,1064,2025-08-22,31705.0,0.0,0,Paid
8121,8121,1029,2025-08-15,85087.0,0.0,0,Paid
8122,8122,1008,2025-08-17,20078.0,0.0,0,Paid
8123,8123,1095,2025-09-15,17327.0,0.0,0,Paid
8124,8124,1094,2025-08-02,19060.0,0.0,0,Paid
8125,8125,1119,2025-08-30,55254.0,0.0,0,Paid
8126,8126,1018,2025-08-19,39274.0,0.0,0,Paid
8127,8127,1117,2025-08-25,16975.0,0.0,0,Paid
8128,8128,1102,2025-08-31,94435.0,0.0,0,Paid
8129,8129,1061,,0,60208.0,114,Open
8130,8130,1104,2025-08-26,63820.0,0.0,0,Paid
8131,8131,1077,,5891.0,12957.0,131,Open
8132,8132,1082,2025-08-23,17090.0,0.0,0,Paid
8133,8133,1100,2025-08-11,54318.0,0.0,0,Paid
8134,8134,1007,2025-09-09,54599.0,0.0,0,Paid
8135,8135,1083,,0,50492.0,130,Open
8136,8136,1073,2025-09-02,134214.0,0.0,0,Paid
8137,8137,1104,,0,47135.0,130,Open
8138,8138,1083,2025-08-30,18909.0,0.0,0,Paid
8139,8139,1057,2025-09-13,90713.0,0.0,0,Paid
8140,8140,1125,2025-08-31,45477.0,0.0,0,Paid
8141,8141,1119,,0,41159.0,116,Open
8142,8142,1019,2025-10-02,20420.0,0.0,0,Paid
8143,8143,1031,2025-08-02,17361.0,0.0,0,Paid
8144,8144,1016,2025-08-28,33358.0,0.0,0,Paid
8145,8145,1071,2025-08-20,36017.0,0.0,0,Paid
8146,8146,1082,2025-09-27,227174.0,0.0,0,Paid
8147,8147,1059,2025-09-06,18101.0,0.0,0,Paid
8148,8148,1039,2025-08-24,121125.0,0.0,0,Paid
8149,8149,1001,,0,17665.0,115,Open
8150,8150,1081,2025-09-20,55086.0,0.0,0,Paid
8151,8151,1099,2025-09-05,38514.0,0.0,0,Paid
8152,8152,1011,2025-09-27,56697.0,0.0,0,Paid
8153,8153,1100,2025-09-07,182193.0,0.0,0,Paid
8154,8154,1032,2025-09-12,19392.0,0.0,0,Paid
8155,8155,1067,2025-08-20,93533.0,0.0,0,Paid
8156,8156,1105,,0,44311.0,115,Open
8157,8157,1040,2025-09-03,29053.0,0.0,0,Paid
8158,8158,1001,2025-08-27,36121.0,0.0,0,Paid
8159,8159,1048,,0,84270.0,129,Open
8160,8160,1088,,0,30448.0,130,Open
8161,8161,1119,2025-08-20,38469.0,0.0,0,Paid
8162,8162,1051,2025-09-02,28922.0,0.0,0,Paid
8163,8163,1120,2025-08-31,53162.0,0.0,0,Paid
8164,8164,1095,2025-09-08,37726.0,0.0,0,Paid
8165,8165,1096,2025-08-10,104078.0,0.0,0,Paid
8166,8166,1116,2025-08-23,83508.0,0.0,0,Paid
8167,8167,1106,2025-08-25,59819.0,0.0,0,Paid
8168,8168,1065,2025-09-07,89834.0,0.0,0,Paid
8169,8169,1058,2025-08-18,25174.0,0.0,0,Paid
8170,8170,1097,2025-09-20,20225.0,0.0,0,Paid
8171,8171,1121,2025-08-28,32750.0,0.0,0,Paid
8172,8172,1008,2025-10-01,56771.0,0.0,0,Paid
8173,8173,1052,2025-09-18,134875.0,0.0,0,Paid
8174,8174,1099,2025-08-19,37445.0,0.0,0,Paid
8175,8175,1056,2025-08-21,27259.0,0.0,0,Paid
8176,8176,1036,,0,42043.0,114,Open
8177,8177,1043,2025-08-05,67240.0,0.0,0,Paid
8178,8178,1076,2025-08-18,29730.0,0.0,0,Paid
8179,8179,1088,2025-09-11,39645.0,0.0,0,Paid
8180,8180,1102,,0,50713.0,113,Open
8181,8181,1115,2025-08-26,15578.0,0.0,0,Paid
8182,8182,1087,2025-09-03,53635.0,0.0,0,Paid
8183,8183,1018,,37136.0,21701.0,143,Open
8184,8184,1066,2025-10-24,41888.0,0.0,0,Paid
8185,8185,1009,2025-09-26,39560.0,0.0,0,Paid
8186,8186,1086,2025-09-30,142649.0,0.0,0,Paid
8187,8187,1091,,0,17633.0,130,Open
8188,8188,1005,2025-08-26,49684.0,0.0,0,Paid
8189,8189,1091,2025-08-10,147206.0,0.0,0,Paid
8190,8190,1116,2025-08-27,30506.0,0.0,0,Paid
8191,8191,1022,2025-08-25,104290.0,0.0,0,Paid
8192,8192,1074,2025-08-23,43088.0,0.0,0,Paid
8193,8193,1027,2025-08-28,44248.0,0.0,0,Paid
8194,8194,1065,2025-09-07,50061.0,0.0,0,Paid
8195,8195,1014,2025-09-28,168010.0,0.0,0,Paid
8196,8196,1070,2025-08-28,16963.0,0.0,0,Paid
8197,8197,1013,2025-08-19,33609.0,0.0,0,Paid
8198,8198,1050,2025-09-26,16898.0,0.0,0,Paid
8199,8199,1054,2025-09-22,20186.0,0.0,0,Paid
8200,8200,1111,2025-08-26,36135.0,0.0,0,Paid
8201,8201,1046,2025-09-05,61420.0,0.0,0,Paid
8202,8202,1047,2025-10-01,132038.0,0.0,0,Paid
8203,8203,1065,2025-08-27,16203.0,0.0,0,Paid
8204,8204,1098,,0,53020.0,128,Open
8205,8205,1005,2025-08-20,39188.0,0.0,0,Paid
8206,8206,1117,2025-08-24,40886.0,0.0,0,Paid
8207,8207,1043,2025-09-17,49606.0,0.0,0,Paid
8208,8208,1037,2025-09-03,18078.0,0.0,0,Paid
8209,8209,1082,2025-09-13,117811.0,0.0,0,Paid
8210,8210,1048,,0,62485.0,141,Open
8211,8211,1103,2025-08-26,54044.0,0.0,0,Paid
8212,8212,1033,2025-09-15,109387.0,0.0,0,Paid
8213,8213,1003,2025-08-05,52174.0,0.0,0,Paid
8214,8214,1120,2025-09-03,70287.0,0.0,0,Paid
8215,8215,1105,2025-08-19,18060.0,0.0,0,Paid
8216,8216,1016,2025-10-06,30149.0,0.0,0,Paid
8217,8217,1035,,0,17758.0,114,Open
8218,8218,1020,2025-08-19,18827.0,0.0,0,Paid
8219,8219,1026,2025-09-17,21474.0,0.0,0,Paid
8220,8220,1033,2025-08-28,72622.0,0.0,0,Paid
8221,8221,1010,2025-08-25,144599.0,0.0,0,Paid
8222,8222,1081,2025-08-20,100327.0,0.0,0,Paid
8223,8223,1001,2025-08-19,16525.0,0.0,0,Paid
8224,8224,1083,2025-08-07,92822.0,0.0,0,Paid
8225,8225,1057,2025-09-13,142599.0,0.0,0,Paid
8226,8226,1085,2025-08-25,18898.0,0.0,0,Paid
8227,8227,1120,2025-08-20,36327.0,0.0,0,Paid
8228,8228,1032,2025-09-01,46185.0,0.0,0,Paid
8229,8229,1118,2025-08-20,40959.0,0.0,0,Paid
8230,8230,1102,2025-09-24,46349.0,0.0,0,Paid
8231,8231,1038,2025-08-20,23882.0,0.0,0,Paid
8232,8232,1075,2025-08-29,52617.0,0.0,0,Paid
8233,8233,1078,2025-09-26,109215.0,0.0,0,Paid
8234,8234,1064,2025-08-29,73814.0,0.0,0,Paid
8235,8235,1114,2025-09-26,80765.0,0.0,0,Paid
8236,8236,1117,,0,34255.0,143,Open
8237,8237,1115,2025-10-16,25477.0,0.0,0,Paid
8238,8238,1016,2025-08-18,36733.0,0.0,0,Paid
8239,8239,1014,2025-09-05,119716.0,0.0,0,Paid
8240,8240,1071,2025-09-18,54811.0,0.0,0,Paid
8241,8241,1084,,15210.0,16908.0,114,Open
8242,8242,1014,2025-08-19,100254.0,0.0,0,Paid
8243,8243,1021,2025-09-08,15709.0,0.0,0,Paid
8244,8244,1065,2025-08-31,21191.0,0.0,0,Paid
8245,8245,1083,2025-08-06,78467.0,0.0,0,Paid
8246,8246,1086,,0,170862.0,125,Open
8247,8247,1013,2025-08-20,89551.0,0.0,0,Paid
8248,8248,1011,2025-09-15,20586.0,0.0,0,Paid
8249,8249,1065,2025-09-13,34154.0,0.0,0,Paid
8250,8250,1005,2025-08-30,17155.0,0.0,0,Paid
8251,8251,1023,2025-08-24,78362.0,0.0,0,Paid
8252,8252,1019,2025-08-14,46222.0,0.0,0,Paid
8253,8253,1101,2025-09-01,161286.0,0.0,0,Paid
8254,8254,1013,2025-08-21,99310.0,0.0,0,Paid
8255,8255,1008,,59502.0,50601.0,111,Open
8256,8256,1062,2025-09-21,29235.0,0.0,0,Paid
8257,8257,1091,2025-09-23,162249.0,0.0,0,Paid
8258,8258,1079,2025-09-09,47152.0,0.0,0,Paid
8259,8259,1120,2025-10-01,37579.0,0.0,0,Paid
8260,8260,1071,2025-09-04,103899.0,0.0,0,Paid
8261,8261,1038,2025-09-01,34769.0,0.0,0,Paid
8262,8262,1026,2025-08-24,87015.0,0.0,0,Paid
8263,8263,1075,2025-08-12,56715.0,0.0,0,Paid
8264,8264,1123,2025-09-19,34230.0,0.0,0,Paid
8265,8265,1023,2025-08-13,76920.0,0.0,0,Paid
8266,8266,1023,2025-08-27,16318.0,0.0,0,Paid
8267,8267,1084,2025-09-07,148593.0,0.0,0,Paid
8268,8268,1068,2025-08-17,40417.0,0.0,0,Paid
8269,8269,1043,,0,25788.0,143,Open
8270,8270,1027,,0,39646.0,143,Open
8271,8271,1033,2025-08-26,40514.0,0.0,0,Paid
8272,8272,1087,2025-08-10,20732.0,0.0,0,Paid
8273,8273,1048,2025-08-10,52938.0,0.0,0,Paid
8274,8274,1052,2025-09-03,45995.0,0.0,0,Paid
8275,8275,1105,2025-08-26,95834.0,0.0,0,Paid
8276,8276,1035,2025-09-19,82008.0,0.0,0,Paid
8277,8277,1062,2025-08-20,25743.0,0.0,0,Paid
8278,8278,1047,,0,84210.0,112,Open
8279,8279,1047,2025-08-30,22865.0,0.0,0,Paid
8280,8280,1060,2025-08-27,76682.0,0.0,0,Paid
8281,8281,1019,2025-08-26,79615.0,0.0,0,Paid
8282,8282,1099,2025-09-06,83745.0,0.0,0,Paid
8283,8283,1015,2025-09-11,34837.0,0.0,0,Paid
8284,8284,1054,2025-08-25,97091.0,0.0,0,Paid
8285,8285,1080,2025-08-27,17175.0,0.0,0,Paid
8286,8286,1042,2025-08-31,144690.0,0.0,0,Paid
8287,8287,1050,2025-08-25,67473.0,0.0,0,Paid
8288,8288,1050,2025-09-24,33331.0,0.0,0,Paid
8289,8289,1015,2025-08-14,25194.0,0.0,0,Paid
8290,8290,1123,2025-08-25,18502.0,0.0,0,Paid
8291,8291,1078,2025-09-04,18896.0,0.0,0,Paid
8292,8292,1095,2025-09-10,53769.0,0.0,0,Paid
8293,8293,1004,2025-08-29,18895.0,0.0,0,Paid
8294,8294,1001,2025-09-07,44544.0,0.0,0,Paid
8295,8295,1030,2025-08-10,156217.0,0.0,0,Paid
8296,8296,1012,2025-09-06,25980.0,0.0,0,Paid
8297,8297,1034,2025-08-26,43289.0,0.0,0,Paid
8298,8298,1125,2025-08-31,54800.0,0.0,0,Paid
8299,8299,1013,2025-08-24,63085.0,0.0,0,Paid
8300,8300,1022,2025-08-12,41299.0,0.0,0,Paid
8301,8301,1057,2025-08-09,76589.0,0.0,0,Paid
8302,8302,1044,,0,57479.0,125,Open
8303,8303,1088,2025-08-25,17901.0,0.0,0,Paid
8304,8304,1045,,0,53811.0,111,Open
8305,8305,1060,2025-08-20,86684.0,0.0,0,Paid
8306,8306,1104,2025-09-24,78231.0,0.0,0,Paid
8307,8307,1111,2025-09-01,52644.0,0.0,0,Paid
8308,8308,1009,2025-09-01,36672.0,0.0,0,Paid
8309,8309,1038,2025-08-16,52382.0,0.0,0,Paid
8310,8310,1057,2025-09-09,64476.0,0.0,0,Paid
8311,8311,1057,2025-08-14,63928.0,0.0,0,Paid
8312,8312,1074,2025-08-31,61249.0,0.0,0,Paid
8313,8313,1077,2025-08-24,32632.0,0.0,0,Paid
8314,8314,1095,2025-09-02,83427.0,0.0,0,Paid
8315,8315,1016,2025-08-25,48706.0,0.0,0,Paid
8316,8316,1060,2025-09-15,65394.0,0.0,0,Paid
8317,8317,1005,2025-09-05,21294.0,0.0,0,Paid
8318,8318,1086,2025-09-13,42906.0,0.0,0,Paid
8319,8319,1059,2025-09-11,67323.0,0.0,0,Paid
8320,8320,1123,2025-08-24,73778.0,0.0,0,Paid
8321,8321,1073,,24847.0,24396.0,127,Open
8322,8322,1110,2025-09-16,53710.0,0.0,0,Paid
8323,8323,1115,2025-08-28,35682.0,0.0,0,Paid
8324,8324,1054,2025-09-30,82763.0,0.0,0,Paid
8325,8325,1023,2025-08-31,35835.0,0.0,0,Paid
8326,8326,1113,2025-09-03,61043.0,0.0,0,Paid
8327,8327,1051,2025-09-14,38121.0,0.0,0,Paid
8328,8328,1122,2025-09-20,31953.0,0.0,0,Paid
8329,8329,1113,2025-08-28,85554.0,0.0,0,Paid
8330,8330,1052,2025-09-04,46760.0,0.0,0,Paid
8331,8331,1077,2025-08-13,34983.0,0.0,0,Paid
8332,8332,1118,2025-08-24,43596.0,0.0,0,Paid
8333,8333,1109,2025-08-22,52858.0,0.0,0,Paid
8334,8334,1013,,0,26121.0,142,Open
8335,8335,1102,2025-08-28,116951.0,0.0,0,Paid
8336,8336,1013,2025-08-31,105779.0,0.0,0,Paid
8337,8337,1029,2025-09-06,27787.0,0.0,0,Paid
8338,8338,1114,,9407.0,17637.0,126,Open
8339,8339,1077,2025-09-27,93504.0,0.0,0,Paid
8340,8340,1055,2025-09-06,45573.0,0.0,0,Paid
8341,8341,1072,2025-09-17,77178.0,0.0,0,Paid
8342,8342,1036,2025-09-07,98615.0,0.0,0,Paid
8343,8343,1063,2025-08-25,64980.0,0.0,0,Paid
8344,8344,1090,2025-08-23,32938.0,0.0,0,Paid
8345,8345,1056,2025-08-29,103174.0,0.0,0,Paid
8346,8346,1055,2025-09-10,47372.0,0.0,0,Paid
8347,8347,1086,2025-08-29,53295.0,0.0,0,Paid
8348,8348,1041,2025-08-16,137504.0,0.0,0,Paid
8349,8349,1117,2025-08-26,98561.0,0.0,0,Paid
8350,8350,1072,2025-08-10,57089.0,0.0,0,Paid
8351,8351,1073,2025-09-20,54285.0,0.0,0,Paid
8352,8352,1046,2025-09-10,48103.0,0.0,0,Paid
8353,8353,1035,2025-09-21,41199.0,0.0,0,Paid
8354,8354,1007,2025-09-15,20047.0,0.0,0,Paid
8355,8355,1037,2025-08-11,17231.0,0.0,0,Paid
8356,8356,1077,2025-08-31,68810.0,0.0,0,Paid
8357,8357,1082,2025-09-20,16719.0,0.0,0,Paid
8358,8358,1063,2025-08-28,106618.0,0.0,0,Paid
8359,8359,1095,2025-09-26,101791.0,0.0,0,Paid
8360,8360,1026,2025-08-28,29446.0,0.0,0,Paid
8361,8361,1075,2025-09-16,18177.0,0.0,0,Paid
8362,8362,1100,2025-08-24,16064.0,0.0,0,Paid
8363,8363,1063,,17743.0,28739.0,126,Open
8364,8364,1091,2025-08-22,26498.0,0.0,0,Paid
8365,8365,1055,2025-08-25,101013.0,0.0,0,Paid
8366,8366,1124,2025-08-23,31196.0,0.0,0,Paid
8367,8367,1025,2025-09-06,17278.0,0.0,0,Paid
8368,8368,1090,2025-08-31,17059.0,0.0,0,Paid
8369,8369,1093,2025-08-30,33711.0,0.0,0,Paid
8370,8370,1057,2025-08-28,38331.0,0.0,0,Paid
8371,8371,1009,2025-09-07,108601.0,0.0,0,Paid
8372,8372,1007,2025-08-30,62469.0,0.0,0,Paid
8373,8373,1102,2025-09-08,117316.0,0.0,0,Paid
8374,8374,1104,2025-08-27,107366.0,0.0,0,Paid
8375,8375,1088,2025-08-29,141193.0,0.0,0,Paid
8376,8376,1091,2025-09-01,61510.0,0.0,0,Paid
8377,8377,1075,2025-08-10,49705.0,0.0,0,Paid
8378,8378,1081,2025-10-12,20786.0,0.0,0,Paid
8379,8379,1011,2025-09-13,97694.0,0.0,0,Paid
8380,8380,1082,2025-09-16,18588.0,0.0,0,Paid
8381,8381,1048,2025-08-28,58892.0,0.0,0,Paid
8382,8382,1034,2025-08-14,103653.0,0.0,0,Paid
8383,8383,1092,2025-08-30,39352.0,0.0,0,Paid
8384,8384,1030,2025-08-23,27826.0,0.0,0,Paid
8385,8385,1101,2025-09-16,140397.0,0.0,0,Paid
8386,8386,1121,,0,61066.0,123,Open
8387,8387,1027,2025-08-24,83095.0,0.0,0,Paid
8388,8388,1046,2025-08-19,84857.0,0.0,0,Paid
8389,8389,1062,2025-09-30,59556.0,0.0,0,Paid
8390,8390,1095,2025-08-19,32215.0,0.0,0,Paid
8391,8391,1067,,20382.0,9242.0,125,Open
8392,8392,1080,2025-08-27,92706.0,0.0,0,Paid
8393,8393,1039,2025-09-11,78434.0,0.0,0,Paid
8394,8394,1001,2025-09-24,37224.0,0.0,0,Paid
8395,8395,1057,2025-08-27,37650.0,0.0,0,Paid
8396,8396,1058,2025-08-29,123027.0,0.0,0,Paid
8397,8397,1022,2025-09-13,19856.0,0.0,0,Paid
8398,8398,1002,2025-09-13,35910.0,0.0,0,Paid
8399,8399,1042,2025-08-21,78949.0,0.0,0,Paid
8400,8400,1093,2025-10-03,60219.0,0.0,0,Paid
8401,8401,1086,2025-09-18,20394.0,0.0,0,Paid
8402,8402,1008,2025-08-08,29828.0,0.0,0,Paid
8403,8403,1036,,0,62541.0,140,Open
8404,8404,1063,2025-08-16,54579.0,0.0,0,Paid
8405,8405,1048,2025-10-18,29113.0,0.0,0,Paid
8406,8406,1028,2025-09-07,20624.0,0.0,0,Paid
8407,8407,1053,2025-09-18,50147.0,0.0,0,Paid
8408,8408,1028,2025-09-06,89251.0,0.0,0,Paid
8409,8409,1101,2025-08-16,27310.0,0.0,0,Paid
8410,8410,1076,2025-09-09,131575.0,0.0,0,Paid
8411,8411,1032,,0,59098.0,108,Open
8412,8412,1063,2025-09-16,82921.0,0.0,0,Paid
8413,8413,1100,2025-09-21,25983.0,0.0,0,Paid
8414,8414,1104,2025-09-02,82346.0,0.0,0,Paid
8415,8415,1002,2025-09-09,28435.0,0.0,0,Paid
8416,8416,1013,2025-09-20,79054.0,0.0,0,Paid
8417,8417,1089,2025-08-10,57188.0,0.0,0,Paid
8418,8418,1047,2025-08-14,18336.0,0.0,0,Paid
8419,8419,1055,2025-08-26,138421.0,0.0,0,Paid
8420,8420,1115,2025-09-22,110756.0,0.0,0,Paid
8421,8421,1080,2025-10-01,50531.0,0.0,0,Paid
8422,8422,1096,2025-09-16,31242.0,0.0,0,Paid
8423,8423,1105,2025-08-27,50527.0,0.0,0,Paid
8424,8424,1042,2025-08-29,52377.0,0.0,0,Paid
8425,8425,1124,2025-09-16,88916.0,0.0,0,Paid
8426,8426,1120,,27439.0,58703.0,123,Open
8427,8427,1096,2025-09-08,29681.0,0.0,0,Paid
8428,8428,1094,2025-08-31,52701.0,0.0,0,Paid
8429,8429,1119,2025-09-23,18901.0,0.0,0,Paid
8430,8430,1115,2025-10-16,69561.0,0.0,0,Paid
8431,8431,1036,2025-09-08,116920.0,0.0,0,Paid
8432,8432,1094,2025-09-08,59575.0,0.0,0,Paid
8433,8433,1005,2025-09-04,37124.0,0.0,0,Paid
8434,8434,1033,2025-08-27,29619.0,0.0,0,Paid
8435,8435,1007,2025-09-19,33195.0,0.0,0,Paid
8436,8436,1108,2025-09-03,38122.0,0.0,0,Paid
8437,8437,1001,2025-09-06,50687.0,0.0,0,Paid
8438,8438,1005,2025-09-08,37112.0,0.0,0,Paid
8439,8439,1050,2025-10-03,54674.0,0.0,0,Paid
8440,8440,1069,,0,26579.0,124,Open
8441,8441,1071,,34023.0,94149.0,123,Open
8442,8442,1055,2025-08-10,30658.0,0.0,0,Paid
8443,8443,1090,2025-09-09,42840.0,0.0,0,Paid
8444,8444,1065,2025-09-08,18007.0,0.0,0,Paid
8445,8445,1088,2025-08-31,59540.0,0.0,0,Paid
8446,8446,1048,2025-08-21,24512.0,0.0,0,Paid
8447,8447,1057,2025-09-10,68250.0,0.0,0,Paid
8448,8448,1064,2025-10-02,163523.0,0.0,0,Paid
8449,8449,1110,2025-08-14,31037.0,0.0,0,Paid
8450,8450,1025,2025-10-21,80959.0,0.0,0,Paid
8451,8451,1030,,0,171725.0,122,Open
8452,8452,1075,2025-09-07,45217.0,0.0,0,Paid
8453,8453,1053,2025-10-04,35775.0,0.0,0,Paid
8454,8454,1076,2025-08-12,122004.0,0.0,0,Paid
8455,8455,1024,2025-08-23,31031.0,0.0,0,Paid
8456,8456,1070,2025-09-18,19573.0,0.0,0,Paid
8457,8457,1102,2025-09-09,43828.0,0.0,0,Paid
8458,8458,1121,2025-09-17,34977.0,0.0,0,Paid
8459,8459,1091,2025-08-14,92135.0,0.0,0,Paid
8460,8460,1042,2025-08-10,32954.0,0.0,0,Paid
8461,8461,1068,2025-08-09,42773.0,0.0,0,Paid
8462,8462,1114,2025-08-22,71004.0,0.0,0,Paid
8463,8463,1033,2025-09-02,54932.0,0.0,0,Paid
8464,8464,1075,2025-10-15,33523.0,0.0,0,Paid
8465,8465,1072,2025-08-29,61639.0,0.0,0,Paid
8466,8466,1062,,35366.0,47465.0,120,Open
8467,8467,1074,2025-09-03,34649.0,0.0,0,Paid
8468,8468,1042,,0,18681.0,124,Open
8469,8469,1059,,0,66529.0,121,Open
8470,8470,1058,2025-08-15,16940.0,0.0,0,Paid
8471,8471,1097,2025-09-09,28432.0,0.0,0,Paid
8472,8472,1077,2025-09-05,39561.0,0.0,0,Paid
8473,8473,1085,2025-09-10,40315.0,0.0,0,Paid
8474,8474,1111,2025-08-22,31530.0,0.0,0,Paid
8475,8475,1097,2025-09-11,79527.0,0.0,0,Paid
8476,8476,1081,2025-09-16,33157.0,0.0,0,Paid
8477,8477,1076,2025-08-16,58257.0,0.0,0,Paid
8478,8478,1006,2025-08-23,86520.0,0.0,0,Paid
8479,8479,1106,2025-09-15,97735.0,0.0,0,Paid
8480,8480,1058,2025-10-01,38878.0,0.0,0,Paid
8481,8481,1122,2025-09-03,101101.0,0.0,0,Paid
8482,8482,1124,,0,83776.0,122,Open
8483,8483,1080,,20433.0,16782.0,123,Open
8484,8484,1017,2025-08-24,32543.0,0.0,0,Paid
8485,8485,1120,2025-08-27,94848.0,0.0,0,Paid
8486,8486,1044,2025-09-20,31339.0,0.0,0,Paid
8487,8487,1053,2025-09-08,83801.0,0.0,0,Paid
8488,8488,1125,2025-09-14,48997.0,0.0,0,Paid
8489,8489,1044,2025-08-16,63288.0,0.0,0,Paid
8490,8490,1021,2025-09-15,120047.0,0.0,0,Paid
8491,8491,1019,2025-09-02,36042.0,0.0,0,Paid
8492,8492,1122,2025-09-03,39811.0,0.0,0,Paid
8493,8493,1121,,14408.0,31120.0,122,Open
8494,8494,1031,2025-10-13,99040.0,0.0,0,Paid
8495,8495,1004,,28674.0,13437.0,122,Open
8496,8496,1070,2025-08-28,43982.0,0.0,0,Paid
8497,8497,1106,2025-09-14,67134.0,0.0,0,Paid
8498,8498,1078,2025-08-25,56928.0,0.0,0,Paid
8499,8499,1029,2025-09-02,149101.0,0.0,0,Paid
8500,8500,1063,2025-09-02,74547.0,0.0,0,Paid
8501,8501,1009,2025-09-29,93306.0,0.0,0,Paid
8502,8502,1110,2025-09-08,52359.0,0.0,0,Paid
8503,8503,1078,2025-09-11,96736.0,0.0,0,Paid
8504,8504,1061,,10296.0,7811.0,138,Open
8505,8505,1027,2025-09-07,53897.0,0.0,0,Paid
8506,8506,1109,2025-09-24,54078.0,0.0,0,Paid
8507,8507,1019,2025-08-13,90896.0,0.0,0,Paid
8508,8508,1074,2025-09-11,59627.0,0.0,0,Paid
8509,8509,1080,2025-08-27,46012.0,0.0,0,Paid
8510,8510,1046,2025-08-17,35297.0,0.0,0,Paid
8511,8511,1089,2025-08-29,74356.0,0.0,0,Paid
8512,8512,1014,2025-09-26,50244.0,0.0,0,Paid
8513,8513,1116,2025-09-09,57042.0,0.0,0,Paid
8514,8514,1084,2025-08-22,33169.0,0.0,0,Paid
8515,8515,1073,2025-09-08,64948.0,0.0,0,Paid
8516,8516,1056,2025-09-03,122540.0,0.0,0,Paid
8517,8517,1028,2025-09-12,59606.0,0.0,0,Paid
8518,8518,1062,2025-09-01,100739.0,0.0,0,Paid
8519,8519,1037,2025-09-12,69899.0,0.0,0,Paid
8520,8520,1031,2025-08-15,75742.0,0.0,0,Paid
8521,8521,1007,2025-09-02,37993.0,0.0,0,Paid
8522,8522,1102,2025-09-02,27882.0,0.0,0,Paid
8523,8523,1074,2025-09-12,56570.0,0.0,0,Paid
8524,8524,1046,,0,22602.0,138,Open
8525,8525,1019,2025-09-02,41857.0,0.0,0,Paid
8526,8526,1032,2025-08-20,51181.0,0.0,0,Paid
8527,8527,1092,2025-09-13,21879.0,0.0,0,Paid
8528,8528,1086,2025-08-14,60058.0,0.0,0,Paid
8529,8529,1011,2025-09-25,96157.0,0.0,0,Paid
8530,8530,1062,2025-09-13,184435.0,0.0,0,Paid
8531,8531,1079,2025-08-27,56370.0,0.0,0,Paid
8532,8532,1022,2025-08-18,61897.0,0.0,0,Paid
8533,8533,1096,2025-09-20,95489.0,0.0,0,Paid
8534,8534,1010,2025-09-07,57145.0,0.0,0,Paid
8535,8535,1115,2025-08-16,26334.0,0.0,0,Paid
8536,8536,1018,2025-10-18,53366.0,0.0,0,Paid
8537,8537,1119,2025-09-07,84897.0,0.0,0,Paid
8538,8538,1013,2025-09-19,34103.0,0.0,0,Paid
8539,8539,1027,2025-08-12,39325.0,0.0,0,Paid
8540,8540,1004,2025-08-14,82294.0,0.0,0,Paid
8541,8541,1029,2025-08-30,109519.0,0.0,0,Paid
8542,8542,1008,2025-09-11,41329.0,0.0,0,Paid
8543,8543,1036,2025-10-09,90550.0,0.0,0,Paid
8544,8544,1047,2025-08-18,26221.0,0.0,0,Paid
8545,8545,1014,2025-08-31,17951.0,0.0,0,Paid
8546,8546,1125,2025-09-15,78363.0,0.0,0,Paid
8547,8547,1085,2025-09-09,35819.0,0.0,0,Paid
8548,8548,1013,,0,51826.0,135,Open
8549,8549,1103,,0,115477.0,134,Open
8550,8550,1111,2025-09-23,77040.0,0.0,0,Paid
8551,8551,1010,2025-09-17,54146.0,0.0,0,Paid
8552,8552,1089,2025-08-27,35966.0,0.0,0,Paid
8553,8553,1011,2025-09-09,123176.0,0.0,0,Paid
8554,8554,1093,2025-08-26,36740.0,0.0,0,Paid
8555,8555,1110,2025-08-28,22117.0,0.0,0,Paid
8556,8556,1044,2025-09-02,58493.0,0.0,0,Paid
8557,8557,1074,2025-09-02,89266.0,0.0,0,Paid
8558,8558,1124,2025-10-12,64220.0,0.0,0,Paid
8559,8559,1077,2025-10-04,76457.0,0.0,0,Paid
8560,8560,1036,2025-08-13,137739.0,0.0,0,Paid
8561,8561,1007,2025-08-23,198227.0,0.0,0,Paid
8562,8562,1115,2025-08-12,52461.0,0.0,0,Paid
8563,8563,1023,2025-08-31,17753.0,0.0,0,Paid
8564,8564,1050,2025-08-19,71317.0,0.0,0,Paid
8565,8565,1100,2025-09-03,23541.0,0.0,0,Paid
8566,8566,1113,2025-08-26,57187.0,0.0,0,Paid
8567,8567,1039,2025-09-05,28883.0,0.0,0,Paid
8568,8568,1008,,0,87582.0,120,Open
8569,8569,1111,2025-09-07,35552.0,0.0,0,Paid
8570,8570,1022,2025-09-04,70293.0,0.0,0,Paid
8571,8571,1034,2025-09-28,64523.0,0.0,0,Paid
8572,8572,1116,2025-09-15,19448.0,0.0,0,Paid
8573,8573,1096,2025-08-23,124072.0,0.0,0,Paid
8574,8574,1069,2025-09-10,49120.0,0.0,0,Paid
8575,8575,1057,2025-09-08,17898.0,0.0,0,Paid
8576,8576,1113,2025-09-13,89855.0,0.0,0,Paid
8577,8577,1038,2025-08-15,39252.0,0.0,0,Paid
8578,8578,1086,2025-09-10,16726.0,0.0,0,Paid
8579,8579,1049,2025-09-01,31090.0,0.0,0,Paid
8580,8580,1006,2025-09-08,27622.0,0.0,0,Paid
8581,8581,1020,2025-09-02,18406.0,0.0,0,Paid
8582,8582,1101,2025-10-10,29453.0,0.0,0,Paid
8583,8583,1111,2025-08-24,40389.0,0.0,0,Paid
8584,8584,1102,2025-09-15,19340.0,0.0,0,Paid
8585,8585,1124,2025-09-04,26485.0,0.0,0,Paid
8586,8586,1001,2025-09-10,56526.0,0.0,0,Paid
8587,8587,1048,2025-09-11,24044.0,0.0,0,Paid
8588,8588,1103,2025-09-29,31803.0,0.0,0,Paid
8589,8589,1012,2025-09-13,39607.0,0.0,0,Paid
8590,8590,1076,2025-10-01,24142.0,0.0,0,Paid
8591,8591,1082,2025-09-01,38033.0,0.0,0,Paid
8592,8592,1047,2025-09-25,23486.0,0.0,0,Paid
8593,8593,1123,2025-09-18,54529.0,0.0,0,Paid
8594,8594,1087,,0,174906.0,133,Open
8595,8595,1045,2025-08-31,22819.0,0.0,0,Paid
8596,8596,1099,,0,81360.0,104,Open
8597,8597,1111,2025-10-17,50514.0,0.0,0,Paid
8598,8598,1103,2025-09-01,26530.0,0.0,0,Paid
8599,8599,1096,2025-10-01,39935.0,0.0,0,Paid
8600,8600,1005,2025-08-28,32984.0,0.0,0,Paid
8601,8601,1022,2025-09-19,146628.0,0.0,0,Paid
8602,8602,1116,2025-08-31,80455.0,0.0,0,Paid
8603,8603,1114,2025-08-14,17998.0,0.0,0,Paid
8604,8604,1056,2025-09-03,31816.0,0.0,0,Paid
8605,8605,1113,2025-08-29,25174.0,0.0,0,Paid
8606,8606,1050,2025-09-17,48045.0,0.0,0,Paid
8607,8607,1032,2025-09-29,37745.0,0.0,0,Paid
8608,8608,1080,2025-09-29,86962.0,0.0,0,Paid
8609,8609,1006,2025-09-03,17447.0,0.0,0,Paid
8610,8610,1079,2025-09-05,236078.0,0.0,0,Paid
8611,8611,1027,2025-09-10,60984.0,0.0,0,Paid
8612,8612,1108,2025-09-01,195361.0,0.0,0,Paid
8613,8613,1115,,0,25795.0,121,Open
8614,8614,1070,2025-09-06,20347.0,0.0,0,Paid
8615,8615,1124,2025-09-24,19990.0,0.0,0,Paid
8616,8616,1097,2025-09-02,42610.0,0.0,0,Paid
8617,8617,1104,2025-09-08,34015.0,0.0,0,Paid
8618,8618,1110,2025-08-17,51550.0,0.0,0,Paid
8619,8619,1036,2025-09-02,64006.0,0.0,0,Paid
8620,8620,1037,2025-10-02,65948.0,0.0,0,Paid
8621,8621,1082,,0,84119.0,118,Open
8622,8622,1002,2025-09-27,51583.0,0.0,0,Paid
8623,8623,1021,2025-09-20,55569.0,0.0,0,Paid
8624,8624,1121,2025-09-09,96271.0,0.0,0,Paid
8625,8625,1007,2025-09-10,26006.0,0.0,0,Paid
8626,8626,1063,2025-09-20,37531.0,0.0,0,Paid
8627,8627,1066,2025-09-15,33159.0,0.0,0,Paid
8628,8628,1066,2025-08-28,91524.0,0.0,0,Paid
8629,8629,1021,2025-09-16,21947.0,0.0,0,Paid
8630,8630,1047,2025-09-28,17321.0,0.0,0,Paid
8631,8631,1015,2025-08-22,49156.0,0.0,0,Paid
8632,8632,1066,2025-09-10,18202.0,0.0,0,Paid
8633,8633,1002,2025-09-15,56080.0,0.0,0,Paid
8634,8634,1113,2025-09-22,23765.0,0.0,0,Paid
8635,8635,1046,,0,25220.0,106,Open
8636,8636,1106,2025-09-16,99106.0,0.0,0,Paid
8637,8637,1036,2025-09-09,20235.0,0.0,0,Paid
8638,8638,1028,2025-09-24,47404.0,0.0,0,Paid
8639,8639,1090,2025-09-17,49706.0,0.0,0,Paid
8640,8640,1034,2025-10-16,72598.0,0.0,0,Paid
8641,8641,1026,2025-09-09,34950.0,0.0,0,Paid
8642,8642,1007,2025-09-23,70166.0,0.0,0,Paid
8643,8643,1053,2025-08-17,21065.0,0.0,0,Paid
8644,8644,1027,2025-08-30,102131.0,0.0,0,Paid
8645,8645,1012,2025-08-19,28969.0,0.0,0,Paid
8646,8646,1056,2025-09-03,19705.0,0.0,0,Paid
8647,8647,1039,2025-09-08,20077.0,0.0,0,Paid
8648,8648,1116,2025-08-21,31654.0,0.0,0,Paid
8649,8649,1122,2025-09-02,29639.0,0.0,0,Paid
8650,8650,1097,2025-08-17,58765.0,0.0,0,Paid
8651,8651,1102,2025-09-02,24592.0,0.0,0,Paid
8652,8652,1080,2025-09-28,136903.0,0.0,0,Paid
8653,8653,1098,2025-09-15,51466.0,0.0,0,Paid
8654,8654,1104,2025-08-28,23093.0,0.0,0,Paid
8655,8655,1031,2025-08-28,44630.0,0.0,0,Paid
8656,8656,1019,2025-09-22,38574.0,0.0,0,Paid
8657,8657,1001,2025-08-22,40935.0,0.0,0,Paid
8658,8658,1070,,0,17522.0,105,Open
8659,8659,1064,2025-09-06,151093.0,0.0,0,Paid
8660,8660,1060,2025-09-01,55149.0,0.0,0,Paid
8661,8661,1065,2025-08-26,59101.0,0.0,0,Paid
8662,8662,1025,2025-09-02,16700.0,0.0,0,Paid
8663,8663,1025,2025-08-30,79819.0,0.0,0,Paid
8664,8664,1012,2025-08-28,35832.0,0.0,0,Paid
8665,8665,1081,,0,139188.0,131,Open
8666,8666,1119,2025-09-12,63758.0,0.0,0,Paid
8667,8667,1084,2025-08-28,16941.0,0.0,0,Paid
8668,8668,1059,2025-08-28,73048.0,0.0,0,Paid
8669,8669,1055,2025-09-18,123453.0,0.0,0,Paid
8670,8670,1049,2025-09-12,53995.0,0.0,0,Paid
8671,8671,1009,2025-08-21,155548.0,0.0,0,Paid
8672,8672,1040,2025-09-19,33731.0,0.0,0,Paid
8673,8673,1065,2025-09-20,24082.0,0.0,0,Paid
8674,8674,1087,2025-09-05,75718.0,0.0,0,Paid
8675,8675,1101,2025-09-03,19086.0,0.0,0,Paid
8676,8676,1016,2025-09-04,40961.0,0.0,0,Paid
8677,8677,1070,2025-09-01,17403.0,0.0,0,Paid
8678,8678,1033,2025-08-28,36028.0,0.0,0,Paid
8679,8679,1122,2025-09-22,206073.0,0.0,0,Paid
8680,8680,1033,2025-09-10,74454.0,0.0,0,Paid
8681,8681,1095,2025-09-23,55586.0,0.0,0,Paid
8682,8682,1028,2025-08-25,53511.0,0.0,0,Paid
8683,8683,1094,2025-09-16,85892.0,0.0,0,Paid
8684,8684,1078,2025-09-01,20239.0,0.0,0,Paid
8685,8685,1064,2025-08-16,70466.0,0.0,0,Paid
8686,8686,1057,2025-09-18,28048.0,0.0,0,Paid
8687,8687,1031,2025-09-13,102977.0,0.0,0,Paid
8688,8688,1112,2025-09-26,19656.0,0.0,0,Paid
8689,8689,1123,2025-09-14,57229.0,0.0,0,Paid
8690,8690,1031,2025-09-13,37550.0,0.0,0,Paid
8691,8691,1125,2025-09-16,53401.0,0.0,0,Paid
8692,8692,1018,2025-09-16,36941.0,0.0,0,Paid
8693,8693,1107,2025-09-04,35926.0,0.0,0,Paid
8694,8694,1029,2025-09-05,89692.0,0.0,0,Paid
8695,8695,1018,2025-09-03,26808.0,0.0,0,Paid
8696,8696,1117,2025-09-28,16317.0,0.0,0,Paid
8697,8697,1015,2025-09-29,19836.0,0.0,0,Paid
8698,8698,1050,,0,41064.0,104,Open
8699,8699,1055,2025-10-07,34770.0,0.0,0,Paid
8700,8700,1034,2025-09-10,19753.0,0.0,0,Paid
8701,8701,1023,2025-08-21,57161.0,0.0,0,Paid
8702,8702,1092,2025-09-21,54992.0,0.0,0,Paid
8703,8703,1086,2025-08-18,35445.0,0.0,0,Paid
8704,8704,1057,,0,18236.0,119,Open
8705,8705,1086,2025-09-02,124266.0,0.0,0,Paid
8706,8706,1069,2025-09-14,29121.0,0.0,0,Paid
8707,8707,1020,2025-08-17,58429.0,0.0,0,Paid
8708,8708,1073,2025-09-23,68726.0,0.0,0,Paid
8709,8709,1030,2025-09-21,36979.0,0.0,0,Paid
8710,8710,1040,2025-08-17,34587.0,0.0,0,Paid
8711,8711,1040,2025-09-05,58577.0,0.0,0,Paid
8712,8712,1001,2025-09-11,91495.0,0.0,0,Paid
8713,8713,1020,2025-08-30,27063.0,0.0,0,Paid
8714,8714,1075,2025-09-06,80044.0,0.0,0,Paid
8715,8715,1005,2025-08-29,56609.0,0.0,0,Paid
8716,8716,1046,2025-09-20,95471.0,0.0,0,Paid
8717,8717,1044,2025-09-23,94289.0,0.0,0,Paid
8718,8718,1067,,0,149199.0,101,Open
8719,8719,1095,2025-09-01,166662.0,0.0,0,Paid
8720,8720,1106,2025-09-09,101949.0,0.0,0,Paid
8721,8721,1092,2025-09-12,32862.0,0.0,0,Paid
8722,8722,1088,2025-09-05,41559.0,0.0,0,Paid
8723,8723,1123,2025-09-03,38471.0,0.0,0,Paid
8724,8724,1052,2025-08-29,17412.0,0.0,0,Paid
8725,8725,1008,2025-09-02,26675.0,0.0,0,Paid
8726,8726,1105,2025-10-05,90339.0,0.0,0,Paid
8727,8727,1001,2025-08-29,22862.0,0.0,0,Paid
8728,8728,1059,2025-10-05,50061.0,0.0,0,Paid
8729,8729,1040,2025-09-08,141284.0,0.0,0,Paid
8730,8730,1056,2025-08-30,99192.0,0.0,0,Paid
8731,8731,1041,2025-09-09,103242.0,0.0,0,Paid
8732,8732,1011,2025-09-14,39590.0,0.0,0,Paid
8733,8733,1090,2025-09-23,37158.0,0.0,0,Paid
8734,8734,1069,2025-09-03,58082.0,0.0,0,Paid
8735,8735,1116,2025-09-19,27155.0,0.0,0,Paid
8736,8736,1093,2025-09-09,112521.0,0.0,0,Paid
8737,8737,1124,2025-09-08,16829.0,0.0,0,Paid
8738,8738,1007,2025-09-09,96609.0,0.0,0,Paid
8739,8739,1036,2025-09-21,48417.0,0.0,0,Paid
8740,8740,1078,2025-08-29,19849.0,0.0,0,Paid
8741,8741,1083,2025-08-30,55712.0,0.0,0,Paid
8742,8742,1040,2025-09-06,56805.0,0.0,0,Paid
8743,8743,1118,2025-08-15,35739.0,0.0,0,Paid
8744,8744,1110,2025-10-08,106036.0,0.0,0,Paid
8745,8745,1082,2025-09-08,147394.0,0.0,0,Paid
8746,8746,1112,2025-08-30,54796.0,0.0,0,Paid
8747,8747,1100,2025-08-16,145776.0,0.0,0,Paid
8748,8748,1085,2025-08-30,29965.0,0.0,0,Paid
8749,8749,1057,2025-09-21,40370.0,0.0,0,Paid
8750,8750,1032,2025-09-12,35283.0,0.0,0,Paid
8751,8751,1046,2025-09-03,35416.0,0.0,0,Paid
8752,8752,1100,2025-09-03,152372.0,0.0,0,Paid
8753,8753,1001,2025-09-02,73990.0,0.0,0,Paid
8754,8754,1073,2025-08-31,41565.0,0.0,0,Paid
8755,8755,1087,2025-09-22,54601.0,0.0,0,Paid
8756,8756,1015,,0,147521.0,130,Open
8757,8757,1008,2025-09-24,143161.0,0.0,0,Paid
8758,8758,1099,2025-09-05,54352.0,0.0,0,Paid
8759,8759,1043,2025-09-02,72041.0,0.0,0,Paid
8760,8760,1058,,0,25282.0,118,Open
8761,8761,1096,2025-09-26,90554.0,0.0,0,Paid
8762,8762,1016,2025-08-19,83899.0,0.0,0,Paid
8763,8763,1040,2025-10-09,20394.0,0.0,0,Paid
8764,8764,1011,2025-09-22,24814.0,0.0,0,Paid
8765,8765,1099,2025-08-28,15199.0,0.0,0,Paid
8766,8766,1008,2025-09-23,86728.0,0.0,0,Paid
8767,8767,1003,2025-09-20,18824.0,0.0,0,Paid
8768,8768,1028,2025-10-13,112842.0,0.0,0,Paid
8769,8769,1113,2025-09-05,35875.0,0.0,0,Paid
8770,8770,1020,2025-08-27,32209.0,0.0,0,Paid
8771,8771,1006,2025-09-24,60931.0,0.0,0,Paid
8772,8772,1109,2025-09-27,58448.0,0.0,0,Paid
8773,8773,1021,2025-08-31,47149.0,0.0,0,Paid
8774,8774,1080,2025-08-18,79283.0,0.0,0,Paid
8775,8775,1039,2025-08-26,59496.0,0.0,0,Paid
8776,8776,1104,2025-09-18,16394.0,0.0,0,Paid
8777,8777,1092,2025-08-17,91934.0,0.0,0,Paid
8778,8778,1104,2025-08-23,37461.0,0.0,0,Paid
8779,8779,1041,2025-09-07,35567.0,0.0,0,Paid
8780,8780,1119,2025-09-15,47198.0,0.0,0,Paid
8781,8781,1013,2025-09-07,67108.0,0.0,0,Paid
8782,8782,1124,2025-09-04,15819.0,0.0,0,Paid
8783,8783,1102,2025-09-09,102277.0,0.0,0,Paid
8784,8784,1043,2025-09-13,55904.0,0.0,0,Paid
8785,8785,1060,2025-09-22,145520.0,0.0,0,Paid
8786,8786,1103,2025-09-24,37319.0,0.0,0,Paid
8787,8787,1085,2025-09-04,16101.0,0.0,0,Paid
8788,8788,1106,2025-08-25,56924.0,0.0,0,Paid
8789,8789,1045,2025-09-03,92116.0,0.0,0,Paid
8790,8790,1066,2025-09-08,18480.0,0.0,0,Paid
8791,8791,1090,2025-08-30,38941.0,0.0,0,Paid
8792,8792,1107,2025-09-18,80527.0,0.0,0,Paid
8793,8793,1074,2025-10-19,165866.0,0.0,0,Paid
8794,8794,1119,,0,91217.0,101,Open
8795,8795,1051,2025-09-10,32390.0,0.0,0,Paid
8796,8796,1113,2025-10-05,117817.0,0.0,0,Paid
8797,8797,1027,2025-08-23,56381.0,0.0,0,Paid
8798,8798,1025,2025-09-16,25410.0,0.0,0,Paid
8799,8799,1033,2025-09-28,27649.0,0.0,0,Paid
8800,8800,1049,2025-08-21,26852.0,0.0,0,Paid
8801,8801,1125,,0,26680.0,132,Open
8802,8802,1071,,38146.0,65890.0,115,Open
8803,8803,1092,2025-10-02,76015.0,0.0,0,Paid
8804,8804,1058,2025-10-08,138501.0,0.0,0,Paid
8805,8805,1068,2025-08-23,29370.0,0.0,0,Paid
8806,8806,1020,2025-09-19,36737.0,0.0,0,Paid
8807,8807,1004,2025-09-12,30767.0,0.0,0,Paid
8808,8808,1062,2025-08-31,28971.0,0.0,0,Paid
8809,8809,1095,2025-09-17,19753.0,0.0,0,Paid
8810,8810,1094,2025-08-19,34519.0,0.0,0,Paid
8811,8811,1012,2025-09-17,33075.0,0.0,0,Paid
8812,8812,1011,2025-08-26,26328.0,0.0,0,Paid
8813,8813,1044,2025-09-15,20377.0,0.0,0,Paid
8814,8814,1099,2025-09-30,46434.0,0.0,0,Paid
8815,8815,1113,2025-10-01,91578.0,0.0,0,Paid
8816,8816,1098,2025-09-04,16307.0,0.0,0,Paid
8817,8817,1079,2025-09-23,19243.0,0.0,0,Paid
8818,8818,1101,2025-10-01,53175.0,0.0,0,Paid
8819,8819,1024,2025-09-21,83054.0,0.0,0,Paid
8820,8820,1108,2025-09-03,67281.0,0.0,0,Paid
8821,8821,1108,2025-10-08,47193.0,0.0,0,Paid
8822,8822,1113,2025-08-31,41768.0,0.0,0,Paid
8823,8823,1122,2025-09-15,38069.0,0.0,0,Paid
8824,8824,1026,2025-09-02,60864.0,0.0,0,Paid
8825,8825,1015,2025-09-01,37063.0,0.0,0,Paid
8826,8826,1016,2025-09-01,18897.0,0.0,0,Paid
8827,8827,1112,,0,18694.0,132,Open
8828,8828,1108,2025-08-31,18128.0,0.0,0,Paid
8829,8829,1078,2025-09-30,120950.0,0.0,0,Paid
8830,8830,1005,,0,21844.0,117,Open
8831,8831,1071,2025-10-02,51124.0,0.0,0,Paid
8832,8832,1111,2025-09-27,39235.0,0.0,0,Paid
8833,8833,1097,2025-09-07,39318.0,0.0,0,Paid
8834,8834,1066,2025-09-29,46299.0,0.0,0,Paid
8835,8835,1059,2025-08-28,38317.0,0.0,0,Paid
8836,8836,1023,2025-09-30,30372.0,0.0,0,Paid
8837,8837,1121,2025-09-07,18878.0,0.0,0,Paid
8838,8838,1009,2025-09-15,27210.0,0.0,0,Paid
8839,8839,1076,2025-09-21,36041.0,0.0,0,Paid
8840,8840,1121,2025-09-10,35047.0,0.0,0,Paid
8841,8841,1085,2025-08-17,41322.0,0.0,0,Paid
8842,8842,1009,2025-09-01,55832.0,0.0,0,Paid
8843,8843,1024,2025-09-14,35215.0,0.0,0,Paid
8844,8844,1107,2025-09-12,134848.0,0.0,0,Paid
8845,8845,1058,,42058.0,97317.0,115,Open
8846,8846,1085,2025-09-15,52468.0,0.0,0,Paid
8847,8847,1117,2025-08-31,52356.0,0.0,0,Paid
8848,8848,1016,2025-09-09,44703.0,0.0,0,Paid
8849,8849,1091,2025-10-21,123079.0,0.0,0,Paid
8850,8850,1004,2025-09-14,58109.0,0.0,0,Paid
8851,8851,1077,2025-08-30,35700.0,0.0,0,Paid
8852,8852,1070,2025-09-07,56571.0,0.0,0,Paid
8853,8853,1064,2025-09-04,17264.0,0.0,0,Paid
8854,8854,1091,2025-09-25,93996.0,0.0,0,Paid
8855,8855,1069,2025-09-07,27251.0,0.0,0,Paid
8856,8856,1055,2025-09-24,28090.0,0.0,0,Paid
8857,8857,1124,2025-09-11,40642.0,0.0,0,Paid
8858,8858,1115,2025-09-16,42854.0,0.0,0,Paid
8859,8859,1088,2025-09-22,112425.0,0.0,0,Paid
8860,8860,1001,2025-08-23,39275.0,0.0,0,Paid
8861,8861,1067,,0,84233.0,128,Open
8862,8862,1087,2025-09-18,25545.0,0.0,0,Paid
8863,8863,1090,2025-09-04,34329.0,0.0,0,Paid
8864,8864,1001,2025-08-25,33689.0,0.0,0,Paid
8865,8865,1111,2025-09-08,22670.0,0.0,0,Paid
8866,8866,1078,,0,39825.0,100,Open
8867,8867,1060,2025-09-22,50417.0,0.0,0,Paid
8868,8868,1035,2025-09-28,34735.0,0.0,0,Paid
8869,8869,1047,2025-09-03,88305.0,0.0,0,Paid
8870,8870,1018,2025-09-09,35458.0,0.0,0,Paid
8871,8871,1018,,0,114281.0,99,Open
8872,8872,1090,2025-08-30,86728.0,0.0,0,Paid
8873,8873,1055,2025-08-29,26520.0,0.0,0,Paid
8874,8874,1047,2025-10-06,27509.0,0.0,0,Paid
8875,8875,1012,2025-10-14,26694.0,0.0,0,Paid
8876,8876,1041,2025-08-28,38213.0,0.0,0,Paid
8877,8877,1124,2025-09-16,28333.0,0.0,0,Paid
8878,8878,1070,2025-09-05,104719.0,0.0,0,Paid
8879,8879,1120,2025-09-11,56843.0,0.0,0,Paid
8880,8880,1028,2025-09-10,34435.0,0.0,0,Paid
8881,8881,1020,,0,28238.0,116,Open
8882,8882,1031,2025-09-03,73407.0,0.0,0,Paid
8883,8883,1062,2025-09-17,15813.0,0.0,0,Paid
8884,8884,1056,2025-09-08,178765.0,0.0,0,Paid
8885,8885,1054,2025-09-15,20492.0,0.0,0,Paid
8886,8886,1042,2025-09-18,119538.0,0.0,0,Paid
8887,8887,1115,2025-09-11,26756.0,0.0,0,Paid
8888,8888,1021,2025-09-15,33164.0,0.0,0,Paid
8889,8889,1074,2025-08-19,25775.0,0.0,0,Paid
8890,8890,1099,,0,60316.0,99,Open
8891,8891,1060,2025-09-16,48776.0,0.0,0,Paid
8892,8892,1048,2025-09-25,63921.0,0.0,0,Paid
8893,8893,1120,2025-09-01,15621.0,0.0,0,Paid
8894,8894,1059,2025-08-22,29577.0,0.0,0,Paid
8895,8895,1121,2025-08-27,18655.0,0.0,0,Paid
8896,8896,1107,,0,17670.0,131,Open
8897,8897,1062,2025-08-23,40937.0,0.0,0,Paid
8898,8898,1054,2025-09-06,91531.0,0.0,0,Paid
8899,8899,1057,2025-10-12,38776.0,0.0,0,Paid
8900,8900,1089,2025-09-09,68180.0,0.0,0,Paid
8901,8901,1070,2025-09-20,36757.0,0.0,0,Paid
8902,8902,1084,2025-08-23,75581.0,0.0,0,Paid
8903,8903,1079,2025-10-13,42571.0,0.0,0,Paid
8904,8904,1098,2025-08-27,52562.0,0.0,0,Paid
8905,8905,1104,2025-10-18,64450.0,0.0,0,Paid
8906,8906,1022,2025-09-09,21129.0,0.0,0,Paid
8907,8907,1027,2025-10-21,35101.0,0.0,0,Paid
8908,8908,1017,,0,139636.0,113,Open
8909,8909,1027,2025-09-13,70645.0,0.0,0,Paid
8910,8910,1118,2025-09-08,60446.0,0.0,0,Paid
8911,8911,1026,2025-09-02,55156.0,0.0,0,Paid
8912,8912,1068,2025-10-06,29627.0,0.0,0,Paid
8913,8913,1010,2025-09-08,52813.0,0.0,0,Paid
8914,8914,1089,2025-09-10,97904.0,0.0,0,Paid
8915,8915,1102,2025-09-11,34028.0,0.0,0,Paid
8916,8916,1047,2025-08-30,141016.0,0.0,0,Paid
8917,8917,1097,2025-09-12,15311.0,0.0,0,Paid
8918,8918,1039,2025-08-31,18386.0,0.0,0,Paid
8919,8919,1068,,0,16400.0,115,Open
8920,8920,1071,2025-09-08,59379.0,0.0,0,Paid
8921,8921,1050,2025-10-05,109599.0,0.0,0,Paid
8922,8922,1037,2025-10-19,52218.0,0.0,0,Paid
8923,8923,1091,2025-09-05,25149.0,0.0,0,Paid
8924,8924,1043,2025-08-18,15643.0,0.0,0,Paid
8925,8925,1101,,0,101232.0,113,Open
8926,8926,1026,2025-09-02,26931.0,0.0,0,Paid
8927,8927,1064,2025-09-10,80358.0,0.0,0,Paid
8928,8928,1100,2025-09-23,133521.0,0.0,0,Paid
8929,8929,1119,2025-09-13,97912.0,0.0,0,Paid
8930,8930,1006,2025-08-24,83662.0,0.0,0,Paid
8931,8931,1063,2025-08-22,198792.0,0.0,0,Paid
8932,8932,1072,2025-09-01,51071.0,0.0,0,Paid
8933,8933,1104,2025-09-04,55734.0,0.0,0,Paid
8934,8934,1123,2025-09-07,83874.0,0.0,0,Paid
8935,8935,1124,2025-08-18,25178.0,0.0,0,Paid
8936,8936,1017,2025-09-03,38047.0,0.0,0,Paid
8937,8937,1068,2025-09-02,27123.0,0.0,0,Paid
8938,8938,1018,2025-08-20,62068.0,0.0,0,Paid
8939,8939,1012,2025-09-14,30148.0,0.0,0,Paid
8940,8940,1004,2025-09-05,71887.0,0.0,0,Paid
8941,8941,1111,2025-09-30,39230.0,0.0,0,Paid
8942,8942,1074,2025-09-27,69102.0,0.0,0,Paid
8943,8943,1125,,6166.0,10163.0,115,Open
8944,8944,1009,2025-09-11,42520.0,0.0,0,Paid
8945,8945,1025,2025-09-05,70076.0,0.0,0,Paid
8946,8946,1004,2025-09-26,26023.0,0.0,0,Paid
8947,8947,1040,2025-09-25,115882.0,0.0,0,Paid
8948,8948,1050,2025-09-06,58791.0,0.0,0,Paid
8949,8949,1060,2025-09-06,28976.0,0.0,0,Paid
8950,8950,1081,2025-08-23,100901.0,0.0,0,Paid
8951,8951,1056,2025-09-04,50403.0,0.0,0,Paid
8952,8952,1114,,32394.0,63888.0,126,Open
8953,8953,1052,2025-10-07,38892.0,0.0,0,Paid
8954,8954,1009,2025-09-04,59309.0,0.0,0,Paid
8955,8955,1032,2025-09-13,50431.0,0.0,0,Paid
8956,8956,1104,2025-09-24,71907.0,0.0,0,Paid
8957,8957,1051,2025-09-08,26345.0,0.0,0,Paid
8958,8958,1076,2025-09-13,17766.0,0.0,0,Paid
8959,8959,1012,2025-09-17,170558.0,0.0,0,Paid
8960,8960,1088,2025-09-28,28399.0,0.0,0,Paid
8961,8961,1029,2025-08-24,22287.0,0.0,0,Paid
8962,8962,1062,2025-09-17,55800.0,0.0,0,Paid
8963,8963,1090,2025-09-11,16320.0,0.0,0,Paid
8964,8964,1051,2025-09-18,65434.0,0.0,0,Paid
8965,8965,1067,2025-09-21,38746.0,0.0,0,Paid
8966,8966,1001,,8905.0,9687.0,129,Open
8967,8967,1048,,0,108005.0,127,Open
8968,8968,1093,2025-09-12,82795.0,0.0,0,Paid
8969,8969,1013,2025-09-04,25867.0,0.0,0,Paid
8970,8970,1003,2025-10-12,83418.0,0.0,0,Paid
8971,8971,1067,2025-10-17,19408.0,0.0,0,Paid
8972,8972,1003,2025-09-16,51966.0,0.0,0,Paid
8973,8973,1044,2025-09-18,47355.0,0.0,0,Paid
8974,8974,1021,2025-09-03,103797.0,0.0,0,Paid
8975,8975,1052,2025-09-11,70202.0,0.0,0,Paid
8976,8976,1019,2025-09-25,41101.0,0.0,0,Paid
8977,8977,1078,2025-09-04,114483.0,0.0,0,Paid
8978,8978,1096,2025-09-03,28755.0,0.0,0,Paid
8979,8979,1002,2025-09-07,55696.0,0.0,0,Paid
8980,8980,1122,2025-10-05,17526.0,0.0,0,Paid
8981,8981,1087,2025-09-04,59847.0,0.0,0,Paid
8982,8982,1038,2025-10-27,17447.0,0.0,0,Paid
8983,8983,1061,2025-09-30,21177.0,0.0,0,Paid
8984,8984,1121,2025-09-06,64184.0,0.0,0,Paid
8985,8985,1002,2025-09-03,17177.0,0.0,0,Paid
8986,8986,1081,2025-10-04,186873.0,0.0,0,Paid
8987,8987,1026,2025-10-04,23192.0,0.0,0,Paid
8988,8988,1018,2025-10-05,71735.0,0.0,0,Paid
8989,8989,1005,2025-09-02,147004.0,0.0,0,Paid
8990,8990,1121,2025-09-14,76748.0,0.0,0,Paid
8991,8991,1086,2025-09-03,22365.0,0.0,0,Paid
8992,8992,1054,2025-09-27,19168.0,0.0,0,Paid
8993,8993,1023,2025-08-31,17250.0,0.0,0,Paid
8994,8994,1026,2025-09-03,18237.0,0.0,0,Paid
8995,8995,1024,2025-09-05,27759.0,0.0,0,Paid
8996,8996,1119,2025-09-04,117821.0,0.0,0,Paid
8997,8997,1058,2025-09-04,38473.0,0.0,0,Paid
8998,8998,1058,2025-09-09,50379.0,0.0,0,Paid
8999,8999,1079,2025-10-04,16611.0,0.0,0,Paid
9000,9000,1098,2025-10-04,58357.0,0.0,0,Paid
9001,9001,1055,2025-09-13,73386.0,0.0,0,Paid
9002,9002,1101,2025-09-02,159042.0,0.0,0,Paid
9003,9003,1093,2025-09-28,102884.0,0.0,0,Paid
9004,9004,1046,2025-09-26,76664.0,0.0,0,Paid
9005,9005,1034,2025-09-20,22310.0,0.0,0,Paid
9006,9006,1121,2025-09-30,30574.0,0.0,0,Paid
9007,9007,1074,2025-09-25,39536.0,0.0,0,Paid
9008,9008,1114,2025-09-19,27525.0,0.0,0,Paid
9009,9009,1067,2025-09-10,35903.0,0.0,0,Paid
9010,9010,1110,2025-09-15,17182.0,0.0,0,Paid
9011,9011,1032,2025-09-11,63749.0,0.0,0,Paid
9012,9012,1107,2025-08-23,73327.0,0.0,0,Paid
9013,9013,1111,2025-09-18,48825.0,0.0,0,Paid
9014,9014,1110,2025-09-11,128944.0,0.0,0,Paid
9015,9015,1006,2025-10-04,37785.0,0.0,0,Paid
9016,9016,1002,2025-09-20,37021.0,0.0,0,Paid
9017,9017,1030,2025-08-30,56995.0,0.0,0,Paid
9018,9018,1060,2025-09-06,49053.0,0.0,0,Paid
9019,9019,1112,2025-10-03,76434.0,0.0,0,Paid
9020,9020,1063,2025-09-25,71878.0,0.0,0,Paid
9021,9021,1046,2025-09-05,66841.0,0.0,0,Paid
9022,9022,1036,2025-09-29,31485.0,0.0,0,Paid
9023,9023,1015,2025-10-15,44020.0,0.0,0,Paid
9024,9024,1083,2025-09-06,32419.0,0.0,0,Paid
9025,9025,1082,2025-09-10,18750.0,0.0,0,Paid
9026,9026,1118,2025-09-22,52504.0,0.0,0,Paid
9027,9027,1095,2025-09-08,19054.0,0.0,0,Paid
9028,9028,1030,2025-10-07,20295.0,0.0,0,Paid
9029,9029,1082,,0,26454.0,98,Open
9030,9030,1042,2025-09-05,55212.0,0.0,0,Paid
9031,9031,1034,2025-08-24,151125.0,0.0,0,Paid
9032,9032,1084,2025-09-14,20202.0,0.0,0,Paid
9033,9033,1065,2025-09-04,35351.0,0.0,0,Paid
9034,9034,1005,2025-08-29,49556.0,0.0,0,Paid
9035,9035,1075,2025-09-07,91464.0,0.0,0,Paid
9036,9036,1055,2025-10-04,59998.0,0.0,0,Paid
9037,9037,1028,2025-09-13,61550.0,0.0,0,Paid
9038,9038,1034,2025-08-29,43422.0,0.0,0,Paid
9039,9039,1087,2025-09-16,19507.0,0.0,0,Paid
9040,9040,1009,2025-10-05,26309.0,0.0,0,Paid
9041,9041,1119,,0,98976.0,94,Open
9042,9042,1102,2025-09-10,36322.0,0.0,0,Paid
9043,9043,1036,2025-09-10,75021.0,0.0,0,Paid
9044,9044,1058,2025-09-10,53193.0,0.0,0,Paid
9045,9045,1013,2025-09-06,178017.0,0.0,0,Paid
9046,9046,1061,2025-09-08,94095.0,0.0,0,Paid
9047,9047,1083,2025-09-15,26576.0,0.0,0,Paid
9048,9048,1071,2025-09-26,55174.0,0.0,0,Paid
9049,9049,1114,2025-10-03,56898.0,0.0,0,Paid
9050,9050,1114,2025-09-08,28701.0,0.0,0,Paid
9051,9051,1097,2025-09-01,95792.0,0.0,0,Paid
9052,9052,1052,2025-09-05,34476.0,0.0,0,Paid
9053,9053,1027,2025-08-26,50271.0,0.0,0,Paid
9054,9054,1104,2025-09-11,36219.0,0.0,0,Paid
9055,9055,1073,2025-09-05,26781.0,0.0,0,Paid
9056,9056,1058,2025-08-31,19055.0,0.0,0,Paid
9057,9057,1001,2025-09-14,117638.0,0.0,0,Paid
9058,9058,1100,,0,22296.0,112,Open
9059,9059,1011,2025-09-22,79106.0,0.0,0,Paid
9060,9060,1024,2025-09-05,40052.0,0.0,0,Paid
9061,9061,1027,2025-09-22,23692.0,0.0,0,Paid
9062,9062,1017,2025-09-19,165680.0,0.0,0,Paid
9063,9063,1072,2025-09-03,33253.0,0.0,0,Paid
9064,9064,1075,2025-10-06,16906.0,0.0,0,Paid
9065,9065,1026,2025-09-20,55879.0,0.0,0,Paid
9066,9066,1031,2025-09-29,18234.0,0.0,0,Paid
9067,9067,1052,2025-09-05,17979.0,0.0,0,Paid
9068,9068,1002,2025-09-07,41575.0,0.0,0,Paid
9069,9069,1001,2025-10-12,38472.0,0.0,0,Paid
9070,9070,1054,2025-09-24,21656.0,0.0,0,Paid
9071,9071,1082,2025-10-08,25105.0,0.0,0,Paid
9072,9072,1082,2025-11-21,36596.0,0.0,0,Paid
9073,9073,1124,,0,103338.0,94,Open
9074,9074,1123,2025-09-09,29444.0,0.0,0,Paid
9075,9075,1106,2025-09-19,26200.0,0.0,0,Paid
9076,9076,1032,2025-10-04,98761.0,0.0,0,Paid
9077,9077,1066,2025-09-13,117000.0,0.0,0,Paid
9078,9078,1056,2025-09-18,85901.0,0.0,0,Paid
9079,9079,1007,2025-09-24,146557.0,0.0,0,Paid
9080,9080,1009,2025-09-15,88222.0,0.0,0,Paid
9081,9081,1010,2025-09-29,29105.0,0.0,0,Paid
9082,9082,1033,2025-08-30,88028.0,0.0,0,Paid
9083,9083,1072,,0,17029.0,97,Open
9084,9084,1058,2025-09-18,33715.0,0.0,0,Paid
9085,9085,1125,2025-09-01,18744.0,0.0,0,Paid
9086,9086,1029,2025-09-19,70428.0,0.0,0,Paid
9087,9087,1054,2025-10-13,43895.0,0.0,0,Paid
9088,9088,1088,2025-10-19,34153.0,0.0,0,Paid
9089,9089,1007,2025-09-24,16540.0,0.0,0,Paid
9090,9090,1090,2025-10-10,52772.0,0.0,0,Paid
9091,9091,1120,2025-09-05,44013.0,0.0,0,Paid
9092,9092,1107,2025-09-21,71345.0,0.0,0,Paid
9093,9093,1029,2025-09-16,106178.0,0.0,0,Paid
9094,9094,1114,2025-09-09,36440.0,0.0,0,Paid
9095,9095,1030,,0,48678.0,111,Open
9096,9096,1103,,20914.0,21219.0,111,Open
9097,9097,1116,2025-10-10,74965.0,0.0,0,Paid
9098,9098,1049,2025-10-04,59253.0,0.0,0,Paid
9099,9099,1109,2025-09-22,21395.0,0.0,0,Paid
9100,9100,1023,2025-09-12,43932.0,0.0,0,Paid
9101,9101,1070,2025-09-08,87705.0,0.0,0,Paid
9102,9102,1057,2025-09-07,135313.0,0.0,0,Paid
9103,9103,1038,2025-09-07,20441.0,0.0,0,Paid
9104,9104,1039,2025-09-23,59597.0,0.0,0,Paid
9105,9105,1056,2025-09-15,15529.0,0.0,0,Paid
9106,9106,1041,,0,77632.0,109,Open
9107,9107,1110,,0,33979.0,111,Open
9108,9108,1109,,0,70095.0,109,Open
9109,9109,1027,2025-09-29,49524.0,0.0,0,Paid
9110,9110,1102,2025-09-20,28848.0,0.0,0,Paid
9111,9111,1006,2025-09-06,19625.0,0.0,0,Paid
9112,9112,1039,2025-10-10,73272.0,0.0,0,Paid
9113,9113,1010,2025-09-16,28213.0,0.0,0,Paid
9114,9114,1101,,0,114428.0,109,Open
9115,9115,1041,2025-09-19,15264.0,0.0,0,Paid
9116,9116,1007,2025-08-30,38895.0,0.0,0,Paid
9117,9117,1056,2025-08-22,28825.0,0.0,0,Paid
9118,9118,1009,2025-09-19,130208.0,0.0,0,Paid
9119,9119,1049,2025-10-07,28556.0,0.0,0,Paid
9120,9120,1077,2025-09-26,57313.0,0.0,0,Paid
9121,9121,1038,2025-09-07,39911.0,0.0,0,Paid
9122,9122,1125,2025-09-11,62248.0,0.0,0,Paid
9123,9123,1047,2025-10-01,30180.0,0.0,0,Paid
9124,9124,1024,2025-09-09,63606.0,0.0,0,Paid
9125,9125,1068,,0,45325.0,95,Open
9126,9126,1076,2025-08-26,75635.0,0.0,0,Paid
9127,9127,1101,2025-09-16,45353.0,0.0,0,Paid
9128,9128,1067,2025-08-25,106248.0,0.0,0,Paid
9129,9129,1003,2025-09-06,26331.0,0.0,0,Paid
9130,9130,1014,2025-10-31,85174.0,0.0,0,Paid
9131,9131,1073,,0,57031.0,109,Open
9132,9132,1096,2025-09-24,138274.0,0.0,0,Paid
9133,9133,1083,2025-08-22,39052.0,0.0,0,Paid
9134,9134,1102,,0,25579.0,111,Open
9135,9135,1043,2025-10-13,102937.0,0.0,0,Paid
9136,9136,1044,2025-10-02,95786.0,0.0,0,Paid
9137,9137,1072,2025-09-28,56785.0,0.0,0,Paid
9138,9138,1045,,0,91538.0,108,Open
9139,9139,1090,2025-09-28,28777.0,0.0,0,Paid
9140,9140,1031,,33296.0,25870.0,124,Open
9141,9141,1063,2025-09-18,36750.0,0.0,0,Paid
9142,9142,1093,,0,74583.0,109,Open
9143,9143,1062,2025-09-20,31354.0,0.0,0,Paid
9144,9144,1075,2025-09-06,15835.0,0.0,0,Paid
9145,9145,1078,2025-09-12,117864.0,0.0,0,Paid
9146,9146,1114,2025-09-21,17807.0,0.0,0,Paid
9147,9147,1119,2025-10-20,112246.0,0.0,0,Paid
9148,9148,1123,2025-08-30,21864.0,0.0,0,Paid
9149,9149,1035,2025-10-20,58236.0,0.0,0,Paid
9150,9150,1078,2025-09-21,47804.0,0.0,0,Paid
9151,9151,1011,2025-09-01,69418.0,0.0,0,Paid
9152,9152,1031,2025-09-08,41876.0,0.0,0,Paid
9153,9153,1088,2025-09-07,18035.0,0.0,0,Paid
9154,9154,1024,2025-09-08,16122.0,0.0,0,Paid
9155,9155,1062,2025-09-17,37518.0,0.0,0,Paid
9156,9156,1033,2025-09-20,33591.0,0.0,0,Paid
9157,9157,1041,2025-09-11,35637.0,0.0,0,Paid
9158,9158,1016,2025-09-15,152929.0,0.0,0,Paid
9159,9159,1072,2025-10-05,77972.0,0.0,0,Paid
9160,9160,1067,2025-09-11,35249.0,0.0,0,Paid
9161,9161,1083,2025-09-12,78797.0,0.0,0,Paid
9162,9162,1115,2025-09-15,34884.0,0.0,0,Paid
9163,9163,1028,2025-08-30,50739.0,0.0,0,Paid
9164,9164,1042,2025-09-03,81603.0,0.0,0,Paid
9165,9165,1062,2025-08-31,91892.0,0.0,0,Paid
9166,9166,1051,2025-09-29,24990.0,0.0,0,Paid
9167,9167,1052,2025-09-18,43082.0,0.0,0,Paid
9168,9168,1098,,0,38029.0,109,Open
9169,9169,1072,2025-09-08,70806.0,0.0,0,Paid
9170,9170,1002,2025-09-19,57055.0,0.0,0,Paid
9171,9171,1079,2025-08-28,36204.0,0.0,0,Paid
9172,9172,1052,,10425.0,16765.0,125,Open
9173,9173,1041,2025-09-20,49051.0,0.0,0,Paid
9174,9174,1103,,12241.0,5816.0,110,Open
9175,9175,1014,2025-09-19,18262.0,0.0,0,Paid
9176,9176,1070,2025-09-10,52725.0,0.0,0,Paid
9177,9177,1115,2025-09-28,83386.0,0.0,0,Paid
9178,9178,1118,2025-10-02,35616.0,0.0,0,Paid
9179,9179,1050,2025-09-30,57352.0,0.0,0,Paid
9180,9180,1068,,0,20167.0,125,Open
9181,9181,1113,,20440.0,23775.0,109,Open
9182,9182,1018,2025-09-08,19345.0,0.0,0,Paid
9183,9183,1082,2025-10-07,51977.0,0.0,0,Paid
9184,9184,1103,2025-11-03,33345.0,0.0,0,Paid
9185,9185,1023,2025-10-20,36479.0,0.0,0,Paid
9186,9186,1108,2025-09-08,69026.0,0.0,0,Paid
9187,9187,1056,2025-09-15,116998.0,0.0,0,Paid
9188,9188,1003,,0,91685.0,109,Open
9189,9189,1011,2025-09-17,13988.0,0.0,0,Paid
9190,9190,1023,2025-10-06,64490.0,0.0,0,Paid
9191,9191,1054,2025-09-20,109773.0,0.0,0,Paid
9192,9192,1040,2025-09-22,16223.0,0.0,0,Paid
9193,9193,1024,2025-09-14,54744.0,0.0,0,Paid
9194,9194,1033,2025-09-23,59669.0,0.0,0,Paid
9195,9195,1096,2025-09-19,58266.0,0.0,0,Paid
9196,9196,1029,2025-09-14,54940.0,0.0,0,Paid
9197,9197,1056,2025-08-30,49044.0,0.0,0,Paid
9198,9198,1066,2025-10-03,50893.0,0.0,0,Paid
9199,9199,1078,2025-10-10,70359.0,0.0,0,Paid
9200,9200,1113,2025-09-28,17857.0,0.0,0,Paid
9201,9201,1081,2025-09-02,47587.0,0.0,0,Paid
9202,9202,1055,,0,97047.0,107,Open
9203,9203,1066,2025-09-07,96223.0,0.0,0,Paid
9204,9204,1092,2025-10-06,57963.0,0.0,0,Paid
9205,9205,1095,2025-09-08,16993.0,0.0,0,Paid
9206,9206,1112,2025-10-07,73401.0,0.0,0,Paid
9207,9207,1069,,0,29992.0,109,Open
9208,9208,1041,2025-09-08,39930.0,0.0,0,Paid
9209,9209,1017,2025-10-11,48152.0,0.0,0,Paid
9210,9210,1080,2025-09-19,36915.0,0.0,0,Paid
9211,9211,1059,2025-09-22,105283.0,0.0,0,Paid
9212,9212,1041,2025-10-05,38844.0,0.0,0,Paid
9213,9213,1098,2025-09-03,50887.0,0.0,0,Paid
9214,9214,1089,2025-09-23,28872.0,0.0,0,Paid
9215,9215,1022,2025-09-04,45612.0,0.0,0,Paid
9216,9216,1007,2025-10-03,114710.0,0.0,0,Paid
9217,9217,1113,2025-09-27,70423.0,0.0,0,Paid
9218,9218,1035,2025-09-15,125953.0,0.0,0,Paid
9219,9219,1024,2025-10-03,79287.0,0.0,0,Paid
9220,9220,1047,,0,29746.0,109,Open
9221,9221,1119,2025-09-10,56240.0,0.0,0,Paid
9222,9222,1048,,33191.0,15979.0,108,Open
9223,9223,1070,2025-09-25,18929.0,0.0,0,Paid
9224,9224,1099,2025-09-25,67301.0,0.0,0,Paid
9225,9225,1045,2025-08-29,18634.0,0.0,0,Paid
9226,9226,1068,,0,37479.0,108,Open
9227,9227,1110,,37542.0,63664.0,107,Open
9228,9228,1066,2025-09-21,63848.0,0.0,0,Paid
9229,9229,1088,2025-09-17,44520.0,0.0,0,Paid
9230,9230,1076,2025-09-30,73184.0,0.0,0,Paid
9231,9231,1097,2025-08-28,94734.0,0.0,0,Paid
9232,9232,1112,2025-09-27,120475.0,0.0,0,Paid
9233,9233,1049,2025-09-20,60882.0,0.0,0,Paid
9234,9234,1069,2025-09-08,28492.0,0.0,0,Paid
9235,9235,1058,,57170.0,49662.0,108,Open
9236,9236,1005,2025-10-03,47590.0,0.0,0,Paid
9237,9237,1017,2025-09-17,93766.0,0.0,0,Paid
9238,9238,1037,2025-08-30,43171.0,0.0,0,Paid
9239,9239,1034,2025-09-14,17408.0,0.0,0,Paid
9240,9240,1020,2025-09-28,35250.0,0.0,0,Paid
9241,9241,1100,2025-09-04,59261.0,0.0,0,Paid
9242,9242,1117,2025-09-27,56382.0,0.0,0,Paid
9243,9243,1016,2025-09-09,62306.0,0.0,0,Paid
9244,9244,1079,2025-09-18,16781.0,0.0,0,Paid
9245,9245,1080,2025-09-06,61433.0,0.0,0,Paid
9246,9246,1100,2025-10-14,36633.0,0.0,0,Paid
9247,9247,1062,2025-10-05,88906.0,0.0,0,Paid
9248,9248,1044,2025-10-02,24783.0,0.0,0,Paid
9249,9249,1123,2025-10-22,18125.0,0.0,0,Paid
9250,9250,1002,2025-09-08,117540.0,0.0,0,Paid
9251,9251,1023,2025-09-11,26566.0,0.0,0,Paid
9252,9252,1006,2025-09-12,18206.0,0.0,0,Paid
9253,9253,1049,2025-09-18,90476.0,0.0,0,Paid
9254,9254,1071,2025-09-21,25194.0,0.0,0,Paid
9255,9255,1051,2025-09-11,60948.0,0.0,0,Paid
9256,9256,1039,2025-09-09,24212.0,0.0,0,Paid
9257,9257,1007,2025-09-29,54424.0,0.0,0,Paid
9258,9258,1083,2025-10-06,45988.0,0.0,0,Paid
9259,9259,1033,2025-10-16,84291.0,0.0,0,Paid
9260,9260,1021,2025-09-14,17350.0,0.0,0,Paid
9261,9261,1107,2025-09-13,42649.0,0.0,0,Paid
9262,9262,1013,2025-09-19,28689.0,0.0,0,Paid
9263,9263,1087,2025-09-20,53414.0,0.0,0,Paid
9264,9264,1059,2025-10-18,19871.0,0.0,0,Paid
9265,9265,1052,2025-09-25,53842.0,0.0,0,Paid
9266,9266,1076,2025-09-28,113344.0,0.0,0,Paid
9267,9267,1107,2025-09-14,118577.0,0.0,0,Paid
9268,9268,1092,,0,109081.0,121,Open
9269,9269,1037,2025-09-11,77314.0,0.0,0,Paid
9270,9270,1028,2025-09-25,109040.0,0.0,0,Paid
9271,9271,1113,,0,92577.0,122,Open
9272,9272,1023,2025-09-22,19067.0,0.0,0,Paid
9273,9273,1099,2025-09-22,38693.0,0.0,0,Paid
9274,9274,1026,2025-09-14,20716.0,0.0,0,Paid
9275,9275,1122,2025-10-03,146691.0,0.0,0,Paid
9276,9276,1014,2025-08-26,41875.0,0.0,0,Paid
9277,9277,1108,2025-09-21,50847.0,0.0,0,Paid
9278,9278,1103,2025-10-02,87508.0,0.0,0,Paid
9279,9279,1070,2025-09-13,163276.0,0.0,0,Paid
9280,9280,1118,2025-09-07,22588.0,0.0,0,Paid
9281,9281,1069,2025-10-06,72188.0,0.0,0,Paid
9282,9282,1089,2025-09-12,60895.0,0.0,0,Paid
9283,9283,1113,2025-09-26,20283.0,0.0,0,Paid
9284,9284,1107,2025-08-26,35843.0,0.0,0,Paid
9285,9285,1090,2025-09-20,206668.0,0.0,0,Paid
9286,9286,1116,2025-10-09,19627.0,0.0,0,Paid
9287,9287,1055,2025-10-10,86223.0,0.0,0,Paid
9288,9288,1043,2025-09-27,139334.0,0.0,0,Paid
9289,9289,1002,2025-09-30,36100.0,0.0,0,Paid
9290,9290,1053,2025-09-21,18830.0,0.0,0,Paid
9291,9291,1038,2025-08-31,56712.0,0.0,0,Paid
9292,9292,1108,,0,16363.0,123,Open
9293,9293,1024,2025-10-05,38737.0,0.0,0,Paid
9294,9294,1049,2025-09-25,18764.0,0.0,0,Paid
9295,9295,1097,2025-09-17,72089.0,0.0,0,Paid
9296,9296,1050,2025-08-30,57363.0,0.0,0,Paid
9297,9297,1032,2025-09-11,61377.0,0.0,0,Paid
9298,9298,1034,2025-09-16,89511.0,0.0,0,Paid
9299,9299,1087,2025-09-23,26435.0,0.0,0,Paid
9300,9300,1080,2025-09-09,32405.0,0.0,0,Paid
9301,9301,1095,2025-09-20,47887.0,0.0,0,Paid
9302,9302,1044,,0,15308.0,107,Open
9303,9303,1047,2025-09-19,50611.0,0.0,0,Paid
9304,9304,1110,2025-09-26,47346.0,0.0,0,Paid
9305,9305,1038,2025-09-13,56466.0,0.0,0,Paid
9306,9306,1125,2025-08-26,18143.0,0.0,0,Paid
9307,9307,1071,,0,109657.0,105,Open
9308,9308,1007,2025-10-09,52680.0,0.0,0,Paid
9309,9309,1125,2025-09-27,81035.0,0.0,0,Paid
9310,9310,1034,2025-09-27,85462.0,0.0,0,Paid
9311,9311,1053,2025-10-13,41340.0,0.0,0,Paid
9312,9312,1057,2025-09-18,43517.0,0.0,0,Paid
9313,9313,1032,2025-08-29,106102.0,0.0,0,Paid
9314,9314,1060,2025-09-14,17566.0,0.0,0,Paid
9315,9315,1096,2025-10-19,18889.0,0.0,0,Paid
9316,9316,1082,2025-09-12,16400.0,0.0,0,Paid
9317,9317,1039,2025-10-06,34384.0,0.0,0,Paid
9318,9318,1043,2025-08-26,25639.0,0.0,0,Paid
9319,9319,1076,,0,47942.0,120,Open
9320,9320,1057,2025-09-21,19795.0,0.0,0,Paid
9321,9321,1119,2025-09-24,15743.0,0.0,0,Paid
9322,9322,1117,2025-09-16,37423.0,0.0,0,Paid
9323,9323,1001,2025-10-31,79884.0,0.0,0,Paid
9324,9324,1118,2025-09-18,17598.0,0.0,0,Paid
9325,9325,1109,2025-09-28,78039.0,0.0,0,Paid
9326,9326,1121,2025-09-30,21946.0,0.0,0,Paid
9327,9327,1062,2025-09-19,58802.0,0.0,0,Paid
9328,9328,1071,2025-08-30,39843.0,0.0,0,Paid
9329,9329,1092,2025-10-25,16201.0,0.0,0,Paid
9330,9330,1034,2025-09-16,23088.0,0.0,0,Paid
9331,9331,1063,2025-09-13,84388.0,0.0,0,Paid
9332,9332,1086,2025-09-10,19369.0,0.0,0,Paid
9333,9333,1064,2025-10-02,18030.0,0.0,0,Paid
9334,9334,1118,2025-09-20,27448.0,0.0,0,Paid
9335,9335,1103,2025-09-21,37872.0,0.0,0,Paid
9336,9336,1002,,0,56192.0,105,Open
9337,9337,1090,2025-09-28,98140.0,0.0,0,Paid
9338,9338,1034,2025-09-17,53059.0,0.0,0,Paid
9339,9339,1038,2025-10-02,44515.0,0.0,0,Paid
9340,9340,1083,2025-09-05,54580.0,0.0,0,Paid
9341,9341,1084,2025-10-12,116158.0,0.0,0,Paid
9342,9342,1037,2025-10-09,55371.0,0.0,0,Paid
9343,9343,1010,2025-09-21,126888.0,0.0,0,Paid
9344,9344,1014,2025-10-10,39812.0,0.0,0,Paid
9345,9345,1078,2025-09-24,61383.0,0.0,0,Paid
9346,9346,1037,2025-10-02,41626.0,0.0,0,Paid
9347,9347,1085,2025-10-13,44255.0,0.0,0,Paid
9348,9348,1097,2025-09-24,56219.0,0.0,0,Paid
9349,9349,1034,2025-09-28,77662.0,0.0,0,Paid
9350,9350,1042,2025-09-17,83163.0,0.0,0,Paid
9351,9351,1033,2025-09-29,24977.0,0.0,0,Paid
9352,9352,1072,2025-08-29,48706.0,0.0,0,Paid
9353,9353,1050,2025-09-15,17857.0,0.0,0,Paid
9354,9354,1002,2025-09-08,21106.0,0.0,0,Paid
9355,9355,1068,2025-09-05,54720.0,0.0,0,Paid
9356,9356,1032,2025-09-08,50991.0,0.0,0,Paid
9357,9357,1051,2025-09-13,15342.0,0.0,0,Paid
9358,9358,1101,2025-09-13,102394.0,0.0,0,Paid
9359,9359,1002,2025-10-27,98616.0,0.0,0,Paid
9360,9360,1009,2025-09-16,15884.0,0.0,0,Paid
9361,9361,1091,2025-09-21,80254.0,0.0,0,Paid
9362,9362,1022,2025-09-27,57636.0,0.0,0,Paid
9363,9363,1075,2025-10-07,18604.0,0.0,0,Paid
9364,9364,1100,,0,35496.0,106,Open
9365,9365,1106,2025-08-27,25181.0,0.0,0,Paid
9366,9366,1020,2025-10-08,24147.0,0.0,0,Paid
9367,9367,1075,2025-09-12,54350.0,0.0,0,Paid
9368,9368,1075,2025-10-18,71650.0,0.0,0,Paid
9369,9369,1042,,61763.0,34727.0,105,Open
9370,9370,1099,2025-09-16,16871.0,0.0,0,Paid
9371,9371,1045,2025-10-05,46824.0,0.0,0,Paid
9372,9372,1084,2025-09-23,102577.0,0.0,0,Paid
9373,9373,1114,2025-09-24,35988.0,0.0,0,Paid
9374,9374,1042,2025-09-26,49633.0,0.0,0,Paid
9375,9375,1076,2025-09-20,87372.0,0.0,0,Paid
9376,9376,1086,,0,20604.0,121,Open
9377,9377,1039,,44656.0,114654.0,102,Open
9378,9378,1085,2025-09-02,34806.0,0.0,0,Paid
9379,9379,1088,2025-09-08,17917.0,0.0,0,Paid
9380,9380,1034,2025-09-13,25167.0,0.0,0,Paid
9381,9381,1061,2025-10-10,47880.0,0.0,0,Paid
9382,9382,1067,2025-09-02,49689.0,0.0,0,Paid
9383,9383,1074,2025-08-29,53993.0,0.0,0,Paid
9384,9384,1100,2025-09-22,82759.0,0.0,0,Paid
9385,9385,1064,2025-09-16,59503.0,0.0,0,Paid
9386,9386,1072,2025-10-11,104689.0,0.0,0,Paid
9387,9387,1064,2025-09-16,28062.0,0.0,0,Paid
9388,9388,1086,2025-09-04,17279.0,0.0,0,Paid
9389,9389,1043,2025-09-22,76677.0,0.0,0,Paid
9390,9390,1065,2025-10-05,52606.0,0.0,0,Paid
9391,9391,1105,2025-10-10,66076.0,0.0,0,Paid
9392,9392,1017,2025-09-27,26712.0,0.0,0,Paid
9393,9393,1091,,0,83088.0,119,Open
9394,9394,1005,2025-09-16,38145.0,0.0,0,Paid
9395,9395,1074,2025-09-01,99873.0,0.0,0,Paid
9396,9396,1035,2025-09-19,58650.0,0.0,0,Paid
9397,9397,1104,2025-10-05,45320.0,0.0,0,Paid
9398,9398,1063,2025-09-20,106927.0,0.0,0,Paid
9399,9399,1123,2025-08-29,33648.0,0.0,0,Paid
9400,9400,1078,2025-11-13,44901.0,0.0,0,Paid
9401,9401,1087,2025-09-16,40724.0,0.0,0,Paid
9402,9402,1040,2025-09-26,59987.0,0.0,0,Paid
9403,9403,1105,2025-10-05,97410.0,0.0,0,Paid
9404,9404,1041,,31926.0,25513.0,88,Open
9405,9405,1059,2025-10-18,96349.0,0.0,0,Paid
9406,9406,1097,2025-09-18,95352.0,0.0,0,Paid
9407,9407,1045,2025-10-23,39436.0,0.0,0,Paid
9408,9408,1072,2025-10-12,74013.0,0.0,0,Paid
9409,9409,1004,2025-10-14,41738.0,0.0,0,Paid
9410,9410,1068,2025-09-21,62313.0,0.0,0,Paid
9411,9411,1066,2025-09-24,40126.0,0.0,0,Paid
9412,9412,1052,2025-09-14,20896.0,0.0,0,Paid
9413,9413,1037,2025-08-28,30712.0,0.0,0,Paid
9414,9414,1066,2025-10-13,39510.0,0.0,0,Paid
9415,9415,1016,2025-09-17,37373.0,0.0,0,Paid
9416,9416,1098,2025-09-06,26792.0,0.0,0,Paid
9417,9417,1043,2025-09-25,18150.0,0.0,0,Paid
9418,9418,1026,2025-09-19,106943.0,0.0,0,Paid
9419,9419,1084,2025-10-11,45599.0,0.0,0,Paid
9420,9420,1014,2025-10-02,25626.0,0.0,0,Paid
9421,9421,1020,2025-10-12,31296.0,0.0,0,Paid
9422,9422,1093,2025-09-19,36600.0,0.0,0,Paid
9423,9423,1092,2025-09-24,29751.0,0.0,0,Paid
9424,9424,1049,2025-10-10,53926.0,0.0,0,Paid
9425,9425,1001,2025-09-01,19935.0,0.0,0,Paid
9426,9426,1029,2025-10-16,54524.0,0.0,0,Paid
9427,9427,1033,2025-09-13,60667.0,0.0,0,Paid
9428,9428,1122,2025-09-21,33783.0,0.0,0,Paid
9429,9429,1054,2025-08-29,51236.0,0.0,0,Paid
9430,9430,1104,2025-10-01,38739.0,0.0,0,Paid
9431,9431,1068,,0,17784.0,105,Open
9432,9432,1041,2025-09-25,54661.0,0.0,0,Paid
9433,9433,1108,,0,18309.0,120,Open
9434,9434,1009,2025-09-27,29112.0,0.0,0,Paid
9435,9435,1090,2025-09-23,37714.0,0.0,0,Paid
9436,9436,1097,2025-09-27,42666.0,0.0,0,Paid
9437,9437,1069,2025-09-27,129569.0,0.0,0,Paid
9438,9438,1108,2025-09-15,104846.0,0.0,0,Paid
9439,9439,1030,2025-09-18,18872.0,0.0,0,Paid
9440,9440,1089,,0,40603.0,119,Open
9441,9441,1014,2025-08-28,32250.0,0.0,0,Paid
9442,9442,1023,2025-09-28,18592.0,0.0,0,Paid
9443,9443,1008,2025-08-30,57988.0,0.0,0,Paid
9444,9444,1014,,0,41303.0,105,Open
9445,9445,1060,2025-09-25,130341.0,0.0,0,Paid
9446,9446,1066,2025-08-31,59523.0,0.0,0,Paid
9447,9447,1060,2025-10-06,53357.0,0.0,0,Paid
9448,9448,1068,2025-10-03,73453.0,0.0,0,Paid
9449,9449,1050,2025-09-17,28298.0,0.0,0,Paid
9450,9450,1036,2025-10-04,17137.0,0.0,0,Paid
9451,9451,1125,2025-09-13,31246.0,0.0,0,Paid
9452,9452,1036,2025-09-17,34883.0,0.0,0,Paid
9453,9453,1064,2025-08-30,41870.0,0.0,0,Paid
9454,9454,1047,2025-09-25,17079.0,0.0,0,Paid
9455,9455,1122,2025-09-16,97325.0,0.0,0,Paid
9456,9456,1084,2025-10-08,63333.0,0.0,0,Paid
9457,9457,1102,2025-09-14,43557.0,0.0,0,Paid
9458,9458,1007,2025-10-04,50498.0,0.0,0,Paid
9459,9459,1084,2025-10-15,86585.0,0.0,0,Paid
9460,9460,1115,2025-09-24,74376.0,0.0,0,Paid
9461,9461,1098,2025-10-24,58934.0,0.0,0,Paid
9462,9462,1029,2025-09-25,16843.0,0.0,0,Paid
9463,9463,1061,2025-10-21,25104.0,0.0,0,Paid
9464,9464,1007,2025-09-26,32910.0,0.0,0,Paid
9465,9465,1086,2025-09-13,23371.0,0.0,0,Paid
9466,9466,1052,2025-08-30,16768.0,0.0,0,Paid
9467,9467,1034,,0,32286.0,103,Open
9468,9468,1039,2025-10-04,66798.0,0.0,0,Paid
9469,9469,1047,2025-10-28,63731.0,0.0,0,Paid
9470,9470,1108,2025-10-29,124839.0,0.0,0,Paid
9471,9471,1052,,0,49075.0,103,Open
9472,9472,1002,2025-08-29,23353.0,0.0,0,Paid
9473,9473,1041,2025-10-08,40698.0,0.0,0,Paid
9474,9474,1045,2025-09-02,40554.0,0.0,0,Paid
9475,9475,1083,2025-10-01,78045.0,0.0,0,Paid
9476,9476,1076,2025-10-17,32087.0,0.0,0,Paid
9477,9477,1038,2025-10-04,92532.0,0.0,0,Paid
9478,9478,1052,2025-09-13,17914.0,0.0,0,Paid
9479,9479,1073,2025-09-13,18686.0,0.0,0,Paid
9480,9480,1032,2025-09-11,59863.0,0.0,0,Paid
9481,9481,1012,2025-09-24,20134.0,0.0,0,Paid
9482,9482,1007,2025-10-17,202274.0,0.0,0,Paid
9483,9483,1021,2025-10-12,41500.0,0.0,0,Paid
9484,9484,1098,2025-09-26,81429.0,0.0,0,Paid
9485,9485,1039,2025-09-30,15813.0,0.0,0,Paid
9486,9486,1022,2025-09-03,17256.0,0.0,0,Paid
9487,9487,1002,2025-10-02,20111.0,0.0,0,Paid
9488,9488,1121,2025-10-08,18285.0,0.0,0,Paid
9489,9489,1008,2025-09-17,54489.0,0.0,0,Paid
9490,9490,1092,2025-09-21,82697.0,0.0,0,Paid
9491,9491,1015,2025-09-25,31522.0,0.0,0,Paid
9492,9492,1076,2025-09-19,47686.0,0.0,0,Paid
9493,9493,1049,2025-09-15,51769.0,0.0,0,Paid
9494,9494,1124,2025-09-20,77410.0,0.0,0,Paid
9495,9495,1049,2025-09-15,65568.0,0.0,0,Paid
9496,9496,1077,2025-09-25,18241.0,0.0,0,Paid
9497,9497,1049,2025-10-07,19252.0,0.0,0,Paid
9498,9498,1055,2025-09-15,40714.0,0.0,0,Paid
9499,9499,1063,2025-10-17,62437.0,0.0,0,Paid
9500,9500,1042,2025-09-26,110256.0,0.0,0,Paid
9501,9501,1091,2025-09-18,134477.0,0.0,0,Paid
9502,9502,1025,2025-10-07,34353.0,0.0,0,Paid
9503,9503,1022,2025-09-24,33286.0,0.0,0,Paid
9504,9504,1026,2025-08-30,33509.0,0.0,0,Paid
9505,9505,1121,2025-09-01,70377.0,0.0,0,Paid
9506,9506,1050,2025-10-13,33307.0,0.0,0,Paid
9507,9507,1111,2025-10-20,74039.0,0.0,0,Paid
9508,9508,1013,2025-09-02,122172.0,0.0,0,Paid
9509,9509,1044,2025-09-30,38031.0,0.0,0,Paid
9510,9510,1057,2025-10-13,33294.0,0.0,0,Paid
9511,9511,1073,2025-09-26,58256.0,0.0,0,Paid
9512,9512,1036,,0,49134.0,101,Open
9513,9513,1089,2025-10-02,16011.0,0.0,0,Paid
9514,9514,1110,2025-10-05,40708.0,0.0,0,Paid
9515,9515,1119,2025-10-11,57672.0,0.0,0,Paid
9516,9516,1047,2025-09-27,32360.0,0.0,0,Paid
9517,9517,1119,2025-10-07,48795.0,0.0,0,Paid
9518,9518,1044,2025-10-04,23347.0,0.0,0,Paid
9519,9519,1066,2025-09-22,51375.0,0.0,0,Paid
9520,9520,1095,2025-09-10,24695.0,0.0,0,Paid
9521,9521,1001,2025-10-09,26459.0,0.0,0,Paid
9522,9522,1065,2025-10-25,93762.0,0.0,0,Paid
9523,9523,1060,2025-11-07,102639.0,0.0,0,Paid
9524,9524,1032,2025-10-03,73164.0,0.0,0,Paid
9525,9525,1047,2025-09-21,136576.0,0.0,0,Paid
9526,9526,1059,2025-09-15,38013.0,0.0,0,Paid
9527,9527,1096,2025-10-07,228908.0,0.0,0,Paid
9528,9528,1086,2025-09-18,53078.0,0.0,0,Paid
9529,9529,1015,2025-10-09,126859.0,0.0,0,Paid
9530,9530,1023,2025-10-22,25167.0,0.0,0,Paid
9531,9531,1085,2025-09-03,139133.0,0.0,0,Paid
9532,9532,1073,2025-09-17,38201.0,0.0,0,Paid
9533,9533,1073,2025-09-19,206618.0,0.0,0,Paid
9534,9534,1108,2025-09-15,37137.0,0.0,0,Paid
9535,9535,1092,,36012.0,18238.0,101,Open
9536,9536,1053,2025-09-16,33052.0,0.0,0,Paid
9537,9537,1112,2025-09-22,27647.0,0.0,0,Paid
9538,9538,1062,2025-09-21,55503.0,0.0,0,Paid
9539,9539,1035,2025-10-11,16812.0,0.0,0,Paid
9540,9540,1053,2025-09-01,18201.0,0.0,0,Paid
9541,9541,1117,2025-09-26,87446.0,0.0,0,Paid
9542,9542,1024,2025-10-01,91235.0,0.0,0,Paid
9543,9543,1099,2025-10-20,36448.0,0.0,0,Paid
9544,9544,1057,2025-10-03,39547.0,0.0,0,Paid
9545,9545,1120,2025-10-01,80800.0,0.0,0,Paid
9546,9546,1095,2025-10-05,42452.0,0.0,0,Paid
9547,9547,1014,2025-10-12,39836.0,0.0,0,Paid
9548,9548,1068,2025-10-12,87332.0,0.0,0,Paid
9549,9549,1015,2025-11-17,85934.0,0.0,0,Paid
9550,9550,1084,2025-09-01,54203.0,0.0,0,Paid
9551,9551,1100,2025-09-20,18561.0,0.0,0,Paid
9552,9552,1089,2025-09-24,46118.0,0.0,0,Paid
9553,9553,1037,2025-10-07,43621.0,0.0,0,Paid
9554,9554,1054,2025-09-30,25342.0,0.0,0,Paid
9555,9555,1086,2025-09-03,76451.0,0.0,0,Paid
9556,9556,1004,2025-09-30,147372.0,0.0,0,Paid
9557,9557,1066,2025-10-10,107117.0,0.0,0,Paid
9558,9558,1002,,10198.0,8374.0,102,Open
9559,9559,1034,2025-09-09,95704.0,0.0,0,Paid
9560,9560,1052,,0,28170.0,102,Open
9561,9561,1007,2025-10-15,40113.0,0.0,0,Paid
9562,9562,1070,2025-09-03,27476.0,0.0,0,Paid
9563,9563,1056,2025-09-23,19975.0,0.0,0,Paid
9564,9564,1033,2025-11-06,59874.0,0.0,0,Paid
9565,9565,1083,2025-09-15,41945.0,0.0,0,Paid
9566,9566,1033,2025-09-19,188312.0,0.0,0,Paid
9567,9567,1109,2025-10-08,149343.0,0.0,0,Paid
9568,9568,1010,2025-09-24,55890.0,0.0,0,Paid
9569,9569,1040,2025-11-06,20255.0,0.0,0,Paid
9570,9570,1119,2025-10-01,45176.0,0.0,0,Paid
9571,9571,1087,2025-09-29,37627.0,0.0,0,Paid
9572,9572,1105,,0,30099.0,102,Open
9573,9573,1084,2025-09-30,19023.0,0.0,0,Paid
9574,9574,1112,2025-09-14,26851.0,0.0,0,Paid
9575,9575,1004,2025-09-22,30890.0,0.0,0,Paid
9576,9576,1022,2025-10-21,84627.0,0.0,0,Paid
9577,9577,1076,2025-09-09,194394.0,0.0,0,Paid
9578,9578,1024,2025-09-11,41488.0,0.0,0,Paid
9579,9579,1076,2025-09-17,55917.0,0.0,0,Paid
9580,9580,1046,2025-09-19,34871.0,0.0,0,Paid
9581,9581,1055,2025-09-21,18701.0,0.0,0,Paid
9582,9582,1120,2025-10-11,19454.0,0.0,0,Paid
9583,9583,1071,2025-09-16,57860.0,0.0,0,Paid
9584,9584,1122,2025-09-24,14639.0,0.0,0,Paid
9585,9585,1105,2025-10-09,54840.0,0.0,0,Paid
9586,9586,1061,2025-10-12,17073.0,0.0,0,Paid
9587,9587,1002,2025-10-05,47380.0,0.0,0,Paid
9588,9588,1079,2025-09-22,56294.0,0.0,0,Paid
9589,9589,1089,2025-10-03,105187.0,0.0,0,Paid
9590,9590,1074,2025-09-30,42790.0,0.0,0,Paid
9591,9591,1102,2025-09-17,40402.0,0.0,0,Paid
9592,9592,1058,2025-09-04,19830.0,0.0,0,Paid
9593,9593,1124,2025-10-04,204513.0,0.0,0,Paid
9594,9594,1008,,0,17181.0,116,Open
9595,9595,1122,2025-09-30,59795.0,0.0,0,Paid
9596,9596,1035,2025-10-06,79677.0,0.0,0,Paid
9597,9597,1073,2025-09-30,19375.0,0.0,0,Paid
9598,9598,1028,2025-09-15,45611.0,0.0,0,Paid
9599,9599,1030,2025-09-26,25356.0,0.0,0,Paid
9600,9600,1006,2025-10-08,30905.0,0.0,0,Paid
9601,9601,1064,2025-10-04,48674.0,0.0,0,Paid
9602,9602,1084,2025-09-18,65899.0,0.0,0,Paid
9603,9603,1078,2025-09-29,55087.0,0.0,0,Paid
9604,9604,1089,2025-10-05,16020.0,0.0,0,Paid
9605,9605,1045,2025-09-18,80127.0,0.0,0,Paid
9606,9606,1010,2025-09-20,192981.0,0.0,0,Paid
9607,9607,1109,2025-10-15,76503.0,0.0,0,Paid
9608,9608,1024,2025-10-02,16936.0,0.0,0,Paid
9609,9609,1124,2025-11-17,78413.0,0.0,0,Paid
9610,9610,1095,2025-09-26,35224.0,0.0,0,Paid
9611,9611,1027,2025-09-17,32982.0,0.0,0,Paid
9612,9612,1012,2025-09-23,41036.0,0.0,0,Paid
9613,9613,1090,2025-10-06,20541.0,0.0,0,Paid
9614,9614,1125,2025-09-07,16381.0,0.0,0,Paid
9615,9615,1025,2025-09-18,78800.0,0.0,0,Paid
9616,9616,1105,2025-09-25,49791.0,0.0,0,Paid
9617,9617,1017,2025-09-12,37960.0,0.0,0,Paid
9618,9618,1051,2025-09-25,69487.0,0.0,0,Paid
9619,9619,1028,2025-09-26,16063.0,0.0,0,Paid
9620,9620,1061,2025-09-22,20783.0,0.0,0,Paid
9621,9621,1042,2025-09-09,117577.0,0.0,0,Paid
9622,9622,1064,2025-11-01,118814.0,0.0,0,Paid
9623,9623,1001,2025-09-14,28685.0,0.0,0,Paid
9624,9624,1004,2025-10-05,30124.0,0.0,0,Paid
9625,9625,1015,2025-10-03,37894.0,0.0,0,Paid
9626,9626,1031,2025-10-11,40981.0,0.0,0,Paid
9627,9627,1002,2025-10-11,18748.0,0.0,0,Paid
9628,9628,1069,2025-10-07,51027.0,0.0,0,Paid
9629,9629,1052,2025-10-13,95450.0,0.0,0,Paid
9630,9630,1077,2025-09-15,18414.0,0.0,0,Paid
9631,9631,1096,2025-09-10,17888.0,0.0,0,Paid
9632,9632,1019,2025-09-19,127234.0,0.0,0,Paid
9633,9633,1108,2025-09-26,18869.0,0.0,0,Paid
9634,9634,1102,2025-10-03,32342.0,0.0,0,Paid
9635,9635,1003,2025-09-20,45449.0,0.0,0,Paid
9636,9636,1093,,0,27181.0,86,Open
9637,9637,1068,2025-09-16,17058.0,0.0,0,Paid
9638,9638,1080,2025-10-21,46922.0,0.0,0,Paid
9639,9639,1075,2025-09-01,30260.0,0.0,0,Paid
9640,9640,1006,2025-09-18,38318.0,0.0,0,Paid
9641,9641,1039,2025-09-11,33652.0,0.0,0,Paid
9642,9642,1029,,0,19700.0,115,Open
9643,9643,1005,2025-09-23,71266.0,0.0,0,Paid
9644,9644,1057,2025-10-20,89624.0,0.0,0,Paid
9645,9645,1028,2025-10-08,49273.0,0.0,0,Paid
9646,9646,1024,2025-10-24,56749.0,0.0,0,Paid
9647,9647,1063,2025-09-23,28310.0,0.0,0,Paid
9648,9648,1026,2025-09-30,77389.0,0.0,0,Paid
9649,9649,1115,2025-10-04,56426.0,0.0,0,Paid
9650,9650,1063,2025-09-28,44945.0,0.0,0,Paid
9651,9651,1003,,0,20085.0,100,Open
9652,9652,1065,2025-09-23,79064.0,0.0,0,Paid
9653,9653,1048,2025-09-12,75242.0,0.0,0,Paid
9654,9654,1074,2025-09-18,85619.0,0.0,0,Paid
9655,9655,1085,2025-11-02,57293.0,0.0,0,Paid
9656,9656,1089,2025-10-06,17417.0,0.0,0,Paid
9657,9657,1096,2025-09-18,28003.0,0.0,0,Paid
9658,9658,1078,2025-10-31,93792.0,0.0,0,Paid
9659,9659,1006,2025-09-08,56209.0,0.0,0,Paid
9660,9660,1029,2025-09-04,65265.0,0.0,0,Paid
9661,9661,1120,2025-09-22,40049.0,0.0,0,Paid
9662,9662,1077,2025-09-22,37396.0,0.0,0,Paid
9663,9663,1064,2025-10-11,43371.0,0.0,0,Paid
9664,9664,1008,2025-09-19,120659.0,0.0,0,Paid
9665,9665,1036,2025-09-19,85542.0,0.0,0,Paid
9666,9666,1020,2025-09-30,47265.0,0.0,0,Paid
9667,9667,1027,2025-09-24,51387.0,0.0,0,Paid
9668,9668,1039,2025-09-09,34673.0,0.0,0,Paid
9669,9669,1059,2025-10-01,88865.0,0.0,0,Paid
9670,9670,1018,2025-09-17,54788.0,0.0,0,Paid
9671,9671,1103,2025-09-19,16113.0,0.0,0,Paid
9672,9672,1111,2025-10-12,34477.0,0.0,0,Paid
9673,9673,1062,2025-09-13,20062.0,0.0,0,Paid
9674,9674,1105,2025-10-05,219820.0,0.0,0,Paid
9675,9675,1050,2025-09-23,18904.0,0.0,0,Paid
9676,9676,1036,,0,18403.0,85,Open
9677,9677,1020,2025-10-04,40831.0,0.0,0,Paid
9678,9678,1083,2025-09-14,45260.0,0.0,0,Paid
9679,9679,1034,2025-10-18,69491.0,0.0,0,Paid
9680,9680,1010,2025-09-19,45285.0,0.0,0,Paid
9681,9681,1026,2025-09-26,16562.0,0.0,0,Paid
9682,9682,1117,2025-09-17,36633.0,0.0,0,Paid
9683,9683,1040,2025-09-30,18781.0,0.0,0,Paid
9684,9684,1094,2025-10-05,45452.0,0.0,0,Paid
9685,9685,1087,2025-10-06,25751.0,0.0,0,Paid
9686,9686,1032,2025-09-26,38786.0,0.0,0,Paid
9687,9687,1062,2025-10-07,122224.0,0.0,0,Paid
9688,9688,1098,2025-09-23,18071.0,0.0,0,Paid
9689,9689,1058,2025-09-20,25568.0,0.0,0,Paid
9690,9690,1054,2025-09-22,67068.0,0.0,0,Paid
9691,9691,1056,2025-10-04,151187.0,0.0,0,Paid
9692,9692,1050,2025-09-03,33937.0,0.0,0,Paid
9693,9693,1087,2025-09-27,36926.0,0.0,0,Paid
9694,9694,1097,2025-10-31,38959.0,0.0,0,Paid
9695,9695,1047,2025-09-15,68932.0,0.0,0,Paid
9696,9696,1024,2025-10-09,26628.0,0.0,0,Paid
9697,9697,1005,2025-11-01,123163.0,0.0,0,Paid
9698,9698,1091,2025-09-29,68646.0,0.0,0,Paid
9699,9699,1091,2025-10-11,52776.0,0.0,0,Paid
9700,9700,1099,,0,34727.0,84,Open
9701,9701,1008,2025-09-19,45349.0,0.0,0,Paid
9702,9702,1112,2025-09-25,20701.0,0.0,0,Paid
9703,9703,1099,2025-09-23,24397.0,0.0,0,Paid
9704,9704,1004,2025-09-15,26041.0,0.0,0,Paid
9705,9705,1060,,0,34857.0,98,Open
9706,9706,1103,2025-10-11,34980.0,0.0,0,Paid
9707,9707,1099,2025-10-05,22036.0,0.0,0,Paid
9708,9708,1068,2025-11-26,71224.0,0.0,0,Paid
9709,9709,1092,2025-10-17,63843.0,0.0,0,Paid
9710,9710,1114,2025-10-02,76514.0,0.0,0,Paid
9711,9711,1063,2025-09-18,31808.0,0.0,0,Paid
9712,9712,1059,2025-09-22,39499.0,0.0,0,Paid
9713,9713,1044,2025-11-03,64053.0,0.0,0,Paid
9714,9714,1028,2025-10-14,39307.0,0.0,0,Paid
9715,9715,1095,2025-09-24,38064.0,0.0,0,Paid
9716,9716,1028,,37178.0,17212.0,98,Open
9717,9717,1051,2025-09-29,82753.0,0.0,0,Paid
9718,9718,1087,2025-10-07,74478.0,0.0,0,Paid
9719,9719,1093,2025-09-19,60735.0,0.0,0,Paid
9720,9720,1095,2025-10-11,86624.0,0.0,0,Paid
9721,9721,1073,2025-09-04,19672.0,0.0,0,Paid
9722,9722,1114,2025-09-11,67390.0,0.0,0,Paid
9723,9723,1088,2025-09-28,78401.0,0.0,0,Paid
9724,9724,1074,2025-09-27,34635.0,0.0,0,Paid
9725,9725,1025,2025-09-10,31210.0,0.0,0,Paid
9726,9726,1008,2025-09-29,176562.0,0.0,0,Paid
9727,9727,1100,2025-09-19,37327.0,0.0,0,Paid
9728,9728,1037,2025-09-19,19607.0,0.0,0,Paid
9729,9729,1041,2025-10-03,75953.0,0.0,0,Paid
9730,9730,1009,2025-09-27,27504.0,0.0,0,Paid
9731,9731,1124,2025-10-02,72862.0,0.0,0,Paid
9732,9732,1061,2025-10-11,60989.0,0.0,0,Paid
9733,9733,1013,2025-10-13,132419.0,0.0,0,Paid
9734,9734,1041,2025-10-22,82696.0,0.0,0,Paid
9735,9735,1002,2025-10-05,18740.0,0.0,0,Paid
9736,9736,1089,2025-09-25,179104.0,0.0,0,Paid
9737,9737,1013,2025-09-06,102222.0,0.0,0,Paid
9738,9738,1058,2025-09-18,74227.0,0.0,0,Paid
9739,9739,1046,2025-09-28,66884.0,0.0,0,Paid
9740,9740,1061,2025-10-21,141530.0,0.0,0,Paid
9741,9741,1085,2025-10-17,20378.0,0.0,0,Paid
9742,9742,1006,2025-09-20,54744.0,0.0,0,Paid
9743,9743,1103,2025-09-30,16858.0,0.0,0,Paid
9744,9744,1061,2025-09-29,40570.0,0.0,0,Paid
9745,9745,1056,,0,58108.0,97,Open
9746,9746,1086,2025-09-13,33740.0,0.0,0,Paid
9747,9747,1052,2025-10-03,19719.0,0.0,0,Paid
9748,9748,1053,2025-09-23,39072.0,0.0,0,Paid
9749,9749,1091,2025-10-08,112552.0,0.0,0,Paid
9750,9750,1075,,26152.0,18145.0,113,Open
9751,9751,1107,2025-10-27,34195.0,0.0,0,Paid
9752,9752,1083,2025-10-13,38096.0,0.0,0,Paid
9753,9753,1116,2025-10-18,50142.0,0.0,0,Paid
9754,9754,1065,2025-10-15,34997.0,0.0,0,Paid
9755,9755,1020,2025-09-22,120794.0,0.0,0,Paid
9756,9756,1097,2025-10-05,56620.0,0.0,0,Paid
9757,9757,1001,2025-10-01,110366.0,0.0,0,Paid
9758,9758,1048,2025-10-18,247113.0,0.0,0,Paid
9759,9759,1097,2025-10-07,105960.0,0.0,0,Paid
9760,9760,1005,2025-10-18,37247.0,0.0,0,Paid
9761,9761,1125,2025-10-05,34064.0,0.0,0,Paid
9762,9762,1054,2025-09-11,90478.0,0.0,0,Paid
9763,9763,1116,2025-11-15,28468.0,0.0,0,Paid
9764,9764,1118,2025-09-23,76374.0,0.0,0,Paid
9765,9765,1117,2025-09-04,20381.0,0.0,0,Paid
9766,9766,1081,2025-09-26,34694.0,0.0,0,Paid
9767,9767,1077,2025-09-13,58177.0,0.0,0,Paid
9768,9768,1114,2025-09-24,27516.0,0.0,0,Paid
9769,9769,1009,2025-10-16,24531.0,0.0,0,Paid
9770,9770,1108,2025-10-06,54501.0,0.0,0,Paid
9771,9771,1082,2025-10-20,247925.0,0.0,0,Paid
9772,9772,1010,2025-10-01,43332.0,0.0,0,Paid
9773,9773,1011,2025-10-07,37252.0,0.0,0,Paid
9774,9774,1080,2025-10-07,90813.0,0.0,0,Paid
9775,9775,1081,2025-11-07,18783.0,0.0,0,Paid
9776,9776,1008,2025-10-05,44163.0,0.0,0,Paid
9777,9777,1015,2025-09-21,32164.0,0.0,0,Paid
9778,9778,1046,2025-09-30,21364.0,0.0,0,Paid
9779,9779,1056,,0,50816.0,95,Open
9780,9780,1110,2025-10-07,127705.0,0.0,0,Paid
9781,9781,1070,2025-10-13,121901.0,0.0,0,Paid
9782,9782,1036,,28172.0,27439.0,80,Open
9783,9783,1013,2025-09-07,73802.0,0.0,0,Paid
9784,9784,1043,2025-09-22,49615.0,0.0,0,Paid
9785,9785,1102,2025-09-21,73676.0,0.0,0,Paid
9786,9786,1048,2025-11-03,91159.0,0.0,0,Paid
9787,9787,1066,2025-09-26,18782.0,0.0,0,Paid
9788,9788,1057,2025-09-11,51239.0,0.0,0,Paid
9789,9789,1047,2025-09-26,48573.0,0.0,0,Paid
9790,9790,1125,2025-10-26,88222.0,0.0,0,Paid
9791,9791,1089,2025-10-22,74245.0,0.0,0,Paid
9792,9792,1066,2025-09-11,94896.0,0.0,0,Paid
9793,9793,1042,2025-10-23,55618.0,0.0,0,Paid
9794,9794,1026,2025-09-25,132472.0,0.0,0,Paid
9795,9795,1025,2025-10-27,92891.0,0.0,0,Paid
9796,9796,1048,2025-09-10,19434.0,0.0,0,Paid
9797,9797,1083,,60463.0,37090.0,110,Open
9798,9798,1059,2025-10-24,58064.0,0.0,0,Paid
9799,9799,1125,2025-09-20,39119.0,0.0,0,Paid
9800,9800,1041,2025-10-18,36331.0,0.0,0,Paid
9801,9801,1091,2025-10-14,18366.0,0.0,0,Paid
9802,9802,1036,2025-09-06,91671.0,0.0,0,Paid
9803,9803,1014,2025-10-09,49209.0,0.0,0,Paid
9804,9804,1065,2025-09-26,73533.0,0.0,0,Paid
9805,9805,1037,,0,31706.0,97,Open
9806,9806,1019,,0,28982.0,112,Open
9807,9807,1035,2025-10-09,39351.0,0.0,0,Paid
9808,9808,1073,2025-10-15,17834.0,0.0,0,Paid
9809,9809,1008,2025-10-05,24694.0,0.0,0,Paid
9810,9810,1064,2025-10-31,91009.0,0.0,0,Paid
9811,9811,1109,2025-09-20,48615.0,0.0,0,Paid
9812,9812,1052,2025-10-21,85058.0,0.0,0,Paid
9813,9813,1017,2025-11-01,105118.0,0.0,0,Paid
9814,9814,1092,2025-10-24,50125.0,0.0,0,Paid
9815,9815,1010,2025-10-18,55092.0,0.0,0,Paid
9816,9816,1090,2025-10-21,53665.0,0.0,0,Paid
9817,9817,1081,2025-10-13,34117.0,0.0,0,Paid
9818,9818,1024,2025-10-16,119711.0,0.0,0,Paid
9819,9819,1040,2025-09-23,60783.0,0.0,0,Paid
9820,9820,1115,,0,18146.0,96,Open
9821,9821,1083,2025-09-23,46673.0,0.0,0,Paid
9822,9822,1111,2025-10-30,96649.0,0.0,0,Paid
9823,9823,1079,2025-09-28,81167.0,0.0,0,Paid
9824,9824,1021,2025-09-17,98067.0,0.0,0,Paid
9825,9825,1058,2025-10-02,25370.0,0.0,0,Paid
9826,9826,1063,,0,25612.0,96,Open
9827,9827,1048,2025-09-22,19919.0,0.0,0,Paid
9828,9828,1095,2025-10-01,111264.0,0.0,0,Paid
9829,9829,1048,2025-10-09,75358.0,0.0,0,Paid
9830,9830,1046,2025-10-19,16938.0,0.0,0,Paid
9831,9831,1041,,0,80626.0,94,Open
9832,9832,1071,2025-09-29,19539.0,0.0,0,Paid
9833,9833,1073,2025-09-22,19407.0,0.0,0,Paid
9834,9834,1020,2025-09-23,80681.0,0.0,0,Paid
9835,9835,1014,2025-09-12,55496.0,0.0,0,Paid
9836,9836,1005,2025-09-25,29309.0,0.0,0,Paid
9837,9837,1032,2025-10-06,17327.0,0.0,0,Paid
9838,9838,1049,2025-10-06,30432.0,0.0,0,Paid
9839,9839,1109,2025-09-23,37553.0,0.0,0,Paid
9840,9840,1027,2025-10-04,17926.0,0.0,0,Paid
9841,9841,1060,2025-09-11,36175.0,0.0,0,Paid
9842,9842,1004,2025-09-21,63072.0,0.0,0,Paid
9843,9843,1115,2025-10-01,69302.0,0.0,0,Paid
9844,9844,1017,2025-10-02,33085.0,0.0,0,Paid
9845,9845,1061,2025-09-26,46675.0,0.0,0,Paid
9846,9846,1058,2025-09-23,97772.0,0.0,0,Paid
9847,9847,1010,2025-09-17,49727.0,0.0,0,Paid
9848,9848,1089,2025-10-13,20395.0,0.0,0,Paid
9849,9849,1091,,0,14871.0,111,Open
9850,9850,1004,,10312.0,9896.0,96,Open
9851,9851,1041,2025-09-30,72850.0,0.0,0,Paid
9852,9852,1024,2025-10-04,71590.0,0.0,0,Paid
9853,9853,1105,2025-09-06,18545.0,0.0,0,Paid
9854,9854,1017,2025-09-07,41788.0,0.0,0,Paid
9855,9855,1117,,30634.0,48361.0,95,Open
9856,9856,1039,2025-10-08,61378.0,0.0,0,Paid
9857,9857,1052,2025-09-26,19260.0,0.0,0,Paid
9858,9858,1040,2025-09-27,47425.0,0.0,0,Paid
9859,9859,1015,2025-10-14,97708.0,0.0,0,Paid
9860,9860,1043,2025-09-26,50057.0,0.0,0,Paid
9861,9861,1017,2025-09-21,95856.0,0.0,0,Paid
9862,9862,1120,2025-09-22,22008.0,0.0,0,Paid
9863,9863,1039,2025-10-01,75581.0,0.0,0,Paid
9864,9864,1066,2025-10-06,35250.0,0.0,0,Paid
9865,9865,1095,2025-10-08,133005.0,0.0,0,Paid
9866,9866,1064,2025-09-29,27373.0,0.0,0,Paid
9867,9867,1046,,0,22402.0,95,Open
9868,9868,1064,2025-09-30,56245.0,0.0,0,Paid
9869,9869,1008,2025-10-14,45017.0,0.0,0,Paid
9870,9870,1036,2025-09-30,34307.0,0.0,0,Paid
9871,9871,1027,2025-10-08,17574.0,0.0,0,Paid
9872,9872,1101,2025-10-13,35062.0,0.0,0,Paid
9873,9873,1068,2025-10-10,85955.0,0.0,0,Paid
9874,9874,1029,2025-09-11,18440.0,0.0,0,Paid
9875,9875,1054,2025-09-08,39610.0,0.0,0,Paid
9876,9876,1031,2025-09-08,38471.0,0.0,0,Paid
9877,9877,1014,2025-09-22,25850.0,0.0,0,Paid
9878,9878,1042,2025-10-28,90474.0,0.0,0,Paid
9879,9879,1043,2025-10-04,36915.0,0.0,0,Paid
9880,9880,1059,2025-10-11,53109.0,0.0,0,Paid
9881,9881,1101,2025-09-29,31011.0,0.0,0,Paid
9882,9882,1082,2025-10-14,59328.0,0.0,0,Paid
9883,9883,1003,2025-10-13,86233.0,0.0,0,Paid
9884,9884,1023,2025-09-20,17605.0,0.0,0,Paid
9885,9885,1024,2025-09-18,79079.0,0.0,0,Paid
9886,9886,1047,2025-09-28,56397.0,0.0,0,Paid
9887,9887,1021,2025-10-11,54413.0,0.0,0,Paid
9888,9888,1056,,0,55558.0,93,Open
9889,9889,1117,2025-10-10,76055.0,0.0,0,Paid
9890,9890,1096,2025-10-14,66794.0,0.0,0,Paid
9891,9891,1007,2025-09-26,18758.0,0.0,0,Paid
9892,9892,1021,,0,16964.0,95,Open
9893,9893,1107,2025-10-27,20040.0,0.0,0,Paid
9894,9894,1053,2025-09-25,35086.0,0.0,0,Paid
9895,9895,1005,2025-10-03,20185.0,0.0,0,Paid
9896,9896,1050,2025-10-27,20970.0,0.0,0,Paid
9897,9897,1023,2025-09-25,133132.0,0.0,0,Paid
9898,9898,1073,2025-10-11,54700.0,0.0,0,Paid
9899,9899,1099,2025-10-10,37767.0,0.0,0,Paid
9900,9900,1028,2025-10-13,144544.0,0.0,0,Paid
9901,9901,1014,2025-10-08,38653.0,0.0,0,Paid
9902,9902,1069,2025-10-14,38762.0,0.0,0,Paid
9903,9903,1039,2025-10-28,50996.0,0.0,0,Paid
9904,9904,1047,2025-09-24,59890.0,0.0,0,Paid
9905,9905,1016,2025-10-10,84305.0,0.0,0,Paid
9906,9906,1044,2025-09-09,52302.0,0.0,0,Paid
9907,9907,1035,2025-10-26,50147.0,0.0,0,Paid
9908,9908,1006,2025-10-01,25170.0,0.0,0,Paid
9909,9909,1006,2025-10-26,37053.0,0.0,0,Paid
9910,9910,1120,2025-09-28,67904.0,0.0,0,Paid
9911,9911,1073,2025-10-24,131497.0,0.0,0,Paid
9912,9912,1005,2025-09-10,37936.0,0.0,0,Paid
9913,9913,1111,2025-09-24,55762.0,0.0,0,Paid
9914,9914,1098,2025-10-12,123486.0,0.0,0,Paid
9915,9915,1045,2025-10-10,39406.0,0.0,0,Paid
9916,9916,1027,2025-09-15,73785.0,0.0,0,Paid
9917,9917,1043,2025-10-09,51504.0,0.0,0,Paid
9918,9918,1004,2025-10-12,19079.0,0.0,0,Paid
9919,9919,1052,2025-10-01,17650.0,0.0,0,Paid
9920,9920,1015,2025-09-30,64764.0,0.0,0,Paid
9921,9921,1042,,0,97491.0,92,Open
9922,9922,1026,2025-09-28,27813.0,0.0,0,Paid
9923,9923,1086,2025-11-10,56113.0,0.0,0,Paid
9924,9924,1096,2025-10-23,61005.0,0.0,0,Paid
9925,9925,1079,2025-09-16,30806.0,0.0,0,Paid
9926,9926,1047,2025-10-05,123246.0,0.0,0,Paid
9927,9927,1063,2025-11-13,17318.0,0.0,0,Paid
9928,9928,1054,2025-09-08,16933.0,0.0,0,Paid
9929,9929,1106,2025-10-13,81361.0,0.0,0,Paid
9930,9930,1024,2025-09-27,47295.0,0.0,0,Paid
9931,9931,1104,2025-09-27,39246.0,0.0,0,Paid
9932,9932,1114,2025-10-18,15168.0,0.0,0,Paid
9933,9933,1097,2025-10-03,21703.0,0.0,0,Paid
9934,9934,1087,2025-09-23,18210.0,0.0,0,Paid
9935,9935,1044,2025-09-24,44232.0,0.0,0,Paid
9936,9936,1088,2025-10-05,20715.0,0.0,0,Paid
9937,9937,1018,2025-10-11,56311.0,0.0,0,Paid
9938,9938,1019,2025-10-01,28032.0,0.0,0,Paid
9939,9939,1111,2025-09-23,37953.0,0.0,0,Paid
9940,9940,1052,2025-09-30,72884.0,0.0,0,Paid
9941,9941,1047,,0,36222.0,93,Open
9942,9942,1111,2025-09-26,219277.0,0.0,0,Paid
9943,9943,1085,2025-09-24,74683.0,0.0,0,Paid
9944,9944,1103,2025-10-03,39291.0,0.0,0,Paid
9945,9945,1082,2025-09-09,35173.0,0.0,0,Paid
9946,9946,1052,2025-09-26,94803.0,0.0,0,Paid
9947,9947,1054,2025-10-21,45283.0,0.0,0,Paid
9948,9948,1104,2025-10-10,20329.0,0.0,0,Paid
9949,9949,1105,2025-09-28,87181.0,0.0,0,Paid
9950,9950,1020,2025-09-26,41183.0,0.0,0,Paid
9951,9951,1088,2025-10-04,27226.0,0.0,0,Paid
9952,9952,1106,2025-11-09,54721.0,0.0,0,Paid
9953,9953,1053,2025-10-15,57954.0,0.0,0,Paid
9954,9954,1112,2025-09-30,112702.0,0.0,0,Paid
9955,9955,1079,2025-11-01,21126.0,0.0,0,Paid
9956,9956,1051,2025-09-25,56148.0,0.0,0,Paid
9957,9957,1087,2025-10-16,123236.0,0.0,0,Paid
9958,9958,1101,2025-09-30,57793.0,0.0,0,Paid
9959,9959,1054,2025-10-09,135778.0,0.0,0,Paid
9960,9960,1103,2025-09-15,134100.0,0.0,0,Paid
9961,9961,1003,2025-09-25,70847.0,0.0,0,Paid
9962,9962,1057,2025-09-08,27939.0,0.0,0,Paid
9963,9963,1047,,0,19131.0,79,Open
9964,9964,1103,2025-10-14,25936.0,0.0,0,Paid
9965,9965,1014,2025-11-02,57440.0,0.0,0,Paid
9966,9966,1041,2025-10-16,258250.0,0.0,0,Paid
9967,9967,1024,2025-09-23,16150.0,0.0,0,Paid
9968,9968,1013,,0,100769.0,106,Open
9969,9969,1009,2025-10-11,49568.0,0.0,0,Paid
9970,9970,1123,2025-09-24,31827.0,0.0,0,Paid
9971,9971,1055,2025-09-17,36633.0,0.0,0,Paid
9972,9972,1042,2025-09-11,66939.0,0.0,0,Paid
9973,9973,1096,2025-10-13,88358.0,0.0,0,Paid
9974,9974,1028,2025-10-08,84479.0,0.0,0,Paid
9975,9975,1020,2025-09-28,32763.0,0.0,0,Paid
9976,9976,1052,2025-09-26,38830.0,0.0,0,Paid
9977,9977,1053,2025-10-06,41287.0,0.0,0,Paid
9978,9978,1116,2025-10-05,77621.0,0.0,0,Paid
9979,9979,1095,2025-10-10,200910.0,0.0,0,Paid
9980,9980,1075,2025-09-16,63632.0,0.0,0,Paid
9981,9981,1106,2025-10-12,78018.0,0.0,0,Paid
9982,9982,1036,,0,39372.0,107,Open
9983,9983,1103,2025-10-14,84900.0,0.0,0,Paid
9984,9984,1035,2025-10-10,19568.0,0.0,0,Paid
9985,9985,1038,2025-10-15,57040.0,0.0,0,Paid
9986,9986,1061,2025-10-02,109030.0,0.0,0,Paid
9987,9987,1024,2025-09-19,89254.0,0.0,0,Paid
9988,9988,1104,2025-09-25,78945.0,0.0,0,Paid
9989,9989,1125,2025-10-09,52688.0,0.0,0,Paid
9990,9990,1030,2025-10-28,88102.0,0.0,0,Paid
9991,9991,1013,2025-10-19,16709.0,0.0,0,Paid
9992,9992,1042,2025-09-29,17118.0,0.0,0,Paid
9993,9993,1061,2025-11-21,51045.0,0.0,0,Paid
9994,9994,1028,2025-09-14,20583.0,0.0,0,Paid
9995,9995,1087,2025-10-10,34186.0,0.0,0,Paid
9996,9996,1087,2025-09-28,120287.0,0.0,0,Paid
9997,9997,1049,2025-10-11,207333.0,0.0,0,Paid
9998,9998,1090,2025-10-15,59137.0,0.0,0,Paid
9999,9999,1032,2025-10-13,21151.0,0.0,0,Paid
10000,10000,1063,2025-09-21,81667.0,0.0,0,Paid
10001,10001,1089,2025-10-06,106803.0,0.0,0,Paid
10002,10002,1076,2025-11-17,31006.0,0.0,0,Paid
10003,10003,1089,2025-10-03,40931.0,0.0,0,Paid
10004,10004,1072,2025-10-12,66757.0,0.0,0,Paid
10005,10005,1097,2025-10-01,100713.0,0.0,0,Paid
10006,10006,1121,2025-10-23,51257.0,0.0,0,Paid
10007,10007,1039,,0,37841.0,77,Open
10008,10008,1124,2025-10-15,61721.0,0.0,0,Paid
10009,10009,1089,2025-10-20,66456.0,0.0,0,Paid
10010,10010,1035,2025-10-12,37290.0,0.0,0,Paid
10011,10011,1097,2025-10-17,37779.0,0.0,0,Paid
10012,10012,1090,,0,79470.0,91,Open
10013,10013,1118,2025-09-29,17558.0,0.0,0,Paid
10014,10014,1068,2025-10-15,179522.0,0.0,0,Paid
10015,10015,1085,2025-10-28,110260.0,0.0,0,Paid
10016,10016,1019,,0,53465.0,77,Open
10017,10017,1022,2025-09-30,37901.0,0.0,0,Paid
10018,10018,1057,2025-09-19,28339.0,0.0,0,Paid
10019,10019,1096,2025-09-27,123533.0,0.0,0,Paid
10020,10020,1114,2025-10-06,52442.0,0.0,0,Paid
10021,10021,1082,2025-10-18,50885.0,0.0,0,Paid
10022,10022,1001,2025-09-19,20198.0,0.0,0,Paid
10023,10023,1038,2025-09-11,60334.0,0.0,0,Paid
10024,10024,1078,2025-11-01,50785.0,0.0,0,Paid
10025,10025,1054,2025-10-28,32920.0,0.0,0,Paid
10026,10026,1012,2025-09-26,94104.0,0.0,0,Paid
10027,10027,1026,2025-09-16,42305.0,0.0,0,Paid
10028,10028,1043,2025-09-24,58533.0,0.0,0,Paid
10029,10029,1027,2025-09-25,24675.0,0.0,0,Paid
10030,10030,1066,2025-09-11,37373.0,0.0,0,Paid
10031,10031,1088,2025-10-06,58612.0,0.0,0,Paid
10032,10032,1078,2025-09-18,55343.0,0.0,0,Paid
10033,10033,1051,,32761.0,17719.0,90,Open
10034,10034,1043,2025-10-15,76881.0,0.0,0,Paid
10035,10035,1054,2025-09-29,66951.0,0.0,0,Paid
10036,10036,1060,2025-09-16,39333.0,0.0,0,Paid
10037,10037,1044,2025-10-02,276440.0,0.0,0,Paid
10038,10038,1078,2025-10-19,21499.0,0.0,0,Paid
10039,10039,1044,2025-11-09,35705.0,0.0,0,Paid
10040,10040,1069,,0,66732.0,90,Open
10041,10041,1020,2025-10-14,49660.0,0.0,0,Paid
10042,10042,1016,2025-10-27,24705.0,0.0,0,Paid
10043,10043,1011,2025-09-20,17382.0,0.0,0,Paid
10044,10044,1021,,0,32433.0,76,Open
10045,10045,1075,,0,83807.0,106,Open
10046,10046,1117,2025-09-19,45574.0,0.0,0,Paid
10047,10047,1122,2025-09-29,97669.0,0.0,0,Paid
10048,10048,1063,2025-09-24,47079.0,0.0,0,Paid
10049,10049,1118,2025-09-24,57359.0,0.0,0,Paid
10050,10050,1105,2025-09-29,39558.0,0.0,0,Paid
10051,10051,1104,,0,82848.0,88,Open
10052,10052,1001,2025-10-09,25483.0,0.0,0,Paid
10053,10053,1013,2025-10-22,51338.0,0.0,0,Paid
10054,10054,1106,2025-09-10,21917.0,0.0,0,Paid
10055,10055,1006,2025-10-02,42616.0,0.0,0,Paid
10056,10056,1007,2025-09-12,61307.0,0.0,0,Paid
10057,10057,1012,2025-10-07,43824.0,0.0,0,Paid
10058,10058,1023,,0,24156.0,92,Open
10059,10059,1033,2025-10-01,57617.0,0.0,0,Paid
10060,10060,1079,2025-10-20,97992.0,0.0,0,Paid
10061,10061,1065,2025-10-27,82688.0,0.0,0,Paid
10062,10062,1123,2025-10-09,43027.0,0.0,0,Paid
10063,10063,1070,2025-10-03,33529.0,0.0,0,Paid
10064,10064,1026,2025-09-30,20863.0,0.0,0,Paid
10065,10065,1115,2025-10-17,86062.0,0.0,0,Paid
10066,10066,1009,2025-11-06,54079.0,0.0,0,Paid
10067,10067,1072,2025-10-24,23317.0,0.0,0,Paid
10068,10068,1055,2025-10-11,17138.0,0.0,0,Paid
10069,10069,1034,,0,86008.0,106,Open
10070,10070,1096,2025-10-11,53597.0,0.0,0,Paid
10071,10071,1088,,0,132952.0,104,Open
10072,10072,1027,2025-10-25,106039.0,0.0,0,Paid
10073,10073,1123,,0,51573.0,105,Open
10074,10074,1015,2025-10-21,73787.0,0.0,0,Paid
10075,10075,1021,2025-10-06,45925.0,0.0,0,Paid
10076,10076,1022,2025-10-16,37772.0,0.0,0,Paid
10077,10077,1060,2025-10-05,35020.0,0.0,0,Paid
10078,10078,1004,2025-10-21,120951.0,0.0,0,Paid
10079,10079,1119,2025-09-30,122963.0,0.0,0,Paid
10080,10080,1088,,111298.0,51334.0,103,Open
10081,10081,1103,2025-10-03,14590.0,0.0,0,Paid
10082,10082,1046,2025-10-22,147485.0,0.0,0,Paid
10083,10083,1009,2025-11-03,17557.0,0.0,0,Paid
10084,10084,1024,2025-10-16,81970.0,0.0,0,Paid
10085,10085,1090,2025-10-23,27140.0,0.0,0,Paid
10086,10086,1034,2025-09-25,19138.0,0.0,0,Paid
10087,10087,1061,2025-10-12,37102.0,0.0,0,Paid
10088,10088,1083,2025-10-27,55943.0,0.0,0,Paid
10089,10089,1099,2025-09-28,20330.0,0.0,0,Paid
10090,10090,1074,2025-11-09,37296.0,0.0,0,Paid
10091,10091,1012,2025-10-03,119604.0,0.0,0,Paid
10092,10092,1024,2025-09-27,82828.0,0.0,0,Paid
10093,10093,1028,2025-09-30,115254.0,0.0,0,Paid
10094,10094,1074,2025-10-23,36460.0,0.0,0,Paid
10095,10095,1022,,0,33165.0,90,Open
10096,10096,1004,2025-10-10,34023.0,0.0,0,Paid
10097,10097,1082,2025-11-23,46026.0,0.0,0,Paid
10098,10098,1039,2025-09-28,94570.0,0.0,0,Paid
10099,10099,1077,2025-10-26,76417.0,0.0,0,Paid
10100,10100,1089,2025-09-27,42770.0,0.0,0,Paid
10101,10101,1025,2025-09-19,151883.0,0.0,0,Paid
10102,10102,1079,,0,23925.0,76,Open
10103,10103,1115,2025-11-04,17391.0,0.0,0,Paid
10104,10104,1027,,47605.0,60874.0,88,Open
10105,10105,1007,2025-10-11,58493.0,0.0,0,Paid
10106,10106,1117,2025-09-28,41971.0,0.0,0,Paid
10107,10107,1044,2025-11-05,56445.0,0.0,0,Paid
10108,10108,1056,2025-10-18,88406.0,0.0,0,Paid
10109,10109,1098,2025-10-20,16238.0,0.0,0,Paid
10110,10110,1003,2025-10-07,88453.0,0.0,0,Paid
10111,10111,1050,2025-10-02,43984.0,0.0,0,Paid
10112,10112,1063,2025-10-03,56007.0,0.0,0,Paid
10113,10113,1028,2025-10-17,22407.0,0.0,0,Paid
10114,10114,1122,2025-10-10,31251.0,0.0,0,Paid
10115,10115,1022,2025-10-03,23736.0,0.0,0,Paid
10116,10116,1005,2025-10-08,64456.0,0.0,0,Paid
10117,10117,1064,2025-10-08,48577.0,0.0,0,Paid
10118,10118,1109,2025-11-23,12529.0,0.0,0,Paid
10119,10119,1045,2025-11-16,25773.0,0.0,0,Paid
10120,10120,1046,,0,77446.0,72,Open
10121,10121,1116,2025-10-27,69398.0,0.0,0,Paid
10122,10122,1001,2025-09-19,54465.0,0.0,0,Paid
10123,10123,1060,,0,27575.0,74,Open
10124,10124,1036,2025-10-27,51374.0,0.0,0,Paid
10125,10125,1018,2025-10-09,23077.0,0.0,0,Paid
10126,10126,1059,2025-10-06,64331.0,0.0,0,Paid
10127,10127,1080,,0,44792.0,102,Open
10128,10128,1101,2025-09-29,39792.0,0.0,0,Paid
10129,10129,1050,2025-10-08,119488.0,0.0,0,Paid
10130,10130,1024,2025-10-25,40288.0,0.0,0,Paid
10131,10131,1043,2025-10-02,15727.0,0.0,0,Paid
10132,10132,1004,2025-10-14,40683.0,0.0,0,Paid
10133,10133,1105,2025-10-10,21134.0,0.0,0,Paid
10134,10134,1087,2025-10-05,12780.0,0.0,0,Paid
10135,10135,1018,2025-10-04,19957.0,0.0,0,Paid
10136,10136,1093,2025-10-08,50566.0,0.0,0,Paid
10137,10137,1081,2025-10-15,51343.0,0.0,0,Paid
10138,10138,1077,2025-10-05,40880.0,0.0,0,Paid
10139,10139,1070,2025-09-29,21112.0,0.0,0,Paid
10140,10140,1030,2025-11-02,44391.0,0.0,0,Paid
10141,10141,1088,2025-10-17,39751.0,0.0,0,Paid
10142,10142,1045,2025-09-20,52176.0,0.0,0,Paid
10143,10143,1019,2025-10-13,12456.0,0.0,0,Paid
10144,10144,1042,2025-10-08,35989.0,0.0,0,Paid
10145,10145,1064,2025-09-28,21834.0,0.0,0,Paid
10146,10146,1037,2025-09-30,50607.0,0.0,0,Paid
10147,10147,1109,2025-11-12,43444.0,0.0,0,Paid
10148,10148,1086,2025-10-04,25588.0,0.0,0,Paid
10149,10149,1078,2025-10-15,38065.0,0.0,0,Paid
10150,10150,1124,,15085.0,15961.0,88,Open
10151,10151,1079,2025-09-28,10676.0,0.0,0,Paid
10152,10152,1046,2025-10-28,64083.0,0.0,0,Paid
10153,10153,1092,2025-09-21,15766.0,0.0,0,Paid
10154,10154,1066,2025-11-03,12374.0,0.0,0,Paid
10155,10155,1042,2025-10-22,26403.0,0.0,0,Paid
10156,10156,1005,2025-11-02,11997.0,0.0,0,Paid
10157,10157,1114,2025-10-04,20070.0,0.0,0,Paid
10158,10158,1060,,0,11234.0,89,Open
10159,10159,1107,2025-10-18,144826.0,0.0,0,Paid
10160,10160,1052,2025-10-02,189304.0,0.0,0,Paid
10161,10161,1015,2025-10-05,35461.0,0.0,0,Paid
10162,10162,1111,2025-10-21,23336.0,0.0,0,Paid
10163,10163,1100,2025-10-04,34409.0,0.0,0,Paid
10164,10164,1095,2025-10-17,63276.0,0.0,0,Paid
10165,10165,1017,2025-10-25,25497.0,0.0,0,Paid
10166,10166,1073,2025-10-10,51069.0,0.0,0,Paid
10167,10167,1056,2025-11-06,82548.0,0.0,0,Paid
10168,10168,1002,2025-10-27,88446.0,0.0,0,Paid
10169,10169,1085,,0,12578.0,104,Open
10170,10170,1091,2025-10-25,52511.0,0.0,0,Paid
10171,10171,1100,2025-11-05,73618.0,0.0,0,Paid
10172,10172,1119,2025-10-11,37084.0,0.0,0,Paid
10173,10173,1046,2025-10-11,35851.0,0.0,0,Paid
10174,10174,1094,2025-09-28,37823.0,0.0,0,Paid
10175,10175,1064,2025-09-16,38281.0,0.0,0,Paid
10176,10176,1110,2025-09-30,25012.0,0.0,0,Paid
10177,10177,1030,2025-09-14,15038.0,0.0,0,Paid
10178,10178,1013,2025-10-18,71617.0,0.0,0,Paid
10179,10179,1116,2025-10-22,11203.0,0.0,0,Paid
10180,10180,1065,,12908.0,23834.0,72,Open
10181,10181,1096,2025-10-06,34075.0,0.0,0,Paid
10182,10182,1009,,0,58729.0,72,Open
10183,10183,1007,2025-10-30,55575.0,0.0,0,Paid
10184,10184,1038,2025-10-03,136980.0,0.0,0,Paid
10185,10185,1015,2025-09-24,52499.0,0.0,0,Paid
10186,10186,1033,2025-09-22,36224.0,0.0,0,Paid
10187,10187,1005,2025-10-10,35401.0,0.0,0,Paid
10188,10188,1003,2025-10-30,151068.0,0.0,0,Paid
10189,10189,1066,2025-09-30,40882.0,0.0,0,Paid
10190,10190,1070,,7382.0,3977.0,89,Open
10191,10191,1029,,0,90745.0,87,Open
10192,10192,1033,2025-10-18,72714.0,0.0,0,Paid
10193,10193,1108,2025-10-19,62293.0,0.0,0,Paid
10194,10194,1012,2025-10-13,32555.0,0.0,0,Paid
10195,10195,1065,2025-10-21,18035.0,0.0,0,Paid
10196,10196,1113,2025-10-19,11198.0,0.0,0,Paid
10197,10197,1071,2025-10-14,11191.0,0.0,0,Paid
10198,10198,1012,2025-10-09,10222.0,0.0,0,Paid
10199,10199,1018,2025-10-18,24028.0,0.0,0,Paid
10200,10200,1059,2025-10-07,79826.0,0.0,0,Paid
10201,10201,1086,2025-10-27,99715.0,0.0,0,Paid
10202,10202,1017,,27457.0,32191.0,87,Open
10203,10203,1013,2025-11-15,34779.0,0.0,0,Paid
10204,10204,1049,2025-09-22,13142.0,0.0,0,Paid
10205,10205,1076,2025-10-16,51424.0,0.0,0,Paid
10206,10206,1068,2025-10-15,24660.0,0.0,0,Paid
10207,10207,1117,2025-09-27,49375.0,0.0,0,Paid
10208,10208,1019,2025-10-29,20320.0,0.0,0,Paid
10209,10209,1063,2025-09-30,24913.0,0.0,0,Paid
10210,10210,1087,2025-10-15,40086.0,0.0,0,Paid
10211,10211,1121,2025-09-16,35456.0,0.0,0,Paid
10212,10212,1037,2025-09-30,21538.0,0.0,0,Paid
10213,10213,1009,2025-10-27,11404.0,0.0,0,Paid
10214,10214,1018,2025-11-04,95761.0,0.0,0,Paid
10215,10215,1049,2025-10-07,34885.0,0.0,0,Paid
10216,10216,1030,2025-10-15,11596.0,0.0,0,Paid
10217,10217,1020,2025-10-16,22702.0,0.0,0,Paid
10218,10218,1100,2025-10-22,49459.0,0.0,0,Paid
10219,10219,1079,2025-09-30,25757.0,0.0,0,Paid
10220,10220,1017,2025-10-04,27440.0,0.0,0,Paid
10221,10221,1020,2025-11-08,92586.0,0.0,0,Paid
10222,10222,1125,2025-10-02,12594.0,0.0,0,Paid
10223,10223,1036,2025-10-11,57138.0,0.0,0,Paid
10224,10224,1024,2025-10-11,14831.0,0.0,0,Paid
10225,10225,1117,,0,47894.0,85,Open
10226,10226,1062,2025-10-11,24536.0,0.0,0,Paid
10227,10227,1118,,0,34333.0,86,Open
10228,10228,1116,2025-09-30,49822.0,0.0,0,Paid
10229,10229,1001,2025-10-24,33996.0,0.0,0,Paid
10230,10230,1082,2025-10-21,67716.0,0.0,0,Paid
10231,10231,1125,2025-10-22,25641.0,0.0,0,Paid
10232,10232,1068,2025-11-06,12304.0,0.0,0,Paid
10233,10233,1008,2025-10-17,57839.0,0.0,0,Paid
10234,10234,1091,2025-09-23,19084.0,0.0,0,Paid
10235,10235,1013,2025-11-24,39788.0,0.0,0,Paid
10236,10236,1072,2025-10-26,62278.0,0.0,0,Paid
10237,10237,1083,2025-11-01,38143.0,0.0,0,Paid
10238,10238,1115,2025-10-26,13659.0,0.0,0,Paid
10239,10239,1026,2025-10-21,22107.0,0.0,0,Paid
10240,10240,1017,2025-10-16,24708.0,0.0,0,Paid
10241,10241,1112,2025-10-12,20626.0,0.0,0,Paid
10242,10242,1106,2025-10-12,82395.0,0.0,0,Paid
10243,10243,1111,2025-10-21,54320.0,0.0,0,Paid
10244,10244,1015,2025-10-25,24460.0,0.0,0,Paid
10245,10245,1030,2025-10-18,12869.0,0.0,0,Paid
10246,10246,1040,2025-10-05,18714.0,0.0,0,Paid
10247,10247,1095,2025-10-11,24391.0,0.0,0,Paid
10248,10248,1047,2025-10-01,25965.0,0.0,0,Paid
10249,10249,1056,2025-09-19,62419.0,0.0,0,Paid
10250,10250,1065,2025-10-07,127409.0,0.0,0,Paid
10251,10251,1021,2025-10-20,91956.0,0.0,0,Paid
10252,10252,1050,2025-10-16,24823.0,0.0,0,Paid
10253,10253,1019,2025-10-30,39271.0,0.0,0,Paid
10254,10254,1064,2025-10-18,64563.0,0.0,0,Paid
10255,10255,1046,2025-10-05,31700.0,0.0,0,Paid
10256,10256,1036,2025-10-14,24607.0,0.0,0,Paid
10257,10257,1057,2025-10-19,11034.0,0.0,0,Paid
10258,10258,1044,2025-10-28,12924.0,0.0,0,Paid
10259,10259,1005,2025-10-20,65091.0,0.0,0,Paid
10260,10260,1040,2025-10-08,21292.0,0.0,0,Paid
10261,10261,1083,2025-10-16,39509.0,0.0,0,Paid
10262,10262,1012,2025-09-30,14477.0,0.0,0,Paid
10263,10263,1047,2025-10-09,36792.0,0.0,0,Paid
10264,10264,1023,2025-09-23,73266.0,0.0,0,Paid
10265,10265,1053,2025-09-30,18923.0,0.0,0,Paid
10266,10266,1018,2025-10-10,46172.0,0.0,0,Paid
10267,10267,1112,2025-09-24,39614.0,0.0,0,Paid
10268,10268,1057,2025-10-12,38776.0,0.0,0,Paid
10269,10269,1087,,4671.0,7200.0,87,Open
10270,10270,1020,,0,34270.0,85,Open
10271,10271,1103,2025-10-05,21633.0,0.0,0,Paid
10272,10272,1029,2025-10-03,57652.0,0.0,0,Paid
10273,10273,1048,2025-10-01,59198.0,0.0,0,Paid
10274,10274,1046,2025-10-04,23286.0,0.0,0,Paid
10275,10275,1057,2025-10-27,105008.0,0.0,0,Paid
10276,10276,1058,2025-10-05,64933.0,0.0,0,Paid
10277,10277,1050,2025-09-25,61563.0,0.0,0,Paid
10278,10278,1002,2025-09-30,14294.0,0.0,0,Paid
10279,10279,1038,2025-10-09,25015.0,0.0,0,Paid
10280,10280,1077,2025-10-14,16275.0,0.0,0,Paid
10281,10281,1069,2025-10-25,26459.0,0.0,0,Paid
10282,10282,1080,2025-12-02,12248.0,0.0,0,Paid
10283,10283,1038,2025-09-20,165215.0,0.0,0,Paid
10284,10284,1117,2025-11-16,69350.0,0.0,0,Paid
10285,10285,1044,2025-10-01,24836.0,0.0,0,Paid
10286,10286,1024,2025-09-19,47242.0,0.0,0,Paid
10287,10287,1036,2025-09-21,24134.0,0.0,0,Paid
10288,10288,1003,2025-10-21,26773.0,0.0,0,Paid
10289,10289,1008,2025-11-02,15897.0,0.0,0,Paid
10290,10290,1068,2025-11-11,41608.0,0.0,0,Paid
10291,10291,1065,2025-09-19,28712.0,0.0,0,Paid
10292,10292,1042,,0,56404.0,68,Open
10293,10293,1099,2025-10-15,21577.0,0.0,0,Paid
10294,10294,1094,2025-10-02,33953.0,0.0,0,Paid
10295,10295,1109,2025-09-17,14122.0,0.0,0,Paid
10296,10296,1062,2025-10-19,24473.0,0.0,0,Paid
10297,10297,1042,2025-09-24,20622.0,0.0,0,Paid
10298,10298,1067,2025-09-29,40219.0,0.0,0,Paid
10299,10299,1041,2025-10-16,101442.0,0.0,0,Paid
10300,10300,1068,2025-10-21,38325.0,0.0,0,Paid
10301,10301,1114,2025-10-09,43603.0,0.0,0,Paid
10302,10302,1123,2025-10-24,37299.0,0.0,0,Paid
10303,10303,1053,2025-11-01,100664.0,0.0,0,Paid
10304,10304,1079,,0,30205.0,85,Open
10305,10305,1113,2025-10-25,36049.0,0.0,0,Paid
10306,10306,1124,2025-10-16,13853.0,0.0,0,Paid
10307,10307,1099,2025-11-06,138316.0,0.0,0,Paid
10308,10308,1047,2025-10-02,40183.0,0.0,0,Paid
10309,10309,1088,2025-10-16,11148.0,0.0,0,Paid
10310,10310,1053,2025-10-06,18750.0,0.0,0,Paid
10311,10311,1107,2025-11-01,55400.0,0.0,0,Paid
10312,10312,1028,2025-10-06,25144.0,0.0,0,Paid
10313,10313,1029,2025-10-05,9945.0,0.0,0,Paid
10314,10314,1006,2025-09-20,34025.0,0.0,0,Paid
10315,10315,1025,2025-10-12,11548.0,0.0,0,Paid
10316,10316,1013,2025-10-15,70784.0,0.0,0,Paid
10317,10317,1008,2025-10-08,35523.0,0.0,0,Paid
10318,10318,1014,2025-10-08,32229.0,0.0,0,Paid
10319,10319,1058,2025-10-06,69490.0,0.0,0,Paid
10320,10320,1003,2025-09-20,12019.0,0.0,0,Paid
10321,10321,1105,2025-10-04,48619.0,0.0,0,Paid
10322,10322,1066,2025-10-27,13150.0,0.0,0,Paid
10323,10323,1101,2025-09-27,23040.0,0.0,0,Paid
10324,10324,1068,2025-09-23,38079.0,0.0,0,Paid
10325,10325,1006,,0,68926.0,98,Open
10326,10326,1018,2025-10-12,14187.0,0.0,0,Paid
10327,10327,1072,2025-11-03,13560.0,0.0,0,Paid
10328,10328,1096,2025-10-12,132824.0,0.0,0,Paid
10329,10329,1098,2025-10-26,47490.0,0.0,0,Paid
10330,10330,1035,2025-10-24,48255.0,0.0,0,Paid
10331,10331,1118,2025-09-25,19130.0,0.0,0,Paid
10332,10332,1015,2025-10-03,22480.0,0.0,0,Paid
10333,10333,1103,2025-10-15,13300.0,0.0,0,Paid
10334,10334,1020,2025-10-10,115729.0,0.0,0,Paid
10335,10335,1018,2025-10-13,26363.0,0.0,0,Paid
10336,10336,1056,2025-10-12,85816.0,0.0,0,Paid
10337,10337,1063,2025-11-07,12118.0,0.0,0,Paid
10338,10338,1105,2025-10-06,40638.0,0.0,0,Paid
10339,10339,1021,2025-10-02,18918.0,0.0,0,Paid
10340,10340,1085,2025-11-03,74099.0,0.0,0,Paid
10341,10341,1103,2025-10-18,20646.0,0.0,0,Paid
10342,10342,1108,2025-11-28,20768.0,0.0,0,Paid
10343,10343,1038,2025-10-27,27637.0,0.0,0,Paid
10344,10344,1048,2025-10-25,12675.0,0.0,0,Paid
10345,10345,1042,2025-09-21,11617.0,0.0,0,Paid
10346,10346,1020,2025-09-18,27284.0,0.0,0,Paid
10347,10347,1027,2025-11-10,10931.0,0.0,0,Paid
10348,10348,1058,,11069.0,25386.0,99,Open
10349,10349,1036,2025-10-04,41097.0,0.0,0,Paid
10350,10350,1064,2025-10-03,49136.0,0.0,0,Paid
10351,10351,1107,2025-10-11,40083.0,0.0,0,Paid
10352,10352,1054,2025-11-01,46375.0,0.0,0,Paid
10353,10353,1023,2025-10-11,20060.0,0.0,0,Paid
10354,10354,1056,2025-10-05,38100.0,0.0,0,Paid
10355,10355,1006,2025-10-22,30335.0,0.0,0,Paid
10356,10356,1054,2025-10-19,38771.0,0.0,0,Paid
10357,10357,1042,2025-11-26,65540.0,0.0,0,Paid
10358,10358,1117,2025-10-09,66366.0,0.0,0,Paid
10359,10359,1116,2025-10-22,27943.0,0.0,0,Paid
10360,10360,1022,2025-10-25,18162.0,0.0,0,Paid
10361,10361,1109,,0,38482.0,67,Open
10362,10362,1100,2025-10-27,11964.0,0.0,0,Paid
10363,10363,1094,2025-10-16,28152.0,0.0,0,Paid
10364,10364,1040,2025-11-01,18099.0,0.0,0,Paid
10365,10365,1081,,0,54797.0,67,Open
10366,10366,1004,2025-10-03,12499.0,0.0,0,Paid
10367,10367,1042,,0,18340.0,99,Open
10368,10368,1046,,0,71846.0,81,Open
10369,10369,1018,2025-11-10,29832.0,0.0,0,Paid
10370,10370,1093,2025-10-27,31774.0,0.0,0,Paid
10371,10371,1100,2025-09-23,13440.0,0.0,0,Paid
10372,10372,1054,2025-11-15,27331.0,0.0,0,Paid
10373,10373,1020,2025-10-20,91564.0,0.0,0,Paid
10374,10374,1108,,0,97021.0,80,Open
10375,10375,1082,2025-10-17,37149.0,0.0,0,Paid
10376,10376,1047,2025-12-04,41452.0,0.0,0,Paid
10377,10377,1015,2025-09-19,42975.0,0.0,0,Paid
10378,10378,1014,2025-11-23,42202.0,0.0,0,Paid
10379,10379,1021,2025-09-20,50546.0,0.0,0,Paid
10380,10380,1113,2025-10-17,18687.0,0.0,0,Paid
10381,10381,1115,,0,32689.0,83,Open
10382,10382,1048,2025-09-26,59602.0,0.0,0,Paid
10383,10383,1112,2025-10-20,79711.0,0.0,0,Paid
10384,10384,1078,2025-10-05,29713.0,0.0,0,Paid
10385,10385,1029,2025-09-21,15337.0,0.0,0,Paid
10386,10386,1049,,0,11361.0,68,Open
10387,10387,1083,2025-10-22,23880.0,0.0,0,Paid
10388,10388,1111,2025-10-04,13153.0,0.0,0,Paid
10389,10389,1057,2025-10-08,11286.0,0.0,0,Paid
10390,10390,1096,2025-10-26,13189.0,0.0,0,Paid
10391,10391,1065,2025-10-13,13001.0,0.0,0,Paid
10392,10392,1109,2025-10-14,94376.0,0.0,0,Paid
10393,10393,1038,2025-10-04,26316.0,0.0,0,Paid
10394,10394,1094,2025-10-29,12466.0,0.0,0,Paid
10395,10395,1065,2025-10-19,10402.0,0.0,0,Paid
10396,10396,1064,2025-10-21,56185.0,0.0,0,Paid
10397,10397,1093,2025-10-11,34435.0,0.0,0,Paid
10398,10398,1085,2025-10-03,18566.0,0.0,0,Paid
10399,10399,1038,2025-10-12,13329.0,0.0,0,Paid
10400,10400,1106,2025-09-21,18629.0,0.0,0,Paid
10401,10401,1059,2025-10-04,11699.0,0.0,0,Paid
10402,10402,1037,2025-10-05,51864.0,0.0,0,Paid
10403,10403,1084,2025-10-31,40679.0,0.0,0,Paid
10404,10404,1079,2025-11-01,25231.0,0.0,0,Paid
10405,10405,1061,2025-10-19,13296.0,0.0,0,Paid
10406,10406,1084,2025-10-15,13798.0,0.0,0,Paid
10407,10407,1070,2025-11-15,12557.0,0.0,0,Paid
10408,10408,1101,2025-10-11,49025.0,0.0,0,Paid
10409,10409,1119,2025-10-19,24087.0,0.0,0,Paid
10410,10410,1084,,0,68479.0,81,Open
10411,10411,1043,2025-10-09,19771.0,0.0,0,Paid
10412,10412,1108,2025-10-10,25844.0,0.0,0,Paid
10413,10413,1023,2025-10-24,90655.0,0.0,0,Paid
10414,10414,1005,2025-10-06,30975.0,0.0,0,Paid
10415,10415,1015,2025-10-05,51640.0,0.0,0,Paid
10416,10416,1026,2025-10-15,24266.0,0.0,0,Paid
10417,10417,1012,,0,46884.0,94,Open
10418,10418,1071,2025-11-02,24311.0,0.0,0,Paid
10419,10419,1122,2025-10-31,38236.0,0.0,0,Paid
10420,10420,1090,2025-10-22,34960.0,0.0,0,Paid
10421,10421,1106,2025-10-01,60026.0,0.0,0,Paid
10422,10422,1023,2025-10-10,45941.0,0.0,0,Paid
10423,10423,1036,2025-10-14,13180.0,0.0,0,Paid
10424,10424,1056,2025-10-17,36674.0,0.0,0,Paid
10425,10425,1054,2025-11-08,10957.0,0.0,0,Paid
10426,10426,1072,,0,46904.0,80,Open
10427,10427,1051,2025-10-28,37939.0,0.0,0,Paid
10428,10428,1076,2025-10-17,56086.0,0.0,0,Paid
10429,10429,1079,2025-10-01,49578.0,0.0,0,Paid
10430,10430,1094,2025-11-13,59072.0,0.0,0,Paid
10431,10431,1036,2025-09-24,73757.0,0.0,0,Paid
10432,10432,1031,2025-10-25,23963.0,0.0,0,Paid
10433,10433,1091,2025-10-01,31471.0,0.0,0,Paid
10434,10434,1050,2025-10-07,19965.0,0.0,0,Paid
10435,10435,1101,2025-11-16,15453.0,0.0,0,Paid
10436,10436,1032,2025-10-24,12108.0,0.0,0,Paid
10437,10437,1019,2025-10-21,31612.0,0.0,0,Paid
10438,10438,1052,2025-09-21,15584.0,0.0,0,Paid
10439,10439,1103,,0,29861.0,80,Open
10440,10440,1086,2025-10-13,98376.0,0.0,0,Paid
10441,10441,1026,2025-10-11,12656.0,0.0,0,Paid
10442,10442,1044,2025-09-24,31759.0,0.0,0,Paid
10443,10443,1038,2025-11-09,97080.0,0.0,0,Paid
10444,10444,1106,2025-11-13,47282.0,0.0,0,Paid
10445,10445,1052,,0,90100.0,80,Open
10446,10446,1114,2025-10-27,39163.0,0.0,0,Paid
10447,10447,1059,2025-10-06,25441.0,0.0,0,Paid
10448,10448,1059,2025-09-25,33206.0,0.0,0,Paid
10449,10449,1044,2025-10-19,27967.0,0.0,0,Paid
10450,10450,1074,2025-10-18,29976.0,0.0,0,Paid
10451,10451,1047,2025-11-08,41526.0,0.0,0,Paid
10452,10452,1048,2025-10-31,29939.0,0.0,0,Paid
10453,10453,1050,2025-11-03,38315.0,0.0,0,Paid
10454,10454,1009,2025-11-01,21516.0,0.0,0,Paid
10455,10455,1108,2025-10-24,13808.0,0.0,0,Paid
10456,10456,1075,2025-10-09,21967.0,0.0,0,Paid
10457,10457,1113,,0,62092.0,95,Open
10458,10458,1050,2025-10-16,39669.0,0.0,0,Paid
10459,10459,1076,2025-10-22,37493.0,0.0,0,Paid
10460,10460,1013,2025-10-07,40265.0,0.0,0,Paid
10461,10461,1108,2025-10-07,36278.0,0.0,0,Paid
10462,10462,1053,2025-10-19,115947.0,0.0,0,Paid
10463,10463,1010,2025-10-06,11133.0,0.0,0,Paid
10464,10464,1124,2025-10-10,27786.0,0.0,0,Paid
10465,10465,1041,2025-10-13,49329.0,0.0,0,Paid
10466,10466,1017,2025-10-18,19159.0,0.0,0,Paid
10467,10467,1014,2025-11-02,33488.0,0.0,0,Paid
10468,10468,1011,2025-11-28,106432.0,0.0,0,Paid
10469,10469,1011,2025-09-26,40249.0,0.0,0,Paid
10470,10470,1031,2025-10-30,91851.0,0.0,0,Paid
10471,10471,1063,2025-10-14,40346.0,0.0,0,Paid
10472,10472,1032,2025-09-24,38688.0,0.0,0,Paid
10473,10473,1012,2025-10-27,46798.0,0.0,0,Paid
10474,10474,1100,2025-10-05,98168.0,0.0,0,Paid
10475,10475,1059,2025-10-22,20406.0,0.0,0,Paid
10476,10476,1023,2025-10-14,12431.0,0.0,0,Paid
10477,10477,1025,,25701.0,38658.0,78,Open
10478,10478,1002,2025-10-13,12983.0,0.0,0,Paid
10479,10479,1109,2025-10-27,19010.0,0.0,0,Paid
10480,10480,1055,2025-10-12,31324.0,0.0,0,Paid
10481,10481,1019,2025-10-18,21182.0,0.0,0,Paid
10482,10482,1072,2025-10-26,56331.0,0.0,0,Paid
10483,10483,1070,2025-12-09,17774.0,0.0,0,Paid
10484,10484,1006,2025-09-28,119193.0,0.0,0,Paid
10485,10485,1040,2025-10-24,49210.0,0.0,0,Paid
10486,10486,1091,2025-11-09,35038.0,0.0,0,Paid
10487,10487,1096,2025-10-07,16241.0,0.0,0,Paid
10488,10488,1062,2025-10-13,24762.0,0.0,0,Paid
10489,10489,1083,2025-10-07,24219.0,0.0,0,Paid
10490,10490,1100,2025-10-29,98804.0,0.0,0,Paid
10491,10491,1059,2025-10-17,21200.0,0.0,0,Paid
10492,10492,1125,2025-11-09,30519.0,0.0,0,Paid
10493,10493,1122,2025-10-29,33407.0,0.0,0,Paid
10494,10494,1064,2025-09-26,20140.0,0.0,0,Paid
10495,10495,1057,,0,73989.0,62,Open
10496,10496,1109,2025-10-13,55473.0,0.0,0,Paid
10497,10497,1075,,0,48998.0,92,Open
10498,10498,1015,2025-10-28,11677.0,0.0,0,Paid
10499,10499,1118,2025-10-12,91474.0,0.0,0,Paid
10500,10500,1095,2025-10-13,23201.0,0.0,0,Paid
10501,10501,1026,2025-11-02,18478.0,0.0,0,Paid
10502,10502,1118,2025-10-10,86078.0,0.0,0,Paid
10503,10503,1056,2025-10-12,11941.0,0.0,0,Paid
10504,10504,1120,2025-10-21,20227.0,0.0,0,Paid
10505,10505,1060,2025-10-28,25362.0,0.0,0,Paid
10506,10506,1110,2025-10-29,34525.0,0.0,0,Paid
10507,10507,1090,2025-10-26,48756.0,0.0,0,Paid
10508,10508,1077,2025-11-08,15337.0,0.0,0,Paid
10509,10509,1112,,0,45635.0,62,Open
10510,10510,1117,2025-10-31,78661.0,0.0,0,Paid
10511,10511,1003,,0,71487.0,78,Open
10512,10512,1100,2025-09-28,32065.0,0.0,0,Paid
10513,10513,1051,2025-10-02,16835.0,0.0,0,Paid
10514,10514,1085,2025-10-14,49505.0,0.0,0,Paid
10515,10515,1121,,14632.0,36922.0,94,Open
10516,10516,1030,2025-10-20,40517.0,0.0,0,Paid
10517,10517,1097,2025-10-01,104214.0,0.0,0,Paid
10518,10518,1048,2025-10-25,39889.0,0.0,0,Paid
10519,10519,1037,2025-09-30,155663.0,0.0,0,Paid
10520,10520,1092,2025-09-23,39836.0,0.0,0,Paid
10521,10521,1070,2025-11-09,65787.0,0.0,0,Paid
10522,10522,1073,2025-09-26,52944.0,0.0,0,Paid
10523,10523,1067,2025-11-05,33179.0,0.0,0,Paid
10524,10524,1058,2025-10-26,56343.0,0.0,0,Paid
10525,10525,1082,2025-10-19,28730.0,0.0,0,Paid
10526,10526,1036,,0,22188.0,79,Open
10527,10527,1095,,0,103644.0,75,Open
10528,10528,1072,2025-10-10,37739.0,0.0,0,Paid
10529,10529,1092,2025-10-21,66632.0,0.0,0,Paid
10530,10530,1007,,0,29733.0,79,Open
10531,10531,1006,2025-10-27,43914.0,0.0,0,Paid
10532,10532,1087,2025-10-19,64450.0,0.0,0,Paid
10533,10533,1024,2025-10-12,12180.0,0.0,0,Paid
10534,10534,1105,2025-10-05,68950.0,0.0,0,Paid
10535,10535,1081,2025-09-30,17273.0,0.0,0,Paid
10536,10536,1021,2025-10-19,28983.0,0.0,0,Paid
10537,10537,1061,2025-11-10,96360.0,0.0,0,Paid
10538,10538,1019,2025-11-20,74202.0,0.0,0,Paid
10539,10539,1005,2025-10-14,46917.0,0.0,0,Paid
10540,10540,1011,,0,57041.0,78,Open
10541,10541,1099,2025-10-22,77465.0,0.0,0,Paid
10542,10542,1011,2025-10-20,12831.0,0.0,0,Paid
10543,10543,1111,2025-11-05,12156.0,0.0,0,Paid
10544,10544,1090,2025-10-28,20677.0,0.0,0,Paid
10545,10545,1051,2025-10-20,35855.0,0.0,0,Paid
10546,10546,1041,2025-10-10,22686.0,0.0,0,Paid
10547,10547,1100,2025-11-03,47428.0,0.0,0,Paid
10548,10548,1048,2025-10-20,18491.0,0.0,0,Paid
10549,10549,1114,2025-10-15,30905.0,0.0,0,Paid
10550,10550,1110,2025-09-23,20022.0,0.0,0,Paid
10551,10551,1064,2025-10-27,70413.0,0.0,0,Paid
10552,10552,1082,2025-10-06,44645.0,0.0,0,Paid
10553,10553,1074,2025-11-20,10723.0,0.0,0,Paid
10554,10554,1065,2025-10-16,71446.0,0.0,0,Paid
10555,10555,1090,2025-10-12,27605.0,0.0,0,Paid
10556,10556,1054,2025-09-23,21115.0,0.0,0,Paid
10557,10557,1122,2025-10-13,117863.0,0.0,0,Paid
10558,10558,1070,2025-10-11,27149.0,0.0,0,Paid
10559,10559,1039,,0,25289.0,78,Open
10560,10560,1023,2025-11-12,31804.0,0.0,0,Paid
10561,10561,1049,2025-11-09,32785.0,0.0,0,Paid
10562,10562,1061,,5925.0,10028.0,93,Open
10563,10563,1110,2025-11-13,54289.0,0.0,0,Paid
10564,10564,1050,2025-10-02,26257.0,0.0,0,Paid
10565,10565,1037,2025-11-05,23572.0,0.0,0,Paid
10566,10566,1017,2025-10-26,56282.0,0.0,0,Paid
10567,10567,1021,2025-10-09,11562.0,0.0,0,Paid
10568,10568,1103,2025-11-15,12712.0,0.0,0,Paid
10569,10569,1124,2025-10-01,37705.0,0.0,0,Paid
10570,10570,1037,2025-09-25,31357.0,0.0,0,Paid
10571,10571,1085,2025-10-13,29209.0,0.0,0,Paid
10572,10572,1072,2025-10-11,24668.0,0.0,0,Paid
10573,10573,1007,2025-11-14,38513.0,0.0,0,Paid
10574,10574,1092,2025-11-25,11907.0,0.0,0,Paid
10575,10575,1031,2025-10-08,51041.0,0.0,0,Paid
10576,10576,1078,2025-10-17,50526.0,0.0,0,Paid
10577,10577,1079,2025-10-24,42309.0,0.0,0,Paid
10578,10578,1026,,7867.0,8471.0,78,Open
10579,10579,1052,,34841.0,22494.0,91,Open
10580,10580,1066,2025-10-10,55778.0,0.0,0,Paid
10581,10581,1014,2025-12-06,24234.0,0.0,0,Paid
10582,10582,1063,2025-10-15,56368.0,0.0,0,Paid
10583,10583,1081,2025-10-31,65041.0,0.0,0,Paid
10584,10584,1018,2025-11-05,35356.0,0.0,0,Paid
10585,10585,1121,2025-10-25,28034.0,0.0,0,Paid
10586,10586,1027,2025-10-22,74838.0,0.0,0,Paid
10587,10587,1100,2025-10-31,24506.0,0.0,0,Paid
10588,10588,1020,2025-10-26,30111.0,0.0,0,Paid
10589,10589,1012,2025-10-19,23684.0,0.0,0,Paid
10590,10590,1100,2025-11-18,48669.0,0.0,0,Paid
10591,10591,1092,2025-10-26,34775.0,0.0,0,Paid
10592,10592,1006,2025-10-11,27660.0,0.0,0,Paid
10593,10593,1056,2025-11-07,26949.0,0.0,0,Paid
10594,10594,1028,2025-10-12,55406.0,0.0,0,Paid
10595,10595,1021,2025-10-18,19197.0,0.0,0,Paid
10596,10596,1036,2025-09-26,24194.0,0.0,0,Paid
10597,10597,1050,2025-10-25,73590.0,0.0,0,Paid
10598,10598,1106,2025-10-11,22806.0,0.0,0,Paid
10599,10599,1075,2025-10-17,22196.0,0.0,0,Paid
10600,10600,1060,2025-11-24,26977.0,0.0,0,Paid
10601,10601,1061,2025-10-15,11645.0,0.0,0,Paid
10602,10602,1060,2025-10-23,33485.0,0.0,0,Paid
10603,10603,1092,2025-11-26,52040.0,0.0,0,Paid
10604,10604,1002,2025-11-30,34761.0,0.0,0,Paid
10605,10605,1088,2025-10-05,22481.0,0.0,0,Paid
10606,10606,1125,2025-11-02,47290.0,0.0,0,Paid
10607,10607,1009,2025-11-07,35170.0,0.0,0,Paid
10608,10608,1097,2025-10-19,39067.0,0.0,0,Paid
10609,10609,1108,2025-11-12,11332.0,0.0,0,Paid
10610,10610,1049,2025-10-31,36038.0,0.0,0,Paid
10611,10611,1093,2025-10-21,61489.0,0.0,0,Paid
10612,10612,1019,2025-10-29,48409.0,0.0,0,Paid
10613,10613,1087,2025-10-31,12761.0,0.0,0,Paid
10614,10614,1031,2025-11-05,57010.0,0.0,0,Paid
10615,10615,1095,2025-11-05,27059.0,0.0,0,Paid
10616,10616,1104,2025-10-18,42907.0,0.0,0,Paid
10617,10617,1073,2025-10-17,127995.0,0.0,0,Paid
10618,10618,1041,2025-10-24,24669.0,0.0,0,Paid
10619,10619,1002,,12002.0,8632.0,75,Open
10620,10620,1010,2025-11-11,28856.0,0.0,0,Paid
10621,10621,1004,2025-11-13,55791.0,0.0,0,Paid
10622,10622,1088,2025-11-04,51304.0,0.0,0,Paid
10623,10623,1029,2025-10-08,13538.0,0.0,0,Paid
10624,10624,1019,2025-11-20,85530.0,0.0,0,Paid
10625,10625,1024,2025-11-13,24001.0,0.0,0,Paid
10626,10626,1079,2025-10-16,11531.0,0.0,0,Paid
10627,10627,1048,2025-12-07,40309.0,0.0,0,Paid
10628,10628,1077,2025-10-24,66730.0,0.0,0,Paid
10629,10629,1042,2025-10-02,48029.0,0.0,0,Paid
10630,10630,1095,2025-10-23,19028.0,0.0,0,Paid
10631,10631,1056,2025-10-18,56223.0,0.0,0,Paid
10632,10632,1084,2025-10-11,32699.0,0.0,0,Paid
10633,10633,1104,2025-11-03,93692.0,0.0,0,Paid
10634,10634,1025,2025-11-12,18651.0,0.0,0,Paid
10635,10635,1019,2025-10-18,64589.0,0.0,0,Paid
10636,10636,1114,2025-10-12,10136.0,0.0,0,Paid
10637,10637,1018,2025-10-13,37853.0,0.0,0,Paid
10638,10638,1037,,0,85220.0,71,Open
10639,10639,1007,2025-10-27,11374.0,0.0,0,Paid
10640,10640,1013,2025-10-11,45195.0,0.0,0,Paid
10641,10641,1094,2025-11-20,25970.0,0.0,0,Paid
10642,10642,1120,2025-10-28,56305.0,0.0,0,Paid
10643,10643,1124,2025-10-23,35747.0,0.0,0,Paid
10644,10644,1040,2025-10-09,48213.0,0.0,0,Paid
10645,10645,1064,2025-10-16,21814.0,0.0,0,Paid
10646,10646,1040,2025-11-11,73868.0,0.0,0,Paid
10647,10647,1020,,0,20774.0,75,Open
10648,10648,1001,2025-10-22,51481.0,0.0,0,Paid
10649,10649,1051,,42582.0,40008.0,71,Open
10650,10650,1100,2025-09-28,59091.0,0.0,0,Paid
10651,10651,1007,2025-10-22,65939.0,0.0,0,Paid
10652,10652,1107,2025-11-03,23684.0,0.0,0,Paid
10653,10653,1107,2025-10-21,60932.0,0.0,0,Paid
10654,10654,1069,2025-10-28,34705.0,0.0,0,Paid
10655,10655,1074,2025-10-29,25460.0,0.0,0,Paid
10656,10656,1029,2025-10-10,15178.0,0.0,0,Paid
10657,10657,1006,2025-11-11,50843.0,0.0,0,Paid
10658,10658,1073,2025-10-19,18529.0,0.0,0,Paid
10659,10659,1003,2025-10-20,63032.0,0.0,0,Paid
10660,10660,1010,2025-10-02,20783.0,0.0,0,Paid
10661,10661,1033,2025-10-28,66191.0,0.0,0,Paid
10662,10662,1007,2025-11-08,20438.0,0.0,0,Paid
10663,10663,1018,2025-11-15,26186.0,0.0,0,Paid
10664,10664,1029,2025-10-03,27494.0,0.0,0,Paid
10665,10665,1116,2025-10-18,69210.0,0.0,0,Paid
10666,10666,1063,2025-11-10,21601.0,0.0,0,Paid
10667,10667,1040,2025-11-23,52866.0,0.0,0,Paid
10668,10668,1082,2025-11-22,41390.0,0.0,0,Paid
10669,10669,1124,2025-10-18,28456.0,0.0,0,Paid
10670,10670,1123,2025-10-22,42805.0,0.0,0,Paid
10671,10671,1092,2025-11-02,21828.0,0.0,0,Paid
10672,10672,1028,2025-11-05,25548.0,0.0,0,Paid
10673,10673,1111,2025-10-14,16138.0,0.0,0,Paid
10674,10674,1089,2025-10-13,103908.0,0.0,0,Paid
10675,10675,1014,2025-10-23,107465.0,0.0,0,Paid
10676,10676,1103,2025-10-20,17175.0,0.0,0,Paid
10677,10677,1103,2025-10-20,43356.0,0.0,0,Paid
10678,10678,1097,2025-11-11,60275.0,0.0,0,Paid
10679,10679,1053,2025-10-15,184343.0,0.0,0,Paid
10680,10680,1033,2025-10-19,26531.0,0.0,0,Paid
10681,10681,1054,2025-11-15,12685.0,0.0,0,Paid
10682,10682,1069,2025-10-16,99987.0,0.0,0,Paid
10683,10683,1112,2025-11-06,16530.0,0.0,0,Paid
10684,10684,1103,2025-10-22,30883.0,0.0,0,Paid
10685,10685,1006,2025-10-14,42121.0,0.0,0,Paid
10686,10686,1100,2025-09-28,10483.0,0.0,0,Paid
10687,10687,1024,2025-10-14,34170.0,0.0,0,Paid
10688,10688,1040,2025-10-21,66934.0,0.0,0,Paid
10689,10689,1021,2025-10-28,18424.0,0.0,0,Paid
10690,10690,1043,2025-10-28,19486.0,0.0,0,Paid
10691,10691,1047,2025-10-17,18041.0,0.0,0,Paid
10692,10692,1026,,0,12915.0,59,Open
10693,10693,1063,2025-11-04,11649.0,0.0,0,Paid
10694,10694,1059,2025-11-01,39024.0,0.0,0,Paid
10695,10695,1099,2025-10-15,46676.0,0.0,0,Paid
10696,10696,1098,2025-10-16,51920.0,0.0,0,Paid
10697,10697,1022,2025-10-28,24522.0,0.0,0,Paid
10698,10698,1067,2025-10-18,27894.0,0.0,0,Paid
10699,10699,1091,2025-10-16,103373.0,0.0,0,Paid
10700,10700,1039,2025-10-15,58883.0,0.0,0,Paid
10701,10701,1079,2025-10-27,29503.0,0.0,0,Paid
10702,10702,1096,2025-10-27,27559.0,0.0,0,Paid
10703,10703,1008,2025-10-17,31736.0,0.0,0,Paid
10704,10704,1038,,0,24334.0,73,Open
10705,10705,1043,2025-10-24,12575.0,0.0,0,Paid
10706,10706,1017,2025-10-21,27360.0,0.0,0,Paid
10707,10707,1071,2025-10-18,26484.0,0.0,0,Paid
10708,10708,1099,2025-10-28,11984.0,0.0,0,Paid
10709,10709,1078,2025-10-29,23699.0,0.0,0,Paid
10710,10710,1123,2025-10-24,26120.0,0.0,0,Paid
10711,10711,1047,2025-11-01,12917.0,0.0,0,Paid
10712,10712,1121,2025-10-09,11013.0,0.0,0,Paid
10713,10713,1030,2025-10-03,10449.0,0.0,0,Paid
10714,10714,1012,2025-10-30,24457.0,0.0,0,Paid
10715,10715,1009,2025-11-03,13148.0,0.0,0,Paid
10716,10716,1085,,0,11503.0,88,Open
10717,10717,1075,2025-10-23,116891.0,0.0,0,Paid
10718,10718,1100,,7298.0,4601.0,88,Open
10719,10719,1071,,0,20982.0,72,Open
10720,10720,1109,,30506.0,17743.0,55,Open
10721,10721,1115,2025-11-01,24912.0,0.0,0,Paid
10722,10722,1110,2025-10-11,61693.0,0.0,0,Paid
10723,10723,1114,2025-10-22,11912.0,0.0,0,Paid
10724,10724,1093,2025-10-26,27957.0,0.0,0,Paid
10725,10725,1031,2025-10-16,23518.0,0.0,0,Paid
10726,10726,1016,2025-11-09,12994.0,0.0,0,Paid
10727,10727,1108,2025-10-15,36841.0,0.0,0,Paid
10728,10728,1049,2025-10-28,18162.0,0.0,0,Paid
10729,10729,1059,2025-11-03,61678.0,0.0,0,Paid
10730,10730,1042,2025-10-21,14149.0,0.0,0,Paid
10731,10731,1084,2025-10-16,33581.0,0.0,0,Paid
10732,10732,1027,2025-10-23,13178.0,0.0,0,Paid
10733,10733,1106,2025-11-15,12801.0,0.0,0,Paid
10734,10734,1098,2025-10-26,39275.0,0.0,0,Paid
10735,10735,1060,2025-10-23,13559.0,0.0,0,Paid
10736,10736,1045,,0,84400.0,71,Open
10737,10737,1054,2025-10-15,67926.0,0.0,0,Paid
10738,10738,1091,2025-11-18,26398.0,0.0,0,Paid
10739,10739,1084,2025-10-16,26425.0,0.0,0,Paid
10740,10740,1038,2025-11-04,17086.0,0.0,0,Paid
10741,10741,1047,2025-11-01,12616.0,0.0,0,Paid
10742,10742,1098,2025-10-18,34396.0,0.0,0,Paid
10743,10743,1006,2025-11-20,28222.0,0.0,0,Paid
10744,10744,1085,2025-10-09,21516.0,0.0,0,Paid
10745,10745,1117,2025-10-17,11209.0,0.0,0,Paid
10746,10746,1119,2025-11-01,34822.0,0.0,0,Paid
10747,10747,1009,2025-11-01,35397.0,0.0,0,Paid
10748,10748,1023,2025-11-03,17424.0,0.0,0,Paid
10749,10749,1021,2025-10-16,34796.0,0.0,0,Paid
10750,10750,1114,2025-11-08,53599.0,0.0,0,Paid
10751,10751,1053,2025-09-30,17199.0,0.0,0,Paid
10752,10752,1011,2025-10-17,39859.0,0.0,0,Paid
10753,10753,1098,2025-10-12,17926.0,0.0,0,Paid
10754,10754,1101,,0,131069.0,53,Open
10755,10755,1095,2025-10-25,36400.0,0.0,0,Paid
10756,10756,1087,2025-10-22,62034.0,0.0,0,Paid
10757,10757,1092,2025-10-19,30962.0,0.0,0,Paid
10758,10758,1125,2025-10-26,38823.0,0.0,0,Paid
10759,10759,1005,2025-10-28,34428.0,0.0,0,Paid
10760,10760,1032,2025-10-20,20123.0,0.0,0,Paid
10761,10761,1088,2025-10-15,24350.0,0.0,0,Paid
10762,10762,1109,2025-11-06,82959.0,0.0,0,Paid
10763,10763,1104,2025-11-23,35582.0,0.0,0,Paid
10764,10764,1033,2025-11-11,85161.0,0.0,0,Paid
10765,10765,1003,2025-11-22,56594.0,0.0,0,Paid
10766,10766,1103,2025-10-17,65162.0,0.0,0,Paid
10767,10767,1075,2025-11-05,12161.0,0.0,0,Paid
10768,10768,1111,2025-11-03,25976.0,0.0,0,Paid
10769,10769,1117,,0,64491.0,71,Open
10770,10770,1022,2025-11-16,12952.0,0.0,0,Paid
10771,10771,1015,2025-10-24,12994.0,0.0,0,Paid
10772,10772,1014,2025-10-23,9810.0,0.0,0,Paid
10773,10773,1070,2025-11-06,12197.0,0.0,0,Paid
10774,10774,1011,,0,62357.0,70,Open
10775,10775,1013,2025-10-17,36350.0,0.0,0,Paid
10776,10776,1088,2025-10-25,24771.0,0.0,0,Paid
10777,10777,1054,2025-11-15,12499.0,0.0,0,Paid
10778,10778,1091,2025-11-04,16828.0,0.0,0,Paid
10779,10779,1044,2025-10-31,12420.0,0.0,0,Paid
10780,10780,1046,2025-10-22,27404.0,0.0,0,Paid
10781,10781,1121,2025-10-27,12520.0,0.0,0,Paid
10782,10782,1113,2025-11-12,40551.0,0.0,0,Paid
10783,10783,1003,2025-10-21,11830.0,0.0,0,Paid
10784,10784,1056,2025-10-09,48529.0,0.0,0,Paid
10785,10785,1048,2025-10-19,84914.0,0.0,0,Paid
10786,10786,1073,2025-10-23,47948.0,0.0,0,Paid
10787,10787,1122,2025-10-25,33541.0,0.0,0,Paid
10788,10788,1038,2025-10-17,27562.0,0.0,0,Paid
10789,10789,1035,2025-10-19,50535.0,0.0,0,Paid
10790,10790,1002,2025-10-17,12671.0,0.0,0,Paid
10791,10791,1015,2025-10-29,13630.0,0.0,0,Paid
10792,10792,1119,2025-10-06,66741.0,0.0,0,Paid
10793,10793,1022,2025-10-06,26867.0,0.0,0,Paid
10794,10794,1053,2025-10-20,23638.0,0.0,0,Paid
10795,10795,1120,2025-11-21,47582.0,0.0,0,Paid
10796,10796,1050,,16754.0,41087.0,54,Open
10797,10797,1089,2025-10-25,13995.0,0.0,0,Paid
10798,10798,1108,2025-11-13,45640.0,0.0,0,Paid
10799,10799,1094,2025-11-04,36981.0,0.0,0,Paid
10800,10800,1057,,0,40571.0,69,Open
10801,10801,1088,2025-10-21,61072.0,0.0,0,Paid
10802,10802,1072,2025-10-02,13752.0,0.0,0,Paid
10803,10803,1058,2025-10-28,43440.0,0.0,0,Paid
10804,10804,1039,2025-11-10,104554.0,0.0,0,Paid
10805,10805,1043,2025-10-14,51653.0,0.0,0,Paid
10806,10806,1112,2025-11-15,13269.0,0.0,0,Paid
10807,10807,1001,2025-10-29,61781.0,0.0,0,Paid
10808,10808,1006,2025-11-25,90784.0,0.0,0,Paid
10809,10809,1107,2025-10-14,19614.0,0.0,0,Paid
10810,10810,1124,2025-10-20,16545.0,0.0,0,Paid
10811,10811,1002,2025-11-03,11617.0,0.0,0,Paid
10812,10812,1062,2025-10-21,47613.0,0.0,0,Paid
10813,10813,1101,,0,45460.0,83,Open
10814,10814,1103,2025-11-22,10006.0,0.0,0,Paid
10815,10815,1074,2025-10-18,25493.0,0.0,0,Paid
10816,10816,1077,2025-10-19,17691.0,0.0,0,Paid
10817,10817,1123,,33004.0,21529.0,69,Open
10818,10818,1018,2025-10-08,12096.0,0.0,0,Paid
10819,10819,1109,2025-10-17,11824.0,0.0,0,Paid
10820,10820,1024,2025-11-03,30579.0,0.0,0,Paid
10821,10821,1073,2025-10-21,32847.0,0.0,0,Paid
10822,10822,1020,2025-11-10,25489.0,0.0,0,Paid
10823,10823,1021,2025-12-03,68133.0,0.0,0,Paid
10824,10824,1063,2025-10-12,71995.0,0.0,0,Paid
10825,10825,1078,2025-10-30,10913.0,0.0,0,Paid
10826,10826,1013,2025-11-01,11965.0,0.0,0,Paid
10827,10827,1028,2025-12-03,101789.0,0.0,0,Paid
10828,10828,1109,2025-10-28,27795.0,0.0,0,Paid
10829,10829,1007,2025-11-11,12007.0,0.0,0,Paid
10830,10830,1062,,0,23763.0,54,Open
10831,10831,1064,2025-11-02,45744.0,0.0,0,Paid
10832,10832,1031,2025-11-28,38398.0,0.0,0,Paid
10833,10833,1074,2025-10-17,13141.0,0.0,0,Paid
10834,10834,1033,2025-11-02,59165.0,0.0,0,Paid
10835,10835,1046,2025-10-05,22997.0,0.0,0,Paid
10836,10836,1038,2025-10-08,28015.0,0.0,0,Paid
10837,10837,1056,2025-11-18,84647.0,0.0,0,Paid
10838,10838,1003,2025-11-14,24252.0,0.0,0,Paid
10839,10839,1121,2025-12-08,52204.0,0.0,0,Paid
10840,10840,1046,2025-10-31,27612.0,0.0,0,Paid
10841,10841,1064,2025-10-11,62374.0,0.0,0,Paid
10842,10842,1117,2025-10-18,22127.0,0.0,0,Paid
10843,10843,1066,2025-10-17,17033.0,0.0,0,Paid
10844,10844,1040,2025-10-18,19189.0,0.0,0,Paid
10845,10845,1092,2025-10-27,17026.0,0.0,0,Paid
10846,10846,1053,2025-10-27,57241.0,0.0,0,Paid
10847,10847,1031,2025-10-19,22688.0,0.0,0,Paid
10848,10848,1088,2025-10-18,22659.0,0.0,0,Paid
10849,10849,1012,2025-10-05,12213.0,0.0,0,Paid
10850,10850,1036,2025-11-06,51595.0,0.0,0,Paid
10851,10851,1065,2025-11-09,12106.0,0.0,0,Paid
10852,10852,1026,,31313.0,21160.0,51,Open
10853,10853,1084,2025-10-20,25505.0,0.0,0,Paid
10854,10854,1049,2025-10-31,13774.0,0.0,0,Paid
10855,10855,1119,2025-10-28,50546.0,0.0,0,Paid
10856,10856,1117,2025-10-10,13096.0,0.0,0,Paid
10857,10857,1041,2025-11-07,104821.0,0.0,0,Paid
10858,10858,1062,,11585.0,7186.0,84,Open
10859,10859,1050,2025-10-19,33267.0,0.0,0,Paid
10860,10860,1025,,0,46954.0,66,Open
10861,10861,1027,2025-12-01,35735.0,0.0,0,Paid
10862,10862,1071,2025-10-19,22589.0,0.0,0,Paid
10863,10863,1001,2025-10-26,61193.0,0.0,0,Paid
10864,10864,1050,,25283.0,21842.0,66,Open
10865,10865,1013,2025-10-14,46126.0,0.0,0,Paid
10866,10866,1016,2025-10-24,49076.0,0.0,0,Paid
10867,10867,1070,2025-10-30,83224.0,0.0,0,Paid
10868,10868,1054,,30570.0,16828.0,66,Open
10869,10869,1065,2025-11-24,17684.0,0.0,0,Paid
10870,10870,1002,2025-11-09,13474.0,0.0,0,Paid
10871,10871,1120,2025-11-14,40910.0,0.0,0,Paid
10872,10872,1122,2025-11-14,12708.0,0.0,0,Paid
10873,10873,1065,2025-10-09,28762.0,0.0,0,Paid
10874,10874,1091,2025-11-15,55567.0,0.0,0,Paid
10875,10875,1123,2025-10-17,24619.0,0.0,0,Paid
10876,10876,1024,2025-11-22,54159.0,0.0,0,Paid
10877,10877,1108,,15695.0,10225.0,68,Open
10878,10878,1082,2025-11-07,58347.0,0.0,0,Paid
10879,10879,1013,2025-11-06,15506.0,0.0,0,Paid
10880,10880,1020,2025-11-03,17588.0,0.0,0,Paid
10881,10881,1029,2025-10-19,10889.0,0.0,0,Paid
10882,10882,1009,2025-11-15,24089.0,0.0,0,Paid
10883,10883,1064,2025-10-19,12745.0,0.0,0,Paid
10884,10884,1070,,0,33811.0,82,Open
10885,10885,1057,2025-11-10,53223.0,0.0,0,Paid
10886,10886,1001,2025-11-06,74515.0,0.0,0,Paid
10887,10887,1112,2025-10-21,45314.0,0.0,0,Paid
10888,10888,1039,2025-10-27,46650.0,0.0,0,Paid
10889,10889,1004,2025-10-04,11203.0,0.0,0,Paid
10890,10890,1068,2025-10-04,27850.0,0.0,0,Paid
10891,10891,1073,2025-10-29,36566.0,0.0,0,Paid
10892,10892,1057,2025-10-05,19013.0,0.0,0,Paid
10893,10893,1098,2025-10-19,12289.0,0.0,0,Paid
10894,10894,1028,2025-11-03,12314.0,0.0,0,Paid
10895,10895,1097,2025-11-03,74790.0,0.0,0,Paid
10896,10896,1076,2025-11-01,66042.0,0.0,0,Paid
10897,10897,1059,,29770.0,18945.0,80,Open
10898,10898,1007,2025-10-17,16822.0,0.0,0,Paid
10899,10899,1108,2025-10-22,25771.0,0.0,0,Paid
10900,10900,1124,2025-11-02,38389.0,0.0,0,Paid
10901,10901,1119,2025-10-07,35771.0,0.0,0,Paid
10902,10902,1049,2025-10-15,39399.0,0.0,0,Paid
10903,10903,1008,2025-10-31,97914.0,0.0,0,Paid
10904,10904,1111,2025-11-23,34281.0,0.0,0,Paid
10905,10905,1014,,0,50882.0,65,Open
10906,10906,1041,2025-11-01,12770.0,0.0,0,Paid
10907,10907,1021,2025-10-29,55399.0,0.0,0,Paid
10908,10908,1035,2025-10-26,54364.0,0.0,0,Paid
10909,10909,1068,2025-10-24,12365.0,0.0,0,Paid
10910,10910,1064,2025-11-17,33509.0,0.0,0,Paid
10911,10911,1092,2025-10-21,95295.0,0.0,0,Paid
10912,10912,1062,2025-11-08,43513.0,0.0,0,Paid
10913,10913,1013,2025-10-27,10682.0,0.0,0,Paid
10914,10914,1067,2025-11-18,117166.0,0.0,0,Paid
10915,10915,1044,,49400.0,57216.0,49,Open
10916,10916,1106,2025-11-04,47081.0,0.0,0,Paid
10917,10917,1017,2025-10-29,25581.0,0.0,0,Paid
10918,10918,1125,2025-11-29,35269.0,0.0,0,Paid
10919,10919,1013,2025-10-05,14788.0,0.0,0,Paid
10920,10920,1044,2025-10-27,154676.0,0.0,0,Paid
10921,10921,1105,2025-10-30,32315.0,0.0,0,Paid
10922,10922,1060,2025-11-18,10420.0,0.0,0,Paid
10923,10923,1112,2025-11-22,39839.0,0.0,0,Paid
10924,10924,1110,2025-10-26,41285.0,0.0,0,Paid
10925,10925,1040,2025-10-31,53450.0,0.0,0,Paid
10926,10926,1083,2025-10-30,71865.0,0.0,0,Paid
10927,10927,1030,2025-10-19,104028.0,0.0,0,Paid
10928,10928,1121,2025-11-18,121686.0,0.0,0,Paid
10929,10929,1039,2025-10-28,13628.0,0.0,0,Paid
10930,10930,1039,2025-10-27,32719.0,0.0,0,Paid
10931,10931,1040,2025-11-09,15920.0,0.0,0,Paid
10932,10932,1073,2025-11-17,24297.0,0.0,0,Paid
10933,10933,1097,2025-10-25,14893.0,0.0,0,Paid
10934,10934,1094,2025-11-09,11937.0,0.0,0,Paid
10935,10935,1008,2025-10-20,19494.0,0.0,0,Paid
10936,10936,1028,2025-11-19,26446.0,0.0,0,Paid
10937,10937,1010,2025-11-02,42383.0,0.0,0,Paid
10938,10938,1072,2025-11-08,23814.0,0.0,0,Paid
10939,10939,1089,2025-11-08,83691.0,0.0,0,Paid
10940,10940,1067,2025-11-04,158538.0,0.0,0,Paid
10941,10941,1066,2025-11-10,41992.0,0.0,0,Paid
10942,10942,1018,2025-10-20,24126.0,0.0,0,Paid
10943,10943,1019,2025-10-14,13517.0,0.0,0,Paid
10944,10944,1022,2025-10-11,26736.0,0.0,0,Paid
10945,10945,1052,2025-11-10,12098.0,0.0,0,Paid
10946,10946,1053,2025-10-24,31976.0,0.0,0,Paid
10947,10947,1015,2025-10-14,39440.0,0.0,0,Paid
10948,10948,1009,2025-12-06,33221.0,0.0,0,Paid
10949,10949,1106,2025-10-08,26056.0,0.0,0,Paid
10950,10950,1018,2025-10-09,33450.0,0.0,0,Paid
10951,10951,1045,2025-11-07,25333.0,0.0,0,Paid
10952,10952,1097,2025-10-27,15917.0,0.0,0,Paid
10953,10953,1047,2025-11-07,60560.0,0.0,0,Paid
10954,10954,1021,2025-10-23,19905.0,0.0,0,Paid
10955,10955,1036,2025-11-15,27289.0,0.0,0,Paid
10956,10956,1054,2025-10-27,28036.0,0.0,0,Paid
10957,10957,1106,2025-11-11,14860.0,0.0,0,Paid
10958,10958,1014,2025-11-21,10951.0,0.0,0,Paid
10959,10959,1025,2025-10-08,50276.0,0.0,0,Paid
10960,10960,1076,2025-10-12,32675.0,0.0,0,Paid
10961,10961,1044,,0,22471.0,65,Open
10962,10962,1109,2025-10-23,25948.0,0.0,0,Paid
10963,10963,1106,2025-11-05,23516.0,0.0,0,Paid
10964,10964,1054,,12240.0,17084.0,79,Open
10965,10965,1089,2025-10-08,25493.0,0.0,0,Paid
10966,10966,1036,2025-11-01,60991.0,0.0,0,Paid
10967,10967,1086,2025-10-22,25918.0,0.0,0,Paid
10968,10968,1089,2025-11-14,60808.0,0.0,0,Paid
10969,10969,1075,2025-11-13,37132.0,0.0,0,Paid
10970,10970,1032,2025-10-09,57554.0,0.0,0,Paid
10971,10971,1071,2025-11-02,57484.0,0.0,0,Paid
10972,10972,1014,2025-11-09,33884.0,0.0,0,Paid
10973,10973,1043,2025-10-28,20909.0,0.0,0,Paid
10974,10974,1095,2025-11-06,18595.0,0.0,0,Paid
10975,10975,1079,2025-10-23,59037.0,0.0,0,Paid
10976,10976,1051,2025-10-30,34756.0,0.0,0,Paid
10977,10977,1077,2025-10-26,24074.0,0.0,0,Paid
10978,10978,1113,2025-11-11,74793.0,0.0,0,Paid
10979,10979,1018,2025-12-19,39568.0,0.0,0,Paid
10980,10980,1123,2025-10-30,45410.0,0.0,0,Paid
10981,10981,1059,2025-10-19,68817.0,0.0,0,Paid
10982,10982,1074,2025-10-23,43390.0,0.0,0,Paid
10983,10983,1089,2025-11-16,86218.0,0.0,0,Paid
10984,10984,1060,,5628.0,7543.0,80,Open
10985,10985,1082,2025-11-04,41989.0,0.0,0,Paid
10986,10986,1097,2025-11-08,39671.0,0.0,0,Paid
10987,10987,1069,2025-11-13,28099.0,0.0,0,Paid
10988,10988,1034,,0,73597.0,64,Open
10989,10989,1096,2025-11-03,37968.0,0.0,0,Paid
10990,10990,1106,2025-10-10,113008.0,0.0,0,Paid
10991,10991,1092,2025-11-23,50231.0,0.0,0,Paid
10992,10992,1026,2025-11-03,9904.0,0.0,0,Paid
10993,10993,1108,2025-11-16,15942.0,0.0,0,Paid
10994,10994,1080,2025-10-22,18019.0,0.0,0,Paid
10995,10995,1028,2025-11-06,106641.0,0.0,0,Paid
10996,10996,1120,2025-10-30,65403.0,0.0,0,Paid
10997,10997,1040,2025-11-12,21448.0,0.0,0,Paid
10998,10998,1119,2025-10-28,50334.0,0.0,0,Paid
10999,10999,1007,2025-10-27,17821.0,0.0,0,Paid
11000,11000,1041,2025-11-08,37529.0,0.0,0,Paid
11001,11001,1124,2025-11-01,29219.0,0.0,0,Paid
11002,11002,1121,2025-11-03,66436.0,0.0,0,Paid
11003,11003,1072,2025-12-02,89609.0,0.0,0,Paid
11004,11004,1086,2025-10-16,28685.0,0.0,0,Paid
11005,11005,1010,2025-11-14,37484.0,0.0,0,Paid
11006,11006,1119,2025-10-31,47865.0,0.0,0,Paid
11007,11007,1119,2025-10-24,65422.0,0.0,0,Paid
11008,11008,1060,2025-11-08,46933.0,0.0,0,Paid
11009,11009,1108,,0,25536.0,63,Open
11010,11010,1062,2025-12-19,37381.0,0.0,0,Paid
11011,11011,1005,2025-10-30,17989.0,0.0,0,Paid
11012,11012,1118,2025-11-06,11918.0,0.0,0,Paid
11013,11013,1098,2025-11-01,141019.0,0.0,0,Paid
11014,11014,1109,2025-11-01,12303.0,0.0,0,Paid
11015,11015,1094,2025-11-08,115750.0,0.0,0,Paid
11016,11016,1020,2025-10-26,11892.0,0.0,0,Paid
11017,11017,1070,2025-11-26,143474.0,0.0,0,Paid
11018,11018,1073,2025-11-23,62939.0,0.0,0,Paid
11019,11019,1062,2025-11-12,19707.0,0.0,0,Paid
11020,11020,1121,2025-10-28,51034.0,0.0,0,Paid
11021,11021,1036,2025-10-19,17026.0,0.0,0,Paid
11022,11022,1019,2025-10-24,40030.0,0.0,0,Paid
11023,11023,1061,2025-11-06,25408.0,0.0,0,Paid
11024,11024,1111,2025-10-13,17139.0,0.0,0,Paid
11025,11025,1065,2025-11-28,13278.0,0.0,0,Paid
11026,11026,1094,2025-10-25,20563.0,0.0,0,Paid
11027,11027,1112,2025-10-25,23519.0,0.0,0,Paid
11028,11028,1057,2025-11-11,16818.0,0.0,0,Paid
11029,11029,1012,2025-11-06,34711.0,0.0,0,Paid
11030,11030,1050,2025-11-12,53988.0,0.0,0,Paid
11031,11031,1086,2025-10-13,18195.0,0.0,0,Paid
11032,11032,1063,,17800.0,20458.0,77,Open
11033,11033,1071,2025-10-29,25993.0,0.0,0,Paid
11034,11034,1037,2025-10-14,25044.0,0.0,0,Paid
11035,11035,1039,2025-10-17,39011.0,0.0,0,Paid
11036,11036,1123,2025-11-14,20418.0,0.0,0,Paid
11037,11037,1069,2025-10-12,26135.0,0.0,0,Paid
11038,11038,1112,2025-10-20,34691.0,0.0,0,Paid
11039,11039,1053,2025-10-28,29677.0,0.0,0,Paid
11040,11040,1101,2025-10-30,32060.0,0.0,0,Paid
11041,11041,1043,,0,51384.0,60,Open
11042,11042,1038,2025-10-30,18754.0,0.0,0,Paid
11043,11043,1027,2025-11-08,12669.0,0.0,0,Paid
11044,11044,1099,2025-10-25,23036.0,0.0,0,Paid
11045,11045,1038,2025-10-30,11098.0,0.0,0,Paid
11046,11046,1065,2025-11-03,61264.0,0.0,0,Paid
11047,11047,1096,2025-11-11,33151.0,0.0,0,Paid
11048,11048,1082,2025-10-25,57219.0,0.0,0,Paid
11049,11049,1101,2025-10-26,35902.0,0.0,0,Paid
11050,11050,1079,,0,66496.0,62,Open
11051,11051,1105,2025-11-15,12124.0,0.0,0,Paid
11052,11052,1095,2025-11-10,35635.0,0.0,0,Paid
11053,11053,1048,2025-11-04,69467.0,0.0,0,Paid
11054,11054,1072,2025-11-06,32768.0,0.0,0,Paid
11055,11055,1070,2025-10-27,41984.0,0.0,0,Paid
11056,11056,1021,2025-11-07,11703.0,0.0,0,Paid
11057,11057,1007,2025-10-28,60020.0,0.0,0,Paid
11058,11058,1067,2025-12-04,13025.0,0.0,0,Paid
11059,11059,1041,2025-11-07,38255.0,0.0,0,Paid
11060,11060,1063,2025-11-18,34438.0,0.0,0,Paid
11061,11061,1078,2025-12-04,31941.0,0.0,0,Paid
11062,11062,1009,,0,13188.0,62,Open
11063,11063,1034,2025-11-15,52149.0,0.0,0,Paid
11064,11064,1083,2025-10-31,19506.0,0.0,0,Paid
11065,11065,1018,2025-11-02,12778.0,0.0,0,Paid
11066,11066,1066,,0,50473.0,60,Open
11067,11067,1060,2025-10-30,12677.0,0.0,0,Paid
11068,11068,1051,2025-10-10,14092.0,0.0,0,Paid
11069,11069,1004,,0,51781.0,61,Open
11070,11070,1004,2025-10-28,32464.0,0.0,0,Paid
11071,11071,1119,2025-10-28,40490.0,0.0,0,Paid
11072,11072,1043,2025-11-06,34252.0,0.0,0,Paid
11073,11073,1035,2025-10-11,35672.0,0.0,0,Paid
11074,11074,1125,2025-11-11,10933.0,0.0,0,Paid
11075,11075,1119,2025-11-21,11618.0,0.0,0,Paid
11076,11076,1075,2025-11-12,47332.0,0.0,0,Paid
11077,11077,1019,2025-11-07,20195.0,0.0,0,Paid
11078,11078,1044,2025-11-20,12350.0,0.0,0,Paid
11079,11079,1050,2025-10-21,91455.0,0.0,0,Paid
11080,11080,1014,2025-11-20,18987.0,0.0,0,Paid
11081,11081,1099,2025-12-05,54218.0,0.0,0,Paid
11082,11082,1048,2025-11-01,77511.0,0.0,0,Paid
11083,11083,1056,2025-11-14,11334.0,0.0,0,Paid
11084,11084,1031,2025-10-26,11295.0,0.0,0,Paid
11085,11085,1069,2025-10-21,23087.0,0.0,0,Paid
11086,11086,1104,2025-10-29,12391.0,0.0,0,Paid
11087,11087,1070,2025-10-26,23635.0,0.0,0,Paid
11088,11088,1123,2025-11-11,78295.0,0.0,0,Paid
11089,11089,1071,2025-10-15,28677.0,0.0,0,Paid
11090,11090,1044,2025-10-30,12934.0,0.0,0,Paid
11091,11091,1018,2025-11-07,37094.0,0.0,0,Paid
11092,11092,1046,2025-10-30,12297.0,0.0,0,Paid
11093,11093,1079,2025-11-15,50545.0,0.0,0,Paid
11094,11094,1016,2025-11-10,55935.0,0.0,0,Paid
11095,11095,1043,2025-10-26,13463.0,0.0,0,Paid
11096,11096,1080,2025-11-02,37599.0,0.0,0,Paid
11097,11097,1105,2025-11-24,58547.0,0.0,0,Paid
11098,11098,1039,2025-10-19,57777.0,0.0,0,Paid
11099,11099,1078,2025-11-23,72038.0,0.0,0,Paid
11100,11100,1089,2025-12-13,29594.0,0.0,0,Paid
11101,11101,1027,2025-10-21,80766.0,0.0,0,Paid
11102,11102,1077,2025-11-19,10581.0,0.0,0,Paid
11103,11103,1122,2025-11-01,37731.0,0.0,0,Paid
11104,11104,1104,2025-11-05,20568.0,0.0,0,Paid
11105,11105,1045,2025-11-01,25019.0,0.0,0,Paid
11106,11106,1024,2025-10-29,19023.0,0.0,0,Paid
11107,11107,1024,2025-12-13,36285.0,0.0,0,Paid
11108,11108,1001,2025-10-11,18676.0,0.0,0,Paid
11109,11109,1021,2025-10-27,24017.0,0.0,0,Paid
11110,11110,1125,2025-10-27,56958.0,0.0,0,Paid
11111,11111,1082,2025-11-16,36131.0,0.0,0,Paid
11112,11112,1075,2025-10-30,52710.0,0.0,0,Paid
11113,11113,1081,2025-10-25,14510.0,0.0,0,Paid
11114,11114,1085,2025-11-16,36543.0,0.0,0,Paid
11115,11115,1025,2025-11-05,23114.0,0.0,0,Paid
11116,11116,1113,2025-12-03,59713.0,0.0,0,Paid
11117,11117,1006,2025-11-01,41636.0,0.0,0,Paid
11118,11118,1046,2025-10-27,26035.0,0.0,0,Paid
11119,11119,1046,2025-11-07,36348.0,0.0,0,Paid
11120,11120,1068,,0,39965.0,58,Open
11121,11121,1002,2025-10-20,23217.0,0.0,0,Paid
11122,11122,1024,2025-10-26,32902.0,0.0,0,Paid
11123,11123,1099,2025-11-14,24391.0,0.0,0,Paid
11124,11124,1102,2025-10-19,24868.0,0.0,0,Paid
11125,11125,1065,,0,14064.0,60,Open
11126,11126,1024,2025-11-04,42141.0,0.0,0,Paid
11127,11127,1045,2025-11-18,67955.0,0.0,0,Paid
11128,11128,1044,2025-11-21,42438.0,0.0,0,Paid
11129,11129,1107,2025-11-15,49784.0,0.0,0,Paid
11130,11130,1045,2025-12-11,123969.0,0.0,0,Paid
11131,11131,1078,2025-11-20,55543.0,0.0,0,Paid
11132,11132,1041,2025-11-12,83499.0,0.0,0,Paid
11133,11133,1082,2025-11-08,12315.0,0.0,0,Paid
11134,11134,1079,2025-11-25,85050.0,0.0,0,Paid
11135,11135,1001,2025-11-06,27875.0,0.0,0,Paid
11136,11136,1015,2025-11-03,82179.0,0.0,0,Paid
11137,11137,1063,2025-11-14,58656.0,0.0,0,Paid
11138,11138,1065,2025-10-23,22219.0,0.0,0,Paid
11139,11139,1085,2025-11-23,33501.0,0.0,0,Paid
11140,11140,1055,2025-11-03,64390.0,0.0,0,Paid
11141,11141,1093,,0,168083.0,57,Open
11142,11142,1036,2025-10-23,17425.0,0.0,0,Paid
11143,11143,1105,2025-11-09,25243.0,0.0,0,Paid
11144,11144,1005,2025-10-17,15293.0,0.0,0,Paid
11145,11145,1049,2025-10-28,30218.0,0.0,0,Paid
11146,11146,1097,2025-11-13,44207.0,0.0,0,Paid
11147,11147,1074,,0,14159.0,60,Open
11148,11148,1076,2025-10-30,12633.0,0.0,0,Paid
11149,11149,1125,2025-11-02,39937.0,0.0,0,Paid
11150,11150,1007,2025-11-11,50903.0,0.0,0,Paid
11151,11151,1013,2025-11-27,41362.0,0.0,0,Paid
11152,11152,1098,2025-10-27,25761.0,0.0,0,Paid
11153,11153,1095,2025-11-07,44128.0,0.0,0,Paid
11154,11154,1120,2025-12-06,20198.0,0.0,0,Paid
11155,11155,1065,2025-11-16,21387.0,0.0,0,Paid
11156,11156,1110,2025-10-31,71854.0,0.0,0,Paid
11157,11157,1095,2025-11-08,60292.0,0.0,0,Paid
11158,11158,1061,2025-11-08,16102.0,0.0,0,Paid
11159,11159,1063,2025-11-14,23855.0,0.0,0,Paid
11160,11160,1038,2025-11-04,21035.0,0.0,0,Paid
11161,11161,1024,2025-11-14,120934.0,0.0,0,Paid
11162,11162,1022,2025-11-07,13101.0,0.0,0,Paid
11163,11163,1109,2025-11-15,43814.0,0.0,0,Paid
11164,11164,1089,2025-11-22,112453.0,0.0,0,Paid
11165,11165,1106,2025-11-12,15606.0,0.0,0,Paid
11166,11166,1011,2025-10-28,22675.0,0.0,0,Paid
11167,11167,1074,2025-10-20,152034.0,0.0,0,Paid
11168,11168,1039,2025-11-10,12327.0,0.0,0,Paid
11169,11169,1075,2025-11-06,28393.0,0.0,0,Paid
11170,11170,1034,2025-11-13,21228.0,0.0,0,Paid
11171,11171,1081,2025-11-08,112379.0,0.0,0,Paid
11172,11172,1061,2025-12-05,112349.0,0.0,0,Paid
11173,11173,1033,2025-10-29,26618.0,0.0,0,Paid
11174,11174,1086,2025-11-21,109084.0,0.0,0,Paid
11175,11175,1106,2025-10-18,19554.0,0.0,0,Paid
11176,11176,1068,,0,90864.0,41,Open
11177,11177,1107,,0,41911.0,59,Open
11178,11178,1052,2025-10-13,13124.0,0.0,0,Paid
11179,11179,1038,2025-11-17,108953.0,0.0,0,Paid
11180,11180,1030,,38104.0,24473.0,57,Open
11181,11181,1118,2025-11-20,31591.0,0.0,0,Paid
11182,11182,1021,2025-11-13,28716.0,0.0,0,Paid
11183,11183,1057,2025-11-24,102550.0,0.0,0,Paid
11184,11184,1104,2025-11-04,19525.0,0.0,0,Paid
11185,11185,1121,2025-11-22,57580.0,0.0,0,Paid
11186,11186,1086,2025-11-01,44819.0,0.0,0,Paid
11187,11187,1023,2025-11-10,13087.0,0.0,0,Paid
11188,11188,1041,2025-10-31,51507.0,0.0,0,Paid
11189,11189,1081,2025-11-07,79230.0,0.0,0,Paid
11190,11190,1004,2025-10-22,45234.0,0.0,0,Paid
11191,11191,1031,2025-11-20,82041.0,0.0,0,Paid
11192,11192,1071,2025-10-20,42812.0,0.0,0,Paid
11193,11193,1012,2025-11-06,17857.0,0.0,0,Paid
11194,11194,1014,,0,90503.0,56,Open
11195,11195,1113,2025-12-11,27895.0,0.0,0,Paid
11196,11196,1032,2025-11-17,15091.0,0.0,0,Paid
11197,11197,1042,2025-10-15,61014.0,0.0,0,Paid
11198,11198,1072,2025-11-06,28739.0,0.0,0,Paid
11199,11199,1082,2025-10-28,20408.0,0.0,0,Paid
11200,11200,1098,2025-10-30,65579.0,0.0,0,Paid
11201,11201,1081,2025-11-13,27404.0,0.0,0,Paid
11202,11202,1078,2025-10-28,27052.0,0.0,0,Paid
11203,11203,1111,2025-11-02,37798.0,0.0,0,Paid
11204,11204,1049,,0,22207.0,59,Open
11205,11205,1082,2025-11-11,14032.0,0.0,0,Paid
11206,11206,1053,2025-11-18,80392.0,0.0,0,Paid
11207,11207,1109,2025-12-09,38958.0,0.0,0,Paid
11208,11208,1058,2025-11-06,39152.0,0.0,0,Paid
11209,11209,1049,2025-11-15,53549.0,0.0,0,Paid
11210,11210,1119,2025-11-06,54208.0,0.0,0,Paid
11211,11211,1041,,15204.0,19501.0,72,Open
11212,11212,1062,2025-11-12,78240.0,0.0,0,Paid
11213,11213,1060,2025-10-22,38906.0,0.0,0,Paid
11214,11214,1018,2025-11-14,43676.0,0.0,0,Paid
11215,11215,1073,2025-11-18,40000.0,0.0,0,Paid
11216,11216,1012,2025-12-11,32619.0,0.0,0,Paid
11217,11217,1044,,0,75723.0,56,Open
11218,11218,1070,2025-11-19,27198.0,0.0,0,Paid
11219,11219,1047,2025-11-14,65751.0,0.0,0,Paid
11220,11220,1121,2025-11-02,67838.0,0.0,0,Paid
11221,11221,1057,2025-11-10,12515.0,0.0,0,Paid
11222,11222,1066,,0,40534.0,57,Open
11223,11223,1021,,0,21665.0,58,Open
11224,11224,1097,2025-10-31,61372.0,0.0,0,Paid
11225,11225,1069,2025-11-14,62933.0,0.0,0,Paid
11226,11226,1077,2025-11-24,49594.0,0.0,0,Paid
11227,11227,1002,2025-11-30,56675.0,0.0,0,Paid
11228,11228,1011,,0,13761.0,58,Open
11229,11229,1106,,0,13108.0,43,Open
11230,11230,1082,2025-11-01,87761.0,0.0,0,Paid
11231,11231,1091,2025-11-01,88956.0,0.0,0,Paid
11232,11232,1068,2025-11-19,45807.0,0.0,0,Paid
11233,11233,1107,2025-11-24,66136.0,0.0,0,Paid
11234,11234,1079,2025-11-14,107429.0,0.0,0,Paid
11235,11235,1051,2025-11-06,29261.0,0.0,0,Paid
11236,11236,1078,2025-11-13,26003.0,0.0,0,Paid
11237,11237,1019,2025-12-02,33303.0,0.0,0,Paid
11238,11238,1055,2025-11-26,79459.0,0.0,0,Paid
11239,11239,1060,2025-10-31,14538.0,0.0,0,Paid
11240,11240,1079,2025-11-11,15332.0,0.0,0,Paid
11241,11241,1117,2025-10-19,21739.0,0.0,0,Paid
11242,11242,1011,2025-11-11,39595.0,0.0,0,Paid
11243,11243,1051,2025-11-10,71293.0,0.0,0,Paid
11244,11244,1082,2025-10-23,11569.0,0.0,0,Paid
11245,11245,1125,2025-11-04,14373.0,0.0,0,Paid
11246,11246,1045,2025-11-06,54977.0,0.0,0,Paid
11247,11247,1024,2025-11-02,16200.0,0.0,0,Paid
11248,11248,1054,2025-11-15,99658.0,0.0,0,Paid
11249,11249,1012,2025-11-23,114614.0,0.0,0,Paid
11250,11250,1030,2025-11-16,26682.0,0.0,0,Paid
11251,11251,1043,2025-11-01,54728.0,0.0,0,Paid
11252,11252,1103,2025-10-18,32166.0,0.0,0,Paid
11253,11253,1073,2025-10-30,49088.0,0.0,0,Paid
11254,11254,1084,2025-12-24,24000.0,0.0,0,Paid
11255,11255,1100,2025-10-24,28608.0,0.0,0,Paid
11256,11256,1009,2025-11-01,39168.0,0.0,0,Paid
11257,11257,1110,,4894.0,8427.0,57,Open
11258,11258,1041,2025-11-16,52676.0,0.0,0,Paid
11259,11259,1086,2025-11-30,54658.0,0.0,0,Paid
11260,11260,1006,,0,73252.0,53,Open
11261,11261,1020,2025-11-07,62949.0,0.0,0,Paid
11262,11262,1027,2025-10-27,20046.0,0.0,0,Paid
11263,11263,1039,2025-11-15,30798.0,0.0,0,Paid
11264,11264,1116,2025-11-12,32194.0,0.0,0,Paid
11265,11265,1067,2025-11-25,204795.0,0.0,0,Paid
11266,11266,1103,2025-12-04,28412.0,0.0,0,Paid
11267,11267,1078,2025-10-30,15191.0,0.0,0,Paid
11268,11268,1020,2025-11-08,27906.0,0.0,0,Paid
11269,11269,1017,2025-10-22,65777.0,0.0,0,Paid
11270,11270,1096,2025-11-03,65477.0,0.0,0,Paid
11271,11271,1117,2025-11-24,33730.0,0.0,0,Paid
11272,11272,1099,2025-11-17,68743.0,0.0,0,Paid
11273,11273,1031,2025-11-26,59620.0,0.0,0,Paid
11274,11274,1119,2025-11-19,21854.0,0.0,0,Paid
11275,11275,1012,2025-11-13,64357.0,0.0,0,Paid
11276,11276,1074,2025-10-29,46484.0,0.0,0,Paid
11277,11277,1122,2025-10-20,32659.0,0.0,0,Paid
11278,11278,1091,2025-11-18,30572.0,0.0,0,Paid
11279,11279,1048,2025-10-31,13758.0,0.0,0,Paid
11280,11280,1070,,14829.0,15393.0,40,Open
11281,11281,1082,2025-10-30,99339.0,0.0,0,Paid
11282,11282,1117,2025-10-31,13919.0,0.0,0,Paid
11283,11283,1012,2025-11-17,43372.0,0.0,0,Paid
11284,11284,1086,2025-11-25,38338.0,0.0,0,Paid
11285,11285,1071,2025-10-29,22811.0,0.0,0,Paid
11286,11286,1049,2025-11-10,55261.0,0.0,0,Paid
11287,11287,1083,2025-11-02,24528.0,0.0,0,Paid
11288,11288,1082,2025-10-31,164177.0,0.0,0,Paid
11289,11289,1018,2025-11-27,76003.0,0.0,0,Paid
11290,11290,1026,2025-12-31,27091.0,0.0,0,Paid
11291,11291,1021,2025-11-27,51119.0,0.0,0,Paid
11292,11292,1018,,0,17166.0,56,Open
11293,11293,1079,2025-11-06,78273.0,0.0,0,Paid
11294,11294,1012,2025-10-31,12712.0,0.0,0,Paid
11295,11295,1076,2025-11-04,16855.0,0.0,0,Paid
11296,11296,1042,2025-11-16,42182.0,0.0,0,Paid
11297,11297,1039,2025-12-09,13221.0,0.0,0,Paid
11298,11298,1036,2025-12-15,108632.0,0.0,0,Paid
11299,11299,1097,2025-11-05,19043.0,0.0,0,Paid
11300,11300,1041,2025-11-26,70556.0,0.0,0,Paid
11301,11301,1042,2025-10-31,28976.0,0.0,0,Paid
11302,11302,1023,2025-10-29,21779.0,0.0,0,Paid
11303,11303,1004,2025-11-22,45353.0,0.0,0,Paid
11304,11304,1016,2025-11-09,41975.0,0.0,0,Paid
11305,11305,1033,2025-12-12,53836.0,0.0,0,Paid
11306,11306,1023,,0,21818.0,56,Open
11307,11307,1097,2025-11-02,120009.0,0.0,0,Paid
11308,11308,1072,2025-12-01,15291.0,0.0,0,Paid
11309,11309,1001,2025-11-27,28495.0,0.0,0,Paid
11310,11310,1017,2025-11-03,49451.0,0.0,0,Paid
11311,11311,1091,2025-11-14,31481.0,0.0,0,Paid
11312,11312,1063,2025-11-16,36997.0,0.0,0,Paid
11313,11313,1063,2025-11-22,20089.0,0.0,0,Paid
11314,11314,1041,2025-11-21,55212.0,0.0,0,Paid
11315,11315,1022,2025-11-26,15437.0,0.0,0,Paid
11316,11316,1060,2025-11-06,31925.0,0.0,0,Paid
11317,11317,1116,2025-11-12,73363.0,0.0,0,Paid
11318,11318,1119,2025-12-11,20469.0,0.0,0,Paid
11319,11319,1023,2025-11-14,24864.0,0.0,0,Paid
11320,11320,1083,2025-11-21,35670.0,0.0,0,Paid
11321,11321,1014,2025-11-19,12941.0,0.0,0,Paid
11322,11322,1038,2025-11-17,59385.0,0.0,0,Paid
11323,11323,1072,2025-11-30,30673.0,0.0,0,Paid
11324,11324,1042,2025-12-17,69276.0,0.0,0,Paid
11325,11325,1018,2025-11-05,26689.0,0.0,0,Paid
11326,11326,1074,2025-11-04,43323.0,0.0,0,Paid
11327,11327,1038,2025-11-12,59058.0,0.0,0,Paid
11328,11328,1075,2025-11-13,76813.0,0.0,0,Paid
11329,11329,1118,,0,26666.0,55,Open
11330,11330,1103,2025-12-13,43390.0,0.0,0,Paid
11331,11331,1041,,0,17202.0,40,Open
11332,11332,1030,2025-11-19,45158.0,0.0,0,Paid
11333,11333,1089,2025-11-30,94034.0,0.0,0,Paid
11334,11334,1121,2025-11-24,53632.0,0.0,0,Paid
11335,11335,1094,2025-11-23,113586.0,0.0,0,Paid
11336,11336,1077,2025-11-29,104855.0,0.0,0,Paid
11337,11337,1101,2025-12-02,17643.0,0.0,0,Paid
11338,11338,1012,2025-11-26,40916.0,0.0,0,Paid
11339,11339,1096,2025-11-09,20557.0,0.0,0,Paid
11340,11340,1045,2025-11-19,25388.0,0.0,0,Paid
11341,11341,1023,2025-11-16,22492.0,0.0,0,Paid
11342,11342,1069,2025-12-02,13538.0,0.0,0,Paid
11343,11343,1056,2025-11-04,111883.0,0.0,0,Paid
11344,11344,1029,2025-10-19,45911.0,0.0,0,Paid
11345,11345,1044,,0,21704.0,55,Open
11346,11346,1067,2025-12-01,65023.0,0.0,0,Paid
11347,11347,1033,2025-11-03,43611.0,0.0,0,Paid
11348,11348,1086,2025-11-23,88358.0,0.0,0,Paid
11349,11349,1051,2025-11-13,17471.0,0.0,0,Paid
11350,11350,1101,2025-11-24,43028.0,0.0,0,Paid
11351,11351,1096,2025-10-25,14438.0,0.0,0,Paid
11352,11352,1001,,10492.0,5293.0,55,Open
11353,11353,1021,2025-11-11,29790.0,0.0,0,Paid
11354,11354,1073,2025-10-23,49908.0,0.0,0,Paid
11355,11355,1016,,0,36476.0,69,Open
11356,11356,1043,2025-11-27,40037.0,0.0,0,Paid
11357,11357,1031,2025-11-22,32801.0,0.0,0,Paid
11358,11358,1115,2025-11-04,31962.0,0.0,0,Paid
11359,11359,1077,2025-11-03,21065.0,0.0,0,Paid
11360,11360,1035,2025-11-15,66740.0,0.0,0,Paid
11361,11361,1076,2025-11-02,14601.0,0.0,0,Paid
11362,11362,1069,2025-11-03,28810.0,0.0,0,Paid
11363,11363,1061,2025-10-18,22813.0,0.0,0,Paid
11364,11364,1050,2025-11-09,61107.0,0.0,0,Paid
11365,11365,1045,2025-11-24,45229.0,0.0,0,Paid
11366,11366,1004,2025-11-15,31020.0,0.0,0,Paid
11367,11367,1015,2025-11-10,45964.0,0.0,0,Paid
11368,11368,1048,2025-10-18,15398.0,0.0,0,Paid
11369,11369,1004,2025-11-26,41243.0,0.0,0,Paid
11370,11370,1038,2025-11-19,18148.0,0.0,0,Paid
11371,11371,1011,,0,34333.0,53,Open
11372,11372,1050,2025-11-15,77512.0,0.0,0,Paid
11373,11373,1060,2025-11-16,22123.0,0.0,0,Paid
11374,11374,1053,2025-11-14,26076.0,0.0,0,Paid
11375,11375,1081,2025-11-08,36825.0,0.0,0,Paid
11376,11376,1091,2025-12-06,89186.0,0.0,0,Paid
11377,11377,1105,2025-11-27,19256.0,0.0,0,Paid
11378,11378,1016,2025-11-04,26634.0,0.0,0,Paid
11379,11379,1118,2025-10-19,29443.0,0.0,0,Paid
11380,11380,1092,2025-11-21,20781.0,0.0,0,Paid
11381,11381,1113,2025-10-27,102618.0,0.0,0,Paid
11382,11382,1065,2025-11-03,14746.0,0.0,0,Paid
11383,11383,1102,2025-11-30,25791.0,0.0,0,Paid
11384,11384,1121,2025-11-06,27455.0,0.0,0,Paid
11385,11385,1012,2025-11-06,102311.0,0.0,0,Paid
11386,11386,1057,2025-11-08,12721.0,0.0,0,Paid
11387,11387,1077,2025-11-12,96263.0,0.0,0,Paid
11388,11388,1009,2025-11-07,11975.0,0.0,0,Paid
11389,11389,1089,2025-11-04,81546.0,0.0,0,Paid
11390,11390,1110,2025-11-27,163952.0,0.0,0,Paid
11391,11391,1048,2025-11-16,18742.0,0.0,0,Paid
11392,11392,1059,2025-11-28,12983.0,0.0,0,Paid
11393,11393,1102,2025-11-25,158116.0,0.0,0,Paid
11394,11394,1050,2025-12-20,98984.0,0.0,0,Paid
11395,11395,1109,2025-11-08,40474.0,0.0,0,Paid
11396,11396,1099,2025-11-28,13492.0,0.0,0,Paid
11397,11397,1052,2025-11-17,29238.0,0.0,0,Paid
11398,11398,1048,2025-11-30,28809.0,0.0,0,Paid
11399,11399,1030,2025-12-20,63672.0,0.0,0,Paid
11400,11400,1007,2025-10-26,13092.0,0.0,0,Paid
11401,11401,1059,2025-11-06,49534.0,0.0,0,Paid
11402,11402,1083,2025-11-10,49773.0,0.0,0,Paid
11403,11403,1011,2025-11-15,17237.0,0.0,0,Paid
11404,11404,1065,2025-11-23,31933.0,0.0,0,Paid
11405,11405,1125,2025-11-06,52789.0,0.0,0,Paid
11406,11406,1058,,10780.0,4680.0,53,Open
11407,11407,1125,2025-10-22,111748.0,0.0,0,Paid
11408,11408,1081,,0,35461.0,53,Open
11409,11409,1118,2025-11-07,28592.0,0.0,0,Paid
11410,11410,1094,2025-11-03,23238.0,0.0,0,Paid
11411,11411,1119,,0,40095.0,36,Open
11412,11412,1044,2025-11-09,108513.0,0.0,0,Paid
11413,11413,1109,2025-11-20,49274.0,0.0,0,Paid
11414,11414,1025,2025-11-10,69443.0,0.0,0,Paid
11415,11415,1120,,0,63802.0,51,Open
11416,11416,1020,2025-11-06,28488.0,0.0,0,Paid
11417,11417,1033,2025-11-07,152665.0,0.0,0,Paid
11418,11418,1079,2025-11-20,26980.0,0.0,0,Paid
11419,11419,1021,2025-11-27,15344.0,0.0,0,Paid
11420,11420,1001,2025-11-07,42208.0,0.0,0,Paid
11421,11421,1107,2025-10-21,15156.0,0.0,0,Paid
11422,11422,1104,2025-12-23,87374.0,0.0,0,Paid
11423,11423,1104,,0,41060.0,53,Open
11424,11424,1089,2025-11-15,15215.0,0.0,0,Paid
11425,11425,1061,2025-11-09,14257.0,0.0,0,Paid
11426,11426,1044,2025-11-13,21255.0,0.0,0,Paid
11427,11427,1095,2025-10-23,95933.0,0.0,0,Paid
11428,11428,1058,2025-11-02,28878.0,0.0,0,Paid
11429,11429,1018,2025-12-05,38502.0,0.0,0,Paid
11430,11430,1016,2025-10-20,15811.0,0.0,0,Paid
11431,11431,1045,2025-12-10,105009.0,0.0,0,Paid
11432,11432,1007,,0,95679.0,66,Open
11433,11433,1017,2025-12-08,36427.0,0.0,0,Paid
11434,11434,1028,2025-11-16,72287.0,0.0,0,Paid
11435,11435,1011,2025-11-13,22636.0,0.0,0,Paid
11436,11436,1096,2025-11-07,64610.0,0.0,0,Paid
11437,11437,1021,2025-11-25,15588.0,0.0,0,Paid
11438,11438,1125,2025-10-22,49117.0,0.0,0,Paid
11439,11439,1055,2025-10-22,66076.0,0.0,0,Paid
11440,11440,1092,2025-12-18,22699.0,0.0,0,Paid
11441,11441,1089,2025-11-15,17882.0,0.0,0,Paid
11442,11442,1006,2025-12-12,31435.0,0.0,0,Paid
11443,11443,1007,2025-11-16,20430.0,0.0,0,Paid
11444,11444,1040,2025-11-06,33344.0,0.0,0,Paid
11445,11445,1045,2025-11-28,54142.0,0.0,0,Paid
11446,11446,1046,2025-11-04,13801.0,0.0,0,Paid
11447,11447,1068,2025-11-10,40843.0,0.0,0,Paid
11448,11448,1077,2025-11-10,28204.0,0.0,0,Paid
11449,11449,1070,2025-11-06,14129.0,0.0,0,Paid
11450,11450,1053,2025-11-08,33093.0,0.0,0,Paid
11451,11451,1041,2025-11-12,51801.0,0.0,0,Paid
11452,11452,1123,2025-11-10,29156.0,0.0,0,Paid
11453,11453,1112,2025-11-05,31682.0,0.0,0,Paid
11454,11454,1034,2025-11-04,22371.0,0.0,0,Paid
11455,11455,1010,2025-11-24,29782.0,0.0,0,Paid
11456,11456,1104,2025-11-03,38229.0,0.0,0,Paid
11457,11457,1083,2025-11-21,44734.0,0.0,0,Paid
11458,11458,1103,2025-11-18,58943.0,0.0,0,Paid
11459,11459,1068,2025-11-20,32082.0,0.0,0,Paid
11460,11460,1102,2025-11-14,42637.0,0.0,0,Paid
11461,11461,1016,2025-10-20,27787.0,0.0,0,Paid
11462,11462,1076,2025-10-21,45783.0,0.0,0,Paid
11463,11463,1102,2025-10-20,14535.0,0.0,0,Paid
11464,11464,1017,2025-11-27,23172.0,0.0,0,Paid
11465,11465,1028,2025-11-14,43614.0,0.0,0,Paid
11466,11466,1095,2025-11-05,44048.0,0.0,0,Paid
11467,11467,1015,2025-11-12,50054.0,0.0,0,Paid
11468,11468,1002,2025-10-28,83480.0,0.0,0,Paid
11469,11469,1121,2025-11-06,105825.0,0.0,0,Paid
11470,11470,1031,2025-11-21,59865.0,0.0,0,Paid
11471,11471,1007,2025-11-11,48480.0,0.0,0,Paid
11472,11472,1028,2025-11-26,22613.0,0.0,0,Paid
11473,11473,1122,2025-10-22,61661.0,0.0,0,Paid
11474,11474,1066,2025-11-10,57301.0,0.0,0,Paid
11475,11475,1042,2025-12-04,28625.0,0.0,0,Paid
11476,11476,1044,2025-12-09,10859.0,0.0,0,Paid
11477,11477,1045,2025-11-07,15136.0,0.0,0,Paid
11478,11478,1051,2025-11-05,13609.0,0.0,0,Paid
11479,11479,1061,2025-11-16,41548.0,0.0,0,Paid
11480,11480,1092,2025-11-10,82714.0,0.0,0,Paid
11481,11481,1016,2025-11-27,14700.0,0.0,0,Paid
11482,11482,1045,2025-12-07,24604.0,0.0,0,Paid
11483,11483,1078,2025-12-10,49470.0,0.0,0,Paid
11484,11484,1028,2025-11-05,12742.0,0.0,0,Paid
11485,11485,1043,2025-11-25,16445.0,0.0,0,Paid
11486,11486,1125,2025-11-17,38935.0,0.0,0,Paid
11487,11487,1039,2025-11-14,50556.0,0.0,0,Paid
11488,11488,1078,2025-11-06,24347.0,0.0,0,Paid
11489,11489,1092,2025-11-21,32131.0,0.0,0,Paid
11490,11490,1092,2025-11-29,64773.0,0.0,0,Paid
11491,11491,1113,2025-11-12,40361.0,0.0,0,Paid
11492,11492,1105,2025-11-17,26976.0,0.0,0,Paid
11493,11493,1068,2025-12-12,95956.0,0.0,0,Paid
11494,11494,1038,2025-12-06,26171.0,0.0,0,Paid
11495,11495,1077,2025-11-08,64888.0,0.0,0,Paid
11496,11496,1075,2025-12-05,85986.0,0.0,0,Paid
11497,11497,1077,2025-11-20,23681.0,0.0,0,Paid
11498,11498,1118,,3665.0,10616.0,51,Open
11499,11499,1033,2025-11-19,14368.0,0.0,0,Paid
11500,11500,1060,,0,19885.0,51,Open
11501,11501,1056,2025-11-02,30556.0,0.0,0,Paid
11502,11502,1016,2026-01-02,15259.0,0.0,0,Paid
11503,11503,1043,2025-12-01,44561.0,0.0,0,Paid
11504,11504,1048,2025-11-15,105133.0,0.0,0,Paid
11505,11505,1104,2025-12-15,14763.0,0.0,0,Paid
11506,11506,1108,2025-11-14,56047.0,0.0,0,Paid
11507,11507,1077,2025-11-10,43112.0,0.0,0,Paid
11508,11508,1067,2025-11-07,35262.0,0.0,0,Paid
11509,11509,1065,2025-12-02,132402.0,0.0,0,Paid
11510,11510,1122,2025-11-12,33019.0,0.0,0,Paid
11511,11511,1092,2025-10-24,60825.0,0.0,0,Paid
11512,11512,1068,2025-11-24,84758.0,0.0,0,Paid
11513,11513,1114,2025-10-23,13437.0,0.0,0,Paid
11514,11514,1040,2025-11-23,49193.0,0.0,0,Paid
11515,11515,1014,2025-11-06,24299.0,0.0,0,Paid
11516,11516,1056,2025-11-14,150142.0,0.0,0,Paid
11517,11517,1021,2025-12-24,128639.0,0.0,0,Paid
11518,11518,1004,2025-11-26,21228.0,0.0,0,Paid
11519,11519,1024,2025-11-30,63127.0,0.0,0,Paid
11520,11520,1114,2025-11-06,17852.0,0.0,0,Paid
11521,11521,1094,2025-11-09,52038.0,0.0,0,Paid
11522,11522,1034,2025-10-27,61349.0,0.0,0,Paid
11523,11523,1046,2025-10-29,45632.0,0.0,0,Paid
11524,11524,1072,2025-12-12,27772.0,0.0,0,Paid
11525,11525,1064,2025-10-23,36896.0,0.0,0,Paid
11526,11526,1111,,0,33450.0,50,Open
11527,11527,1109,2025-11-13,66823.0,0.0,0,Paid
11528,11528,1079,2025-11-19,33380.0,0.0,0,Paid
11529,11529,1081,2025-11-12,23920.0,0.0,0,Paid
11530,11530,1071,2025-10-29,21580.0,0.0,0,Paid
11531,11531,1031,2025-11-17,54584.0,0.0,0,Paid
11532,11532,1120,2025-11-04,43504.0,0.0,0,Paid
11533,11533,1041,2025-11-22,47614.0,0.0,0,Paid
11534,11534,1123,,15508.0,43603.0,33,Open
11535,11535,1106,2025-10-31,31710.0,0.0,0,Paid
11536,11536,1031,2025-11-26,38720.0,0.0,0,Paid
11537,11537,1072,2025-10-22,29507.0,0.0,0,Paid
11538,11538,1013,2025-12-01,32608.0,0.0,0,Paid
11539,11539,1123,2025-11-06,15238.0,0.0,0,Paid
11540,11540,1048,2025-11-16,27493.0,0.0,0,Paid
11541,11541,1064,2025-12-18,27521.0,0.0,0,Paid
11542,11542,1082,2025-11-13,28808.0,0.0,0,Paid
11543,11543,1110,2025-10-28,41917.0,0.0,0,Paid
11544,11544,1120,2025-10-22,15721.0,0.0,0,Paid
11545,11545,1009,2025-11-20,22269.0,0.0,0,Paid
11546,11546,1017,2025-11-17,16352.0,0.0,0,Paid
11547,11547,1072,2025-11-06,14558.0,0.0,0,Paid
11548,11548,1056,2025-11-21,14230.0,0.0,0,Paid
11549,11549,1065,2026-01-02,27822.0,0.0,0,Paid
11550,11550,1042,2025-12-21,40379.0,0.0,0,Paid
11551,11551,1066,2025-12-07,82234.0,0.0,0,Paid
11552,11552,1024,2025-12-02,70606.0,0.0,0,Paid
11553,11553,1089,2025-11-20,26046.0,0.0,0,Paid
11554,11554,1040,2025-12-01,15354.0,0.0,0,Paid
11555,11555,1041,2025-11-23,27987.0,0.0,0,Paid
11556,11556,1118,,0,108487.0,62,Open
11557,11557,1074,2025-11-22,65457.0,0.0,0,Paid
11558,11558,1120,2025-12-05,15156.0,0.0,0,Paid
11559,11559,1113,2025-11-19,46983.0,0.0,0,Paid
11560,11560,1036,2025-10-30,53133.0,0.0,0,Paid
11561,11561,1112,,13982.0,11715.0,63,Open
11562,11562,1123,2025-12-22,50264.0,0.0,0,Paid
11563,11563,1110,,0,90361.0,60,Open
11564,11564,1119,2025-11-22,22350.0,0.0,0,Paid
11565,11565,1017,2025-11-25,30546.0,0.0,0,Paid
11566,11566,1038,2025-11-15,45289.0,0.0,0,Paid
11567,11567,1104,2025-11-10,59157.0,0.0,0,Paid
11568,11568,1031,2025-11-08,61235.0,0.0,0,Paid
11569,11569,1115,2025-11-04,60707.0,0.0,0,Paid
11570,11570,1111,2025-12-06,72737.0,0.0,0,Paid
11571,11571,1123,2025-11-07,42155.0,0.0,0,Paid
11572,11572,1054,2025-11-26,17342.0,0.0,0,Paid
11573,11573,1081,2025-11-24,55571.0,0.0,0,Paid
11574,11574,1024,2025-11-20,14386.0,0.0,0,Paid
11575,11575,1014,2025-11-17,25916.0,0.0,0,Paid
11576,11576,1028,2025-10-28,14919.0,0.0,0,Paid
11577,11577,1020,2025-12-01,168486.0,0.0,0,Paid
11578,11578,1116,2025-10-28,29094.0,0.0,0,Paid
11579,11579,1028,2025-11-25,41875.0,0.0,0,Paid
11580,11580,1083,,23050.0,53306.0,31,Open
11581,11581,1086,2025-11-30,48437.0,0.0,0,Paid
11582,11582,1039,2025-11-15,47239.0,0.0,0,Paid
11583,11583,1078,2025-10-29,69377.0,0.0,0,Paid
11584,11584,1052,2025-11-05,36782.0,0.0,0,Paid
11585,11585,1031,2025-10-30,46790.0,0.0,0,Paid
11586,11586,1110,2025-12-09,38058.0,0.0,0,Paid
11587,11587,1046,2025-11-22,46655.0,0.0,0,Paid
11588,11588,1112,2025-11-18,34372.0,0.0,0,Paid
11589,11589,1088,2025-11-18,30554.0,0.0,0,Paid
11590,11590,1023,2025-11-11,98522.0,0.0,0,Paid
11591,11591,1026,2025-10-25,39443.0,0.0,0,Paid
11592,11592,1068,2025-12-03,29002.0,0.0,0,Paid
11593,11593,1109,2025-11-28,60110.0,0.0,0,Paid
11594,11594,1052,2025-11-27,102170.0,0.0,0,Paid
11595,11595,1059,2025-11-20,60548.0,0.0,0,Paid
11596,11596,1049,2025-11-27,116164.0,0.0,0,Paid
11597,11597,1063,2025-10-25,36653.0,0.0,0,Paid
11598,11598,1041,2025-11-05,82018.0,0.0,0,Paid
11599,11599,1064,2025-10-26,16962.0,0.0,0,Paid
11600,11600,1032,2025-12-07,41890.0,0.0,0,Paid
11601,11601,1087,2025-11-16,94320.0,0.0,0,Paid
11602,11602,1087,2025-12-10,25867.0,0.0,0,Paid
11603,11603,1095,2025-11-26,66417.0,0.0,0,Paid
11604,11604,1116,2025-11-20,28043.0,0.0,0,Paid
11605,11605,1074,2025-10-25,26533.0,0.0,0,Paid
11606,11606,1085,2025-12-12,82724.0,0.0,0,Paid
11607,11607,1115,2025-11-11,29507.0,0.0,0,Paid
11608,11608,1109,2025-11-12,26732.0,0.0,0,Paid
11609,11609,1043,2025-11-01,72236.0,0.0,0,Paid
11610,11610,1038,2025-12-14,29644.0,0.0,0,Paid
11611,11611,1111,2025-10-27,28307.0,0.0,0,Paid
11612,11612,1102,2025-11-16,43905.0,0.0,0,Paid
11613,11613,1052,2025-12-15,98272.0,0.0,0,Paid
11614,11614,1095,2025-11-11,43947.0,0.0,0,Paid
11615,11615,1097,2025-12-19,21024.0,0.0,0,Paid
11616,11616,1094,2025-12-12,22530.0,0.0,0,Paid
11617,11617,1069,2025-11-01,52202.0,0.0,0,Paid
11618,11618,1091,2025-12-27,68794.0,0.0,0,Paid
11619,11619,1008,2025-11-24,46900.0,0.0,0,Paid
11620,11620,1120,2025-11-10,42407.0,0.0,0,Paid
11621,11621,1057,2025-11-27,44423.0,0.0,0,Paid
11622,11622,1074,2025-11-23,23288.0,0.0,0,Paid
11623,11623,1081,2025-12-10,46460.0,0.0,0,Paid
11624,11624,1099,2025-12-06,135834.0,0.0,0,Paid
11625,11625,1030,2025-11-29,46183.0,0.0,0,Paid
11626,11626,1112,2025-11-18,12659.0,0.0,0,Paid
11627,11627,1113,,0,70850.0,32,Open
11628,11628,1051,2025-11-17,130725.0,0.0,0,Paid
11629,11629,1122,2025-11-09,28384.0,0.0,0,Paid
11630,11630,1026,2025-12-27,31708.0,0.0,0,Paid
11631,11631,1117,,0,97460.0,46,Open
11632,11632,1006,2025-11-19,19962.0,0.0,0,Paid
11633,11633,1112,2025-11-17,28849.0,0.0,0,Paid
11634,11634,1009,2025-12-16,36509.0,0.0,0,Paid
11635,11635,1057,2025-12-26,15937.0,0.0,0,Paid
11636,11636,1014,2025-11-10,37543.0,0.0,0,Paid
11637,11637,1018,2025-12-18,86765.0,0.0,0,Paid
11638,11638,1094,2025-11-10,14662.0,0.0,0,Paid
11639,11639,1063,2025-11-23,73879.0,0.0,0,Paid
11640,11640,1022,2025-11-30,58728.0,0.0,0,Paid
11641,11641,1115,2025-11-29,85804.0,0.0,0,Paid
11642,11642,1009,2025-11-15,19349.0,0.0,0,Paid
11643,11643,1070,2025-11-27,41137.0,0.0,0,Paid
11644,11644,1060,,0,28247.0,31,Open
11645,11645,1090,,0,13099.0,62,Open
11646,11646,1118,2025-11-11,16879.0,0.0,0,Paid
11647,11647,1115,2025-11-23,39120.0,0.0,0,Paid
11648,11648,1083,2025-12-04,20029.0,0.0,0,Paid
11649,11649,1065,2025-12-01,42872.0,0.0,0,Paid
11650,11650,1079,,0,43884.0,46,Open
11651,11651,1097,2025-11-14,13435.0,0.0,0,Paid
11652,11652,1118,2025-12-10,39290.0,0.0,0,Paid
11653,11653,1101,2025-11-26,50243.0,0.0,0,Paid
11654,11654,1113,2025-11-11,12305.0,0.0,0,Paid
11655,11655,1021,2025-10-29,44855.0,0.0,0,Paid
11656,11656,1087,2025-11-29,25031.0,0.0,0,Paid
11657,11657,1041,2025-11-08,22882.0,0.0,0,Paid
11658,11658,1021,2025-11-22,31093.0,0.0,0,Paid
11659,11659,1112,2025-11-27,70536.0,0.0,0,Paid
11660,11660,1117,2025-11-20,49517.0,0.0,0,Paid
11661,11661,1064,2025-11-18,18468.0,0.0,0,Paid
11662,11662,1094,2025-11-12,64446.0,0.0,0,Paid
11663,11663,1040,2025-11-12,66801.0,0.0,0,Paid
11664,11664,1096,2025-12-24,53502.0,0.0,0,Paid
11665,11665,1049,2025-12-11,59032.0,0.0,0,Paid
11666,11666,1058,2025-11-09,24964.0,0.0,0,Paid
11667,11667,1093,2025-11-26,42941.0,0.0,0,Paid
11668,11668,1067,2025-12-22,82691.0,0.0,0,Paid
11669,11669,1009,2025-11-30,49796.0,0.0,0,Paid
11670,11670,1052,2025-11-25,73424.0,0.0,0,Paid
11671,11671,1101,2025-11-21,46311.0,0.0,0,Paid
11672,11672,1050,2025-12-09,46687.0,0.0,0,Paid
11673,11673,1095,2025-11-17,41488.0,0.0,0,Paid
11674,11674,1065,2025-11-12,15486.0,0.0,0,Paid
11675,11675,1024,2025-10-25,30394.0,0.0,0,Paid
11676,11676,1013,2025-10-31,32991.0,0.0,0,Paid
11677,11677,1008,2025-12-10,71092.0,0.0,0,Paid
11678,11678,1065,2025-12-07,15488.0,0.0,0,Paid
11679,11679,1054,2025-12-01,20671.0,0.0,0,Paid
11680,11680,1027,2025-11-19,44358.0,0.0,0,Paid
11681,11681,1079,2025-11-23,62356.0,0.0,0,Paid
11682,11682,1011,2025-11-18,82250.0,0.0,0,Paid
11683,11683,1068,2025-12-01,27297.0,0.0,0,Paid
11684,11684,1077,2025-12-05,43669.0,0.0,0,Paid
11685,11685,1038,2025-11-16,40187.0,0.0,0,Paid
11686,11686,1066,,21251.0,15932.0,31,Open
11687,11687,1066,2025-10-26,21490.0,0.0,0,Paid
11688,11688,1048,2025-11-22,57515.0,0.0,0,Paid
11689,11689,1075,,0,55548.0,45,Open
11690,11690,1113,2025-10-30,132864.0,0.0,0,Paid
11691,11691,1105,2025-12-04,48977.0,0.0,0,Paid
11692,11692,1111,2025-11-15,64331.0,0.0,0,Paid
11693,11693,1017,2025-11-15,25506.0,0.0,0,Paid
11694,11694,1092,2026-01-05,24748.0,0.0,0,Paid
11695,11695,1048,2025-11-27,109623.0,0.0,0,Paid
11696,11696,1104,2025-11-25,15632.0,0.0,0,Paid
11697,11697,1041,2025-12-19,14366.0,0.0,0,Paid
11698,11698,1061,2025-11-26,20943.0,0.0,0,Paid
11699,11699,1025,2025-11-25,26621.0,0.0,0,Paid
11700,11700,1011,2025-12-06,116799.0,0.0,0,Paid
11701,11701,1080,2025-11-22,29201.0,0.0,0,Paid
11702,11702,1108,2025-12-14,34380.0,0.0,0,Paid
11703,11703,1124,2025-11-29,31110.0,0.0,0,Paid
11704,11704,1002,2025-11-24,39500.0,0.0,0,Paid
11705,11705,1004,2025-11-20,13552.0,0.0,0,Paid
11706,11706,1121,2025-12-12,19956.0,0.0,0,Paid
11707,11707,1036,2025-11-30,44449.0,0.0,0,Paid
11708,11708,1074,2025-10-31,17371.0,0.0,0,Paid
11709,11709,1091,2025-11-04,13846.0,0.0,0,Paid
11710,11710,1046,2025-11-23,50452.0,0.0,0,Paid
11711,11711,1066,2025-11-22,27193.0,0.0,0,Paid
11712,11712,1119,2025-11-14,22289.0,0.0,0,Paid
11713,11713,1001,2025-11-21,21203.0,0.0,0,Paid
11714,11714,1044,2025-11-07,59362.0,0.0,0,Paid
11715,11715,1055,2025-11-29,19526.0,0.0,0,Paid
11716,11716,1070,2025-11-24,31894.0,0.0,0,Paid
11717,11717,1114,2025-10-31,23369.0,0.0,0,Paid
11718,11718,1043,2025-11-23,46706.0,0.0,0,Paid
11719,11719,1063,2025-11-26,28137.0,0.0,0,Paid
11720,11720,1077,2025-12-14,14259.0,0.0,0,Paid
11721,11721,1108,2025-11-24,109044.0,0.0,0,Paid
11722,11722,1010,2025-12-30,49740.0,0.0,0,Paid
11723,11723,1065,2025-12-10,29051.0,0.0,0,Paid
11724,11724,1011,2025-11-14,16194.0,0.0,0,Paid
11725,11725,1042,,0,28013.0,44,Open
11726,11726,1051,2025-11-02,30754.0,0.0,0,Paid
11727,11727,1095,2025-11-23,44378.0,0.0,0,Paid
11728,11728,1111,,13963.0,29645.0,28,Open
11729,11729,1119,2025-11-25,47044.0,0.0,0,Paid
11730,11730,1093,2025-11-02,33604.0,0.0,0,Paid
11731,11731,1059,2025-11-30,77251.0,0.0,0,Paid
11732,11732,1021,2025-11-15,14696.0,0.0,0,Paid
11733,11733,1069,2025-11-10,43412.0,0.0,0,Paid
11734,11734,1020,2025-11-13,12323.0,0.0,0,Paid
11735,11735,1031,2025-11-27,28092.0,0.0,0,Paid
11736,11736,1053,2025-11-28,78234.0,0.0,0,Paid
11737,11737,1040,2025-11-12,75916.0,0.0,0,Paid
11738,11738,1106,2025-11-26,18596.0,0.0,0,Paid
11739,11739,1103,2025-11-17,37940.0,0.0,0,Paid
11740,11740,1109,2025-11-18,39403.0,0.0,0,Paid
11741,11741,1022,2025-11-26,14347.0,0.0,0,Paid
11742,11742,1104,2025-11-04,91584.0,0.0,0,Paid
11743,11743,1064,2025-11-12,24812.0,0.0,0,Paid
11744,11744,1020,2025-12-21,82853.0,0.0,0,Paid
11745,11745,1003,2025-12-05,140954.0,0.0,0,Paid
11746,11746,1072,2025-12-09,13584.0,0.0,0,Paid
11747,11747,1102,2025-11-19,41495.0,0.0,0,Paid
11748,11748,1125,2025-11-22,37829.0,0.0,0,Paid
11749,11749,1100,2025-12-05,146118.0,0.0,0,Paid
11750,11750,1098,2025-11-04,14374.0,0.0,0,Paid
11751,11751,1018,2025-12-01,14791.0,0.0,0,Paid
11752,11752,1042,2025-11-01,75861.0,0.0,0,Paid
11753,11753,1062,2025-11-22,165645.0,0.0,0,Paid
11754,11754,1049,2025-10-28,31223.0,0.0,0,Paid
11755,11755,1025,,0,12025.0,60,Open
11756,11756,1113,,0,33517.0,44,Open
11757,11757,1051,2025-11-16,21156.0,0.0,0,Paid
11758,11758,1117,2025-11-02,13591.0,0.0,0,Paid
11759,11759,1098,2025-11-06,25581.0,0.0,0,Paid
11760,11760,1123,2025-11-26,31653.0,0.0,0,Paid
11761,11761,1064,2025-11-16,12648.0,0.0,0,Paid
11762,11762,1010,2025-11-04,14597.0,0.0,0,Paid
11763,11763,1039,2025-12-19,66925.0,0.0,0,Paid
11764,11764,1053,2025-11-15,15810.0,0.0,0,Paid
11765,11765,1079,2025-12-10,49252.0,0.0,0,Paid
11766,11766,1123,2025-11-21,73951.0,0.0,0,Paid
11767,11767,1090,2025-11-13,40088.0,0.0,0,Paid
11768,11768,1028,2025-11-28,63762.0,0.0,0,Paid
11769,11769,1019,2025-11-30,60240.0,0.0,0,Paid
11770,11770,1104,,0,26234.0,43,Open
11771,11771,1025,2025-12-08,49979.0,0.0,0,Paid
11772,11772,1121,2025-12-11,30760.0,0.0,0,Paid
11773,11773,1008,2025-11-17,39485.0,0.0,0,Paid
11774,11774,1125,2025-12-18,78611.0,0.0,0,Paid
11775,11775,1099,2025-12-04,49094.0,0.0,0,Paid
11776,11776,1098,2025-11-17,30091.0,0.0,0,Paid
11777,11777,1108,2025-11-21,27561.0,0.0,0,Paid
11778,11778,1121,2025-12-19,45092.0,0.0,0,Paid
11779,11779,1037,2025-12-20,15613.0,0.0,0,Paid
11780,11780,1019,2025-11-28,27322.0,0.0,0,Paid
11781,11781,1023,2025-12-13,54889.0,0.0,0,Paid
11782,11782,1121,2025-11-26,54112.0,0.0,0,Paid
11783,11783,1096,2025-11-22,38607.0,0.0,0,Paid
11784,11784,1013,2025-11-15,61520.0,0.0,0,Paid
11785,11785,1094,2025-11-12,12544.0,0.0,0,Paid
11786,11786,1083,2025-11-11,15206.0,0.0,0,Paid
11787,11787,1033,2025-11-20,33327.0,0.0,0,Paid
11788,11788,1031,2025-11-05,39950.0,0.0,0,Paid
11789,11789,1122,2025-10-29,27309.0,0.0,0,Paid
11790,11790,1085,2025-11-04,79205.0,0.0,0,Paid
11791,11791,1060,2025-11-29,28606.0,0.0,0,Paid
11792,11792,1090,2025-11-08,20289.0,0.0,0,Paid
11793,11793,1022,,0,54746.0,41,Open
11794,11794,1108,2025-11-02,14901.0,0.0,0,Paid
11795,11795,1103,2025-12-04,19628.0,0.0,0,Paid
11796,11796,1068,2025-11-03,13723.0,0.0,0,Paid
11797,11797,1095,2025-12-09,14095.0,0.0,0,Paid
11798,11798,1053,2025-11-24,76941.0,0.0,0,Paid
11799,11799,1122,2025-12-01,32102.0,0.0,0,Paid
11800,11800,1116,2025-11-25,34270.0,0.0,0,Paid
11801,11801,1008,2025-11-29,51200.0,0.0,0,Paid
11802,11802,1120,2025-12-09,28794.0,0.0,0,Paid
11803,11803,1005,2025-11-16,40552.0,0.0,0,Paid
11804,11804,1103,2025-12-12,14023.0,0.0,0,Paid
11805,11805,1108,2025-12-03,12747.0,0.0,0,Paid
11806,11806,1052,2025-11-09,17734.0,0.0,0,Paid
11807,11807,1042,2025-12-05,57271.0,0.0,0,Paid
11808,11808,1050,2025-12-04,22366.0,0.0,0,Paid
11809,11809,1056,2025-12-06,42504.0,0.0,0,Paid
11810,11810,1064,2025-12-24,159833.0,0.0,0,Paid
11811,11811,1103,2025-11-15,13649.0,0.0,0,Paid
11812,11812,1110,2025-11-23,43933.0,0.0,0,Paid
11813,11813,1050,2025-12-24,43275.0,0.0,0,Paid
11814,11814,1125,2025-12-09,70466.0,0.0,0,Paid
11815,11815,1037,2025-11-27,30006.0,0.0,0,Paid
11816,11816,1113,2025-11-02,14793.0,0.0,0,Paid
11817,11817,1033,2025-11-12,43398.0,0.0,0,Paid
11818,11818,1019,2025-11-04,27037.0,0.0,0,Paid
11819,11819,1044,2025-12-19,90939.0,0.0,0,Paid
11820,11820,1062,2025-11-18,21565.0,0.0,0,Paid
11821,11821,1112,2025-11-29,94076.0,0.0,0,Paid
11822,11822,1059,2025-11-26,172637.0,0.0,0,Paid
11823,11823,1119,2025-12-08,51866.0,0.0,0,Paid
11824,11824,1009,2025-12-16,112309.0,0.0,0,Paid
11825,11825,1063,2025-12-14,27307.0,0.0,0,Paid
11826,11826,1042,2025-11-28,13096.0,0.0,0,Paid
11827,11827,1086,2025-11-22,119188.0,0.0,0,Paid
11828,11828,1073,2025-10-31,107599.0,0.0,0,Paid
11829,11829,1060,2025-12-05,58065.0,0.0,0,Paid
11830,11830,1013,2025-12-04,14815.0,0.0,0,Paid
11831,11831,1064,2025-11-22,26571.0,0.0,0,Paid
11832,11832,1016,2025-12-18,80717.0,0.0,0,Paid
11833,11833,1012,2025-11-10,42696.0,0.0,0,Paid
11834,11834,1063,2025-11-21,25879.0,0.0,0,Paid
11835,11835,1106,2025-11-20,24264.0,0.0,0,Paid
11836,11836,1028,2025-11-14,12691.0,0.0,0,Paid
11837,11837,1008,2025-12-20,40066.0,0.0,0,Paid
11838,11838,1009,,0,30139.0,41,Open
11839,11839,1044,2025-12-05,62247.0,0.0,0,Paid
11840,11840,1052,2025-12-01,13798.0,0.0,0,Paid
11841,11841,1114,2025-11-04,93550.0,0.0,0,Paid
11842,11842,1001,2025-11-29,27220.0,0.0,0,Paid
11843,11843,1105,2025-11-28,69054.0,0.0,0,Paid
11844,11844,1122,2025-11-22,59998.0,0.0,0,Paid
11845,11845,1005,2025-11-26,33197.0,0.0,0,Paid
11846,11846,1079,2025-11-14,39163.0,0.0,0,Paid
11847,11847,1103,2025-11-14,62120.0,0.0,0,Paid
11848,11848,1018,2025-12-07,69009.0,0.0,0,Paid
11849,11849,1051,2025-11-23,31896.0,0.0,0,Paid
11850,11850,1068,2025-11-25,34375.0,0.0,0,Paid
11851,11851,1073,2025-11-22,74298.0,0.0,0,Paid
11852,11852,1045,,0,40368.0,41,Open
11853,11853,1071,2025-11-14,12996.0,0.0,0,Paid
11854,11854,1038,2025-12-05,77640.0,0.0,0,Paid
11855,11855,1106,2025-11-19,29980.0,0.0,0,Paid
11856,11856,1003,2025-12-14,27268.0,0.0,0,Paid
11857,11857,1097,2025-11-03,33014.0,0.0,0,Paid
11858,11858,1088,2025-11-07,25965.0,0.0,0,Paid
11859,11859,1015,2025-11-24,15061.0,0.0,0,Paid
11860,11860,1120,2025-12-05,17085.0,0.0,0,Paid
11861,11861,1107,2025-11-24,71938.0,0.0,0,Paid
11862,11862,1094,2026-01-01,15055.0,0.0,0,Paid
11863,11863,1043,2025-11-28,66336.0,0.0,0,Paid
11864,11864,1049,2025-11-18,18763.0,0.0,0,Paid
11865,11865,1007,2025-12-20,21758.0,0.0,0,Paid
11866,11866,1025,2025-12-05,25118.0,0.0,0,Paid
11867,11867,1116,2026-01-06,63587.0,0.0,0,Paid
11868,11868,1057,2025-11-13,55704.0,0.0,0,Paid
11869,11869,1107,2025-12-17,37904.0,0.0,0,Paid
11870,11870,1036,2025-12-02,45715.0,0.0,0,Paid
11871,11871,1003,2025-11-25,40069.0,0.0,0,Paid
11872,11872,1045,2025-11-28,35507.0,0.0,0,Paid
11873,11873,1031,2025-11-15,29902.0,0.0,0,Paid
11874,11874,1067,2025-12-06,35388.0,0.0,0,Paid
11875,11875,1124,2025-12-03,33326.0,0.0,0,Paid
11876,11876,1109,,0,71821.0,39,Open
11877,11877,1024,2025-12-17,129965.0,0.0,0,Paid
11878,11878,1075,2025-11-30,26329.0,0.0,0,Paid
11879,11879,1112,2025-12-02,14924.0,0.0,0,Paid
11880,11880,1113,2025-12-15,50069.0,0.0,0,Paid
11881,11881,1021,2025-11-18,44530.0,0.0,0,Paid
11882,11882,1093,2025-11-24,14029.0,0.0,0,Paid
11883,11883,1082,2025-11-15,29231.0,0.0,0,Paid
11884,11884,1025,2025-11-22,51124.0,0.0,0,Paid
11885,11885,1027,2025-11-02,43036.0,0.0,0,Paid
11886,11886,1102,2025-11-19,47571.0,0.0,0,Paid
11887,11887,1053,2025-12-04,15780.0,0.0,0,Paid
11888,11888,1025,2025-10-31,14050.0,0.0,0,Paid
11889,11889,1080,2025-11-15,12393.0,0.0,0,Paid
11890,11890,1042,,0,53349.0,25,Open
11891,11891,1083,2025-11-15,30516.0,0.0,0,Paid
11892,11892,1077,2025-11-15,29050.0,0.0,0,Paid
11893,11893,1114,2025-11-07,27075.0,0.0,0,Paid
11894,11894,1070,2025-12-02,14742.0,0.0,0,Paid
11895,11895,1105,2025-11-27,36982.0,0.0,0,Paid
11896,11896,1078,,0,48340.0,38,Open
11897,11897,1078,2025-12-04,15126.0,0.0,0,Paid
11898,11898,1087,2025-12-01,76743.0,0.0,0,Paid
11899,11899,1034,2025-11-27,109940.0,0.0,0,Paid
11900,11900,1083,,0,111408.0,52,Open
11901,11901,1055,2025-11-03,32097.0,0.0,0,Paid
11902,11902,1036,2025-11-19,38070.0,0.0,0,Paid
11903,11903,1026,2025-11-25,115088.0,0.0,0,Paid
11904,11904,1022,2025-12-02,18617.0,0.0,0,Paid
11905,11905,1043,2025-11-18,35790.0,0.0,0,Paid
11906,11906,1091,2025-11-23,39646.0,0.0,0,Paid
11907,11907,1052,2025-12-11,31077.0,0.0,0,Paid
11908,11908,1095,2025-11-10,25587.0,0.0,0,Paid
11909,11909,1071,2025-12-07,105655.0,0.0,0,Paid
11910,11910,1034,2025-11-29,21053.0,0.0,0,Paid
11911,11911,1095,2025-12-20,28425.0,0.0,0,Paid
11912,11912,1087,2025-12-18,70518.0,0.0,0,Paid
11913,11913,1061,2025-11-23,25937.0,0.0,0,Paid
11914,11914,1085,2025-12-14,85767.0,0.0,0,Paid
11915,11915,1090,2025-11-16,16652.0,0.0,0,Paid
11916,11916,1089,2025-12-19,41737.0,0.0,0,Paid
11917,11917,1107,2025-11-27,30203.0,0.0,0,Paid
11918,11918,1059,,0,47062.0,39,Open
11919,11919,1015,2025-12-09,12891.0,0.0,0,Paid
11920,11920,1078,2025-12-09,102142.0,0.0,0,Paid
11921,11921,1008,2025-11-20,100700.0,0.0,0,Paid
11922,11922,1072,2025-11-10,18746.0,0.0,0,Paid
11923,11923,1074,2025-11-22,21862.0,0.0,0,Paid
11924,11924,1075,2025-11-28,46618.0,0.0,0,Paid
11925,11925,1016,2026-01-02,51332.0,0.0,0,Paid
11926,11926,1050,2025-11-04,143896.0,0.0,0,Paid
11927,11927,1011,2025-12-14,15490.0,0.0,0,Paid
11928,11928,1043,2025-11-30,99194.0,0.0,0,Paid
11929,11929,1084,2025-12-04,79287.0,0.0,0,Paid
11930,11930,1031,2025-12-28,24171.0,0.0,0,Paid
11931,11931,1015,2025-11-18,47097.0,0.0,0,Paid
11932,11932,1119,2025-12-28,16665.0,0.0,0,Paid
11933,11933,1020,2025-11-11,31988.0,0.0,0,Paid
11934,11934,1073,2025-12-07,46562.0,0.0,0,Paid
11935,11935,1112,,0,73580.0,53,Open
11936,11936,1010,,0,37946.0,38,Open
11937,11937,1100,,0,32110.0,24,Open
11938,11938,1058,2025-12-15,29625.0,0.0,0,Paid
11939,11939,1050,2025-11-20,98152.0,0.0,0,Paid
11940,11940,1029,2025-11-28,40537.0,0.0,0,Paid
11941,11941,1063,2025-12-17,54235.0,0.0,0,Paid
11942,11942,1124,2025-12-05,25655.0,0.0,0,Paid
11943,11943,1010,2025-12-09,40243.0,0.0,0,Paid
11944,11944,1078,2025-11-22,30031.0,0.0,0,Paid
11945,11945,1091,2025-11-23,30754.0,0.0,0,Paid
11946,11946,1124,2025-12-03,27314.0,0.0,0,Paid
11947,11947,1109,2025-12-12,82963.0,0.0,0,Paid
11948,11948,1061,,0,50958.0,38,Open
11949,11949,1080,2025-12-12,43566.0,0.0,0,Paid
11950,11950,1006,2025-11-14,42975.0,0.0,0,Paid
11951,11951,1053,2025-12-16,24020.0,0.0,0,Paid
11952,11952,1102,2025-12-06,24145.0,0.0,0,Paid
11953,11953,1093,2025-11-27,85335.0,0.0,0,Paid
11954,11954,1053,2025-11-08,27234.0,0.0,0,Paid
11955,11955,1043,2025-11-28,51984.0,0.0,0,Paid
11956,11956,1079,2025-11-30,13647.0,0.0,0,Paid
11957,11957,1010,2025-12-01,13340.0,0.0,0,Paid
11958,11958,1101,2025-11-18,60817.0,0.0,0,Paid
11959,11959,1015,2025-11-09,76425.0,0.0,0,Paid
11960,11960,1017,2026-01-07,68326.0,0.0,0,Paid
11961,11961,1111,,0,75840.0,37,Open
11962,11962,1011,2025-11-17,16202.0,0.0,0,Paid
11963,11963,1113,2025-12-17,28309.0,0.0,0,Paid
11964,11964,1006,2025-11-20,41225.0,0.0,0,Paid
11965,11965,1049,2025-11-18,25656.0,0.0,0,Paid
11966,11966,1025,2025-11-28,27539.0,0.0,0,Paid
11967,11967,1027,2025-12-02,58010.0,0.0,0,Paid
11968,11968,1111,2025-12-02,26697.0,0.0,0,Paid
11969,11969,1013,2025-11-22,14995.0,0.0,0,Paid
11970,11970,1024,2025-11-13,29039.0,0.0,0,Paid
11971,11971,1073,2025-11-20,26058.0,0.0,0,Paid
11972,11972,1023,,26875.0,66493.0,52,Open
11973,11973,1090,2025-11-03,15155.0,0.0,0,Paid
11974,11974,1095,,0,75828.0,36,Open
11975,11975,1017,2025-12-10,13438.0,0.0,0,Paid
11976,11976,1030,,20847.0,39246.0,52,Open
11977,11977,1114,2025-12-10,14848.0,0.0,0,Paid
11978,11978,1119,2025-11-14,12927.0,0.0,0,Paid
11979,11979,1082,2025-11-26,38691.0,0.0,0,Paid
11980,11980,1026,2025-12-19,60756.0,0.0,0,Paid
11981,11981,1040,2025-11-24,57069.0,0.0,0,Paid
11982,11982,1031,2025-11-28,40237.0,0.0,0,Paid
11983,11983,1028,,30486.0,38171.0,37,Open
11984,11984,1096,2025-11-16,65979.0,0.0,0,Paid
11985,11985,1121,,0,93161.0,49,Open
11986,11986,1078,2025-11-25,28591.0,0.0,0,Paid
11987,11987,1041,2025-12-07,34275.0,0.0,0,Paid
11988,11988,1002,2025-11-29,41945.0,0.0,0,Paid
11989,11989,1122,2025-12-23,66577.0,0.0,0,Paid
11990,11990,1031,2026-01-02,51368.0,0.0,0,Paid
11991,11991,1044,,0,26713.0,52,Open
11992,11992,1083,2025-12-29,38570.0,0.0,0,Paid
11993,11993,1077,2025-12-15,25391.0,0.0,0,Paid
11994,11994,1062,2025-12-17,119986.0,0.0,0,Paid
11995,11995,1087,2026-01-06,13247.0,0.0,0,Paid
11996,11996,1057,2025-11-26,47913.0,0.0,0,Paid
11997,11997,1016,2025-12-11,72726.0,0.0,0,Paid
11998,11998,1098,2025-12-03,51060.0,0.0,0,Paid
11999,11999,1077,2025-11-18,27895.0,0.0,0,Paid
12000,12000,1043,2025-12-08,18912.0,0.0,0,Paid
12001,12001,1065,2025-12-26,47623.0,0.0,0,Paid
12002,12002,1009,2025-11-22,20816.0,0.0,0,Paid
12003,12003,1031,2025-11-21,65659.0,0.0,0,Paid
12004,12004,1104,2025-11-13,43294.0,0.0,0,Paid
12005,12005,1096,2025-11-30,72484.0,0.0,0,Paid
12006,12006,1045,,59893.0,71273.0,49,Open
12007,12007,1098,2025-12-30,32679.0,0.0,0,Paid
12008,12008,1115,2025-12-13,51015.0,0.0,0,Paid
12009,12009,1087,2025-11-27,27054.0,0.0,0,Paid
12010,12010,1061,2025-11-15,55226.0,0.0,0,Paid
12011,12011,1017,2025-12-04,65963.0,0.0,0,Paid
12012,12012,1076,2025-11-29,24142.0,0.0,0,Paid
12013,12013,1089,2025-11-05,71166.0,0.0,0,Paid
12014,12014,1004,,12295.0,21782.0,38,Open
12015,12015,1007,2025-12-18,74567.0,0.0,0,Paid
12016,12016,1072,2025-12-08,13449.0,0.0,0,Paid
12017,12017,1102,2025-12-05,38361.0,0.0,0,Paid
12018,12018,1040,2025-11-07,76406.0,0.0,0,Paid
12019,12019,1004,2025-12-24,35628.0,0.0,0,Paid
12020,12020,1085,2025-11-26,14054.0,0.0,0,Paid
12021,12021,1118,2025-11-11,46672.0,0.0,0,Paid
12022,12022,1114,2025-12-16,35048.0,0.0,0,Paid
12023,12023,1057,2025-12-16,44354.0,0.0,0,Paid
12024,12024,1112,2025-11-09,15473.0,0.0,0,Paid
12025,12025,1025,2025-12-16,17398.0,0.0,0,Paid
12026,12026,1028,2025-11-13,41641.0,0.0,0,Paid
12027,12027,1031,2025-11-30,37553.0,0.0,0,Paid
12028,12028,1004,2025-12-06,31922.0,0.0,0,Paid
12029,12029,1095,2025-11-25,34781.0,0.0,0,Paid
12030,12030,1110,2025-11-25,128576.0,0.0,0,Paid
12031,12031,1051,2025-12-08,65682.0,0.0,0,Paid
12032,12032,1036,2025-11-27,29508.0,0.0,0,Paid
12033,12033,1015,2025-12-03,47904.0,0.0,0,Paid
12034,12034,1045,2025-11-20,47124.0,0.0,0,Paid
12035,12035,1054,2025-11-22,43811.0,0.0,0,Paid
12036,12036,1003,2025-11-22,65285.0,0.0,0,Paid
12037,12037,1108,2025-11-23,55388.0,0.0,0,Paid
12038,12038,1066,,17293.0,11053.0,37,Open
12039,12039,1112,2025-12-05,30560.0,0.0,0,Paid
12040,12040,1094,2025-12-06,28514.0,0.0,0,Paid
12041,12041,1009,2025-11-21,52788.0,0.0,0,Paid
12042,12042,1026,2025-12-04,84093.0,0.0,0,Paid
12043,12043,1107,2025-11-30,13942.0,0.0,0,Paid
12044,12044,1044,2025-11-07,22495.0,0.0,0,Paid
12045,12045,1008,2025-11-17,23253.0,0.0,0,Paid
12046,12046,1070,2025-11-17,100722.0,0.0,0,Paid
12047,12047,1087,2025-11-26,58242.0,0.0,0,Paid
12048,12048,1110,2025-12-09,84274.0,0.0,0,Paid
12049,12049,1042,2025-11-28,38670.0,0.0,0,Paid
12050,12050,1056,2025-11-28,13940.0,0.0,0,Paid
12051,12051,1034,2025-12-15,15136.0,0.0,0,Paid
12052,12052,1001,2025-12-06,28862.0,0.0,0,Paid
12053,12053,1088,2025-11-25,29990.0,0.0,0,Paid
12054,12054,1094,,0,51666.0,51,Open
12055,12055,1104,2025-11-25,15736.0,0.0,0,Paid
12056,12056,1048,2026-01-12,38340.0,0.0,0,Paid
12057,12057,1079,2025-12-08,41426.0,0.0,0,Paid
12058,12058,1017,2025-11-22,187664.0,0.0,0,Paid
12059,12059,1013,,85724.0,64438.0,34,Open
12060,12060,1083,2025-11-23,176215.0,0.0,0,Paid
12061,12061,1026,2025-12-31,21296.0,0.0,0,Paid
12062,12062,1005,2025-11-19,71358.0,0.0,0,Paid
12063,12063,1123,2025-11-23,21330.0,0.0,0,Paid
12064,12064,1083,2025-12-05,39695.0,0.0,0,Paid
12065,12065,1045,2025-11-30,72993.0,0.0,0,Paid
12066,12066,1091,2026-01-24,24310.0,0.0,0,Paid
12067,12067,1018,2025-12-11,107975.0,0.0,0,Paid
12068,12068,1050,2025-12-03,99455.0,0.0,0,Paid
12069,12069,1084,2025-11-08,90100.0,0.0,0,Paid
12070,12070,1054,2025-11-25,18534.0,0.0,0,Paid
12071,12071,1105,,31636.0,30340.0,34,Open
12072,12072,1107,2025-12-04,15278.0,0.0,0,Paid
12073,12073,1046,2025-12-06,55569.0,0.0,0,Paid
12074,12074,1002,2025-12-11,29173.0,0.0,0,Paid
12075,12075,1072,2025-12-02,15561.0,0.0,0,Paid
12076,12076,1067,2025-11-30,103808.0,0.0,0,Paid
12077,12077,1015,2025-11-20,11764.0,0.0,0,Paid
12078,12078,1078,2026-01-10,59932.0,0.0,0,Paid
12079,12079,1001,,0,77286.0,17,Open
12080,12080,1039,,0,15802.0,21,Open
12081,12081,1022,2025-12-07,11298.0,0.0,0,Paid
12082,12082,1065,2025-12-02,28418.0,0.0,0,Paid
12083,12083,1039,2025-12-04,42428.0,0.0,0,Paid
12084,12084,1062,,0,103526.0,48,Open
12085,12085,1071,2025-12-13,105676.0,0.0,0,Paid
12086,12086,1119,2025-12-11,28841.0,0.0,0,Paid
12087,12087,1088,2025-12-07,16641.0,0.0,0,Paid
12088,12088,1029,2025-11-23,94573.0,0.0,0,Paid
12089,12089,1045,2025-11-07,106508.0,0.0,0,Paid
12090,12090,1105,2025-12-16,14970.0,0.0,0,Paid
12091,12091,1106,2025-11-26,34902.0,0.0,0,Paid
12092,12092,1111,2025-12-25,17371.0,0.0,0,Paid
12093,12093,1040,2025-11-23,28044.0,0.0,0,Paid
12094,12094,1062,2025-11-26,21048.0,0.0,0,Paid
12095,12095,1079,2025-12-10,27221.0,0.0,0,Paid
12096,12096,1022,2025-12-01,30957.0,0.0,0,Paid
12097,12097,1083,2025-12-29,38027.0,0.0,0,Paid
12098,12098,1042,2025-11-26,30472.0,0.0,0,Paid
12099,12099,1023,2025-11-24,56859.0,0.0,0,Paid
12100,12100,1035,2025-11-22,26505.0,0.0,0,Paid
12101,12101,1012,2025-12-21,29111.0,0.0,0,Paid
12102,12102,1116,2025-11-08,78318.0,0.0,0,Paid
12103,12103,1005,2025-12-01,53987.0,0.0,0,Paid
12104,12104,1028,2025-12-10,54744.0,0.0,0,Paid
12105,12105,1032,2025-11-13,26878.0,0.0,0,Paid
12106,12106,1097,2025-11-27,12922.0,0.0,0,Paid
12107,12107,1016,2025-11-06,22485.0,0.0,0,Paid
12108,12108,1086,2025-12-06,24337.0,0.0,0,Paid
12109,12109,1118,2025-11-15,36347.0,0.0,0,Paid
12110,12110,1025,2025-12-06,13578.0,0.0,0,Paid
12111,12111,1069,2025-12-01,33923.0,0.0,0,Paid
12112,12112,1097,2025-11-10,59359.0,0.0,0,Paid
12113,12113,1036,2025-12-14,36573.0,0.0,0,Paid
12114,12114,1084,2025-12-22,28257.0,0.0,0,Paid
12115,12115,1063,2025-12-09,24686.0,0.0,0,Paid
12116,12116,1054,2025-12-05,16636.0,0.0,0,Paid
12117,12117,1122,2025-12-07,40661.0,0.0,0,Paid
12118,12118,1008,2025-11-17,14944.0,0.0,0,Paid
12119,12119,1068,2025-11-23,20764.0,0.0,0,Paid
12120,12120,1114,2025-12-11,14196.0,0.0,0,Paid
12121,12121,1023,2025-12-09,13139.0,0.0,0,Paid
12122,12122,1088,2025-12-02,41077.0,0.0,0,Paid
12123,12123,1030,,0,13733.0,35,Open
12124,12124,1022,2025-11-25,14007.0,0.0,0,Paid
12125,12125,1036,2025-12-07,57681.0,0.0,0,Paid
12126,12126,1117,2025-11-22,72810.0,0.0,0,Paid
12127,12127,1036,2025-11-30,79467.0,0.0,0,Paid
12128,12128,1104,,0,40473.0,33,Open
12129,12129,1014,2025-12-12,132883.0,0.0,0,Paid
12130,12130,1059,2025-12-15,19914.0,0.0,0,Paid
12131,12131,1106,2025-11-29,215073.0,0.0,0,Paid
12132,12132,1056,2025-11-26,20480.0,0.0,0,Paid
12133,12133,1029,2025-12-06,14812.0,0.0,0,Paid
12134,12134,1117,2025-11-21,14185.0,0.0,0,Paid
12135,12135,1009,2025-12-01,11907.0,0.0,0,Paid
12136,12136,1029,2025-12-01,32490.0,0.0,0,Paid
12137,12137,1101,2025-12-06,150538.0,0.0,0,Paid
12138,12138,1059,2025-12-09,48491.0,0.0,0,Paid
12139,12139,1074,2025-12-11,47488.0,0.0,0,Paid
12140,12140,1060,2025-12-09,60308.0,0.0,0,Paid
12141,12141,1091,2025-11-17,79220.0,0.0,0,Paid
12142,12142,1065,2025-11-23,38909.0,0.0,0,Paid
12143,12143,1111,2025-11-16,22193.0,0.0,0,Paid
12144,12144,1115,2026-01-02,28735.0,0.0,0,Paid
12145,12145,1068,2025-12-10,59513.0,0.0,0,Paid
12146,12146,1015,2025-11-30,13392.0,0.0,0,Paid
12147,12147,1028,2025-11-23,62621.0,0.0,0,Paid
12148,12148,1044,2025-11-29,41201.0,0.0,0,Paid
12149,12149,1059,2025-12-12,35151.0,0.0,0,Paid
12150,12150,1075,2025-12-05,70394.0,0.0,0,Paid
12151,12151,1050,,14231.0,16163.0,18,Open
12152,12152,1090,2025-11-26,118122.0,0.0,0,Paid
12153,12153,1073,,0,103346.0,31,Open
12154,12154,1083,2025-12-19,67118.0,0.0,0,Paid
12155,12155,1080,2025-11-26,72707.0,0.0,0,Paid
12156,12156,1061,2025-12-22,14250.0,0.0,0,Paid
12157,12157,1033,2025-11-27,12529.0,0.0,0,Paid
12158,12158,1026,2025-11-27,26665.0,0.0,0,Paid
12159,12159,1041,2025-11-16,30549.0,0.0,0,Paid
12160,12160,1001,2025-12-29,87122.0,0.0,0,Paid
12161,12161,1110,2025-11-25,177023.0,0.0,0,Paid
12162,12162,1093,2025-11-30,43362.0,0.0,0,Paid
12163,12163,1009,2025-12-03,41467.0,0.0,0,Paid
12164,12164,1071,2025-11-22,16240.0,0.0,0,Paid
12165,12165,1124,2025-12-01,20837.0,0.0,0,Paid
12166,12166,1056,2025-11-07,14275.0,0.0,0,Paid
12167,12167,1072,2025-12-06,36370.0,0.0,0,Paid
12168,12168,1052,2025-11-13,26861.0,0.0,0,Paid
12169,12169,1068,2025-11-29,32809.0,0.0,0,Paid
12170,12170,1125,2025-11-22,42533.0,0.0,0,Paid
12171,12171,1100,2025-12-04,43697.0,0.0,0,Paid
12172,12172,1099,2025-12-14,29197.0,0.0,0,Paid
12173,12173,1057,2025-11-08,31270.0,0.0,0,Paid
12174,12174,1034,2025-12-06,15638.0,0.0,0,Paid
12175,12175,1105,2025-12-12,92236.0,0.0,0,Paid
12176,12176,1097,2025-12-20,28551.0,0.0,0,Paid
12177,12177,1019,2025-11-23,38879.0,0.0,0,Paid
12178,12178,1106,2025-12-11,40066.0,0.0,0,Paid
12179,12179,1055,2026-01-05,29338.0,0.0,0,Paid
12180,12180,1092,2025-12-09,13334.0,0.0,0,Paid
12181,12181,1061,2026-01-02,57067.0,0.0,0,Paid
12182,12182,1007,2025-12-20,28624.0,0.0,0,Paid
12183,12183,1040,2025-12-13,13151.0,0.0,0,Paid
12184,12184,1019,2025-12-31,33477.0,0.0,0,Paid
12185,12185,1034,2025-12-29,14883.0,0.0,0,Paid
12186,12186,1095,2025-12-13,88680.0,0.0,0,Paid
12187,12187,1105,2025-12-08,25962.0,0.0,0,Paid
12188,12188,1101,2025-12-08,23131.0,0.0,0,Paid
12189,12189,1089,2025-11-28,13464.0,0.0,0,Paid
12190,12190,1029,2025-11-09,27271.0,0.0,0,Paid
12191,12191,1004,2025-12-18,44633.0,0.0,0,Paid
12192,12192,1104,2025-12-04,119451.0,0.0,0,Paid
12193,12193,1008,2025-12-10,69024.0,0.0,0,Paid
12194,12194,1026,2025-12-12,81822.0,0.0,0,Paid
12195,12195,1104,2025-12-14,54899.0,0.0,0,Paid
12196,12196,1058,2025-12-23,28068.0,0.0,0,Paid
12197,12197,1003,2025-11-22,45211.0,0.0,0,Paid
12198,12198,1029,2025-11-10,28101.0,0.0,0,Paid
12199,12199,1039,2025-12-16,79744.0,0.0,0,Paid
12200,12200,1055,2026-01-18,46971.0,0.0,0,Paid
12201,12201,1050,2025-11-24,48098.0,0.0,0,Paid
12202,12202,1025,2025-12-10,79702.0,0.0,0,Paid
12203,12203,1102,2025-11-16,23486.0,0.0,0,Paid
12204,12204,1096,2025-12-01,78790.0,0.0,0,Paid
12205,12205,1089,2025-12-10,25656.0,0.0,0,Paid
12206,12206,1108,2025-11-08,39154.0,0.0,0,Paid
12207,12207,1073,2025-11-14,39800.0,0.0,0,Paid
12208,12208,1066,2025-11-24,38186.0,0.0,0,Paid
12209,12209,1033,2025-12-03,13725.0,0.0,0,Paid
12210,12210,1054,2025-12-10,70986.0,0.0,0,Paid
12211,12211,1040,2025-12-20,39030.0,0.0,0,Paid
12212,12212,1027,2025-12-02,21544.0,0.0,0,Paid
12213,12213,1125,2025-12-07,151407.0,0.0,0,Paid
12214,12214,1090,2025-12-08,64838.0,0.0,0,Paid
12215,12215,1072,2025-11-21,32611.0,0.0,0,Paid
12216,12216,1009,2025-12-13,23508.0,0.0,0,Paid
12217,12217,1060,2025-12-03,46882.0,0.0,0,Paid
12218,12218,1081,2025-12-23,62977.0,0.0,0,Paid
12219,12219,1059,2025-12-05,14337.0,0.0,0,Paid
12220,12220,1075,2025-11-26,107956.0,0.0,0,Paid
12221,12221,1061,2025-12-07,75797.0,0.0,0,Paid
12222,12222,1042,2025-12-06,96486.0,0.0,0,Paid
12223,12223,1099,2025-12-25,19411.0,0.0,0,Paid
12224,12224,1063,2025-12-22,28783.0,0.0,0,Paid
12225,12225,1116,2025-12-01,16116.0,0.0,0,Paid
12226,12226,1025,2025-11-11,22086.0,0.0,0,Paid
12227,12227,1086,2025-11-24,21261.0,0.0,0,Paid
12228,12228,1071,,0,100267.0,31,Open
12229,12229,1079,2025-11-16,81356.0,0.0,0,Paid
12230,12230,1113,,9211.0,13240.0,33,Open
12231,12231,1090,2025-11-14,14037.0,0.0,0,Paid
12232,12232,1080,,0,33482.0,17,Open
12233,12233,1043,2025-11-26,11476.0,0.0,0,Paid
12234,12234,1079,2025-11-21,32887.0,0.0,0,Paid
12235,12235,1050,2026-01-01,46132.0,0.0,0,Paid
12236,12236,1116,2025-11-26,54189.0,0.0,0,Paid
12237,12237,1094,2025-11-10,55252.0,0.0,0,Paid
12238,12238,1054,2025-11-27,41942.0,0.0,0,Paid
12239,12239,1068,,0,75129.0,31,Open
12240,12240,1078,2025-12-17,194632.0,0.0,0,Paid
12241,12241,1014,2025-12-16,35380.0,0.0,0,Paid
12242,12242,1028,2025-12-09,39102.0,0.0,0,Paid
12243,12243,1071,2025-11-29,62768.0,0.0,0,Paid
12244,12244,1028,2026-01-27,36848.0,0.0,0,Paid
12245,12245,1069,2025-11-18,14575.0,0.0,0,Paid
12246,12246,1022,2025-11-25,41539.0,0.0,0,Paid
12247,12247,1080,2025-12-04,57054.0,0.0,0,Paid
12248,12248,1124,2025-12-11,37762.0,0.0,0,Paid
12249,12249,1043,2025-12-01,42281.0,0.0,0,Paid
12250,12250,1121,2025-11-16,94906.0,0.0,0,Paid
12251,12251,1075,2025-12-25,56065.0,0.0,0,Paid
12252,12252,1123,2025-12-12,77295.0,0.0,0,Paid
12253,12253,1039,2025-11-27,49540.0,0.0,0,Paid
12254,12254,1019,2025-12-11,51990.0,0.0,0,Paid
12255,12255,1040,2025-12-26,70192.0,0.0,0,Paid
12256,12256,1125,2025-12-11,42476.0,0.0,0,Paid
12257,12257,1064,2025-11-10,44759.0,0.0,0,Paid
12258,12258,1115,2025-12-02,13924.0,0.0,0,Paid
12259,12259,1027,2025-12-24,20350.0,0.0,0,Paid
12260,12260,1058,2025-11-27,30286.0,0.0,0,Paid
12261,12261,1040,2025-12-15,16216.0,0.0,0,Paid
12262,12262,1090,2025-11-13,45138.0,0.0,0,Paid
12263,12263,1032,2025-11-26,32703.0,0.0,0,Paid
12264,12264,1066,,12818.0,19517.0,46,Open
12265,12265,1011,2025-11-26,114031.0,0.0,0,Paid
12266,12266,1013,2025-12-15,29274.0,0.0,0,Paid
12267,12267,1042,2025-11-17,45242.0,0.0,0,Paid
12268,12268,1066,,0,13041.0,32,Open
12269,12269,1003,2025-12-07,20144.0,0.0,0,Paid
12270,12270,1012,2025-12-12,16924.0,0.0,0,Paid
12271,12271,1109,2025-12-19,26544.0,0.0,0,Paid
12272,12272,1013,2025-12-29,19360.0,0.0,0,Paid
12273,12273,1002,2025-12-06,39749.0,0.0,0,Paid
12274,12274,1023,2025-12-01,50856.0,0.0,0,Paid
12275,12275,1039,2025-11-27,85399.0,0.0,0,Paid
12276,12276,1124,2025-11-25,21764.0,0.0,0,Paid
12277,12277,1116,2025-11-11,38238.0,0.0,0,Paid
12278,12278,1005,2025-11-30,20717.0,0.0,0,Paid
12279,12279,1011,2025-12-16,31070.0,0.0,0,Paid
12280,12280,1057,2026-01-01,57715.0,0.0,0,Paid
12281,12281,1124,2025-12-12,13202.0,0.0,0,Paid
12282,12282,1020,2025-12-14,71608.0,0.0,0,Paid
12283,12283,1053,2025-11-10,14687.0,0.0,0,Paid
12284,12284,1077,2025-11-26,36698.0,0.0,0,Paid
12285,12285,1105,2025-11-30,27221.0,0.0,0,Paid
12286,12286,1124,2025-11-29,48341.0,0.0,0,Paid
12287,12287,1090,2025-12-14,30255.0,0.0,0,Paid
12288,12288,1100,2026-02-07,160582.0,0.0,0,Paid
12289,12289,1050,2025-12-05,13869.0,0.0,0,Paid
12290,12290,1031,2025-11-20,15378.0,0.0,0,Paid
12291,12291,1053,2025-12-05,14002.0,0.0,0,Paid
12292,12292,1058,2025-12-03,63115.0,0.0,0,Paid
12293,12293,1032,2025-11-26,43727.0,0.0,0,Paid
12294,12294,1022,2025-11-19,21077.0,0.0,0,Paid
12295,12295,1122,2025-12-16,21609.0,0.0,0,Paid
12296,12296,1052,2025-12-22,27078.0,0.0,0,Paid
12297,12297,1020,2025-12-27,26016.0,0.0,0,Paid
12298,12298,1053,2025-11-28,32160.0,0.0,0,Paid
12299,12299,1011,2025-11-16,57872.0,0.0,0,Paid
12300,12300,1029,2025-12-05,111688.0,0.0,0,Paid
12301,12301,1020,,21115.0,23824.0,30,Open
12302,12302,1011,2025-12-05,40045.0,0.0,0,Paid
12303,12303,1039,2025-12-14,20415.0,0.0,0,Paid
12304,12304,1087,2025-12-18,20598.0,0.0,0,Paid
12305,12305,1112,,14646.0,18010.0,30,Open
12306,12306,1057,2025-12-12,14842.0,0.0,0,Paid
12307,12307,1050,2025-12-22,28866.0,0.0,0,Paid
12308,12308,1108,2026-01-02,31326.0,0.0,0,Paid
12309,12309,1027,2025-11-30,42500.0,0.0,0,Paid
12310,12310,1064,2025-12-16,25596.0,0.0,0,Paid
12311,12311,1040,2025-12-19,23935.0,0.0,0,Paid
12312,12312,1089,2026-01-01,32254.0,0.0,0,Paid
12313,12313,1082,2025-11-27,40231.0,0.0,0,Paid
12314,12314,1019,2025-12-28,58565.0,0.0,0,Paid
12315,12315,1092,2025-12-04,17363.0,0.0,0,Paid
12316,12316,1109,2025-11-27,40537.0,0.0,0,Paid
12317,12317,1110,2025-12-31,72994.0,0.0,0,Paid
12318,12318,1109,2025-12-18,46486.0,0.0,0,Paid
12319,12319,1072,2025-12-15,33275.0,0.0,0,Paid
12320,12320,1042,2025-12-13,46249.0,0.0,0,Paid
12321,12321,1049,2025-12-20,145528.0,0.0,0,Paid
12322,12322,1121,2025-12-04,32623.0,0.0,0,Paid
12323,12323,1101,2025-12-14,52469.0,0.0,0,Paid
12324,12324,1009,2025-12-14,102540.0,0.0,0,Paid
12325,12325,1004,2025-12-24,31050.0,0.0,0,Paid
12326,12326,1039,2025-11-17,46160.0,0.0,0,Paid
12327,12327,1018,2025-12-19,30178.0,0.0,0,Paid
12328,12328,1031,2025-11-29,104023.0,0.0,0,Paid
12329,12329,1087,2025-12-11,11806.0,0.0,0,Paid
12330,12330,1076,2025-11-19,23548.0,0.0,0,Paid
12331,12331,1029,2025-11-25,32018.0,0.0,0,Paid
12332,12332,1003,2025-11-19,64669.0,0.0,0,Paid
12333,12333,1046,2025-12-06,27995.0,0.0,0,Paid
12334,12334,1105,,0,162444.0,12,Open
12335,12335,1012,2025-11-16,27275.0,0.0,0,Paid
12336,12336,1083,2025-12-04,81210.0,0.0,0,Paid
12337,12337,1073,,0,26921.0,29,Open
12338,12338,1123,2025-11-26,14745.0,0.0,0,Paid
12339,12339,1020,2025-12-01,19051.0,0.0,0,Paid
12340,12340,1015,2025-11-25,83141.0,0.0,0,Paid
12341,12341,1021,,0,35532.0,14,Open
12342,12342,1024,2025-12-19,68812.0,0.0,0,Paid
12343,12343,1045,2025-12-12,80176.0,0.0,0,Paid
12344,12344,1110,2025-12-05,118715.0,0.0,0,Paid
12345,12345,1118,2025-12-16,91557.0,0.0,0,Paid
12346,12346,1103,2025-12-31,11447.0,0.0,0,Paid
12347,12347,1072,2025-12-19,33686.0,0.0,0,Paid
12348,12348,1037,2025-11-15,48965.0,0.0,0,Paid
12349,12349,1030,2025-12-12,16633.0,0.0,0,Paid
12350,12350,1096,2025-12-14,14223.0,0.0,0,Paid
12351,12351,1056,,0,83847.0,42,Open
12352,12352,1072,2025-12-02,72863.0,0.0,0,Paid
12353,12353,1077,2025-11-30,83203.0,0.0,0,Paid
12354,12354,1055,2025-12-12,22119.0,0.0,0,Paid
12355,12355,1010,2025-11-25,40148.0,0.0,0,Paid
12356,12356,1111,2025-11-28,23684.0,0.0,0,Paid
12357,12357,1003,,0,63005.0,27,Open
12358,12358,1094,2025-12-20,57327.0,0.0,0,Paid
12359,12359,1064,2025-12-26,17671.0,0.0,0,Paid
12360,12360,1112,2025-12-04,10808.0,0.0,0,Paid
12361,12361,1101,2025-11-13,35191.0,0.0,0,Paid
12362,12362,1072,2025-12-09,31948.0,0.0,0,Paid
12363,12363,1026,,0,57710.0,27,Open
12364,12364,1072,,0,67804.0,13,Open
12365,12365,1014,2025-12-09,25096.0,0.0,0,Paid
12366,12366,1095,2025-11-13,65779.0,0.0,0,Paid
12367,12367,1026,2025-12-14,89686.0,0.0,0,Paid
12368,12368,1077,2025-12-05,17100.0,0.0,0,Paid
12369,12369,1045,2025-12-11,48373.0,0.0,0,Paid
12370,12370,1030,2025-12-14,25773.0,0.0,0,Paid
12371,12371,1052,2025-12-19,84123.0,0.0,0,Paid
12372,12372,1100,2025-11-30,44995.0,0.0,0,Paid
12373,12373,1074,2025-12-18,16231.0,0.0,0,Paid
12374,12374,1053,2025-11-30,22311.0,0.0,0,Paid
12375,12375,1102,2025-12-15,47990.0,0.0,0,Paid
12376,12376,1075,,54172.0,35935.0,12,Open
12377,12377,1082,2025-12-15,58050.0,0.0,0,Paid
12378,12378,1041,2025-12-04,54936.0,0.0,0,Paid
12379,12379,1106,2025-12-12,13316.0,0.0,0,Paid
12380,12380,1050,2025-11-26,24649.0,0.0,0,Paid
12381,12381,1054,2025-11-30,131696.0,0.0,0,Paid
12382,12382,1065,2025-12-22,34995.0,0.0,0,Paid
12383,12383,1023,2025-11-19,54051.0,0.0,0,Paid
12384,12384,1073,2025-11-12,35582.0,0.0,0,Paid
12385,12385,1054,2025-11-28,23602.0,0.0,0,Paid
12386,12386,1061,2025-12-09,59368.0,0.0,0,Paid
12387,12387,1124,2025-11-27,32722.0,0.0,0,Paid
12388,12388,1092,2025-11-17,13169.0,0.0,0,Paid
12389,12389,1028,2025-12-14,52579.0,0.0,0,Paid
12390,12390,1033,2025-11-30,61862.0,0.0,0,Paid
12391,12391,1063,2025-12-21,16610.0,0.0,0,Paid
12392,12392,1082,2025-12-06,41141.0,0.0,0,Paid
12393,12393,1007,2025-12-02,33015.0,0.0,0,Paid
12394,12394,1084,2025-12-05,12083.0,0.0,0,Paid
12395,12395,1020,2025-11-21,32935.0,0.0,0,Paid
12396,12396,1003,2025-12-10,107812.0,0.0,0,Paid
12397,12397,1083,,0,67567.0,25,Open
12398,12398,1018,,0,20442.0,42,Open
12399,12399,1122,2025-12-18,21552.0,0.0,0,Paid
12400,12400,1120,,0,39910.0,41,Open
12401,12401,1107,2025-11-24,53653.0,0.0,0,Paid
12402,12402,1083,2025-12-13,34060.0,0.0,0,Paid
12403,12403,1103,2025-11-18,157204.0,0.0,0,Paid
12404,12404,1123,2025-12-12,34134.0,0.0,0,Paid
12405,12405,1065,2025-12-11,12808.0,0.0,0,Paid
12406,12406,1078,2025-12-11,54421.0,0.0,0,Paid
12407,12407,1086,2025-11-30,36235.0,0.0,0,Paid
12408,12408,1053,2025-11-30,27551.0,0.0,0,Paid
12409,12409,1123,2025-11-29,15371.0,0.0,0,Paid
12410,12410,1018,2025-11-21,87314.0,0.0,0,Paid
12411,12411,1047,2025-12-16,45139.0,0.0,0,Paid
12412,12412,1063,2025-12-15,23274.0,0.0,0,Paid
12413,12413,1010,2025-12-27,87402.0,0.0,0,Paid
12414,12414,1034,2025-12-21,42843.0,0.0,0,Paid
12415,12415,1060,,0,16217.0,12,Open
12416,12416,1015,,0,77455.0,24,Open
12417,12417,1055,2025-12-18,41265.0,0.0,0,Paid
12418,12418,1022,2025-12-21,32909.0,0.0,0,Paid
12419,12419,1080,2025-12-31,23632.0,0.0,0,Paid
12420,12420,1050,2025-11-18,12663.0,0.0,0,Paid
12421,12421,1014,2025-12-26,37026.0,0.0,0,Paid
12422,12422,1020,2025-12-01,49341.0,0.0,0,Paid
12423,12423,1089,2025-12-22,25552.0,0.0,0,Paid
12424,12424,1028,2025-11-19,12272.0,0.0,0,Paid
12425,12425,1044,2025-12-01,28875.0,0.0,0,Paid
12426,12426,1111,2025-12-07,16835.0,0.0,0,Paid
12427,12427,1017,2025-11-20,54859.0,0.0,0,Paid
12428,12428,1045,2025-11-15,29358.0,0.0,0,Paid
12429,12429,1071,2025-12-19,13630.0,0.0,0,Paid
12430,12430,1036,2026-01-02,24196.0,0.0,0,Paid
12431,12431,1094,2025-12-06,26128.0,0.0,0,Paid
12432,12432,1121,,0,12067.0,12,Open
12433,12433,1078,2025-12-13,38677.0,0.0,0,Paid
12434,12434,1035,2025-12-06,17769.0,0.0,0,Paid
12435,12435,1096,2025-12-24,45815.0,0.0,0,Paid
12436,12436,1023,2025-12-23,54323.0,0.0,0,Paid
12437,12437,1063,2025-11-26,16947.0,0.0,0,Paid
12438,12438,1025,2025-12-06,86955.0,0.0,0,Paid
12439,12439,1113,,0,32458.0,26,Open
12440,12440,1015,2025-11-25,13450.0,0.0,0,Paid
12441,12441,1010,2025-11-28,16936.0,0.0,0,Paid
12442,12442,1071,2025-11-20,16088.0,0.0,0,Paid
12443,12443,1118,2026-01-16,30540.0,0.0,0,Paid
12444,12444,1092,2025-12-05,13465.0,0.0,0,Paid
12445,12445,1114,2026-01-06,48858.0,0.0,0,Paid
12446,12446,1096,2026-01-01,153515.0,0.0,0,Paid
12447,12447,1004,2025-12-01,25297.0,0.0,0,Paid
12448,12448,1108,2026-01-01,16429.0,0.0,0,Paid
12449,12449,1096,2026-01-12,36179.0,0.0,0,Paid
12450,12450,1114,2025-11-25,45896.0,0.0,0,Paid
12451,12451,1019,2025-12-29,35148.0,0.0,0,Paid
12452,12452,1007,2025-12-26,43947.0,0.0,0,Paid
12453,12453,1089,2025-11-24,20880.0,0.0,0,Paid
12454,12454,1019,2025-12-02,40720.0,0.0,0,Paid
12455,12455,1069,2025-12-14,18118.0,0.0,0,Paid
12456,12456,1003,2025-12-31,25546.0,0.0,0,Paid
12457,12457,1016,2025-12-04,91147.0,0.0,0,Paid
12458,12458,1115,2026-01-02,31205.0,0.0,0,Paid
12459,12459,1087,,0,14756.0,26,Open
12460,12460,1030,2025-12-18,38271.0,0.0,0,Paid
12461,12461,1070,2026-01-03,39347.0,0.0,0,Paid
12462,12462,1120,2026-01-09,52018.0,0.0,0,Paid
12463,12463,1110,2025-11-30,12955.0,0.0,0,Paid
12464,12464,1115,2025-12-23,24344.0,0.0,0,Paid
12465,12465,1095,2025-12-13,27903.0,0.0,0,Paid
12466,12466,1059,2025-11-27,21426.0,0.0,0,Paid
12467,12467,1020,2025-12-25,59959.0,0.0,0,Paid
12468,12468,1080,2025-11-17,38031.0,0.0,0,Paid
12469,12469,1029,2025-12-19,78374.0,0.0,0,Paid
12470,12470,1083,2025-12-23,39648.0,0.0,0,Paid
12471,12471,1046,2025-12-05,43563.0,0.0,0,Paid
12472,12472,1023,2025-12-25,49778.0,0.0,0,Paid
12473,12473,1047,2025-12-24,27088.0,0.0,0,Paid
12474,12474,1105,2025-12-09,123983.0,0.0,0,Paid
12475,12475,1067,2025-12-16,11777.0,0.0,0,Paid
12476,12476,1081,2025-12-05,19622.0,0.0,0,Paid
12477,12477,1037,2025-12-04,133015.0,0.0,0,Paid
12478,12478,1106,2025-12-02,36676.0,0.0,0,Paid
12479,12479,1125,2025-12-24,24847.0,0.0,0,Paid
12480,12480,1058,2025-12-01,17338.0,0.0,0,Paid
12481,12481,1017,2025-12-07,67235.0,0.0,0,Paid
12482,12482,1118,2025-12-16,22612.0,0.0,0,Paid
12483,12483,1015,2025-12-30,17639.0,0.0,0,Paid
12484,12484,1037,2025-12-26,46694.0,0.0,0,Paid
12485,12485,1054,2025-12-16,39409.0,0.0,0,Paid
12486,12486,1087,2025-12-23,18939.0,0.0,0,Paid
12487,12487,1092,2026-01-01,34924.0,0.0,0,Paid
12488,12488,1077,2026-01-02,36956.0,0.0,0,Paid
12489,12489,1024,2025-12-12,17985.0,0.0,0,Paid
12490,12490,1121,2025-12-06,11471.0,0.0,0,Paid
12491,12491,1101,2025-11-16,18832.0,0.0,0,Paid
12492,12492,1035,2025-12-14,92824.0,0.0,0,Paid
12493,12493,1016,2025-12-04,79082.0,0.0,0,Paid
12494,12494,1106,2025-12-04,21593.0,0.0,0,Paid
12495,12495,1004,2026-01-10,88177.0,0.0,0,Paid
12496,12496,1027,2025-12-13,53570.0,0.0,0,Paid
12497,12497,1086,2026-01-06,11391.0,0.0,0,Paid
12498,12498,1125,2025-12-12,58161.0,0.0,0,Paid
12499,12499,1092,2026-01-16,13965.0,0.0,0,Paid
12500,12500,1024,2025-12-08,66858.0,0.0,0,Paid
12501,12501,1016,2025-12-11,26719.0,0.0,0,Paid
12502,12502,1104,2026-01-12,27224.0,0.0,0,Paid
12503,12503,1007,2025-12-19,75213.0,0.0,0,Paid
12504,12504,1071,2025-12-13,50295.0,0.0,0,Paid
12505,12505,1095,2025-11-16,15772.0,0.0,0,Paid
12506,12506,1094,2025-12-30,14615.0,0.0,0,Paid
12507,12507,1027,2025-11-26,25839.0,0.0,0,Paid
12508,12508,1052,2025-12-09,48394.0,0.0,0,Paid
12509,12509,1051,2025-12-25,23627.0,0.0,0,Paid
12510,12510,1020,2025-11-18,35783.0,0.0,0,Paid
12511,12511,1081,,5248.0,8131.0,24,Open
12512,12512,1086,2025-12-03,24960.0,0.0,0,Paid
12513,12513,1025,2025-12-25,69609.0,0.0,0,Paid
12514,12514,1004,2025-11-23,86843.0,0.0,0,Paid
12515,12515,1022,2025-12-06,154571.0,0.0,0,Paid
12516,12516,1053,2025-12-03,41414.0,0.0,0,Paid
12517,12517,1110,2025-12-06,16953.0,0.0,0,Paid
12518,12518,1109,2026-01-02,35501.0,0.0,0,Paid
12519,12519,1053,2025-12-26,95891.0,0.0,0,Paid
12520,12520,1124,2025-12-17,76429.0,0.0,0,Paid
12521,12521,1064,,0,50013.0,36,Open
12522,12522,1104,2025-11-28,28623.0,0.0,0,Paid
12523,12523,1050,2025-12-24,31707.0,0.0,0,Paid
12524,12524,1046,2025-12-27,12278.0,0.0,0,Paid
12525,12525,1106,2025-12-17,53501.0,0.0,0,Paid
12526,12526,1113,2025-12-21,86007.0,0.0,0,Paid
12527,12527,1081,2025-11-20,13140.0,0.0,0,Paid
12528,12528,1016,2025-12-10,18404.0,0.0,0,Paid
12529,12529,1090,2025-11-29,26073.0,0.0,0,Paid
12530,12530,1079,2025-12-17,13603.0,0.0,0,Paid
12531,12531,1081,2025-12-14,49581.0,0.0,0,Paid
12532,12532,1049,2025-12-04,76369.0,0.0,0,Paid
12533,12533,1095,2025-12-16,62241.0,0.0,0,Paid
12534,12534,1035,,0,110453.0,19,Open
12535,12535,1111,2025-12-20,36330.0,0.0,0,Paid
12536,12536,1027,2025-11-19,28536.0,0.0,0,Paid
12537,12537,1029,2025-11-23,81953.0,0.0,0,Paid
12538,12538,1086,2025-12-08,25526.0,0.0,0,Paid
12539,12539,1084,2026-01-20,48428.0,0.0,0,Paid
12540,12540,1017,2025-11-18,12890.0,0.0,0,Paid
12541,12541,1076,2025-12-21,51386.0,0.0,0,Paid
12542,12542,1007,2025-12-02,40993.0,0.0,0,Paid
12543,12543,1064,2025-12-24,54647.0,0.0,0,Paid
12544,12544,1084,2025-12-03,15098.0,0.0,0,Paid
12545,12545,1034,2025-12-23,14514.0,0.0,0,Paid
12546,12546,1091,2025-12-20,21074.0,0.0,0,Paid
12547,12547,1031,2025-12-14,13030.0,0.0,0,Paid
12548,12548,1088,2025-12-09,47361.0,0.0,0,Paid
12549,12549,1119,2025-12-13,48597.0,0.0,0,Paid
12550,12550,1100,2026-01-03,12310.0,0.0,0,Paid
12551,12551,1012,2025-12-06,38051.0,0.0,0,Paid
12552,12552,1013,2025-12-27,34772.0,0.0,0,Paid
12553,12553,1080,2025-12-06,27592.0,0.0,0,Paid
12554,12554,1103,2025-12-08,38879.0,0.0,0,Paid
12555,12555,1050,2026-01-05,22054.0,0.0,0,Paid
12556,12556,1096,2025-12-05,18653.0,0.0,0,Paid
12557,12557,1060,2025-12-21,28522.0,0.0,0,Paid
12558,12558,1003,,0,25542.0,37,Open
12559,12559,1018,2025-12-18,11769.0,0.0,0,Paid
12560,12560,1062,2025-12-11,11168.0,0.0,0,Paid
12561,12561,1022,2025-11-19,24578.0,0.0,0,Paid
12562,12562,1076,2025-11-18,12686.0,0.0,0,Paid
12563,12563,1067,2025-12-07,13792.0,0.0,0,Paid
12564,12564,1084,2026-01-09,21841.0,0.0,0,Paid
12565,12565,1092,2025-12-20,24619.0,0.0,0,Paid
12566,12566,1092,2025-12-30,23457.0,0.0,0,Paid
12567,12567,1009,2025-12-29,16284.0,0.0,0,Paid
12568,12568,1066,2025-12-14,36042.0,0.0,0,Paid
12569,12569,1117,2025-12-22,58741.0,0.0,0,Paid
12570,12570,1032,2025-12-09,23478.0,0.0,0,Paid
12571,12571,1035,2025-11-19,29955.0,0.0,0,Paid
12572,12572,1007,2025-12-19,11613.0,0.0,0,Paid
12573,12573,1070,2025-12-28,26338.0,0.0,0,Paid
12574,12574,1005,2025-12-11,33313.0,0.0,0,Paid
12575,12575,1020,2025-12-29,12787.0,0.0,0,Paid
12576,12576,1073,2025-12-09,33931.0,0.0,0,Paid
12577,12577,1063,2025-12-20,51680.0,0.0,0,Paid
12578,12578,1046,2025-11-20,17289.0,0.0,0,Paid
12579,12579,1067,2025-12-21,47957.0,0.0,0,Paid
12580,12580,1042,2025-12-04,11886.0,0.0,0,Paid
12581,12581,1031,2025-12-25,79366.0,0.0,0,Paid
12582,12582,1061,2025-12-11,55884.0,0.0,0,Paid
12583,12583,1051,2025-11-24,20444.0,0.0,0,Paid
12584,12584,1013,2025-12-07,63016.0,0.0,0,Paid
12585,12585,1047,2025-12-30,34156.0,0.0,0,Paid
12586,12586,1117,2026-01-12,25171.0,0.0,0,Paid
12587,12587,1055,2025-12-16,58549.0,0.0,0,Paid
12588,12588,1005,2025-12-11,33742.0,0.0,0,Paid
12589,12589,1067,2025-12-26,11961.0,0.0,0,Paid
12590,12590,1081,2025-12-12,26209.0,0.0,0,Paid
12591,12591,1028,2025-12-29,13563.0,0.0,0,Paid
12592,12592,1117,2025-12-15,25389.0,0.0,0,Paid
12593,12593,1096,2025-12-23,23175.0,0.0,0,Paid
12594,12594,1093,2025-12-21,24135.0,0.0,0,Paid
12595,12595,1024,2025-12-17,18849.0,0.0,0,Paid
12596,12596,1081,2025-12-14,35553.0,0.0,0,Paid
12597,12597,1072,2026-01-16,23986.0,0.0,0,Paid
12598,12598,1028,2025-12-01,31940.0,0.0,0,Paid
12599,12599,1004,2025-12-09,45990.0,0.0,0,Paid
12600,12600,1101,2025-12-23,92654.0,0.0,0,Paid
12601,12601,1052,2025-12-31,48378.0,0.0,0,Paid
12602,12602,1050,2025-12-08,69223.0,0.0,0,Paid
12603,12603,1120,2025-11-21,45116.0,0.0,0,Paid
12604,12604,1028,2025-12-30,10732.0,0.0,0,Paid
12605,12605,1063,2025-12-13,29354.0,0.0,0,Paid
12606,12606,1007,2026-01-02,12955.0,0.0,0,Paid
12607,12607,1036,2025-12-15,13421.0,0.0,0,Paid
12608,12608,1066,2026-01-05,24770.0,0.0,0,Paid
12609,12609,1028,,0,25992.0,6,Open
12610,12610,1117,2025-12-06,21642.0,0.0,0,Paid
12611,12611,1067,2025-12-16,12183.0,0.0,0,Paid
12612,12612,1029,2025-12-16,25561.0,0.0,0,Paid
12613,12613,1078,2025-11-27,11619.0,0.0,0,Paid
12614,12614,1015,2025-12-12,39426.0,0.0,0,Paid
12615,12615,1047,2025-12-02,37342.0,0.0,0,Paid
12616,12616,1120,2025-12-26,9595.0,0.0,0,Paid
12617,12617,1120,2025-12-09,67215.0,0.0,0,Paid
12618,12618,1030,2026-01-27,22250.0,0.0,0,Paid
12619,12619,1106,2025-12-20,24599.0,0.0,0,Paid
12620,12620,1081,2025-11-29,34060.0,0.0,0,Paid
12621,12621,1036,2025-12-21,46586.0,0.0,0,Paid
12622,12622,1123,2026-01-13,17184.0,0.0,0,Paid
12623,12623,1035,2025-12-20,49621.0,0.0,0,Paid
12624,12624,1097,2025-12-19,11560.0,0.0,0,Paid
12625,12625,1030,2025-12-31,17723.0,0.0,0,Paid
12626,12626,1064,2025-12-25,57500.0,0.0,0,Paid
12627,12627,1070,2026-01-04,13687.0,0.0,0,Paid
12628,12628,1004,2026-01-10,17985.0,0.0,0,Paid
12629,12629,1117,2025-12-05,22063.0,0.0,0,Paid
12630,12630,1124,2025-12-25,101435.0,0.0,0,Paid
12631,12631,1075,2025-12-29,46459.0,0.0,0,Paid
12632,12632,1017,2025-12-09,33216.0,0.0,0,Paid
12633,12633,1012,,0,20296.0,36,Open
12634,12634,1081,2025-12-14,42149.0,0.0,0,Paid
12635,12635,1008,2026-01-01,57595.0,0.0,0,Paid
12636,12636,1109,2025-12-25,58940.0,0.0,0,Paid
12637,12637,1015,,0,25174.0,21,Open
12638,12638,1109,2025-11-21,23616.0,0.0,0,Paid
12639,12639,1083,,0,57067.0,34,Open
12640,12640,1017,2025-12-08,69589.0,0.0,0,Paid
12641,12641,1045,2025-12-21,23218.0,0.0,0,Paid
12642,12642,1028,2025-12-31,29716.0,0.0,0,Paid
12643,12643,1118,2026-02-06,10968.0,0.0,0,Paid
12644,12644,1117,2026-01-02,54343.0,0.0,0,Paid
12645,12645,1081,2026-01-07,41239.0,0.0,0,Paid
12646,12646,1121,2025-12-24,17502.0,0.0,0,Paid
12647,12647,1033,,0,134366.0,2,Open
12648,12648,1032,2025-12-11,68621.0,0.0,0,Paid
12649,12649,1093,2025-12-10,10598.0,0.0,0,Paid
12650,12650,1045,2025-12-09,57604.0,0.0,0,Paid
12651,12651,1055,2025-12-15,48915.0,0.0,0,Paid
12652,12652,1050,2026-02-08,85666.0,0.0,0,Paid
12653,12653,1048,2025-12-09,40659.0,0.0,0,Paid
12654,12654,1091,2025-12-06,13165.0,0.0,0,Paid
12655,12655,1058,,0,12770.0,20,Open
12656,12656,1085,2025-12-10,12781.0,0.0,0,Paid
12657,12657,1107,2025-12-09,45214.0,0.0,0,Paid
12658,12658,1025,,0,22096.0,19,Open
12659,12659,1046,2025-11-26,12782.0,0.0,0,Paid
12660,12660,1036,2026-01-20,12607.0,0.0,0,Paid
12661,12661,1098,2025-11-28,77140.0,0.0,0,Paid
12662,12662,1009,2025-12-15,90458.0,0.0,0,Paid
12663,12663,1058,2025-12-14,35713.0,0.0,0,Paid
12664,12664,1073,2025-12-12,97476.0,0.0,0,Paid
12665,12665,1082,2025-12-12,25495.0,0.0,0,Paid
12666,12666,1101,2025-12-15,16308.0,0.0,0,Paid
12667,12667,1015,2025-12-09,17658.0,0.0,0,Paid
12668,12668,1117,2025-11-22,19690.0,0.0,0,Paid
12669,12669,1102,2025-11-24,128311.0,0.0,0,Paid
12670,12670,1013,2025-11-21,16926.0,0.0,0,Paid
12671,12671,1113,2025-12-26,47041.0,0.0,0,Paid
12672,12672,1043,2025-12-12,68622.0,0.0,0,Paid
12673,12673,1104,2025-12-07,10933.0,0.0,0,Paid
12674,12674,1099,2026-01-10,76773.0,0.0,0,Paid
12675,12675,1014,2025-12-19,37184.0,0.0,0,Paid
12676,12676,1079,2025-12-08,34460.0,0.0,0,Paid
12677,12677,1011,2025-12-25,17104.0,0.0,0,Paid
12678,12678,1119,2025-12-22,13129.0,0.0,0,Paid
12679,12679,1058,2025-12-13,38353.0,0.0,0,Paid
12680,12680,1009,2026-01-02,85309.0,0.0,0,Paid
12681,12681,1087,2025-12-07,13038.0,0.0,0,Paid
12682,12682,1043,2025-12-17,71805.0,0.0,0,Paid
12683,12683,1026,2025-12-09,20663.0,0.0,0,Paid
12684,12684,1060,2025-12-26,126074.0,0.0,0,Paid
12685,12685,1111,2025-12-21,54263.0,0.0,0,Paid
12686,12686,1003,2025-12-10,48528.0,0.0,0,Paid
12687,12687,1012,2025-12-30,36421.0,0.0,0,Paid
12688,12688,1109,2025-12-08,23243.0,0.0,0,Paid
12689,12689,1035,2025-12-14,59165.0,0.0,0,Paid
12690,12690,1115,2025-12-07,17791.0,0.0,0,Paid
12691,12691,1085,2025-12-21,23497.0,0.0,0,Paid
12692,12692,1013,2025-12-27,57080.0,0.0,0,Paid
12693,12693,1037,2025-12-13,119343.0,0.0,0,Paid
12694,12694,1049,2025-12-12,68712.0,0.0,0,Paid
12695,12695,1029,2025-12-08,14817.0,0.0,0,Paid
12696,12696,1014,2025-12-27,63796.0,0.0,0,Paid
12697,12697,1081,2025-12-20,62373.0,0.0,0,Paid
12698,12698,1067,2025-12-10,41922.0,0.0,0,Paid
12699,12699,1087,2025-12-22,48223.0,0.0,0,Paid
12700,12700,1051,2025-12-12,26589.0,0.0,0,Paid
12701,12701,1051,2025-12-12,24340.0,0.0,0,Paid
12702,12702,1124,2025-12-21,78239.0,0.0,0,Paid
12703,12703,1026,2025-12-27,12388.0,0.0,0,Paid
12704,12704,1093,2025-11-28,11172.0,0.0,0,Paid
12705,12705,1103,,0,72612.0,0,Open
12706,12706,1060,,0,56129.0,0,Open
12707,12707,1064,2025-12-21,15793.0,0.0,0,Paid
12708,12708,1086,2025-12-24,11856.0,0.0,0,Paid
12709,12709,1008,2025-12-16,39429.0,0.0,0,Paid
12710,12710,1001,2025-12-14,63813.0,0.0,0,Paid
12711,12711,1057,2025-12-15,33873.0,0.0,0,Paid
12712,12712,1089,2025-12-07,26195.0,0.0,0,Paid
12713,12713,1011,2026-01-14,12080.0,0.0,0,Paid
12714,12714,1122,2025-12-29,94924.0,0.0,0,Paid
12715,12715,1005,2025-12-23,20692.0,0.0,0,Paid
12716,12716,1022,2025-12-28,50490.0,0.0,0,Paid
12717,12717,1075,2025-12-13,31280.0,0.0,0,Paid
12718,12718,1001,2025-12-29,42194.0,0.0,0,Paid
12719,12719,1086,2025-12-22,69215.0,0.0,0,Paid
12720,12720,1035,2025-12-21,39868.0,0.0,0,Paid
12721,12721,1104,2026-01-07,12973.0,0.0,0,Paid
12722,12722,1052,2026-01-01,12163.0,0.0,0,Paid
12723,12723,1094,2025-12-27,55689.0,0.0,0,Paid
12724,12724,1019,2025-12-10,33916.0,0.0,0,Paid
12725,12725,1110,2025-12-10,59269.0,0.0,0,Paid
12726,12726,1036,2025-12-09,25239.0,0.0,0,Paid
12727,12727,1083,2025-12-11,56031.0,0.0,0,Paid
12728,12728,1040,2025-12-20,10147.0,0.0,0,Paid
12729,12729,1046,2025-12-17,38664.0,0.0,0,Paid
12730,12730,1051,2026-01-07,35944.0,0.0,0,Paid
12731,12731,1071,2025-12-21,97674.0,0.0,0,Paid
12732,12732,1057,2025-12-29,56849.0,0.0,0,Paid
12733,12733,1125,2025-12-26,50170.0,0.0,0,Paid
12734,12734,1039,2025-12-09,26078.0,0.0,0,Paid
12735,12735,1090,,34837.0,25597.0,0,Open
12736,12736,1105,2025-12-23,26914.0,0.0,0,Paid
12737,12737,1053,2025-12-25,67011.0,0.0,0,Paid
12738,12738,1045,2025-11-28,12195.0,0.0,0,Paid
12739,12739,1082,2025-12-16,13595.0,0.0,0,Paid
12740,12740,1071,2025-12-27,36676.0,0.0,0,Paid
12741,12741,1003,2026-01-02,32785.0,0.0,0,Paid
12742,12742,1117,2025-12-13,63317.0,0.0,0,Paid
12743,12743,1024,,0,22510.0,31,Open
12744,12744,1104,2025-12-30,18963.0,0.0,0,Paid
12745,12745,1028,2025-12-13,24637.0,0.0,0,Paid
12746,12746,1103,2025-12-27,23907.0,0.0,0,Paid
12747,12747,1019,2025-12-10,30188.0,0.0,0,Paid
12748,12748,1099,2025-12-12,78103.0,0.0,0,Paid
12749,12749,1101,2025-12-29,52580.0,0.0,0,Paid
12750,12750,1063,2025-12-13,24198.0,0.0,0,Paid
12751,12751,1050,2026-01-08,48231.0,0.0,0,Paid
12752,12752,1010,2025-12-25,11769.0,0.0,0,Paid
12753,12753,1062,2025-11-25,17613.0,0.0,0,Paid
12754,12754,1012,2026-01-16,39389.0,0.0,0,Paid
12755,12755,1099,2025-12-27,13411.0,0.0,0,Paid
12756,12756,1017,2025-12-20,12666.0,0.0,0,Paid
12757,12757,1067,2026-01-17,36211.0,0.0,0,Paid
12758,12758,1029,2025-12-21,79260.0,0.0,0,Paid
12759,12759,1054,2026-01-17,20281.0,0.0,0,Paid
12760,12760,1041,2025-12-14,18104.0,0.0,0,Paid
12761,12761,1054,2025-12-26,59656.0,0.0,0,Paid
12762,12762,1122,2025-12-21,17827.0,0.0,0,Paid
12763,12763,1016,2025-12-21,38382.0,0.0,0,Paid
12764,12764,1047,2025-12-17,26854.0,0.0,0,Paid
12765,12765,1078,,0,24777.0,16,Open
12766,12766,1006,2026-01-02,61196.0,0.0,0,Paid
12767,12767,1064,2026-01-08,14188.0,0.0,0,Paid
12768,12768,1041,2026-01-08,22360.0,0.0,0,Paid
12769,12769,1049,2025-11-25,49133.0,0.0,0,Paid
12770,12770,1074,2025-12-17,34164.0,0.0,0,Paid
12771,12771,1014,2025-12-09,18211.0,0.0,0,Paid
12772,12772,1002,,0,23485.0,1,Open
12773,12773,1015,2025-12-16,12011.0,0.0,0,Paid
12774,12774,1087,2026-01-08,34813.0,0.0,0,Paid
12775,12775,1013,2025-12-28,58526.0,0.0,0,Paid
12776,12776,1041,2025-12-31,12313.0,0.0,0,Paid
12777,12777,1080,,0,24113.0,16,Open
12778,12778,1098,2026-01-14,25604.0,0.0,0,Paid
12779,12779,1030,2025-12-14,23864.0,0.0,0,Paid
12780,12780,1074,2025-12-11,32028.0,0.0,0,Paid
12781,12781,1012,2025-12-15,14941.0,0.0,0,Paid
12782,12782,1124,2026-01-02,11697.0,0.0,0,Paid
12783,12783,1035,2025-12-15,32254.0,0.0,0,Paid
12784,12784,1056,2025-12-24,45460.0,0.0,0,Paid
12785,12785,1124,2025-11-25,24124.0,0.0,0,Paid
12786,12786,1087,2025-12-24,51893.0,0.0,0,Paid
12787,12787,1019,2025-12-13,37429.0,0.0,0,Paid
12788,12788,1044,,0,111055.0,0,Open
12789,12789,1100,2025-12-18,52746.0,0.0,0,Paid
12790,12790,1057,2025-12-22,12867.0,0.0,0,Paid
12791,12791,1006,2026-01-24,25101.0,0.0,0,Paid
12792,12792,1099,2025-12-26,10327.0,0.0,0,Paid
12793,12793,1026,2026-01-07,13173.0,0.0,0,Paid
12794,12794,1035,2025-12-17,40127.0,0.0,0,Paid
12795,12795,1010,2025-12-17,68993.0,0.0,0,Paid
12796,12796,1110,2025-11-30,19182.0,0.0,0,Paid
12797,12797,1115,2025-12-14,29136.0,0.0,0,Paid
12798,12798,1049,,0,40180.0,15,Open
12799,12799,1070,2025-11-30,24479.0,0.0,0,Paid
12800,12800,1111,2025-12-19,126095.0,0.0,0,Paid
12801,12801,1012,2025-12-15,12690.0,0.0,0,Paid
12802,12802,1103,2025-11-25,13653.0,0.0,0,Paid
12803,12803,1026,2025-12-12,83660.0,0.0,0,Paid
12804,12804,1050,2026-01-02,33066.0,0.0,0,Paid
12805,12805,1125,,0,29115.0,15,Open
12806,12806,1123,2026-01-31,10677.0,0.0,0,Paid
12807,12807,1054,2025-12-10,29528.0,0.0,0,Paid
12808,12808,1092,2025-11-30,56958.0,0.0,0,Paid
12809,12809,1029,2025-12-16,26387.0,0.0,0,Paid
12810,12810,1062,2025-12-21,40731.0,0.0,0,Paid
12811,12811,1028,2025-12-25,12472.0,0.0,0,Paid
12812,12812,1057,,9027.0,13494.0,0,Open
12813,12813,1058,,0,24878.0,0,Open
12814,12814,1066,2025-12-12,33137.0,0.0,0,Paid
12815,12815,1125,2026-01-16,41939.0,0.0,0,Paid
12816,12816,1088,2025-12-22,109986.0,0.0,0,Paid
12817,12817,1119,2025-12-22,25963.0,0.0,0,Paid
12818,12818,1062,,0,26427.0,0,Open
12819,12819,1087,2025-12-26,41242.0,0.0,0,Paid
12820,12820,1025,2025-12-27,33489.0,0.0,0,Paid
12821,12821,1095,2025-12-14,51884.0,0.0,0,Paid
12822,12822,1059,2025-11-30,11188.0,0.0,0,Paid
12823,12823,1011,,0,27551.0,14,Open
12824,12824,1096,2025-12-11,10977.0,0.0,0,Paid
12825,12825,1021,,0,30300.0,0,Open
12826,12826,1102,2025-12-19,134677.0,0.0,0,Paid
12827,12827,1114,,21334.0,10211.0,14,Open
12828,12828,1023,2025-12-27,33802.0,0.0,0,Paid
12829,12829,1060,2025-12-24,34254.0,0.0,0,Paid
12830,12830,1067,2025-12-07,46316.0,0.0,0,Paid
12831,12831,1102,2025-12-18,27733.0,0.0,0,Paid
12832,12832,1100,2025-12-01,59758.0,0.0,0,Paid
12833,12833,1097,,0,25153.0,0,Open
12834,12834,1080,2026-01-03,42934.0,0.0,0,Paid
12835,12835,1055,2025-12-22,21217.0,0.0,0,Paid
12836,12836,1038,2025-12-27,37484.0,0.0,0,Paid
12837,12837,1085,,0,34975.0,0,Open
12838,12838,1091,,0,24135.0,14,Open
12839,12839,1084,2025-12-03,133811.0,0.0,0,Paid
12840,12840,1075,2025-12-25,43709.0,0.0,0,Paid
12841,12841,1105,2026-01-20,24890.0,0.0,0,Paid
12842,12842,1042,2025-12-31,40847.0,0.0,0,Paid
12843,12843,1016,,7329.0,19892.0,0,Open
12844,12844,1122,2025-12-21,53411.0,0.0,0,Paid
12845,12845,1052,2025-12-03,35980.0,0.0,0,Paid
12846,12846,1075,,0,36215.0,27,Open
12847,12847,1099,2025-12-24,24307.0,0.0,0,Paid
12848,12848,1001,2025-12-27,13159.0,0.0,0,Paid
12849,12849,1061,2025-12-19,82591.0,0.0,0,Paid
12850,12850,1018,2025-12-27,34007.0,0.0,0,Paid
12851,12851,1057,,21147.0,18199.0,0,Open
12852,12852,1004,2026-01-21,44101.0,0.0,0,Paid
12853,12853,1111,2025-12-24,15197.0,0.0,0,Paid
12854,12854,1014,,0,43667.0,0,Open
12855,12855,1117,,0,54684.0,0,Open
12856,12856,1055,,0,27145.0,0,Open
12857,12857,1101,2025-12-26,52412.0,0.0,0,Paid
12858,12858,1091,2025-12-23,34156.0,0.0,0,Paid
12859,12859,1003,2025-12-26,47579.0,0.0,0,Paid
12860,12860,1123,2026-01-01,24523.0,0.0,0,Paid
12861,12861,1016,2025-12-20,49026.0,0.0,0,Paid
12862,12862,1081,2025-12-11,139465.0,0.0,0,Paid
12863,12863,1110,,0,84106.0,25,Open
12864,12864,1024,,0,80765.0,27,Open
12865,12865,1060,2025-11-30,20587.0,0.0,0,Paid
12866,12866,1086,2025-12-27,46258.0,0.0,0,Paid
12867,12867,1100,2025-12-22,53357.0,0.0,0,Paid
12868,12868,1101,2025-12-16,24066.0,0.0,0,Paid
12869,12869,1071,2025-12-18,24539.0,0.0,0,Paid
12870,12870,1021,,0,25520.0,0,Open
12871,12871,1065,2025-12-24,31908.0,0.0,0,Paid
12872,12872,1015,,0,35171.0,27,Open
12873,12873,1088,2025-12-19,22780.0,0.0,0,Paid
12874,12874,1031,,0,28913.0,0,Open
12875,12875,1028,2025-12-15,39508.0,0.0,0,Paid
12876,12876,1111,2026-01-02,10841.0,0.0,0,Paid
12877,12877,1107,,40055.0,62094.0,9,Open
12878,12878,1016,2026-01-05,25664.0,0.0,0,Paid
12879,12879,1045,2025-12-08,23820.0,0.0,0,Paid
12880,12880,1049,,0,33129.0,0,Open
12881,12881,1031,,0,14724.0,0,Open
12882,12882,1086,,10850.0,7066.0,13,Open
12883,12883,1059,2025-12-28,16624.0,0.0,0,Paid
12884,12884,1003,2025-12-15,76416.0,0.0,0,Paid
12885,12885,1081,2025-12-30,57261.0,0.0,0,Paid
12886,12886,1061,,9801.0,9954.0,0,Open
12887,12887,1035,,0,14045.0,0,Open
12888,12888,1048,2025-11-30,23989.0,0.0,0,Paid
12889,12889,1103,,0,97756.0,25,Open
12890,12890,1076,2026-01-01,17094.0,0.0,0,Paid
12891,12891,1034,2025-12-05,39795.0,0.0,0,Paid
12892,12892,1035,2026-01-03,34546.0,0.0,0,Paid
12893,12893,1124,2025-12-22,122303.0,0.0,0,Paid
12894,12894,1103,2026-01-19,57927.0,0.0,0,Paid
12895,12895,1109,,0,23923.0,0,Open
12896,12896,1102,2025-12-16,62216.0,0.0,0,Paid
12897,12897,1047,2025-12-15,26354.0,0.0,0,Paid
12898,12898,1115,2026-01-03,17623.0,0.0,0,Paid
12899,12899,1099,,25589.0,27597.0,0,Open
12900,12900,1108,2025-12-09,25018.0,0.0,0,Paid
12901,12901,1027,2025-12-25,73703.0,0.0,0,Paid
12902,12902,1105,2026-01-11,29995.0,0.0,0,Paid
12903,12903,1116,,0,42104.0,11,Open
12904,12904,1099,2025-12-12,16258.0,0.0,0,Paid
12905,12905,1050,2025-12-29,44234.0,0.0,0,Paid
12906,12906,1092,,0,29049.0,0,Open
12907,12907,1030,2025-12-09,65963.0,0.0,0,Paid
12908,12908,1090,,0,37835.0,0,Open
12909,12909,1035,2025-12-08,59440.0,0.0,0,Paid
12910,12910,1097,2025-12-25,27022.0,0.0,0,Paid
12911,12911,1038,2026-01-04,32310.0,0.0,0,Paid
12912,12912,1021,2025-12-29,24072.0,0.0,0,Paid
12913,12913,1038,2025-12-25,36034.0,0.0,0,Paid
12914,12914,1054,,0,75369.0,0,Open
12915,12915,1029,2025-12-24,32651.0,0.0,0,Paid
12916,12916,1069,2025-12-20,25732.0,0.0,0,Paid
12917,12917,1070,2025-12-21,57139.0,0.0,0,Paid
12918,12918,1125,2025-12-22,10503.0,0.0,0,Paid
12919,12919,1036,2025-12-15,42925.0,0.0,0,Paid
12920,12920,1113,,36883.0,28001.0,0,Open
12921,12921,1014,,0,21090.0,0,Open
12922,12922,1033,2025-12-16,22250.0,0.0,0,Paid
12923,12923,1079,2025-12-22,72290.0,0.0,0,Paid
12924,12924,1040,,0,21140.0,0,Open
12925,12925,1008,2026-01-22,19329.0,0.0,0,Paid
12926,12926,1061,2025-12-26,19060.0,0.0,0,Paid
12927,12927,1050,2026-01-17,67087.0,0.0,0,Paid
12928,12928,1072,2025-12-29,154182.0,0.0,0,Paid
12929,12929,1065,2025-12-02,39542.0,0.0,0,Paid
12930,12930,1101,2025-12-16,27123.0,0.0,0,Paid
12931,12931,1013,,0,50436.0,0,Open
12932,12932,1037,2025-12-08,55820.0,0.0,0,Paid
12933,12933,1036,,0,24177.0,0,Open
12934,12934,1108,2025-12-05,21200.0,0.0,0,Paid
12935,12935,1012,2026-01-03,16780.0,0.0,0,Paid
12936,12936,1123,,0,91872.0,0,Open
12937,12937,1093,2025-12-19,22687.0,0.0,0,Paid
12938,12938,1120,2025-12-09,53142.0,0.0,0,Paid
12939,12939,1039,2025-12-26,21494.0,0.0,0,Paid
12940,12940,1069,2025-12-15,29613.0,0.0,0,Paid
12941,12941,1125,2025-12-08,49328.0,0.0,0,Paid
12942,12942,1059,2025-12-28,46505.0,0.0,0,Paid
12943,12943,1048,,6190.0,17782.0,0,Open
12944,12944,1011,2026-01-04,74712.0,0.0,0,Paid
12945,12945,1037,2025-12-14,33118.0,0.0,0,Paid
12946,12946,1060,,0,20280.0,11,Open
12947,12947,1010,2026-01-01,49030.0,0.0,0,Paid
12948,12948,1058,2025-12-27,89040.0,0.0,0,Paid
12949,12949,1105,,0,15687.0,11,Open
12950,12950,1110,,0,82087.0,0,Open
12951,12951,1070,,10762.0,16745.0,0,Open
12952,12952,1036,2025-12-22,35620.0,0.0,0,Paid
12953,12953,1061,,0,14196.0,0,Open
12954,12954,1105,,0,21083.0,24,Open
12955,12955,1065,,0,135621.0,22,Open
12956,12956,1007,2025-12-24,40646.0,0.0,0,Paid
12957,12957,1099,2026-01-07,53600.0,0.0,0,Paid
12958,12958,1085,2026-01-17,34356.0,0.0,0,Paid
12959,12959,1029,2026-01-07,52267.0,0.0,0,Paid
12960,12960,1092,2025-12-26,68775.0,0.0,0,Paid
12961,12961,1076,,0,57936.0,0,Open
12962,12962,1063,,0,10602.0,0,Open
12963,12963,1064,2025-12-16,32551.0,0.0,0,Paid
12964,12964,1059,,10429.0,22209.0,0,Open
12965,12965,1116,2025-12-22,14208.0,0.0,0,Paid
12966,12966,1115,2025-12-21,27681.0,0.0,0,Paid
12967,12967,1068,2025-12-15,25471.0,0.0,0,Paid
12968,12968,1022,2025-12-01,17458.0,0.0,0,Paid
12969,12969,1081,2026-01-14,11141.0,0.0,0,Paid
12970,12970,1065,2026-01-05,59914.0,0.0,0,Paid
12971,12971,1031,2025-12-16,16241.0,0.0,0,Paid
12972,12972,1106,,0,21219.0,0,Open
12973,12973,1013,2026-01-09,35504.0,0.0,0,Paid
12974,12974,1123,2026-01-04,13154.0,0.0,0,Paid
12975,12975,1037,2025-12-26,60186.0,0.0,0,Paid
12976,12976,1100,2025-12-20,11844.0,0.0,0,Paid
12977,12977,1052,2025-12-18,36830.0,0.0,0,Paid
12978,12978,1092,2026-01-15,26892.0,0.0,0,Paid
12979,12979,1007,,0,39567.0,0,Open
12980,12980,1033,2025-12-31,10535.0,0.0,0,Paid
12981,12981,1117,,56892.0,55697.0,0,Open
12982,12982,1003,2025-12-08,38135.0,0.0,0,Paid
12983,12983,1042,2025-12-19,34840.0,0.0,0,Paid
12984,12984,1093,,19138.0,25599.0,0,Open
12985,12985,1065,2026-01-04,42696.0,0.0,0,Paid
12986,12986,1122,2026-01-07,40074.0,0.0,0,Paid
12987,12987,1057,2025-12-26,11309.0,0.0,0,Paid
12988,12988,1077,2026-01-28,18802.0,0.0,0,Paid
12989,12989,1041,2025-12-18,24894.0,0.0,0,Paid
12990,12990,1095,,0,50484.0,0,Open
12991,12991,1101,,7610.0,4965.0,9,Open
12992,12992,1045,,0,52644.0,7,Open
12993,12993,1075,,0,41487.0,0,Open
12994,12994,1041,2025-12-19,12901.0,0.0,0,Paid
12995,12995,1054,2026-01-13,11096.0,0.0,0,Paid
12996,12996,1096,2025-12-29,35424.0,0.0,0,Paid
12997,12997,1009,,0,32479.0,9,Open
12998,12998,1011,2025-12-24,33208.0,0.0,0,Paid
12999,12999,1012,2025-12-24,12232.0,0.0,0,Paid
13000,13000,1003,2025-12-19,55653.0,0.0,0,Paid
13001,13001,1031,2025-12-17,31941.0,0.0,0,Paid
13002,13002,1015,2026-01-08,93484.0,0.0,0,Paid
13003,13003,1094,2025-12-27,15442.0,0.0,0,Paid
13004,13004,1120,,28033.0,18891.0,0,Open
13005,13005,1037,2025-12-27,49125.0,0.0,0,Paid
13006,13006,1056,2025-12-20,49756.0,0.0,0,Paid
13007,13007,1074,2025-12-31,99239.0,0.0,0,Paid
13008,13008,1026,,16503.0,7402.0,0,Open
13009,13009,1050,2025-12-13,34245.0,0.0,0,Paid
13010,13010,1010,2026-01-24,38649.0,0.0,0,Paid
13011,13011,1105,2026-01-11,44233.0,0.0,0,Paid
13012,13012,1083,,0,32765.0,6,Open
13013,13013,1092,,0,12268.0,0,Open
13014,13014,1068,2025-12-26,10961.0,0.0,0,Paid
13015,13015,1021,2025-12-10,84074.0,0.0,0,Paid
13016,13016,1081,2026-01-01,12487.0,0.0,0,Paid
13017,13017,1088,2026-01-25,54392.0,0.0,0,Paid
13018,13018,1105,2025-12-21,36431.0,0.0,0,Paid
13019,13019,1122,2025-12-05,47194.0,0.0,0,Paid
13020,13020,1048,,0,21575.0,0,Open
13021,13021,1014,,0,38716.0,0,Open
13022,13022,1018,2025-12-27,21206.0,0.0,0,Paid
13023,13023,1001,2025-12-11,12624.0,0.0,0,Paid
13024,13024,1089,2026-01-01,25985.0,0.0,0,Paid
13025,13025,1114,2026-01-13,63263.0,0.0,0,Paid
13026,13026,1092,,27654.0,46959.0,6,Open
13027,13027,1033,,32440.0,51221.0,6,Open
13028,13028,1111,2026-02-03,32464.0,0.0,0,Paid
13029,13029,1019,2025-12-16,26431.0,0.0,0,Paid
13030,13030,1110,,0,11274.0,0,Open
13031,13031,1055,2026-02-01,12295.0,0.0,0,Paid
13032,13032,1014,2025-12-16,46096.0,0.0,0,Paid
13033,13033,1090,2025-12-17,28626.0,0.0,0,Paid
13034,13034,1089,2026-01-13,71073.0,0.0,0,Paid
13035,13035,1112,2025-12-09,39655.0,0.0,0,Paid
13036,13036,1020,2025-12-31,25294.0,0.0,0,Paid
13037,13037,1071,2025-12-12,9668.0,0.0,0,Paid
13038,13038,1075,,0,30811.0,0,Open
13039,13039,1025,2025-12-30,68858.0,0.0,0,Paid
13040,13040,1083,2025-12-23,33413.0,0.0,0,Paid
13041,13041,1003,2026-01-02,67943.0,0.0,0,Paid
13042,13042,1072,2025-12-26,71478.0,0.0,0,Paid
13043,13043,1016,2025-12-27,56507.0,0.0,0,Paid
13044,13044,1083,2026-01-10,13344.0,0.0,0,Paid
13045,13045,1121,,0,134816.0,0,Open
13046,13046,1070,,0,37275.0,0,Open
13047,13047,1065,2026-01-09,53541.0,0.0,0,Paid
13048,13048,1054,2025-12-28,25688.0,0.0,0,Paid
13049,13049,1045,2025-12-25,12922.0,0.0,0,Paid
13050,13050,1035,2025-12-18,45675.0,0.0,0,Paid
13051,13051,1024,2025-12-21,35521.0,0.0,0,Paid
13052,13052,1117,2025-12-29,28628.0,0.0,0,Paid
13053,13053,1119,2025-12-23,53673.0,0.0,0,Paid
13054,13054,1039,2026-01-02,46423.0,0.0,0,Paid
13055,13055,1109,2025-12-28,25439.0,0.0,0,Paid
13056,13056,1043,,0,97235.0,0,Open
13057,13057,1049,2025-12-05,45243.0,0.0,0,Paid
13058,13058,1107,,0,22763.0,0,Open
13059,13059,1124,2025-12-30,53386.0,0.0,0,Paid
13060,13060,1084,2025-12-15,13695.0,0.0,0,Paid
13061,13061,1034,2025-12-24,58537.0,0.0,0,Paid
13062,13062,1046,2026-01-09,30493.0,0.0,0,Paid
13063,13063,1104,2026-01-07,102191.0,0.0,0,Paid
13064,13064,1086,,19869.0,17478.0,0,Open
13065,13065,1078,,0,23990.0,0,Open
13066,13066,1015,2025-12-13,102289.0,0.0,0,Paid
13067,13067,1022,,0,53477.0,0,Open
13068,13068,1002,2025-12-26,62652.0,0.0,0,Paid
13069,13069,1046,2025-12-09,24395.0,0.0,0,Paid
13070,13070,1077,2025-12-23,55771.0,0.0,0,Paid
13071,13071,1103,2026-01-03,16490.0,0.0,0,Paid
13072,13072,1092,2025-12-06,38448.0,0.0,0,Paid
13073,13073,1014,2026-01-15,55390.0,0.0,0,Paid
13074,13074,1017,2025-12-04,16082.0,0.0,0,Paid
13075,13075,1090,2026-01-13,11861.0,0.0,0,Paid
13076,13076,1121,2025-12-20,36314.0,0.0,0,Paid
13077,13077,1055,2025-12-20,44911.0,0.0,0,Paid
13078,13078,1055,2026-01-28,29541.0,0.0,0,Paid
13079,13079,1091,2025-12-09,60339.0,0.0,0,Paid
13080,13080,1102,2025-12-24,17747.0,0.0,0,Paid
13081,13081,1125,2026-01-11,37522.0,0.0,0,Paid
13082,13082,1030,2026-02-04,24616.0,0.0,0,Paid
13083,13083,1090,,0,106845.0,0,Open
13084,13084,1013,2026-01-12,49373.0,0.0,0,Paid
13085,13085,1051,2026-01-05,38918.0,0.0,0,Paid
13086,13086,1043,2025-12-22,82931.0,0.0,0,Paid
13087,13087,1022,2026-01-10,59616.0,0.0,0,Paid
13088,13088,1123,,9242.0,4142.0,21,Open
13089,13089,1089,,0,80773.0,0,Open
13090,13090,1048,2025-12-15,41543.0,0.0,0,Paid
13091,13091,1051,2025-12-06,35262.0,0.0,0,Paid
13092,13092,1030,2025-12-23,25223.0,0.0,0,Paid
13093,13093,1057,2026-01-13,16091.0,0.0,0,Paid
13094,13094,1071,2025-12-18,57749.0,0.0,0,Paid
13095,13095,1046,2026-01-21,76559.0,0.0,0,Paid
13096,13096,1100,2025-12-12,71137.0,0.0,0,Paid
13097,13097,1098,2025-12-05,12432.0,0.0,0,Paid
13098,13098,1027,2026-01-08,25552.0,0.0,0,Paid
13099,13099,1103,2026-01-03,30615.0,0.0,0,Paid
13100,13100,1098,2026-01-08,33142.0,0.0,0,Paid
13101,13101,1043,2025-12-14,57021.0,0.0,0,Paid
13102,13102,1102,2026-01-11,13815.0,0.0,0,Paid
13103,13103,1026,2025-12-09,23851.0,0.0,0,Paid
13104,13104,1070,,0,34145.0,0,Open
13105,13105,1088,2026-01-05,10754.0,0.0,0,Paid
13106,13106,1120,,3737.0,8079.0,0,Open
13107,13107,1058,2026-01-06,32373.0,0.0,0,Paid
13108,13108,1087,2025-12-31,44203.0,0.0,0,Paid
13109,13109,1053,,0,41264.0,0,Open
13110,13110,1032,2025-12-21,26107.0,0.0,0,Paid
13111,13111,1114,2025-12-27,36084.0,0.0,0,Paid
13112,13112,1121,2025-12-26,38495.0,0.0,0,Paid
13113,13113,1009,,0,64357.0,2,Open
13114,13114,1090,,0,138503.0,0,Open
13115,13115,1001,2025-12-31,18023.0,0.0,0,Paid
13116,13116,1088,2026-01-05,30456.0,0.0,0,Paid
13117,13117,1095,2026-01-08,11875.0,0.0,0,Paid
13118,13118,1005,2025-12-24,49424.0,0.0,0,Paid
13119,13119,1075,2025-12-19,82314.0,0.0,0,Paid
13120,13120,1069,2026-01-16,15859.0,0.0,0,Paid
13121,13121,1064,2025-12-22,53589.0,0.0,0,Paid
13122,13122,1032,2025-12-27,51169.0,0.0,0,Paid
13123,13123,1097,2026-02-24,93988.0,0.0,0,Paid
13124,13124,1079,2026-01-18,46673.0,0.0,0,Paid
13125,13125,1091,,0,34140.0,0,Open
13126,13126,1053,2026-01-06,40615.0,0.0,0,Paid
13127,13127,1023,,0,15780.0,0,Open
13128,13128,1049,2025-12-28,23951.0,0.0,0,Paid
13129,13129,1085,,0,26606.0,4,Open
13130,13130,1115,,0,53783.0,0,Open
13131,13131,1024,2026-01-10,10779.0,0.0,0,Paid
13132,13132,1103,,5485.0,6930.0,0,Open
13133,13133,1013,2026-01-05,63515.0,0.0,0,Paid
13134,13134,1085,,0,89350.0,17,Open
13135,13135,1093,2026-01-05,60890.0,0.0,0,Paid
13136,13136,1111,,13790.0,28479.0,0,Open
13137,13137,1074,2025-12-29,12140.0,0.0,0,Paid
13138,13138,1044,2025-12-30,38071.0,0.0,0,Paid
13139,13139,1014,2025-12-21,25453.0,0.0,0,Paid
13140,13140,1102,2025-12-20,14944.0,0.0,0,Paid
13141,13141,1043,2026-01-08,41190.0,0.0,0,Paid
13142,13142,1030,2026-01-29,12126.0,0.0,0,Paid
13143,13143,1110,2025-12-16,46671.0,0.0,0,Paid
13144,13144,1008,2025-12-22,29204.0,0.0,0,Paid
13145,13145,1019,,0,9562.0,0,Open
13146,13146,1047,2026-01-02,21214.0,0.0,0,Paid
13147,13147,1111,,0,12272.0,4,Open
13148,13148,1068,2026-01-11,20718.0,0.0,0,Paid
13149,13149,1076,,7492.0,5168.0,0,Open
13150,13150,1013,2026-01-23,14879.0,0.0,0,Paid
13151,13151,1075,2025-12-27,21949.0,0.0,0,Paid
13152,13152,1113,2025-12-08,11773.0,0.0,0,Paid
13153,13153,1066,2025-12-26,71309.0,0.0,0,Paid
13154,13154,1086,2026-01-01,13054.0,0.0,0,Paid
13155,13155,1017,2025-12-07,19251.0,0.0,0,Paid
13156,13156,1093,2026-01-05,13516.0,0.0,0,Paid
13157,13157,1119,2026-02-08,69984.0,0.0,0,Paid
13158,13158,1065,2025-12-22,18693.0,0.0,0,Paid
13159,13159,1018,,0,22390.0,0,Open
13160,13160,1080,,0,13830.0,0,Open
13161,13161,1109,2026-01-11,39186.0,0.0,0,Paid
13162,13162,1012,2026-01-22,15262.0,0.0,0,Paid
13163,13163,1023,2025-12-30,25095.0,0.0,0,Paid
13164,13164,1012,2026-01-05,150158.0,0.0,0,Paid
13165,13165,1092,,37628.0,74815.0,0,Open
13166,13166,1016,2025-12-14,30029.0,0.0,0,Paid
13167,13167,1063,2026-01-02,38217.0,0.0,0,Paid
13168,13168,1105,2025-12-29,10421.0,0.0,0,Paid
13169,13169,1118,,53560.0,28298.0,0,Open
13170,13170,1058,2026-01-01,14137.0,0.0,0,Paid
13171,13171,1119,2026-01-10,23260.0,0.0,0,Paid
13172,13172,1072,2026-01-12,68578.0,0.0,0,Paid
13173,13173,1019,2025-12-09,48701.0,0.0,0,Paid
13174,13174,1071,2026-01-05,18260.0,0.0,0,Paid
13175,13175,1083,2026-01-06,12051.0,0.0,0,Paid
13176,13176,1059,2026-01-16,38835.0,0.0,0,Paid
13177,13177,1082,,0,73116.0,0,Open
13178,13178,1060,,0,24490.0,0,Open
13179,13179,1115,,0,15612.0,0,Open
13180,13180,1114,2025-12-08,53335.0,0.0,0,Paid
13181,13181,1074,2026-01-06,55359.0,0.0,0,Paid
13182,13182,1084,,0,13687.0,0,Open
13183,13183,1086,2025-12-08,16051.0,0.0,0,Paid
13184,13184,1071,2025-12-24,26770.0,0.0,0,Paid
13185,13185,1121,2026-01-05,94946.0,0.0,0,Paid
13186,13186,1019,2025-12-24,27918.0,0.0,0,Paid
13187,13187,1002,,0,17592.0,0,Open
13188,13188,1085,2026-01-27,30412.0,0.0,0,Paid
13189,13189,1102,,13358.0,24994.0,0,Open
13190,13190,1015,2026-01-01,38301.0,0.0,0,Paid
13191,13191,1043,,0,16504.0,0,Open
13192,13192,1037,,0,98818.0,16,Open
13193,13193,1096,2025-12-20,121719.0,0.0,0,Paid
13194,13194,1075,2025-12-27,27532.0,0.0,0,Paid
13195,13195,1041,2025-12-11,26871.0,0.0,0,Paid
13196,13196,1039,2025-12-29,29526.0,0.0,0,Paid
13197,13197,1054,2026-01-12,36035.0,0.0,0,Paid
13198,13198,1092,2026-01-08,36178.0,0.0,0,Paid
13199,13199,1044,2026-01-02,36147.0,0.0,0,Paid
13200,13200,1002,2025-12-11,17602.0,0.0,0,Paid
13201,13201,1069,2026-01-03,27105.0,0.0,0,Paid
13202,13202,1105,,0,68665.0,0,Open
13203,13203,1078,,0,11296.0,0,Open
13204,13204,1086,2026-01-01,133658.0,0.0,0,Paid
13205,13205,1114,2025-12-29,21137.0,0.0,0,Paid
13206,13206,1048,2025-12-24,91539.0,0.0,0,Paid
13207,13207,1027,,0,29085.0,0,Open
13208,13208,1090,2025-12-09,12191.0,0.0,0,Paid
13209,13209,1017,2025-12-28,17093.0,0.0,0,Paid
13210,13210,1082,2026-01-01,25378.0,0.0,0,Paid
13211,13211,1057,,26142.0,35061.0,0,Open
13212,13212,1106,,0,108090.0,0,Open
13213,13213,1106,,0,76039.0,0,Open
13214,13214,1112,,9605.0,13357.0,2,Open
13215,13215,1113,2025-12-20,24281.0,0.0,0,Paid
13216,13216,1065,2025-12-14,23531.0,0.0,0,Paid
13217,13217,1073,2026-01-28,18418.0,0.0,0,Paid
13218,13218,1016,2026-01-01,17286.0,0.0,0,Paid
13219,13219,1014,2026-01-09,53888.0,0.0,0,Paid
13220,13220,1048,2026-01-08,51715.0,0.0,0,Paid
13221,13221,1029,2026-01-10,104023.0,0.0,0,Paid
13222,13222,1087,,12836.0,29820.0,0,Open
13223,13223,1051,2025-12-14,31335.0,0.0,0,Paid
13224,13224,1081,2025-12-30,28216.0,0.0,0,Paid
13225,13225,1012,,0,58966.0,0,Open
13226,13226,1057,2025-12-10,25463.0,0.0,0,Paid
13227,13227,1093,2025-12-18,24436.0,0.0,0,Paid
13228,13228,1048,2026-01-16,40965.0,0.0,0,Paid
13229,13229,1104,,24310.0,59669.0,0,Open
13230,13230,1054,2026-01-04,62784.0,0.0,0,Paid
13231,13231,1028,2026-01-05,44680.0,0.0,0,Paid
13232,13232,1008,,0,26521.0,0,Open
13233,13233,1050,,0,34612.0,0,Open
13234,13234,1053,2025-12-27,36354.0,0.0,0,Paid
13235,13235,1055,,6947.0,19452.0,0,Open
13236,13236,1092,2026-01-07,20427.0,0.0,0,Paid
13237,13237,1037,2026-01-12,84874.0,0.0,0,Paid
13238,13238,1032,2025-12-29,24777.0,0.0,0,Paid
13239,13239,1123,2025-12-20,46500.0,0.0,0,Paid
13240,13240,1048,2026-01-25,21194.0,0.0,0,Paid
13241,13241,1027,2025-12-13,41339.0,0.0,0,Paid
13242,13242,1095,,12619.0,15977.0,0,Open
13243,13243,1079,,43718.0,52703.0,0,Open
13244,13244,1014,2025-12-31,40994.0,0.0,0,Paid
13245,13245,1101,,0,17092.0,0,Open
13246,13246,1058,2025-12-16,50344.0,0.0,0,Paid
13247,13247,1004,2025-12-25,20764.0,0.0,0,Paid
13248,13248,1017,2026-01-22,23194.0,0.0,0,Paid
13249,13249,1064,2026-01-11,31934.0,0.0,0,Paid
13250,13250,1050,2026-01-21,26850.0,0.0,0,Paid
13251,13251,1059,2025-12-29,20425.0,0.0,0,Paid
13252,13252,1120,2025-12-20,20933.0,0.0,0,Paid
13253,13253,1097,2025-12-23,16106.0,0.0,0,Paid
13254,13254,1010,,0,36750.0,0,Open
13255,13255,1046,2025-12-11,50074.0,0.0,0,Paid
13256,13256,1004,,28259.0,26674.0,0,Open
13257,13257,1092,,0,25456.0,0,Open
13258,13258,1091,,0,86847.0,0,Open
13259,13259,1023,,24031.0,31421.0,0,Open
13260,13260,1092,2026-01-04,11471.0,0.0,0,Paid
13261,13261,1075,,27266.0,24968.0,0,Open
13262,13262,1062,,0,67883.0,0,Open
13263,13263,1003,2025-12-26,18167.0,0.0,0,Paid
13264,13264,1096,2026-01-06,19881.0,0.0,0,Paid
13265,13265,1106,,12872.0,9570.0,0,Open
13266,13266,1069,,38590.0,19758.0,0,Open
13267,13267,1051,,0,29306.0,0,Open
13268,13268,1080,,36889.0,18354.0,0,Open
13269,13269,1108,,0,38000.0,0,Open
13270,13270,1076,,0,49924.0,0,Open
13271,13271,1004,,10222.0,11608.0,14,Open
13272,13272,1035,2025-12-11,22248.0,0.0,0,Paid
13273,13273,1013,2025-12-27,21611.0,0.0,0,Paid
13274,13274,1037,2025-12-11,10897.0,0.0,0,Paid
13275,13275,1101,2026-01-09,22306.0,0.0,0,Paid
13276,13276,1101,,0,36271.0,0,Open
13277,13277,1034,,0,24254.0,0,Open
13278,13278,1092,,0,67244.0,0,Open
13279,13279,1022,2025-12-30,34980.0,0.0,0,Paid
13280,13280,1009,,0,19522.0,0,Open
13281,13281,1030,2025-12-29,68974.0,0.0,0,Paid
13282,13282,1034,2026-01-04,12922.0,0.0,0,Paid
13283,13283,1080,2026-01-15,20575.0,0.0,0,Paid
13284,13284,1104,2025-12-14,45529.0,0.0,0,Paid
13285,13285,1051,,0,11982.0,0,Open
13286,13286,1087,,0,11371.0,0,Open
13287,13287,1055,,0,22568.0,0,Open
13288,13288,1018,2025-12-30,13178.0,0.0,0,Paid
13289,13289,1030,2026-01-13,14673.0,0.0,0,Paid
13290,13290,1097,2025-12-25,120017.0,0.0,0,Paid
13291,13291,1032,,0,118946.0,0,Open
13292,13292,1006,,0,42004.0,0,Open
13293,13293,1108,,0,40047.0,14,Open
13294,13294,1109,2025-12-26,20876.0,0.0,0,Paid
13295,13295,1110,,0,26324.0,0,Open
13296,13296,1102,,17468.0,30551.0,0,Open
13297,13297,1040,,26477.0,41225.0,0,Open
13298,13298,1065,2025-12-27,68925.0,0.0,0,Paid
13299,13299,1101,,0,32826.0,0,Open
13300,13300,1040,2025-12-18,53555.0,0.0,0,Paid
13301,13301,1115,,0,37135.0,0,Open
13302,13302,1062,,0,39601.0,0,Open
13303,13303,1050,,0,42049.0,0,Open
13304,13304,1042,2025-12-17,31771.0,0.0,0,Paid
13305,13305,1047,2026-01-10,67521.0,0.0,0,Paid
13306,13306,1121,,0,110115.0,0,Open
13307,13307,1055,,0,139323.0,0,Open
13308,13308,1090,2025-12-29,28938.0,0.0,0,Paid
13309,13309,1028,,46416.0,20450.0,0,Open
13310,13310,1065,2025-12-12,14890.0,0.0,0,Paid
13311,13311,1070,,4500.0,10668.0,0,Open
13312,13312,1096,,11047.0,20651.0,0,Open
13313,13313,1065,,7096.0,9050.0,0,Open
13314,13314,1115,,0,22641.0,0,Open
13315,13315,1013,2025-12-24,31799.0,0.0,0,Paid
13316,13316,1021,,0,64471.0,0,Open
13317,13317,1032,,0,16725.0,0,Open
13318,13318,1103,,0,46825.0,0,Open
13319,13319,1120,,0,124267.0,0,Open
13320,13320,1027,,36116.0,23590.0,0,Open
13321,13321,1061,,9689.0,7770.0,0,Open
13322,13322,1056,,44310.0,23807.0,0,Open
13323,13323,1044,,0,34279.0,0,Open
13324,13324,1035,,0,34374.0,0,Open
13325,13325,1033,2025-12-24,86761.0,0.0,0,Paid
13326,13326,1033,,5912.0,7806.0,0,Open
13327,13327,1110,,0,14223.0,0,Open
13328,13328,1076,,17936.0,7876.0,0,Open
13329,13329,1066,,0,20079.0,0,Open
13330,13330,1117,2025-12-20,68813.0,0.0,0,Paid
13331,13331,1102,,16310.0,37979.0,0,Open
13332,13332,1071,,0,22432.0,0,Open
13333,13333,1098,2026-01-03,91091.0,0.0,0,Paid
13334,13334,1024,,0,111663.0,0,Open
13335,13335,1053,,0,28993.0,0,Open
13336,13336,1075,,0,25607.0,14,Open
13337,13337,1097,,0,27370.0,0,Open
13338,13338,1028,,17432.0,31119.0,0,Open
13339,13339,1102,,0,63847.0,0,Open
13340,13340,1033,,0,30451.0,0,Open
13341,13341,1084,,0,119664.0,0,Open
13342,13342,1040,,0,110630.0,0,Open
13343,13343,1034,,0,43145.0,0,Open
13344,13344,1058,2025-12-24,23790.0,0.0,0,Paid
13345,13345,1100,,18548.0,10788.0,0,Open
13346,13346,1050,,0,22837.0,0,Open
13347,13347,1071,,0,44977.0,0,Open
13348,13348,1094,,0,94962.0,11,Open
13349,13349,1098,,0,22910.0,0,Open
13350,13350,1016,,0,60933.0,0,Open
13351,13351,1109,,10782.0,26986.0,0,Open
13352,13352,1024,,8310.0,8796.0,0,Open
13353,13353,1070,,0,27647.0,0,Open
13354,13354,1062,2025-12-13,17938.0,0.0,0,Paid
13355,13355,1004,,32978.0,18261.0,0,Open
13356,13356,1082,,0,19634.0,0,Open
13357,13357,1036,,14502.0,6972.0,0,Open
13358,13358,1114,,0,48856.0,0,Open
13359,13359,1077,,0,14134.0,0,Open
13360,13360,1062,,24762.0,20318.0,0,Open
13361,13361,1076,,0,106824.0,0,Open
13362,13362,1063,,11397.0,29087.0,0,Open
13363,13363,1089,,0,35472.0,0,Open
13364,13364,1032,,0,22347.0,0,Open
13365,13365,1117,,0,29995.0,0,Open
13366,13366,1096,,55848.0,35910.0,0,Open
13367,13367,1096,,0,21104.0,0,Open
13368,13368,1121,,0,77970.0,0,Open
13369,13369,1057,2025-12-25,28405.0,0.0,0,Paid
13370,13370,1089,,0,12865.0,0,Open
13371,13371,1084,,0,80572.0,0,Open
13372,13372,1113,2025-12-25,48278.0,0.0,0,Paid
13373,13373,1030,,26537.0,18556.0,0,Open
13374,13374,1092,,0,23423.0,0,Open
13375,13375,1086,,0,22531.0,0,Open
13376,13376,1072,,0,75365.0,10,Open
13377,13377,1048,2025-12-27,58303.0,0.0,0,Paid
13378,13378,1099,,0,25639.0,0,Open
13379,13379,1039,2026-02-06,29599.0,0.0,0,Paid
13380,13380,1050,,0,41891.0,0,Open
13381,13381,1041,,0,86440.0,0,Open
13382,13382,1044,,0,29089.0,0,Open
13383,13383,1017,,0,34112.0,0,Open
13384,13384,1114,,38036.0,28628.0,0,Open
13385,13385,1124,,0,15322.0,0,Open
13386,13386,1040,,0,18162.0,0,Open
13387,13387,1124,,0,33367.0,0,Open
13388,13388,1075,,9701.0,18817.0,0,Open
13389,13389,1061,2025-12-18,74383.0,0.0,0,Paid
13390,13390,1068,,0,62760.0,0,Open
13391,13391,1011,,0,47240.0,0,Open
13392,13392,1058,,0,45630.0,0,Open
13393,13393,1021,,0,19642.0,0,Open
13394,13394,1081,,44576.0,22512.0,0,Open
13395,13395,1052,,0,29660.0,0,Open
13396,13396,1122,,0,15815.0,0,Open
13397,13397,1054,,0,66979.0,0,Open
13398,13398,1054,,0,35042.0,0,Open
13399,13399,1125,2025-12-14,32292.0,0.0,0,Paid
13400,13400,1122,,0,14077.0,0,Open
13401,13401,1062,,0,141713.0,0,Open
13402,13402,1017,,0,95434.0,0,Open
13403,13403,1033,,0,77818.0,0,Open
13404,13404,1108,,0,38207.0,0,Open
13405,13405,1110,,0,99103.0,0,Open
13406,13406,1061,2025-12-17,62675.0,0.0,0,Paid
13407,13407,1063,,0,77816.0,0,Open
13408,13408,1101,2025-12-19,171053.0,0.0,0,Paid
13409,13409,1031,2025-12-27,32200.0,0.0,0,Paid
13410,13410,1074,2025-12-21,38045.0,0.0,0,Paid
13411,13411,1107,,0,16293.0,0,Open
13412,13412,1116,2026-01-19,103302.0,0.0,0,Paid
13413,13413,1097,,0,73658.0,0,Open
13414,13414,1076,2025-12-15,28674.0,0.0,0,Paid
13415,13415,1118,,0,16462.0,0,Open
13416,13416,1039,,0,32738.0,0,Open
13417,13417,1082,,10686.0,7355.0,0,Open
13418,13418,1065,,0,18149.0,0,Open
13419,13419,1112,,0,86748.0,0,Open
13420,13420,1125,,0,63774.0,0,Open
13421,13421,1090,2026-01-04,56199.0,0.0,0,Paid
13422,13422,1052,,13739.0,12093.0,0,Open
13423,13423,1030,,0,19831.0,0,Open
13424,13424,1066,,42354.0,26914.0,0,Open
13425,13425,1017,2025-12-16,76766.0,0.0,0,Paid
13426,13426,1026,,0,31323.0,0,Open
13427,13427,1009,,0,29019.0,0,Open
13428,13428,1087,2026-01-04,15124.0,0.0,0,Paid
13429,13429,1067,,0,29795.0,0,Open
13430,13430,1043,,0,74417.0,0,Open
13431,13431,1028,,0,90388.0,0,Open
13432,13432,1026,,7832.0,9544.0,0,Open
13433,13433,1091,,28891.0,21446.0,0,Open
13434,13434,1100,,0,43637.0,0,Open
13435,13435,1037,,0,30164.0,0,Open
13436,13436,1063,,35084.0,31240.0,0,Open
13437,13437,1107,,0,17777.0,0,Open
13438,13438,1109,,0,66869.0,0,Open
13439,13439,1014,,14652.0,19672.0,0,Open
13440,13440,1105,,0,30197.0,0,Open
13441,13441,1089,,0,43247.0,0,Open
13442,13442,1100,,0,14566.0,0,Open
13443,13443,1064,,0,97056.0,0,Open
13444,13444,1027,,0,34890.0,0,Open
13445,13445,1058,2025-12-27,30765.0,0.0,0,Paid
13446,13446,1061,,0,14279.0,0,Open
13447,13447,1120,,0,21818.0,0,Open
13448,13448,1031,,19101.0,12066.0,0,Open
13449,13449,1019,,0,17180.0,0,Open
13450,13450,1031,,0,104071.0,0,Open
13451,13451,1066,2026-01-28,87193.0,0.0,0,Paid
13452,13452,1101,,0,50738.0,0,Open
13453,13453,1027,,0,42544.0,0,Open
13454,13454,1051,2025-12-16,64348.0,0.0,0,Paid
13455,13455,1049,,0,95579.0,0,Open
13456,13456,1043,,0,21523.0,0,Open
13457,13457,1003,,0,50844.0,0,Open
13458,13458,1037,,0,16894.0,0,Open
13459,13459,1014,,0,37316.0,0,Open
13460,13460,1043,,0,16037.0,0,Open
13461,13461,1002,,0,41396.0,0,Open
13462,13462,1077,2025-12-16,41142.0,0.0,0,Paid
13463,13463,1080,,0,45946.0,0,Open
13464,13464,1096,,0,27054.0,0,Open
13465,13465,1040,,8088.0,20482.0,0,Open
13466,13466,1016,,0,34689.0,0,Open
13467,13467,1096,,0,70854.0,0,Open
13468,13468,1017,,0,15531.0,10,Open
13469,13469,1107,,0,19464.0,0,Open
13470,13470,1105,,0,15086.0,0,Open
13471,13471,1099,,0,45023.0,0,Open
13472,13472,1119,2026-01-01,77277.0,0.0,0,Paid
13473,13473,1059,,0,48874.0,0,Open
13474,13474,1089,,51365.0,30033.0,0,Open
13475,13475,1053,,65645.0,28379.0,0,Open
13476,13476,1103,2026-01-04,40863.0,0.0,0,Paid
13477,13477,1080,,0,15702.0,0,Open
13478,13478,1054,,0,17111.0,0,Open
13479,13479,1065,,0,44471.0,0,Open
13480,13480,1111,2025-12-24,45491.0,0.0,0,Paid
13481,13481,1090,2026-01-02,59101.0,0.0,0,Paid
13482,13482,1023,,0,63038.0,0,Open
13483,13483,1095,,0,38806.0,0,Open
13484,13484,1081,,0,69664.0,0,Open
13485,13485,1083,2025-12-16,35736.0,0.0,0,Paid
13486,13486,1083,,0,38498.0,0,Open
13487,13487,1055,,0,21642.0,0,Open
13488,13488,1029,,0,32225.0,0,Open
13489,13489,1006,,0,17180.0,0,Open
13490,13490,1032,,0,18811.0,0,Open
13491,13491,1121,2026-01-18,60368.0,0.0,0,Paid
13492,13492,1022,,29949.0,51660.0,0,Open
13493,13493,1100,,7400.0,7271.0,0,Open
13494,13494,1013,,0,78406.0,0,Open
13495,13495,1035,,0,14996.0,0,Open
13496,13496,1076,,0,58755.0,0,Open
13497,13497,1093,2025-12-16,29343.0,0.0,0,Paid
13498,13498,1011,,8055.0,9142.0,0,Open
13499,13499,1121,,0,28556.0,0,Open
13500,13500,1093,,0,38385.0,0,Open
13501,13501,1125,,12599.0,25240.0,0,Open
13502,13502,1067,2025-12-27,29904.0,0.0,0,Paid
13503,13503,1032,,0,30368.0,0,Open
13504,13504,1037,,0,42091.0,0,Open
13505,13505,1005,,0,24430.0,0,Open
13506,13506,1049,,0,16297.0,0,Open
13507,13507,1053,,0,50943.0,0,Open
13508,13508,1102,,0,29210.0,0,Open
13509,13509,1021,,0,59124.0,0,Open
13510,13510,1096,,34544.0,24733.0,0,Open
13511,13511,1046,,0,76908.0,0,Open
13512,13512,1094,,4683.0,10519.0,0,Open
13513,13513,1074,,0,23823.0,0,Open
13514,13514,1046,2025-12-31,118178.0,0.0,0,Paid
13515,13515,1005,,0,26273.0,0,Open
13516,13516,1068,2026-01-02,133766.0,0.0,0,Paid
13517,13517,1061,,0,56710.0,0,Open
13518,13518,1058,,0,71107.0,0,Open
13519,13519,1060,,0,38410.0,0,Open
13520,13520,1014,,0,52091.0,0,Open
13521,13521,1027,,0,33533.0,0,Open
13522,13522,1050,,0,91782.0,0,Open
13523,13523,1069,,0,76856.0,0,Open
13524,13524,1084,,0,40534.0,0,Open
13525,13525,1008,,0,70591.0,0,Open
13526,13526,1060,,0,40998.0,0,Open
13527,13527,1039,,8188.0,8255.0,0,Open
13528,13528,1036,2025-12-26,33542.0,0.0,0,Paid
13529,13529,1077,,0,33550.0,0,Open
13530,13530,1067,,0,37614.0,0,Open
13531,13531,1118,,25586.0,26636.0,0,Open
13532,13532,1011,,0,46863.0,0,Open
13533,13533,1021,,0,14998.0,0,Open
13534,13534,1012,,0,24772.0,0,Open
13535,13535,1118,2026-01-18,30263.0,0.0,0,Paid
13536,13536,1014,,0,38474.0,0,Open
13537,13537,1065,,0,51103.0,0,Open
13538,13538,1085,,0,45221.0,0,Open
13539,13539,1074,,26184.0,12625.0,0,Open
13540,13540,1100,,8683.0,19597.0,0,Open
13541,13541,1102,,0,28882.0,0,Open
13542,13542,1121,2026-01-10,28736.0,0.0,0,Paid
13543,13543,1050,2025-12-17,16716.0,0.0,0,Paid
13544,13544,1111,,0,19154.0,0,Open
13545,13545,1047,,9473.0,21000.0,0,Open
13546,13546,1059,,22955.0,36741.0,0,Open
13547,13547,1057,,21734.0,11514.0,0,Open
13548,13548,1106,,0,31841.0,0,Open
13549,13549,1014,,0,89537.0,0,Open
13550,13550,1098,,0,108426.0,0,Open
13551,13551,1116,,0,29932.0,0,Open
13552,13552,1043,2025-12-27,50310.0,0.0,0,Paid
13553,13553,1037,,0,46037.0,0,Open
13554,13554,1027,,9213.0,5116.0,0,Open
13555,13555,1097,,0,43692.0,0,Open
13556,13556,1117,,0,34848.0,0,Open
13557,13557,1013,,7959.0,7952.0,0,Open
13558,13558,1066,,0,54700.0,0,Open
13559,13559,1019,,0,33652.0,0,Open
13560,13560,1014,2026-01-24,41392.0,0.0,0,Paid
13561,13561,1110,2025-12-28,85344.0,0.0,0,Paid
13562,13562,1074,,14420.0,20178.0,7,Open
13563,13563,1060,,0,41076.0,0,Open
13564,13564,1019,,0,41660.0,0,Open
13565,13565,1077,2026-01-06,43367.0,0.0,0,Paid
13566,13566,1083,,0,28957.0,0,Open
13567,13567,1110,,0,22763.0,0,Open
13568,13568,1119,,0,30811.0,0,Open
13569,13569,1066,,34189.0,27194.0,0,Open
13570,13570,1008,,0,66168.0,0,Open
13571,13571,1055,,0,23010.0,0,Open
13572,13572,1068,,21857.0,21048.0,0,Open
13573,13573,1103,,68957.0,103661.0,0,Open
13574,13574,1010,,0,33018.0,0,Open
13575,13575,1115,2025-12-27,31530.0,0.0,0,Paid
13576,13576,1062,2026-01-10,30349.0,0.0,0,Paid
13577,13577,1054,,0,26612.0,0,Open
13578,13578,1035,,0,17710.0,0,Open
13579,13579,1067,,0,20440.0,0,Open
13580,13580,1008,2025-12-25,51619.0,0.0,0,Paid
13581,13581,1107,,0,41628.0,0,Open
13582,13582,1025,,0,44373.0,0,Open
13583,13583,1098,,42015.0,41010.0,0,Open
13584,13584,1094,,10492.0,14471.0,0,Open
13585,13585,1057,,0,23905.0,0,Open
13586,13586,1068,2025-12-28,103802.0,0.0,0,Paid
13587,13587,1012,2025-12-30,45640.0,0.0,0,Paid
13588,13588,1105,,0,94484.0,0,Open
13589,13589,1003,2025-12-29,45483.0,0.0,0,Paid
13590,13590,1034,,12651.0,34758.0,0,Open
13591,13591,1070,,0,14369.0,7,Open
13592,13592,1024,,0,97344.0,0,Open
13593,13593,1108,,0,30580.0,0,Open
13594,13594,1047,,39005.0,28119.0,0,Open
13595,13595,1011,,0,24116.0,0,Open
13596,13596,1075,2025-12-23,18189.0,0.0,0,Paid
13597,13597,1021,,0,27965.0,7,Open
13598,13598,1071,,0,139124.0,0,Open
13599,13599,1061,,0,47328.0,0,Open
13600,13600,1018,,0,188988.0,4,Open
13601,13601,1011,,0,17732.0,0,Open
13602,13602,1031,2025-12-28,87691.0,0.0,0,Paid
13603,13603,1021,,0,170145.0,4,Open
13604,13604,1023,,0,53472.0,0,Open
13605,13605,1028,,43812.0,34929.0,0,Open
13606,13606,1030,,0,29536.0,0,Open
13607,13607,1037,,0,29011.0,0,Open
13608,13608,1061,2025-12-25,41403.0,0.0,0,Paid
13609,13609,1015,2025-12-22,26619.0,0.0,0,Paid
13610,13610,1110,,21955.0,42398.0,0,Open
13611,13611,1059,,0,29446.0,0,Open
13612,13612,1094,,0,22357.0,0,Open
13613,13613,1075,2025-12-28,34736.0,0.0,0,Paid
13614,13614,1040,,0,72603.0,0,Open
13615,13615,1023,,0,58704.0,0,Open
13616,13616,1022,,0,18709.0,0,Open
13617,13617,1091,2025-12-27,58505.0,0.0,0,Paid
13618,13618,1022,2026-01-01,94540.0,0.0,0,Paid
13619,13619,1069,2025-12-27,31300.0,0.0,0,Paid
13620,13620,1019,,17900.0,31083.0,0,Open
13621,13621,1124,2026-01-08,25579.0,0.0,0,Paid
13622,13622,1073,2025-12-25,18041.0,0.0,0,Paid
13623,13623,1074,2025-12-20,46092.0,0.0,0,Paid
13624,13624,1015,,0,29866.0,0,Open
13625,13625,1106,,0,44932.0,0,Open
13626,13626,1009,,0,63438.0,0,Open
13627,13627,1006,,31477.0,33291.0,0,Open
13628,13628,1078,,22391.0,18637.0,0,Open
13629,13629,1089,,0,50754.0,0,Open
13630,13630,1088,2026-01-07,33474.0,0.0,0,Paid
13631,13631,1009,,8474.0,5277.0,0,Open
13632,13632,1050,,0,16222.0,0,Open
13633,13633,1015,2026-01-05,77783.0,0.0,0,Paid
13634,13634,1010,,0,99581.0,0,Open
13635,13635,1086,,0,37433.0,0,Open
13636,13636,1121,,0,40202.0,0,Open
13637,13637,1047,,0,26005.0,0,Open
13638,13638,1069,2026-02-02,69051.0,0.0,0,Paid
13639,13639,1117,,0,32459.0,0,Open
13640,13640,1071,2025-12-25,15909.0,0.0,0,Paid
13641,13641,1006,2025-12-29,31390.0,0.0,0,Paid
13642,13642,1116,,0,33549.0,0,Open
13643,13643,1029,,0,25726.0,0,Open
13644,13644,1049,,0,46797.0,0,Open
13645,13645,1116,,0,14216.0,0,Open
13646,13646,1037,,0,56994.0,0,Open
13647,13647,1083,,0,34345.0,0,Open
13648,13648,1114,,0,14536.0,0,Open
13649,13649,1020,,0,87144.0,0,Open
13650,13650,1120,,0,19434.0,0,Open
13651,13651,1086,,0,13661.0,0,Open
13652,13652,1103,,0,93007.0,0,Open
13653,13653,1097,,0,28936.0,0,Open
13654,13654,1117,2026-01-14,48974.0,0.0,0,Paid
13655,13655,1109,,0,32955.0,0,Open
13656,13656,1021,,0,29940.0,0,Open
13657,13657,1004,,14337.0,25707.0,0,Open
13658,13658,1105,,14759.0,9224.0,0,Open
13659,13659,1030,,27292.0,21412.0,0,Open
13660,13660,1044,,0,36501.0,0,Open
13661,13661,1035,2026-01-23,50409.0,0.0,0,Paid
13662,13662,1029,,0,26753.0,0,Open
13663,13663,1102,,0,46703.0,0,Open
13664,13664,1046,2026-01-02,81910.0,0.0,0,Paid
13665,13665,1109,,14071.0,35152.0,0,Open
13666,13666,1026,,0,46213.0,0,Open
13667,13667,1125,,13223.0,21342.0,0,Open
13668,13668,1121,,0,17550.0,0,Open
13669,13669,1117,,0,45108.0,0,Open
13670,13670,1012,,0,34914.0,0,Open
13671,13671,1029,,0,36320.0,0,Open
13672,13672,1081,,0,83323.0,0,Open
13673,13673,1027,,0,45890.0,0,Open
13674,13674,1032,,0,34626.0,0,Open
13675,13675,1018,,0,18986.0,5,Open
13676,13676,1017,2026-02-02,54814.0,0.0,0,Paid
13677,13677,1023,2026-01-09,90618.0,0.0,0,Paid
13678,13678,1006,2025-12-27,59148.0,0.0,0,Paid
13679,13679,1090,2026-01-03,81259.0,0.0,0,Paid
13680,13680,1097,2026-01-11,48057.0,0.0,0,Paid
13681,13681,1070,2025-12-22,44097.0,0.0,0,Paid
13682,13682,1079,,0,15484.0,0,Open
13683,13683,1022,2025-12-31,40227.0,0.0,0,Paid
13684,13684,1124,,0,69932.0,0,Open
13685,13685,1084,,0,78138.0,0,Open
13686,13686,1105,,0,65083.0,0,Open
13687,13687,1050,,0,23506.0,0,Open
13688,13688,1025,,0,69419.0,0,Open
13689,13689,1093,,0,116822.0,0,Open
13690,13690,1042,,0,27307.0,0,Open
13691,13691,1108,,0,41608.0,0,Open
13692,13692,1072,,0,29579.0,0,Open
13693,13693,1012,,0,17334.0,0,Open
13694,13694,1100,,0,66363.0,0,Open
13695,13695,1025,2026-01-04,23272.0,0.0,0,Paid
13696,13696,1077,,0,79065.0,0,Open
13697,13697,1037,,0,14384.0,0,Open
13698,13698,1006,,7012.0,10520.0,0,Open
13699,13699,1120,,0,73462.0,0,Open
13700,13700,1089,2025-12-24,95488.0,0.0,0,Paid
13701,13701,1124,,0,67272.0,0,Open
13702,13702,1085,,0,30605.0,0,Open
13703,13703,1113,,0,24203.0,0,Open
13704,13704,1105,2026-01-22,21552.0,0.0,0,Paid
13705,13705,1085,2025-12-29,52467.0,0.0,0,Paid
13706,13706,1108,,0,122031.0,0,Open
13707,13707,1109,,19511.0,21346.0,0,Open
13708,13708,1124,,0,42165.0,0,Open
13709,13709,1077,2025-12-29,160751.0,0.0,0,Paid
13710,13710,1087,,0,48752.0,0,Open
13711,13711,1087,,33687.0,25224.0,0,Open
13712,13712,1106,,0,70468.0,0,Open
13713,13713,1123,,0,68886.0,0,Open
13714,13714,1081,,0,16422.0,0,Open
13715,13715,1042,,0,12292.0,0,Open
13716,13716,1100,2026-01-03,22311.0,0.0,0,Paid
13717,13717,1062,,0,56554.0,0,Open
13718,13718,1059,2026-01-20,98806.0,0.0,0,Paid
13719,13719,1035,,0,54639.0,0,Open
13720,13720,1120,,44398.0,48620.0,0,Open
13721,13721,1037,,34197.0,58359.0,0,Open
13722,13722,1010,,0,82881.0,0,Open
13723,13723,1122,,0,37176.0,0,Open
13724,13724,1026,,32930.0,34338.0,0,Open
13725,13725,1041,2025-12-22,11999.0,0.0,0,Paid
13726,13726,1057,,0,42946.0,0,Open
13727,13727,1066,2025-12-22,46778.0,0.0,0,Paid
13728,13728,1072,,16298.0,21280.0,0,Open
13729,13729,1120,,10661.0,11327.0,0,Open
13730,13730,1068,,0,111272.0,0,Open
13731,13731,1019,,0,13716.0,0,Open
13732,13732,1039,,0,21469.0,0,Open
13733,13733,1122,,0,13957.0,0,Open
13734,13734,1044,,11580.0,26121.0,0,Open
13735,13735,1098,2026-01-04,44579.0,0.0,0,Paid
13736,13736,1031,,0,37303.0,0,Open
13737,13737,1031,,0,15920.0,0,Open
13738,13738,1123,,20485.0,43333.0,0,Open
13739,13739,1078,2025-12-22,20581.0,0.0,0,Paid
13740,13740,1106,,22601.0,17570.0,0,Open
13741,13741,1061,,64196.0,58788.0,0,Open
13742,13742,1114,2025-12-28,28646.0,0.0,0,Paid
13743,13743,1055,2026-01-10,78826.0,0.0,0,Paid
13744,13744,1083,,0,16804.0,4,Open
13745,13745,1059,2025-12-23,27290.0,0.0,0,Paid
13746,13746,1077,,0,14864.0,0,Open
13747,13747,1071,2026-01-31,44482.0,0.0,0,Paid
13748,13748,1125,,0,66538.0,0,Open
13749,13749,1043,,0,111542.0,0,Open
13750,13750,1058,2026-01-07,72167.0,0.0,0,Paid
13751,13751,1050,,0,136080.0,0,Open
13752,13752,1021,,0,44524.0,0,Open
13753,13753,1034,,0,100329.0,0,Open
13754,13754,1054,2026-01-07,53269.0,0.0,0,Paid
13755,13755,1082,2026-01-07,26518.0,0.0,0,Paid
13756,13756,1061,,0,19029.0,0,Open
13757,13757,1104,,0,39982.0,0,Open
13758,13758,1025,2025-12-31,32663.0,0.0,0,Paid
13759,13759,1108,,10518.0,5583.0,0,Open
13760,13760,1117,,8916.0,4566.0,0,Open
13761,13761,1008,2025-12-30,31998.0,0.0,0,Paid
13762,13762,1002,,0,64242.0,0,Open
13763,13763,1050,,27088.0,44430.0,0,Open
13764,13764,1036,,0,34279.0,0,Open
13765,13765,1091,,0,22263.0,3,Open
13766,13766,1088,,20519.0,9313.0,0,Open
13767,13767,1052,,0,85029.0,0,Open
13768,13768,1112,,7098.0,6295.0,0,Open
13769,13769,1101,,0,117642.0,0,Open
13770,13770,1019,,43823.0,21553.0,0,Open
13771,13771,1008,,14447.0,16394.0,0,Open
13772,13772,1035,,0,22570.0,0,Open
13773,13773,1061,,0,33619.0,0,Open
13774,13774,1084,,0,53241.0,0,Open
13775,13775,1025,2025-12-23,14327.0,0.0,0,Paid
13776,13776,1124,,0,111956.0,0,Open
13777,13777,1103,,0,14463.0,0,Open
13778,13778,1061,,0,34085.0,0,Open
13779,13779,1107,,11555.0,18183.0,0,Open
13780,13780,1092,,0,45089.0,0,Open
13781,13781,1043,,0,20622.0,0,Open
13782,13782,1075,,0,24132.0,0,Open
13783,13783,1009,,0,81955.0,0,Open
13784,13784,1006,,0,54715.0,0,Open
13785,13785,1084,,0,27842.0,0,Open
13786,13786,1043,,0,60480.0,0,Open
13787,13787,1045,,0,14517.0,3,Open
13788,13788,1082,,0,166684.0,0,Open
13789,13789,1002,2025-12-23,33355.0,0.0,0,Paid
13790,13790,1113,,10798.0,15441.0,0,Open
13791,13791,1111,,0,140579.0,0,Open
13792,13792,1102,,0,37131.0,0,Open
13793,13793,1098,,0,82817.0,0,Open
13794,13794,1101,,0,15749.0,0,Open
13795,13795,1102,,0,44763.0,0,Open
13796,13796,1071,,0,18786.0,0,Open
13797,13797,1084,,0,76520.0,0,Open
13798,13798,1076,2026-01-12,50524.0,0.0,0,Paid
13799,13799,1004,,11946.0,5597.0,0,Open
13800,13800,1045,,0,53149.0,0,Open
13801,13801,1090,,0,15601.0,0,Open
13802,13802,1115,,26285.0,47141.0,0,Open
13803,13803,1053,2026-01-06,26358.0,0.0,0,Paid
13804,13804,1003,,0,52042.0,0,Open
13805,13805,1015,,0,114399.0,0,Open
13806,13806,1054,,0,72371.0,0,Open
13807,13807,1040,2026-01-29,31432.0,0.0,0,Paid
13808,13808,1019,,0,42225.0,0,Open
13809,13809,1075,2026-01-02,30285.0,0.0,0,Paid
13810,13810,1018,,0,14207.0,0,Open
13811,13811,1117,2026-01-25,49393.0,0.0,0,Paid
13812,13812,1068,,0,49954.0,0,Open
13813,13813,1050,,0,91553.0,0,Open
13814,13814,1010,,15976.0,27817.0,0,Open
13815,13815,1083,,0,120918.0,0,Open
13816,13816,1005,,27619.0,18944.0,0,Open
13817,13817,1120,,76636.0,62640.0,0,Open
13818,13818,1016,,139425.0,69649.0,0,Open
13819,13819,1006,,0,17781.0,0,Open
13820,13820,1075,,0,34196.0,0,Open
13821,13821,1093,,0,156240.0,0,Open
13822,13822,1029,,0,56294.0,0,Open
13823,13823,1004,,0,28914.0,0,Open
13824,13824,1119,,0,14763.0,0,Open
13825,13825,1070,,0,64951.0,0,Open
13826,13826,1009,,0,30650.0,0,Open
13827,13827,1011,,0,16056.0,0,Open
13828,13828,1081,,30299.0,49536.0,0,Open
13829,13829,1080,,0,60914.0,0,Open
13830,13830,1030,2026-01-13,64997.0,0.0,0,Paid
13831,13831,1003,,0,52910.0,0,Open
13832,13832,1040,2026-01-02,14179.0,0.0,0,Paid
13833,13833,1010,,0,44877.0,0,Open
13834,13834,1073,,0,100608.0,0,Open
13835,13835,1001,,0,28217.0,0,Open
13836,13836,1124,,0,29459.0,0,Open
13837,13837,1113,,19699.0,46145.0,0,Open
13838,13838,1013,,0,16850.0,0,Open
13839,13839,1077,,0,92444.0,0,Open
13840,13840,1074,2026-01-03,38416.0,0.0,0,Paid
13841,13841,1120,2026-01-12,13781.0,0.0,0,Paid
13842,13842,1005,,0,53420.0,0,Open
13843,13843,1074,,19686.0,40944.0,0,Open
13844,13844,1093,,0,34208.0,0,Open
13845,13845,1003,2026-01-05,36436.0,0.0,0,Paid
13846,13846,1008,,0,60925.0,0,Open
13847,13847,1119,,0,49125.0,0,Open
13848,13848,1114,,0,52981.0,0,Open
13849,13849,1030,2026-01-26,45501.0,0.0,0,Paid
13850,13850,1034,,31862.0,57159.0,0,Open
13851,13851,1108,,34765.0,60416.0,0,Open
13852,13852,1114,,13344.0,17297.0,0,Open
13853,13853,1074,,0,49358.0,0,Open
13854,13854,1004,,0,63133.0,0,Open
13855,13855,1035,,0,106684.0,0,Open
13856,13856,1052,,0,73600.0,0,Open
13857,13857,1060,,0,54301.0,0,Open
13858,13858,1109,2026-01-07,15786.0,0.0,0,Paid
13859,13859,1118,2026-01-08,19278.0,0.0,0,Paid
13860,13860,1116,2025-12-26,51084.0,0.0,0,Paid
13861,13861,1022,,0,168858.0,0,Open
13862,13862,1030,,0,24415.0,0,Open
13863,13863,1087,,0,57688.0,0,Open
13864,13864,1090,,0,102516.0,0,Open
13865,13865,1108,2025-12-28,24278.0,0.0,0,Paid
13866,13866,1025,,0,69626.0,0,Open
13867,13867,1010,,0,48474.0,0,Open
13868,13868,1125,2026-01-10,18896.0,0.0,0,Paid
13869,13869,1105,,11829.0,5626.0,0,Open
13870,13870,1001,,0,65038.0,0,Open
13871,13871,1059,,0,15319.0,0,Open
13872,13872,1120,,30552.0,14301.0,0,Open
13873,13873,1075,,0,60871.0,0,Open
13874,13874,1067,,14947.0,16533.0,0,Open
13875,13875,1036,,0,23886.0,0,Open
13876,13876,1025,,0,66636.0,0,Open
13877,13877,1025,,0,96767.0,0,Open
13878,13878,1108,,0,33487.0,0,Open
13879,13879,1067,,27798.0,23908.0,0,Open
13880,13880,1094,,9372.0,7461.0,0,Open
13881,13881,1029,,0,80920.0,0,Open
13882,13882,1092,,18363.0,15879.0,0,Open
13883,13883,1046,,8649.0,8947.0,0,Open
13884,13884,1120,,0,79559.0,0,Open
13885,13885,1072,,0,33805.0,0,Open
13886,13886,1120,,0,45130.0,0,Open
13887,13887,1023,,0,34588.0,0,Open
13888,13888,1101,2025-12-27,28087.0,0.0,0,Paid
13889,13889,1058,,0,43766.0,0,Open
13890,13890,1053,,0,15900.0,0,Open
13891,13891,1037,,34324.0,35219.0,0,Open
13892,13892,1109,,0,95797.0,0,Open
13893,13893,1104,,0,182299.0,0,Open
13894,13894,1005,,0,74880.0,0,Open
13895,13895,1093,,0,84796.0,0,Open
13896,13896,1057,,0,16481.0,0,Open
13897,13897,1005,,0,48996.0,0,Open
13898,13898,1040,,0,16459.0,0,Open
13899,13899,1008,,0,76451.0,0,Open
13900,13900,1034,,0,31430.0,0,Open
13901,13901,1119,,0,80945.0,0,Open
13902,13902,1076,,0,21938.0,0,Open
13903,13903,1058,,0,85650.0,0,Open
13904,13904,1054,,0,46781.0,0,Open
13905,13905,1093,,0,40504.0,0,Open
13906,13906,1061,,7931.0,22298.0,0,Open
13907,13907,1027,,0,70506.0,0,Open
13908,13908,1115,,0,101819.0,0,Open
13909,13909,1075,,0,50303.0,0,Open
13910,13910,1008,,0,91458.0,0,Open
13911,13911,1069,,0,34113.0,0,Open
13912,13912,1057,,0,23759.0,0,Open
13913,13913,1025,,11672.0,13371.0,0,Open
13914,13914,1037,,0,15742.0,0,Open
13915,13915,1102,,0,20102.0,0,Open
13916,13916,1016,,0,33631.0,0,Open
13917,13917,1010,,0,62720.0,0,Open
13918,13918,1031,,0,26686.0,0,Open
13919,13919,1056,,0,108600.0,0,Open
13920,13920,1088,,0,29850.0,0,Open
13921,13921,1100,,0,61493.0,0,Open
13922,13922,1092,,29795.0,56856.0,0,Open
13923,13923,1063,,0,27174.0,0,Open
13924,13924,1033,,0,118384.0,0,Open
13925,13925,1014,,11946.0,9912.0,0,Open
13926,13926,1042,,0,53120.0,0,Open
13927,13927,1011,,0,43964.0,0,Open
13928,13928,1039,,0,104883.0,0,Open
13929,13929,1022,,0,60252.0,0,Open
13930,13930,1013,,0,17291.0,0,Open
13931,13931,1080,,33782.0,44015.0,0,Open
13932,13932,1011,,18769.0,8516.0,0,Open
13933,13933,1100,,0,29648.0,0,Open
13934,13934,1075,,0,50449.0,0,Open
13935,13935,1009,,0,88341.0,0,Open
13936,13936,1097,,14003.0,18160.0,0,Open
13937,13937,1075,,0,26289.0,0,Open
13938,13938,1021,,0,23142.0,0,Open
13939,13939,1093,,52397.0,73673.0,0,Open
13940,13940,1099,,0,30682.0,0,Open
13941,13941,1097,,0,55333.0,0,Open
13942,13942,1061,,6254.0,8825.0,0,Open
13943,13943,1019,,5995.0,10059.0,0,Open
13944,13944,1106,,23818.0,15329.0,0,Open
13945,13945,1084,,0,15831.0,0,Open
13946,13946,1061,,4863.0,10663.0,0,Open
13947,13947,1035,,0,60290.0,0,Open
13948,13948,1090,,0,81383.0,0,Open
13949,13949,1078,,0,46940.0,0,Open
13950,13950,1103,,9561.0,16646.0,0,Open
13951,13951,1077,,0,44590.0,0,Open
13952,13952,1063,,0,20351.0,0,Open
13953,13953,1065,,0,99586.0,0,Open
13954,13954,1094,,0,45104.0,0,Open
13955,13955,1001,,25865.0,25004.0,0,Open
13956,13956,1041,,0,23054.0,0,Open
13957,13957,1073,,31062.0,29734.0,0,Open
13958,13958,1060,,59050.0,43679.0,0,Open
13959,13959,1109,,0,51559.0,0,Open
13960,13960,1057,,0,168191.0,0,Open
13961,13961,1105,,0,13592.0,0,Open
13962,13962,1037,,0,43596.0,0,Open
13963,13963,1095,,19754.0,35051.0,0,Open
13964,13964,1062,,0,61778.0,0,Open
13965,13965,1056,,0,85404.0,0,Open
13966,13966,1091,,0,15543.0,0,Open
13967,13967,1006,,0,29276.0,0,Open
13968,13968,1016,,0,49556.0,0,Open
13969,13969,1001,,0,45107.0,0,Open
13970,13970,1071,,0,22080.0,0,Open
13971,13971,1111,,31192.0,25919.0,0,Open
13972,13972,1108,,32708.0,40732.0,0,Open
13973,13973,1030,,14561.0,32890.0,0,Open
13974,13974,1020,,9163.0,7679.0,0,Open
13975,13975,1021,,0,83906.0,0,Open
13976,13976,1110,,0,21166.0,0,Open
13977,13977,1122,,0,57532.0,0,Open
13978,13978,1062,,0,23982.0,0,Open
13979,13979,1102,,21550.0,22030.0,0,Open
13980,13980,1006,,22224.0,24821.0,0,Open
13981,13981,1064,,0,47970.0,0,Open
13982,13982,1003,,17064.0,49923.0,0,Open
13983,13983,1084,,0,49111.0,0,Open
13984,13984,1003,,0,67832.0,0,Open
13985,13985,1032,,0,28675.0,0,Open
13986,13986,1072,,45411.0,26378.0,0,Open
13987,13987,1008,,0,82323.0,0,Open
13988,13988,1038,,0,86152.0,0,Open
13989,13989,1007,,0,21783.0,0,Open
13990,13990,1055,,0,12115.0,0,Open
13991,13991,1080,,44383.0,55594.0,0,Open
13992,13992,1110,,0,35340.0,0,Open
13993,13993,1085,,33261.0,17560.0,0,Open
13994,13994,1006,,6375.0,6527.0,0,Open
13995,13995,1072,,0,79486.0,0,Open
13996,13996,1085,,7399.0,7220.0,0,Open
13997,13997,1105,,0,100022.0,0,Open
13998,13998,1062,,0,47245.0,0,Open
13999,13999,1063,,0,15639.0,0,Open
14000,14000,1061,,8644.0,4748.0,0,Open
14001,14001,1078,,0,83001.0,0,Open
14002,14002,1118,,0,13767.0,0,Open
14003,14003,1094,,0,45584.0,0,Open
14004,14004,1024,,0,40939.0,0,Open
14005,14005,1119,,16074.0,11643.0,0,Open
14006,14006,1075,,0,22101.0,0,Open
14007,14007,1037,,22649.0,15385.0,0,Open
14008,14008,1090,,28972.0,29156.0,0,Open
14009,14009,1101,,12358.0,34100.0,0,Open
14010,14010,1097,,0,58857.0,0,Open
14011,14011,1009,,34442.0,29837.0,0,Open
14012,14012,1004,,0,130915.0,0,Open
14013,14013,1043,,6996.0,8814.0,0,Open
14014,14014,1060,,0,45725.0,0,Open
14015,14015,1115,,66149.0,38081.0,0,Open
14016,14016,1038,,0,52367.0,0,Open
14017,14017,1104,,22731.0,23558.0,0,Open
14018,14018,1042,,0,66881.0,0,Open
14019,14019,1014,,0,17751.0,0,Open
14020,14020,1050,,0,104491.0,0,Open
14021,14021,1019,,0,15350.0,0,Open
14022,14022,1034,,0,78560.0,0,Open
14023,14023,1055,,22196.0,23373.0,0,Open
14024,14024,1097,,7162.0,16117.0,0,Open
14025,14025,1099,,0,71066.0,0,Open
14026,14026,1053,,0,45015.0,0,Open
14027,14027,1106,,0,43495.0,0,Open
14028,14028,1025,,0,32311.0,0,Open
14029,14029,1005,,0,103857.0,0,Open
14030,14030,1107,,0,95678.0,0,Open
14031,14031,1032,,0,50302.0,0,Open
14032,14032,1025,,0,21907.0,0,Open
14033,14033,1116,,0,14158.0,0,Open
14034,14034,1019,,11458.0,8301.0,0,Open
14035,14035,1054,,7415.0,8061.0,0,Open
14036,14036,1064,,0,136615.0,0,Open
14037,14037,1012,,0,47253.0,0,Open
14038,14038,1074,,0,47118.0,0,Open
14039,14039,1053,,0,53842.0,0,Open
14040,14040,1066,,0,113615.0,0,Open
14041,14041,1085,,0,88147.0,0,Open
14042,14042,1004,,29700.0,18975.0,0,Open
14043,14043,1008,,0,38841.0,0,Open
14044,14044,1108,,6689.0,9853.0,0,Open
14045,14045,1044,,0,52451.0,0,Open
14046,14046,1060,,8539.0,16479.0,0,Open
14047,14047,1122,,17855.0,19080.0,0,Open
14048,14048,1054,,13482.0,14249.0,0,Open
14049,14049,1094,,12148.0,33765.0,0,Open
14050,14050,1080,,26053.0,26903.0,0,Open
14051,14051,1020,,0,24385.0,0,Open
14052,14052,1068,,0,60033.0,0,Open
14053,14053,1058,,10615.0,7212.0,0,Open
14054,14054,1057,,0,14107.0,0,Open
14055,14055,1030,,0,44188.0,0,Open
14056,14056,1113,,0,120455.0,0,Open
14057,14057,1083,,0,71474.0,0,Open
14058,14058,1063,,0,110434.0,0,Open
14059,14059,1072,,0,36546.0,0,Open
14060,14060,1065,,0,38872.0,0,Open
14061,14061,1084,,0,13928.0,0,Open
14062,14062,1104,,0,41184.0,0,Open
14063,14063,1121,,0,30322.0,0,Open
14064,14064,1091,,0,61209.0,0,Open
14065,14065,1073,,0,87134.0,0,Open
14066,14066,1050,,5555.0,11708.0,0,Open
14067,14067,1108,,0,55588.0,0,Open
14068,14068,1075,,16316.0,15801.0,0,Open
14069,14069,1012,,0,37453.0,0,Open
14070,14070,1025,,0,19012.0,0,Open
14071,14071,1021,,0,30124.0,0,Open
14072,14072,1099,,0,40495.0,0,Open
14073,14073,1077,,0,99580.0,0,Open
14074,14074,1064,,0,63846.0,0,Open
14075,14075,1012,,0,16142.0,0,Open
14076,14076,1069,,0,16368.0,0,Open
14077,14077,1038,,0,29196.0,0,Open
14078,14078,1061,,0,16010.0,0,Open
14079,14079,1093,,0,67168.0,0,Open
14080,14080,1020,,0,48043.0,0,Open
14081,14081,1123,,0,26790.0,0,Open
14082,14082,1011,,0,16055.0,0,Open
14083,14083,1108,,0,18114.0,0,Open
14084,14084,1035,,5653.0,8748.0,0,Open
14085,14085,1018,,0,17065.0,0,Open
14086,14086,1024,,27755.0,33184.0,0,Open
14087,14087,1087,,0,30080.0,0,Open
14088,14088,1092,,0,21110.0,0,Open
14089,14089,1042,,0,59485.0,0,Open
14090,14090,1074,,0,14112.0,0,Open
14091,14091,1090,,0,101725.0,0,Open
14092,14092,1097,,0,39486.0,0,Open
14093,14093,1094,,0,31419.0,0,Open
14094,14094,1122,,0,18345.0,0,Open
14095,14095,1060,,0,13576.0,0,Open
14096,14096,1008,,0,26617.0,0,Open
14097,14097,1086,,0,13789.0,0,Open
14098,14098,1039,,0,13929.0,0,Open
14099,14099,1100,,0,26325.0,0,Open
14100,14100,1074,,0,71178.0,0,Open
14101,14101,1036,,0,32454.0,0,Open
14102,14102,1041,,44186.0,21630.0,0,Open
14103,14103,1100,,10511.0,21246.0,0,Open
14104,14104,1033,,0,32122.0,0,Open
14105,14105,1117,,0,17852.0,0,Open
14106,14106,1065,,0,53909.0,0,Open
14107,14107,1065,,0,133955.0,0,Open
14108,14108,1073,,0,34660.0,0,Open
14109,14109,1061,,0,23521.0,0,Open
14110,14110,1111,,0,62112.0,0,Open
14111,14111,1098,,18777.0,8642.0,0,Open
14112,14112,1113,,0,37798.0,0,Open
14113,14113,1095,,0,27729.0,0,Open
14114,14114,1013,,0,39612.0,0,Open
14115,14115,1083,,75590.0,37839.0,0,Open
14116,14116,1059,,30044.0,39154.0,0,Open
14117,14117,1019,,0,53591.0,0,Open
14118,14118,1013,,0,117121.0,0,Open
14119,14119,1084,,9900.0,5817.0,0,Open
14120,14120,1098,,0,20995.0,0,Open
14121,14121,1069,,0,67825.0,0,Open
14122,14122,1101,,0,67080.0,0,Open
14123,14123,1007,,26961.0,36680.0,0,Open
14124,14124,1010,,36752.0,17906.0,0,Open
14125,14125,1049,,0,18316.0,0,Open
14126,14126,1027,,0,61772.0,0,Open
14127,14127,1035,,0,55644.0,0,Open
14128,14128,1116,,7556.0,13312.0,0,Open
14129,14129,1072,,0,27908.0,0,Open
14130,14130,1012,,0,25794.0,0,Open
14131,14131,1008,,0,52493.0,0,Open
14132,14132,1027,,0,120445.0,0,Open
14133,14133,1052,,19154.0,8397.0,0,Open
14134,14134,1063,,0,31781.0,0,Open
14135,14135,1110,,0,18162.0,0,Open
14136,14136,1017,,0,23081.0,0,Open
14137,14137,1042,,6365.0,7893.0,0,Open
14138,14138,1061,,14006.0,8192.0,0,Open
14139,14139,1035,,22662.0,51809.0,0,Open
14140,14140,1052,,0,39725.0,0,Open
14141,14141,1112,,0,53965.0,0,Open
14142,14142,1061,,0,45696.0,0,Open
14143,14143,1053,,0,74001.0,0,Open
14144,14144,1088,,0,17128.0,0,Open
14145,14145,1024,,13849.0,15251.0,0,Open
14146,14146,1079,,0,15548.0,0,Open
14147,14147,1120,,0,64980.0,0,Open
14148,14148,1080,,0,27073.0,0,Open
14149,14149,1010,,8906.0,6199.0,0,Open
14150,14150,1044,,0,61411.0,0,Open
14151,14151,1097,,0,45798.0,0,Open
14152,14152,1118,,0,42912.0,0,Open
14153,14153,1003,,39487.0,73010.0,0,Open
14154,14154,1068,,22461.0,10150.0,0,Open
14155,14155,1017,,0,23975.0,0,Open
14156,14156,1124,,0,106656.0,0,Open
14157,14157,1042,,0,16906.0,0,Open
14158,14158,1007,,0,16629.0,0,Open
14159,14159,1112,,30270.0,48440.0,0,Open
14160,14160,1067,,0,48555.0,0,Open
14161,14161,1015,,0,79767.0,0,Open
14162,14162,1099,,0,48533.0,0,Open
14163,14163,1066,,0,32264.0,0,Open
14164,14164,1060,,0,78265.0,0,Open
14165,14165,1080,,0,36022.0,0,Open
14166,14166,1095,,0,24114.0,0,Open
14167,14167,1001,,0,35011.0,0,Open
14168,14168,1038,,0,71634.0,0,Open
14169,14169,1002,,0,38109.0,0,Open
14170,14170,1089,,0,40653.0,0,Open
14171,14171,1036,,0,42694.0,0,Open
14172,14172,1100,,0,31280.0,0,Open
14173,14173,1027,,0,14323.0,0,Open
14174,14174,1010,,0,42839.0,0,Open
14175,14175,1058,,23807.0,48684.0,0,Open
14176,14176,1061,,16092.0,11559.0,0,Open
14177,14177,1066,,0,62110.0,0,Open
14178,14178,1092,,0,57757.0,0,Open
14179,14179,1067,,6210.0,10122.0,0,Open
14180,14180,1017,,0,112494.0,0,Open
14181,14181,1052,,0,66935.0,0,Open
14182,14182,1058,,0,42034.0,0,Open
14183,14183,1085,,0,47576.0,0,Open
14184,14184,1046,,0,24396.0,0,Open
14185,14185,1077,,0,32222.0,0,Open
14186,14186,1112,,0,18030.0,0,Open
14187,14187,1005,,0,12266.0,0,Open
14188,14188,1106,,0,31053.0,0,Open
14189,14189,1007,,0,50464.0,0,Open
14190,14190,1064,,34631.0,50642.0,0,Open
14191,14191,1100,,0,35779.0,0,Open
14192,14192,1046,,0,25105.0,0,Open
14193,14193,1089,,0,49189.0,0,Open
14194,14194,1088,,0,15469.0,0,Open
14195,14195,1024,,4446.0,9519.0,0,Open
14196,14196,1115,,0,68532.0,0,Open
14197,14197,1013,,0,120335.0,0,Open
14198,14198,1008,,0,89335.0,0,Open
14199,14199,1115,,0,42268.0,0,Open
14200,14200,1032,,0,89256.0,0,Open
14201,14201,1033,,4050.0,11421.0,0,Open
14202,14202,1062,,0,16980.0,0,Open
14203,14203,1023,,0,45525.0,0,Open
14204,14204,1056,,62119.0,38463.0,0,Open
14205,14205,1020,,0,52656.0,0,Open
14206,14206,1087,,0,15267.0,0,Open
14207,14207,1003,,0,16827.0,0,Open
14208,14208,1096,,0,16745.0,0,Open
14209,14209,1122,,0,127128.0,0,Open
14210,14210,1017,,0,22491.0,0,Open
14211,14211,1013,,0,41212.0,0,Open
14212,14212,1080,,19366.0,15532.0,0,Open
14213,14213,1078,,0,56007.0,0,Open
14214,14214,1097,,37896.0,90320.0,0,Open
14215,14215,1057,,0,22903.0,0,Open
14216,14216,1039,,0,14920.0,0,Open
14217,14217,1064,,31405.0,33886.0,0,Open
14218,14218,1087,,0,14129.0,0,Open
14219,14219,1119,,0,33991.0,0,Open
14220,14220,1113,,0,13636.0,0,Open
14221,14221,1098,,0,44877.0,0,Open
14222,14222,1121,,0,17233.0,0,Open
14223,14223,1024,,13995.0,6757.0,0,Open
14224,14224,1090,,23264.0,14195.0,0,Open
14225,14225,1091,,0,48544.0,0,Open
14226,14226,1054,,39682.0,78617.0,0,Open
14227,14227,1004,,0,62094.0,0,Open
14228,14228,1077,,10302.0,17574.0,0,Open
14229,14229,1031,,0,91403.0,0,Open
14230,14230,1114,,0,26075.0,0,Open
14231,14231,1043,,0,45854.0,0,Open
14232,14232,1092,,0,32357.0,0,Open
14233,14233,1014,,16169.0,18947.0,0,Open
14234,14234,1054,,0,175679.0,0,Open
14235,14235,1083,,0,31496.0,0,Open
14236,14236,1021,,22698.0,25569.0,0,Open
14237,14237,1003,,0,16529.0,0,Open
14238,14238,1015,,0,60088.0,0,Open
14239,14239,1125,,0,51453.0,0,Open
14240,14240,1013,,0,46844.0,0,Open
14241,14241,1122,,0,18699.0,0,Open
14242,14242,1099,,0,57672.0,0,Open
14243,14243,1073,,0,45911.0,0,Open
14244,14244,1121,,8979.0,8678.0,0,Open
14245,14245,1059,,0,65497.0,0,Open
14246,14246,1074,,34819.0,31656.0,0,Open
14247,14247,1028,,0,63178.0,0,Open
14248,14248,1120,,0,34561.0,0,Open
14249,14249,1105,,0,105217.0,0,Open
14250,14250,1092,,0,25007.0,0,Open
14251,14251,1081,,0,22086.0,0,Open
14252,14252,1110,,0,42214.0,0,Open
14253,14253,1114,,0,35126.0,0,Open
14254,14254,1030,,0,31821.0,0,Open
14255,14255,1074,,0,28505.0,0,Open
14256,14256,1097,,0,16668.0,0,Open
14257,14257,1053,,33684.0,75320.0,0,Open
14258,14258,1074,,0,17587.0,0,Open
14259,14259,1029,,17316.0,29128.0,0,Open
14260,14260,1090,,0,125643.0,0,Open
14261,14261,1007,,0,22313.0,0,Open
14262,14262,1114,,0,66029.0,0,Open
14263,14263,1106,,0,14572.0,0,Open
14264,14264,1061,,49432.0,93859.0,0,Open
14265,14265,1115,,0,18318.0,0,Open
14266,14266,1087,,0,32133.0,0,Open
14267,14267,1053,,0,50334.0,0,Open
14268,14268,1108,,0,63083.0,0,Open
14269,14269,1041,,0,32392.0,0,Open
14270,14270,1033,,0,17750.0,0,Open
14271,14271,1068,,0,44610.0,0,Open
14272,14272,1002,,0,53249.0,0,Open
14273,14273,1084,,0,68422.0,0,Open
14274,14274,1039,,0,44641.0,0,Open
14275,14275,1002,,0,62421.0,0,Open
14276,14276,1026,,0,29247.0,0,Open
14277,14277,1067,,0,105866.0,0,Open
14278,14278,1075,,0,110747.0,0,Open
14279,14279,1081,,0,65702.0,0,Open
14280,14280,1010,,0,46498.0,0,Open
14281,14281,1097,,0,33213.0,0,Open
14282,14282,1060,,19706.0,13809.0,0,Open
14283,14283,1026,,0,39566.0,0,Open
14284,14284,1017,,0,76804.0,0,Open
14285,14285,1054,,11087.0,5767.0,0,Open
14286,14286,1035,,0,33744.0,0,Open
14287,14287,1096,,0,33389.0,0,Open
14288,14288,1094,,0,18655.0,0,Open
14289,14289,1063,,0,25661.0,0,Open
14290,14290,1068,,33518.0,19268.0,0,Open
14291,14291,1075,,0,41157.0,0,Open
14292,14292,1096,,0,54776.0,0,Open
14293,14293,1043,,0,23643.0,0,Open
14294,14294,1113,,0,13835.0,0,Open
14295,14295,1031,,6171.0,11227.0,0,Open
14296,14296,1107,,0,32831.0,0,Open
14297,14297,1035,,0,66276.0,0,Open
14298,14298,1038,,34067.0,27049.0,0,Open
14299,14299,1026,,0,32734.0,0,Open
14300,14300,1003,,0,41042.0,0,Open
14301,14301,1015,,0,84352.0,0,Open
14302,14302,1035,,6016.0,9993.0,0,Open
14303,14303,1064,,0,47642.0,0,Open
14304,14304,1087,,0,39198.0,0,Open
14305,14305,1094,,0,18167.0,0,Open
14306,14306,1111,,0,51045.0,0,Open
14307,14307,1037,,0,15939.0,0,Open
14308,14308,1029,,0,33208.0,0,Open
14309,14309,1083,,50074.0,32636.0,0,Open
14310,14310,1002,,0,37075.0,0,Open
14311,14311,1075,,0,20856.0,0,Open
14312,14312,1072,,0,74632.0,0,Open
14313,14313,1033,,0,41014.0,0,Open
14314,14314,1085,,0,39733.0,0,Open
14315,14315,1026,,0,15898.0,0,Open
14316,14316,1073,,0,21869.0,0,Open
14317,14317,1122,,0,58803.0,0,Open
14318,14318,1075,,0,47841.0,0,Open
14319,14319,1052,,0,101824.0,0,Open
14320,14320,1086,,18974.0,53996.0,0,Open
14321,14321,1085,,0,29247.0,0,Open
14322,14322,1094,,0,113578.0,0,Open
14323,14323,1071,,0,47718.0,0,Open
14324,14324,1112,,36332.0,65077.0,0,Open
14325,14325,1090,,0,15402.0,0,Open
14326,14326,1122,,0,17755.0,0,Open
14327,14327,1049,,0,60186.0,0,Open
14328,14328,1014,,0,22523.0,0,Open
14329,14329,1046,,25293.0,47132.0,0,Open
14330,14330,1083,,20448.0,9062.0,0,Open
14331,14331,1097,,0,51492.0,0,Open
14332,14332,1044,,0,84380.0,0,Open
14333,14333,1008,,36904.0,16787.0,0,Open
14334,14334,1071,,0,29798.0,0,Open
14335,14335,1080,,0,15530.0,0,Open
14336,14336,1056,,0,18996.0,0,Open
14337,14337,1023,,0,64816.0,0,Open
14338,14338,1069,,29454.0,58150.0,0,Open
14339,14339,1018,,0,75355.0,0,Open
14340,14340,1114,,0,82121.0,0,Open
14341,14341,1038,,0,64287.0,0,Open
14342,14342,1026,,0,24670.0,0,Open
14343,14343,1093,,0,14259.0,0,Open
14344,14344,1095,,0,15572.0,0,Open
14345,14345,1073,,39920.0,29416.0,0,Open
14346,14346,1085,,0,29812.0,0,Open
14347,14347,1119,,0,12802.0,0,Open
14348,14348,1044,,8873.0,22008.0,0,Open
14349,14349,1124,,0,37756.0,0,Open
14350,14350,1018,,0,136472.0,0,Open
14351,14351,1025,,0,44554.0,0,Open
14352,14352,1067,,0,13790.0,0,Open
14353,14353,1046,,4266.0,10353.0,0,Open
14354,14354,1058,,9960.0,20045.0,0,Open
14355,14355,1104,,0,42777.0,0,Open
14356,14356,1059,,28452.0,41905.0,0,Open
14357,14357,1054,,22080.0,10320.0,0,Open
14358,14358,1027,,0,22372.0,0,Open
14359,14359,1059,,0,129237.0,0,Open
14360,14360,1044,,0,62161.0,0,Open
14361,14361,1070,,0,31035.0,0,Open
14362,14362,1103,,0,23444.0,0,Open
14363,14363,1012,,0,23127.0,0,Open
14364,14364,1072,,0,23071.0,0,Open
14365,14365,1008,,30000.0,15212.0,0,Open
14366,14366,1071,,32560.0,34215.0,0,Open
14367,14367,1125,,0,15470.0,0,Open
14368,14368,1092,,0,14641.0,0,Open
14369,14369,1065,,0,68296.0,0,Open
14370,14370,1118,,0,52369.0,0,Open
14371,14371,1104,,0,14364.0,0,Open
14372,14372,1068,,0,15123.0,0,Open
14373,14373,1025,,0,14877.0,0,Open
14374,14374,1061,,0,105362.0,0,Open
14375,14375,1017,,15706.0,11173.0,0,Open
14376,14376,1125,,0,22413.0,0,Open
14377,14377,1115,,0,16956.0,0,Open
14378,14378,1105,,0,82487.0,0,Open
14379,14379,1102,,0,19395.0,0,Open
14380,14380,1056,,0,14223.0,0,Open
14381,14381,1004,,15390.0,15274.0,0,Open
14382,14382,1098,,0,53498.0,0,Open
14383,14383,1088,,0,72005.0,0,Open
14384,14384,1086,,0,24473.0,0,Open
14385,14385,1094,,0,44810.0,0,Open
14386,14386,1085,,0,14967.0,0,Open
14387,14387,1086,,29979.0,22252.0,0,Open
14388,14388,1012,,0,99484.0,0,Open
14389,14389,1024,,0,48100.0,0,Open
14390,14390,1078,,0,54804.0,0,Open
14391,14391,1007,,0,55550.0,0,Open
14392,14392,1017,,0,46263.0,0,Open
14393,14393,1064,,0,71980.0,0,Open
14394,14394,1095,,0,116327.0,0,Open
14395,14395,1072,,24245.0,24428.0,0,Open
14396,14396,1061,,0,66575.0,0,Open
14397,14397,1030,,12590.0,11076.0,0,Open
14398,14398,1055,,0,22051.0,0,Open
14399,14399,1056,,0,41314.0,0,Open
14400,14400,1076,,0,43728.0,0,Open
14401,14401,1005,,0,24299.0,0,Open
14402,14402,1063,,35806.0,23188.0,0,Open
14403,14403,1003,,0,26243.0,0,Open
14404,14404,1105,,0,141910.0,0,Open
14405,14405,1003,,0,15917.0,0,Open
14406,14406,1026,,0,112832.0,0,Open
14407,14407,1026,,0,35984.0,0,Open
14408,14408,1089,,7749.0,8262.0,0,Open
14409,14409,1118,,20725.0,36002.0,0,Open
14410,14410,1103,,0,63186.0,0,Open
14411,14411,1084,,0,22581.0,0,Open
14412,14412,1050,,0,34445.0,0,Open
14413,14413,1063,,6711.0,8664.0,0,Open
14414,14414,1107,,0,16487.0,0,Open
14415,14415,1050,,14542.0,20196.0,0,Open
14416,14416,1033,,0,50740.0,0,Open
14417,14417,1117,,0,19675.0,0,Open
14418,14418,1068,,0,30261.0,0,Open
14419,14419,1082,,0,18890.0,0,Open
14420,14420,1083,,21878.0,19157.0,0,Open
14421,14421,1004,,0,47168.0,0,Open
14422,14422,1107,,17252.0,18066.0,0,Open
14423,14423,1003,,0,25309.0,0,Open
14424,14424,1018,,0,35507.0,0,Open
14425,14425,1088,,0,15528.0,0,Open
14426,14426,1063,,0,17700.0,0,Open
14427,14427,1045,,0,107229.0,0,Open
14428,14428,1060,,32439.0,37615.0,0,Open
14429,14429,1096,,0,60316.0,0,Open
14430,14430,1058,,0,44872.0,0,Open
14431,14431,1034,,58703.0,45545.0,0,Open
14432,14432,1100,,0,148143.0,0,Open
14433,14433,1080,,0,46742.0,0,Open
14434,14434,1121,,20440.0,23084.0,0,Open
14435,14435,1121,,24847.0,49427.0,0,Open
14436,14436,1048,,0,27686.0,0,Open
14437,14437,1059,,31009.0,58742.0,0,Open
14438,14438,1019,,0,28824.0,0,Open
14439,14439,1118,,0,34341.0,0,Open
14440,14440,1075,,0,101632.0,0,Open
14441,14441,1124,,32029.0,21284.0,0,Open
14442,14442,1026,,0,20611.0,0,Open
14443,14443,1125,,0,163758.0,0,Open
14444,14444,1068,,0,44912.0,0,Open
14445,14445,1116,,0,29770.0,0,Open
14446,14446,1064,,0,47158.0,0,Open
14447,14447,1059,,0,28659.0,0,Open
14448,14448,1125,,0,74289.0,0,Open
14449,14449,1123,,0,16054.0,0,Open
14450,14450,1112,,0,41935.0,0,Open
14451,14451,1019,,0,16972.0,0,Open
14452,14452,1062,,0,14744.0,0,Open
14453,14453,1069,,0,30209.0,0,Open
14454,14454,1026,,0,78911.0,0,Open
14455,14455,1106,,0,18704.0,0,Open
14456,14456,1025,,0,23461.0,0,Open
14457,14457,1074,,18008.0,14329.0,0,Open
14458,14458,1012,,0,14400.0,0,Open
14459,14459,1071,,0,52050.0,0,Open
14460,14460,1079,,0,27168.0,0,Open
14461,14461,1001,,0,72113.0,0,Open
14462,14462,1046,,0,65259.0,0,Open
14463,14463,1037,,0,58472.0,0,Open
14464,14464,1105,,0,46896.0,0,Open
14465,14465,1059,,0,132923.0,0,Open
14466,14466,1113,,0,15720.0,0,Open
14467,14467,1026,,10273.0,6913.0,0,Open
14468,14468,1120,,0,31648.0,0,Open
14469,14469,1104,,0,24537.0,0,Open
14470,14470,1069,,0,50046.0,0,Open
14471,14471,1123,,0,44890.0,0,Open
14472,14472,1014,,0,55891.0,0,Open
14473,14473,1047,,0,41876.0,0,Open
14474,14474,1094,,0,23426.0,0,Open
14475,14475,1114,,0,28510.0,0,Open
14476,14476,1090,,0,35746.0,0,Open
14477,14477,1116,,0,37330.0,0,Open
14478,14478,1060,,28603.0,13073.0,0,Open
14479,14479,1047,,0,42120.0,0,Open
14480,14480,1090,,7653.0,22277.0,0,Open
14481,14481,1079,,0,53793.0,0,Open
14482,14482,1095,,0,29949.0,0,Open
14483,14483,1045,,0,68498.0,0,Open
14484,14484,1081,,39166.0,28420.0,0,Open
14485,14485,1049,,17870.0,20912.0,0,Open
14486,14486,1043,,0,107803.0,0,Open
14487,14487,1103,,0,67432.0,0,Open
14488,14488,1001,,0,95314.0,0,Open
14489,14489,1069,,0,50767.0,0,Open
14490,14490,1067,,0,27419.0,0,Open
14491,14491,1049,,0,30059.0,0,Open
14492,14492,1069,,0,100833.0,0,Open
14493,14493,1056,,14225.0,15560.0,0,Open
14494,14494,1080,,0,43599.0,0,Open
14495,14495,1079,,30918.0,14082.0,0,Open
14496,14496,1091,,0,29000.0,0,Open
14497,14497,1056,,0,54107.0,0,Open
14498,14498,1032,,0,65254.0,0,Open
14499,14499,1119,,0,14674.0,0,Open
14500,14500,1011,,0,47634.0,0,Open
14501,14501,1016,,0,86725.0,0,Open
14502,14502,1022,,0,50594.0,0,Open
14503,14503,1063,,0,24473.0,0,Open
14504,14504,1071,,0,49448.0,0,Open
14505,14505,1036,,0,67444.0,0,Open
14506,14506,1038,,0,31070.0,0,Open
14507,14507,1050,,8574.0,6327.0,0,Open
14508,14508,1112,,0,167161.0,0,Open
14509,14509,1105,,0,134222.0,0,Open
14510,14510,1055,,3690.0,10606.0,0,Open
14511,14511,1011,,0,37453.0,0,Open
14512,14512,1083,,0,33013.0,0,Open
14513,14513,1087,,0,32304.0,0,Open
14514,14514,1088,,0,58887.0,0,Open
14515,14515,1032,,0,14690.0,0,Open
14516,14516,1071,,0,23291.0,0,Open
14517,14517,1081,,0,35628.0,0,Open
14518,14518,1089,,0,37581.0,0,Open
14519,14519,1099,,0,167978.0,0,Open
14520,14520,1102,,0,23172.0,0,Open
14521,14521,1088,,40368.0,46075.0,0,Open
14522,14522,1096,,26781.0,22507.0,0,Open
14523,14523,1051,,0,70502.0,0,Open
14524,14524,1090,,0,68497.0,0,Open
14525,14525,1029,,0,41870.0,0,Open
14526,14526,1105,,0,146322.0,0,Open
14527,14527,1068,,0,53116.0,0,Open
14528,14528,1079,,0,14698.0,0,Open
14529,14529,1112,,0,33452.0,0,Open
14530,14530,1060,,8302.0,23257.0,0,Open
14531,14531,1026,,101415.0,55672.0,0,Open
14532,14532,1081,,0,32053.0,0,Open
14533,14533,1064,,0,85342.0,0,Open
14534,14534,1063,,0,82462.0,0,Open
14535,14535,1092,,0,13303.0,0,Open
14536,14536,1044,,0,16339.0,0,Open
14537,14537,1063,,0,60596.0,0,Open
14538,14538,1094,,0,127283.0,0,Open
14539,14539,1097,,0,72888.0,0,Open
14540,14540,1051,,0,63979.0,0,Open
14541,14541,1093,,49235.0,23849.0,0,Open
14542,14542,1048,,0,77063.0,0,Open
14543,14543,1053,,0,44308.0,0,Open
14544,14544,1117,,0,14625.0,0,Open
14545,14545,1113,,0,41145.0,0,Open
14546,14546,1087,,0,63871.0,0,Open
14547,14547,1103,,0,86149.0,0,Open
14548,14548,1115,,0,12879.0,0,Open
14549,14549,1014,,0,33844.0,0,Open
14550,14550,1092,,0,17683.0,0,Open
14551,14551,1022,,0,23400.0,0,Open
14552,14552,1014,,0,53926.0,0,Open
14553,14553,1032,,0,30156.0,0,Open
14554,14554,1043,,60090.0,73432.0,0,Open
14555,14555,1064,,13297.0,22542.0,0,Open
14556,14556,1037,,0,14727.0,0,Open
14557,14557,1041,,0,15056.0,0,Open
14558,14558,1055,,27628.0,50439.0,0,Open
14559,14559,1049,,0,25791.0,0,Open
14560,14560,1004,,0,55044.0,0,Open
14561,14561,1034,,0,35974.0,0,Open
14562,14562,1107,,0,102148.0,0,Open
14563,14563,1098,,18780.0,14134.0,0,Open
14564,14564,1071,,0,48860.0,0,Open
14565,14565,1028,,0,62506.0,0,Open
14566,14566,1020,,0,16317.0,0,Open
14567,14567,1100,,0,12638.0,0,Open
14568,14568,1086,,44488.0,41585.0,0,Open
14569,14569,1062,,0,49218.0,0,Open
14570,14570,1076,,55378.0,32994.0,0,Open
14571,14571,1096,,0,47370.0,0,Open
14572,14572,1084,,9869.0,5660.0,0,Open
14573,14573,1069,,10118.0,5159.0,0,Open
14574,14574,1056,,0,61771.0,0,Open
14575,14575,1079,,0,37530.0,0,Open
14576,14576,1118,,0,24228.0,0,Open
14577,14577,1104,,0,123508.0,0,Open
14578,14578,1094,,0,35720.0,0,Open
14579,14579,1048,,0,23992.0,0,Open
14580,14580,1100,,0,60446.0,0,Open
14581,14581,1090,,0,33720.0,0,Open
14582,14582,1033,,0,31438.0,0,Open
14583,14583,1115,,0,17990.0,0,Open
14584,14584,1020,,0,70171.0,0,Open
14585,14585,1049,,0,49984.0,0,Open
14586,14586,1051,,0,99373.0,0,Open
14587,14587,1063,,10768.0,28526.0,0,Open
14588,14588,1010,,0,13002.0,0,Open
14589,14589,1114,,0,57875.0,0,Open
14590,14590,1044,,0,73820.0,0,Open
14591,14591,1037,,70846.0,33360.0,0,Open
14592,14592,1062,,0,34190.0,0,Open
14593,14593,1021,,0,42733.0,0,Open
14594,14594,1056,,0,65030.0,0,Open
14595,14595,1061,,0,32049.0,0,Open
14596,14596,1077,,0,17333.0,0,Open
14597,14597,1080,,0,15469.0,0,Open
14598,14598,1075,,0,80213.0,0,Open
14599,14599,1071,,0,38178.0,0,Open
14600,14600,1051,,0,89695.0,0,Open
14601,14601,1045,,17944.0,25338.0,0,Open
14602,14602,1081,,17169.0,51203.0,0,Open
14603,14603,1053,,0,33058.0,0,Open
14604,14604,1108,,0,48311.0,0,Open
14605,14605,1036,,0,20781.0,0,Open
