booking_id,customer_id,customer_segment,check_in_date,check_out_date,room_type,rooms_booked,room_rate_jpy
1,1087,Leisure,2025-01-01,2025-01-02,Standard,1,12475.0
2,1030,Leisure,2025-01-01,2025-01-03,Deluxe,1,19040.0
3,1084,Corporate,2025-01-01,2025-01-02,Deluxe,1,18530.0
4,1098,Leisure,2025-01-01,2025-01-03,Deluxe,1,17877.0
5,1020,Leisure,2025-01-01,2025-01-04,Suite,1,37315.0
6,1045,Corporate,2025-01-01,2025-01-04,Standard,1,11955.0
7,1069,Leisure,2025-01-01,2025-01-04,Deluxe,1,19351.0
8,1114,Corporate,2025-01-01,2025-01-05,Standard,1,12268.0
9,1006,Leisure,2025-01-01,2025-01-03,Family,1,28045.0
10,1049,Event Group,2025-01-01,2025-01-04,Deluxe,1,20215.0
11,1048,Leisure,2025-01-01,2025-01-03,Standard,1,11048.0
12,1082,Leisure,2025-01-01,2025-01-04,Standard,1,12492.0
13,1049,Corporate,2025-01-01,2025-01-04,Standard,1,12294.0
14,1099,Leisure,2025-01-01,2025-01-05,Standard,1,12820.0
15,1041,Corporate,2025-01-01,2025-01-02,Suite,1,34439.0
16,1028,Travel Agency,2025-01-01,2025-01-02,Standard,1,11181.0
17,1059,Travel Agency,2025-01-01,2025-01-03,Deluxe,1,17441.0
18,1055,Travel Agency,2025-01-01,2025-01-02,Standard,1,11022.0
19,1018,Corporate,2025-01-01,2025-01-03,Family,1,24486.0
20,1102,Corporate,2025-01-01,2025-01-02,Deluxe,1,19997.0
21,1077,Leisure,2025-01-01,2025-01-03,Deluxe,1,19715.0
22,1093,Event Group,2025-01-01,2025-01-03,Family,1,25497.0
23,1099,Travel Agency,2025-01-01,2025-01-05,Standard,1,12532.0
24,1113,Leisure,2025-01-01,2025-01-02,Deluxe,1,14903.0
25,1065,Travel Agency,2025-01-01,2025-01-06,Deluxe,1,19447.0
26,1020,Corporate,2025-01-01,2025-01-05,Family,1,23518.0
27,1119,Event Group,2025-01-01,2025-01-02,Standard,1,11587.0
28,1113,Leisure,2025-01-01,2025-01-02,Deluxe,1,21761.0
29,1031,Corporate,2025-01-01,2025-01-04,Family,1,25868.0
30,1098,Corporate,2025-01-01,2025-01-05,Family,1,24536.0
31,1122,Leisure,2025-01-01,2025-01-02,Deluxe,1,18449.0
32,1070,Travel Agency,2025-01-01,2025-01-02,Deluxe,1,17501.0
33,1052,Leisure,2025-01-01,2025-01-04,Deluxe,1,18872.0
34,1029,Leisure,2025-01-01,2025-01-03,Family,1,24278.0
35,1076,Leisure,2025-01-01,2025-01-02,Standard,1,12593.0
36,1111,Leisure,2025-01-01,2025-01-02,Standard,1,12940.0
37,1063,Corporate,2025-01-01,2025-01-03,Standard,1,14829.0
38,1101,Event Group,2025-01-01,2025-01-02,Standard,1,11617.0
39,1085,Corporate,2025-01-01,2025-01-03,Standard,1,12156.0
40,1083,Leisure,2025-01-01,2025-01-03,Standard,1,12452.0
41,1111,Leisure,2025-01-01,2025-01-03,Standard,1,11149.0
42,1060,Leisure,2025-01-01,2025-01-02,Standard,1,13060.0
43,1111,Leisure,2025-01-01,2025-01-05,Standard,1,13147.0
44,1012,Corporate,2025-01-02,2025-01-04,Deluxe,1,17874.0
45,1052,Corporate,2025-01-02,2025-01-05,Family,1,23902.0
46,1050,Corporate,2025-01-02,2025-01-03,Family,1,25426.0
47,1101,Leisure,2025-01-02,2025-01-05,Standard,1,10400.0
48,1038,Corporate,2025-01-02,2025-01-05,Deluxe,1,20120.0
49,1007,Leisure,2025-01-02,2025-01-03,Standard,1,13464.0
50,1021,Travel Agency,2025-01-02,2025-01-04,Deluxe,1,18877.0
51,1111,Travel Agency,2025-01-02,2025-01-04,Standard,1,12995.0
52,1032,Travel Agency,2025-01-02,2025-01-03,Standard,1,12808.0
53,1041,Corporate,2025-01-02,2025-01-03,Deluxe,1,17356.0
54,1031,Leisure,2025-01-02,2025-01-03,Family,1,23118.0
55,1120,Leisure,2025-01-02,2025-01-03,Standard,1,10406.0
56,1013,Event Group,2025-01-02,2025-01-04,Standard,1,13268.0
57,1113,Corporate,2025-01-02,2025-01-03,Standard,1,14557.0
58,1070,Leisure,2025-01-02,2025-01-03,Standard,1,11800.0
59,1105,Event Group,2025-01-02,2025-01-04,Deluxe,1,18295.0
60,1113,Corporate,2025-01-02,2025-01-06,Deluxe,1,18248.0
61,1078,Corporate,2025-01-02,2025-01-03,Standard,1,11888.0
62,1110,Leisure,2025-01-02,2025-01-03,Standard,1,12385.0
63,1055,Travel Agency,2025-01-02,2025-01-04,Standard,1,12903.0
64,1017,Leisure,2025-01-02,2025-01-03,Suite,1,31267.0
65,1002,Travel Agency,2025-01-02,2025-01-03,Deluxe,1,16926.0
66,1020,Leisure,2025-01-02,2025-01-06,Standard,1,12309.0
67,1040,Leisure,2025-01-02,2025-01-05,Deluxe,1,18859.0
68,1006,Event Group,2025-01-02,2025-01-06,Standard,1,13074.0
69,1114,Corporate,2025-01-02,2025-01-03,Family,1,28113.0
70,1119,Travel Agency,2025-01-02,2025-01-07,Family,1,27420.0
71,1004,Event Group,2025-01-02,2025-01-06,Family,1,26857.0
72,1053,Travel Agency,2025-01-02,2025-01-06,Standard,1,10711.0
73,1014,Travel Agency,2025-01-02,2025-01-06,Suite,1,31722.0
74,1026,Leisure,2025-01-02,2025-01-03,Standard,1,14421.0
75,1004,Corporate,2025-01-02,2025-01-04,Suite,1,32720.0
76,1009,Corporate,2025-01-02,2025-01-04,Deluxe,1,17385.0
77,1069,Leisure,2025-01-02,2025-01-03,Family,1,20692.0
78,1034,Travel Agency,2025-01-02,2025-01-03,Standard,1,14331.0
79,1094,Corporate,2025-01-02,2025-01-07,Standard,1,13490.0
80,1015,Event Group,2025-01-02,2025-01-04,Suite,1,33932.0
81,1119,Corporate,2025-01-02,2025-01-04,Standard,1,12635.0
82,1095,Event Group,2025-01-02,2025-01-05,Suite,1,32055.0
83,1041,Corporate,2025-01-02,2025-01-04,Deluxe,1,17724.0
84,1065,Travel Agency,2025-01-02,2025-01-03,Deluxe,1,17269.0
85,1054,Leisure,2025-01-02,2025-01-04,Standard,1,12501.0
86,1023,Travel Agency,2025-01-02,2025-01-04,Deluxe,1,19137.0
87,1056,Leisure,2025-01-02,2025-01-03,Deluxe,1,19611.0
88,1057,Leisure,2025-01-02,2025-01-04,Suite,1,32205.0
89,1022,Travel Agency,2025-01-03,2025-01-07,Standard,1,12899.0
90,1122,Leisure,2025-01-03,2025-01-04,Deluxe,1,17923.0
91,1026,Corporate,2025-01-03,2025-01-06,Deluxe,1,17956.0
92,1059,Event Group,2025-01-03,2025-01-04,Standard,1,11325.0
93,1090,Corporate,2025-01-03,2025-01-05,Standard,1,11536.0
94,1111,Corporate,2025-01-03,2025-01-05,Standard,1,11833.0
95,1023,Leisure,2025-01-03,2025-01-04,Suite,1,27170.0
96,1016,Leisure,2025-01-03,2025-01-06,Suite,1,26816.0
97,1072,Leisure,2025-01-03,2025-01-06,Standard,1,11852.0
98,1065,Travel Agency,2025-01-03,2025-01-08,Deluxe,1,16617.0
99,1021,Leisure,2025-01-03,2025-01-07,Standard,1,11601.0
100,1099,Corporate,2025-01-03,2025-01-05,Deluxe,1,18436.0
101,1057,Corporate,2025-01-03,2025-01-05,Suite,1,35870.0
102,1018,Corporate,2025-01-03,2025-01-04,Standard,1,12115.0
103,1028,Corporate,2025-01-03,2025-01-05,Standard,1,13792.0
104,1054,Leisure,2025-01-03,2025-01-05,Standard,1,12055.0
105,1003,Event Group,2025-01-03,2025-01-06,Standard,1,12998.0
106,1097,Leisure,2025-01-03,2025-01-06,Family,1,27183.0
107,1069,Travel Agency,2025-01-03,2025-01-07,Standard,1,12685.0
108,1056,Leisure,2025-01-03,2025-01-05,Deluxe,1,18591.0
109,1103,Leisure,2025-01-03,2025-01-05,Deluxe,1,19418.0
110,1004,Leisure,2025-01-03,2025-01-04,Standard,1,13632.0
111,1011,Leisure,2025-01-03,2025-01-05,Family,1,27330.0
112,1028,Leisure,2025-01-03,2025-01-04,Deluxe,1,19766.0
113,1036,Travel Agency,2025-01-03,2025-01-04,Standard,1,12957.0
114,1070,Corporate,2025-01-03,2025-01-06,Deluxe,1,18654.0
115,1009,Corporate,2025-01-03,2025-01-08,Standard,1,12749.0
116,1003,Travel Agency,2025-01-03,2025-01-06,Suite,1,33832.0
117,1015,Leisure,2025-01-03,2025-01-04,Deluxe,1,18094.0
118,1078,Leisure,2025-01-03,2025-01-04,Deluxe,1,18495.0
119,1021,Travel Agency,2025-01-03,2025-01-06,Family,1,24080.0
120,1123,Corporate,2025-01-03,2025-01-04,Family,1,24145.0
121,1076,Corporate,2025-01-03,2025-01-07,Standard,1,14058.0
122,1077,Corporate,2025-01-03,2025-01-05,Deluxe,1,18804.0
123,1006,Leisure,2025-01-03,2025-01-06,Suite,1,27230.0
124,1109,Leisure,2025-01-03,2025-01-05,Standard,1,11726.0
125,1047,Leisure,2025-01-03,2025-01-05,Standard,1,12615.0
126,1124,Leisure,2025-01-03,2025-01-06,Deluxe,1,16199.0
127,1100,Travel Agency,2025-01-03,2025-01-05,Deluxe,1,19344.0
128,1107,Leisure,2025-01-03,2025-01-05,Deluxe,1,18068.0
129,1086,Leisure,2025-01-04,2025-01-05,Family,1,25308.0
130,1024,Travel Agency,2025-01-04,2025-01-05,Standard,1,11335.0
131,1113,Corporate,2025-01-04,2025-01-06,Deluxe,1,18033.0
132,1011,Event Group,2025-01-04,2025-01-05,Standard,1,13989.0
133,1092,Leisure,2025-01-04,2025-01-06,Standard,1,12720.0
134,1029,Corporate,2025-01-04,2025-01-07,Deluxe,1,20071.0
135,1045,Leisure,2025-01-04,2025-01-05,Standard,1,11776.0
136,1090,Leisure,2025-01-04,2025-01-07,Standard,1,13592.0
137,1096,Corporate,2025-01-04,2025-01-05,Standard,1,12492.0
138,1028,Corporate,2025-01-04,2025-01-07,Deluxe,1,17139.0
139,1013,Leisure,2025-01-04,2025-01-05,Deluxe,1,18527.0
140,1039,Leisure,2025-01-04,2025-01-05,Suite,1,28735.0
141,1090,Corporate,2025-01-04,2025-01-06,Standard,1,13918.0
142,1014,Travel Agency,2025-01-04,2025-01-06,Family,1,24887.0
143,1007,Leisure,2025-01-04,2025-01-06,Family,1,24097.0
144,1009,Corporate,2025-01-04,2025-01-08,Standard,1,12886.0
145,1073,Leisure,2025-01-04,2025-01-05,Standard,1,13193.0
146,1072,Corporate,2025-01-04,2025-01-05,Family,1,25680.0
147,1058,Travel Agency,2025-01-04,2025-01-06,Deluxe,1,18672.0
148,1055,Leisure,2025-01-04,2025-01-05,Family,1,27733.0
149,1027,Leisure,2025-01-04,2025-01-06,Standard,1,12497.0
150,1031,Corporate,2025-01-04,2025-01-05,Deluxe,1,14832.0
151,1038,Corporate,2025-01-04,2025-01-05,Standard,1,11357.0
152,1111,Corporate,2025-01-04,2025-01-05,Standard,1,13066.0
153,1085,Event Group,2025-01-04,2025-01-07,Standard,1,12984.0
154,1029,Corporate,2025-01-04,2025-01-05,Suite,1,28693.0
155,1040,Travel Agency,2025-01-04,2025-01-08,Deluxe,1,19199.0
156,1057,Event Group,2025-01-04,2025-01-07,Deluxe,1,18785.0
157,1064,Leisure,2025-01-04,2025-01-07,Standard,1,13766.0
158,1095,Travel Agency,2025-01-04,2025-01-06,Standard,1,12230.0
159,1074,Corporate,2025-01-04,2025-01-05,Standard,1,14519.0
160,1106,Travel Agency,2025-01-04,2025-01-05,Deluxe,1,17737.0
161,1118,Travel Agency,2025-01-04,2025-01-05,Standard,1,11206.0
162,1105,Leisure,2025-01-04,2025-01-09,Standard,1,12921.0
163,1110,Leisure,2025-01-04,2025-01-05,Deluxe,1,17304.0
164,1085,Leisure,2025-01-04,2025-01-06,Standard,1,13955.0
165,1042,Leisure,2025-01-04,2025-01-07,Family,1,23611.0
166,1106,Travel Agency,2025-01-04,2025-01-07,Standard,1,12896.0
167,1047,Leisure,2025-01-04,2025-01-07,Family,1,24184.0
168,1007,Leisure,2025-01-04,2025-01-06,Deluxe,1,18892.0
169,1016,Event Group,2025-01-04,2025-01-06,Standard,1,11200.0
170,1091,Travel Agency,2025-01-04,2025-01-06,Standard,1,13244.0
171,1117,Leisure,2025-01-04,2025-01-06,Standard,1,15280.0
172,1020,Leisure,2025-01-04,2025-01-08,Standard,1,14394.0
173,1061,Leisure,2025-01-04,2025-01-07,Deluxe,1,17990.0
174,1118,Leisure,2025-01-04,2025-01-06,Standard,1,14549.0
175,1110,Corporate,2025-01-04,2025-01-07,Deluxe,1,20694.0
176,1106,Leisure,2025-01-04,2025-01-08,Standard,1,13390.0
177,1111,Travel Agency,2025-01-04,2025-01-07,Standard,1,11347.0
178,1071,Leisure,2025-01-04,2025-01-06,Standard,1,11935.0
179,1031,Event Group,2025-01-04,2025-01-06,Deluxe,1,21225.0
180,1006,Travel Agency,2025-01-04,2025-01-05,Deluxe,1,15376.0
181,1102,Travel Agency,2025-01-04,2025-01-06,Standard,1,10431.0
182,1005,Leisure,2025-01-04,2025-01-09,Suite,1,37422.0
183,1013,Leisure,2025-01-04,2025-01-09,Standard,1,14228.0
184,1020,Leisure,2025-01-05,2025-01-07,Deluxe,1,16587.0
185,1080,Corporate,2025-01-05,2025-01-08,Standard,1,13441.0
186,1049,Travel Agency,2025-01-05,2025-01-07,Deluxe,1,20148.0
187,1063,Travel Agency,2025-01-05,2025-01-07,Family,1,22092.0
188,1030,Corporate,2025-01-05,2025-01-06,Family,1,22203.0
189,1082,Corporate,2025-01-05,2025-01-07,Deluxe,1,15966.0
190,1042,Corporate,2025-01-05,2025-01-06,Deluxe,1,18291.0
191,1019,Leisure,2025-01-05,2025-01-06,Suite,1,32794.0
192,1079,Leisure,2025-01-05,2025-01-07,Standard,1,12917.0
193,1117,Corporate,2025-01-05,2025-01-07,Family,1,26436.0
194,1116,Leisure,2025-01-05,2025-01-06,Deluxe,1,16288.0
195,1021,Leisure,2025-01-05,2025-01-09,Suite,1,33160.0
196,1089,Event Group,2025-01-05,2025-01-09,Standard,1,11863.0
197,1050,Corporate,2025-01-05,2025-01-08,Standard,1,15116.0
198,1090,Leisure,2025-01-05,2025-01-06,Family,1,24228.0
199,1036,Leisure,2025-01-05,2025-01-10,Standard,1,13307.0
200,1096,Travel Agency,2025-01-05,2025-01-09,Standard,1,14843.0
201,1103,Corporate,2025-01-05,2025-01-09,Deluxe,1,17866.0
202,1097,Corporate,2025-01-05,2025-01-08,Standard,1,12932.0
203,1081,Travel Agency,2025-01-05,2025-01-08,Deluxe,1,19440.0
204,1047,Corporate,2025-01-05,2025-01-07,Standard,1,12713.0
205,1096,Corporate,2025-01-05,2025-01-06,Deluxe,1,18028.0
206,1065,Travel Agency,2025-01-05,2025-01-06,Standard,1,13339.0
207,1106,Corporate,2025-01-05,2025-01-08,Family,1,23947.0
208,1060,Corporate,2025-01-05,2025-01-10,Family,1,27809.0
209,1111,Event Group,2025-01-05,2025-01-06,Family,1,22642.0
210,1012,Leisure,2025-01-05,2025-01-08,Deluxe,1,19464.0
211,1059,Leisure,2025-01-05,2025-01-06,Suite,1,29489.0
212,1048,Corporate,2025-01-05,2025-01-08,Standard,1,11591.0
213,1114,Corporate,2025-01-05,2025-01-06,Standard,1,13632.0
214,1060,Leisure,2025-01-05,2025-01-06,Family,1,23576.0
215,1018,Leisure,2025-01-05,2025-01-06,Family,1,22999.0
216,1069,Event Group,2025-01-05,2025-01-06,Standard,1,13202.0
217,1096,Leisure,2025-01-05,2025-01-07,Standard,1,13144.0
218,1084,Leisure,2025-01-05,2025-01-07,Deluxe,1,17951.0
219,1122,Leisure,2025-01-05,2025-01-07,Standard,1,10566.0
220,1047,Corporate,2025-01-05,2025-01-08,Standard,1,11952.0
221,1083,Leisure,2025-01-05,2025-01-08,Standard,1,12903.0
222,1059,Corporate,2025-01-05,2025-01-07,Standard,1,14064.0
223,1125,Leisure,2025-01-05,2025-01-06,Standard,1,14014.0
224,1009,Corporate,2025-01-05,2025-01-08,Standard,1,13567.0
225,1105,Leisure,2025-01-05,2025-01-07,Suite,1,34562.0
226,1110,Corporate,2025-01-05,2025-01-06,Family,1,25424.0
227,1103,Leisure,2025-01-05,2025-01-10,Family,1,25211.0
228,1031,Corporate,2025-01-05,2025-01-08,Standard,1,14430.0
229,1017,Corporate,2025-01-05,2025-01-06,Deluxe,1,18642.0
230,1066,Travel Agency,2025-01-05,2025-01-07,Deluxe,1,15874.0
231,1079,Corporate,2025-01-05,2025-01-07,Deluxe,1,18780.0
232,1124,Travel Agency,2025-01-05,2025-01-08,Standard,1,11540.0
233,1055,Travel Agency,2025-01-05,2025-01-10,Standard,1,12499.0
234,1078,Corporate,2025-01-06,2025-01-07,Family,1,23137.0
235,1049,Leisure,2025-01-06,2025-01-07,Standard,1,11277.0
236,1078,Leisure,2025-01-06,2025-01-08,Family,1,23668.0
237,1071,Corporate,2025-01-06,2025-01-09,Standard,1,11481.0
238,1030,Leisure,2025-01-06,2025-01-07,Deluxe,1,15907.0
239,1041,Leisure,2025-01-06,2025-01-09,Standard,1,12538.0
240,1119,Corporate,2025-01-06,2025-01-08,Deluxe,1,17136.0
241,1048,Corporate,2025-01-06,2025-01-07,Standard,1,11129.0
242,1072,Leisure,2025-01-06,2025-01-08,Suite,1,33967.0
243,1055,Leisure,2025-01-06,2025-01-09,Deluxe,1,20856.0
244,1077,Event Group,2025-01-06,2025-01-09,Family,1,21864.0
245,1109,Leisure,2025-01-06,2025-01-07,Standard,1,13304.0
246,1098,Leisure,2025-01-06,2025-01-09,Standard,1,13609.0
247,1080,Leisure,2025-01-06,2025-01-07,Standard,1,11047.0
248,1119,Corporate,2025-01-06,2025-01-08,Deluxe,1,17460.0
249,1118,Corporate,2025-01-06,2025-01-09,Deluxe,1,18036.0
250,1073,Travel Agency,2025-01-06,2025-01-07,Standard,1,14347.0
251,1068,Travel Agency,2025-01-06,2025-01-07,Deluxe,1,19036.0
252,1048,Leisure,2025-01-06,2025-01-08,Standard,1,12572.0
253,1020,Event Group,2025-01-06,2025-01-07,Standard,1,10924.0
254,1035,Leisure,2025-01-06,2025-01-08,Standard,1,11458.0
255,1066,Leisure,2025-01-06,2025-01-08,Standard,1,12045.0
256,1087,Corporate,2025-01-06,2025-01-08,Standard,1,13012.0
257,1008,Corporate,2025-01-06,2025-01-08,Deluxe,1,19182.0
258,1018,Corporate,2025-01-06,2025-01-07,Standard,1,15520.0
259,1017,Corporate,2025-01-06,2025-01-07,Deluxe,1,16838.0
260,1107,Leisure,2025-01-06,2025-01-09,Standard,1,12668.0
261,1059,Leisure,2025-01-06,2025-01-08,Deluxe,1,18321.0
262,1074,Leisure,2025-01-06,2025-01-10,Family,1,23136.0
263,1022,Corporate,2025-01-06,2025-01-08,Standard,1,10471.0
264,1118,Travel Agency,2025-01-06,2025-01-08,Suite,1,35968.0
265,1011,Corporate,2025-01-06,2025-01-08,Standard,1,11709.0
266,1043,Leisure,2025-01-06,2025-01-07,Standard,1,13053.0
267,1100,Leisure,2025-01-06,2025-01-07,Suite,1,30540.0
268,1105,Travel Agency,2025-01-06,2025-01-09,Standard,1,12523.0
269,1098,Corporate,2025-01-06,2025-01-07,Standard,1,12920.0
270,1064,Travel Agency,2025-01-06,2025-01-07,Deluxe,1,19152.0
271,1083,Leisure,2025-01-06,2025-01-08,Standard,1,11773.0
272,1081,Travel Agency,2025-01-06,2025-01-08,Deluxe,1,15637.0
273,1076,Leisure,2025-01-06,2025-01-08,Standard,1,11426.0
274,1058,Corporate,2025-01-06,2025-01-08,Standard,1,11323.0
275,1012,Event Group,2025-01-07,2025-01-09,Standard,1,12877.0
276,1115,Leisure,2025-01-07,2025-01-09,Deluxe,1,15943.0
277,1025,Leisure,2025-01-07,2025-01-11,Standard,1,12050.0
278,1116,Corporate,2025-01-07,2025-01-09,Standard,1,13088.0
279,1083,Corporate,2025-01-07,2025-01-12,Suite,1,32656.0
280,1021,Leisure,2025-01-07,2025-01-08,Standard,1,11507.0
281,1100,Leisure,2025-01-07,2025-01-11,Standard,1,13107.0
282,1013,Travel Agency,2025-01-07,2025-01-09,Standard,1,12425.0
283,1110,Corporate,2025-01-07,2025-01-09,Deluxe,1,17966.0
284,1019,Travel Agency,2025-01-07,2025-01-11,Deluxe,1,17427.0
285,1085,Leisure,2025-01-07,2025-01-08,Family,1,27617.0
286,1102,Event Group,2025-01-07,2025-01-09,Standard,1,12290.0
287,1122,Leisure,2025-01-07,2025-01-08,Standard,1,13566.0
288,1047,Leisure,2025-01-07,2025-01-10,Deluxe,1,17461.0
289,1044,Event Group,2025-01-07,2025-01-08,Standard,1,11807.0
290,1109,Corporate,2025-01-07,2025-01-09,Family,1,25827.0
291,1095,Leisure,2025-01-07,2025-01-09,Suite,1,32985.0
292,1049,Leisure,2025-01-07,2025-01-08,Family,1,25410.0
293,1080,Leisure,2025-01-07,2025-01-08,Standard,1,12116.0
294,1031,Leisure,2025-01-07,2025-01-08,Suite,1,28922.0
295,1101,Travel Agency,2025-01-07,2025-01-09,Family,1,26915.0
296,1107,Corporate,2025-01-07,2025-01-09,Standard,1,13060.0
297,1057,Leisure,2025-01-07,2025-01-10,Standard,1,11588.0
298,1105,Leisure,2025-01-07,2025-01-08,Standard,1,10054.0
299,1007,Travel Agency,2025-01-07,2025-01-09,Standard,1,12198.0
300,1109,Leisure,2025-01-07,2025-01-11,Deluxe,1,20676.0
301,1058,Corporate,2025-01-07,2025-01-08,Standard,1,13826.0
302,1058,Leisure,2025-01-07,2025-01-08,Family,1,26654.0
303,1051,Leisure,2025-01-07,2025-01-11,Family,1,24826.0
304,1120,Event Group,2025-01-07,2025-01-08,Deluxe,1,18151.0
305,1019,Leisure,2025-01-07,2025-01-10,Standard,1,12821.0
306,1091,Travel Agency,2025-01-07,2025-01-08,Standard,1,12466.0
307,1003,Travel Agency,2025-01-07,2025-01-09,Standard,1,12128.0
308,1015,Leisure,2025-01-07,2025-01-10,Standard,1,12473.0
309,1031,Corporate,2025-01-07,2025-01-08,Suite,1,29077.0
310,1077,Leisure,2025-01-07,2025-01-10,Standard,1,14335.0
311,1092,Leisure,2025-01-07,2025-01-09,Deluxe,1,20450.0
312,1086,Leisure,2025-01-07,2025-01-09,Standard,1,12712.0
313,1123,Leisure,2025-01-07,2025-01-09,Deluxe,1,19925.0
314,1061,Event Group,2025-01-07,2025-01-09,Deluxe,1,17019.0
315,1096,Leisure,2025-01-07,2025-01-09,Standard,1,12314.0
316,1099,Leisure,2025-01-07,2025-01-10,Standard,1,12498.0
317,1046,Corporate,2025-01-07,2025-01-10,Deluxe,1,16341.0
318,1090,Corporate,2025-01-07,2025-01-10,Deluxe,1,18700.0
319,1092,Corporate,2025-01-07,2025-01-08,Standard,1,11538.0
320,1006,Corporate,2025-01-07,2025-01-09,Suite,1,33854.0
321,1105,Leisure,2025-01-07,2025-01-08,Standard,1,12833.0
322,1100,Travel Agency,2025-01-07,2025-01-08,Deluxe,1,18900.0
323,1103,Corporate,2025-01-07,2025-01-10,Standard,1,13537.0
324,1125,Leisure,2025-01-08,2025-01-12,Deluxe,1,20678.0
325,1011,Leisure,2025-01-08,2025-01-11,Standard,1,12883.0
326,1106,Leisure,2025-01-08,2025-01-09,Deluxe,1,17291.0
327,1058,Corporate,2025-01-08,2025-01-09,Standard,1,12252.0
328,1045,Leisure,2025-01-08,2025-01-10,Deluxe,1,19488.0
329,1082,Travel Agency,2025-01-08,2025-01-11,Standard,1,11838.0
330,1082,Corporate,2025-01-08,2025-01-12,Family,1,23871.0
331,1109,Travel Agency,2025-01-08,2025-01-10,Standard,1,12786.0
332,1009,Corporate,2025-01-08,2025-01-11,Deluxe,1,18713.0
333,1020,Leisure,2025-01-08,2025-01-10,Standard,1,12897.0
334,1098,Leisure,2025-01-08,2025-01-12,Deluxe,1,18282.0
335,1123,Leisure,2025-01-08,2025-01-09,Standard,1,12328.0
336,1050,Leisure,2025-01-08,2025-01-11,Standard,1,13402.0
337,1079,Travel Agency,2025-01-08,2025-01-09,Family,1,24899.0
338,1016,Leisure,2025-01-08,2025-01-12,Standard,1,11976.0
339,1104,Corporate,2025-01-08,2025-01-09,Standard,1,11857.0
340,1045,Corporate,2025-01-08,2025-01-11,Deluxe,1,13477.0
341,1091,Corporate,2025-01-08,2025-01-10,Deluxe,1,18134.0
342,1066,Travel Agency,2025-01-08,2025-01-10,Family,1,26427.0
343,1047,Travel Agency,2025-01-08,2025-01-13,Standard,1,12748.0
344,1071,Travel Agency,2025-01-08,2025-01-10,Deluxe,1,20112.0
345,1062,Corporate,2025-01-08,2025-01-12,Standard,1,11360.0
346,1010,Travel Agency,2025-01-08,2025-01-11,Deluxe,1,19796.0
347,1017,Corporate,2025-01-08,2025-01-09,Standard,1,11457.0
348,1024,Leisure,2025-01-08,2025-01-11,Family,1,25820.0
349,1067,Leisure,2025-01-08,2025-01-09,Deluxe,1,20278.0
350,1091,Leisure,2025-01-08,2025-01-09,Standard,1,11243.0
351,1026,Leisure,2025-01-08,2025-01-12,Standard,1,12563.0
352,1039,Corporate,2025-01-08,2025-01-10,Deluxe,1,18983.0
353,1022,Leisure,2025-01-08,2025-01-09,Deluxe,1,16773.0
354,1108,Leisure,2025-01-08,2025-01-11,Deluxe,1,17342.0
355,1099,Travel Agency,2025-01-08,2025-01-09,Family,1,29602.0
356,1054,Travel Agency,2025-01-08,2025-01-11,Deluxe,1,20152.0
357,1039,Travel Agency,2025-01-08,2025-01-09,Deluxe,1,16376.0
358,1039,Leisure,2025-01-08,2025-01-11,Deluxe,1,17804.0
359,1044,Leisure,2025-01-09,2025-01-11,Standard,1,13095.0
360,1125,Leisure,2025-01-09,2025-01-10,Deluxe,1,18110.0
361,1014,Leisure,2025-01-09,2025-01-12,Standard,1,10650.0
362,1038,Corporate,2025-01-09,2025-01-11,Standard,1,12656.0
363,1124,Leisure,2025-01-09,2025-01-13,Family,1,26213.0
364,1098,Leisure,2025-01-09,2025-01-10,Family,1,23752.0
365,1113,Leisure,2025-01-09,2025-01-14,Standard,1,12239.0
366,1028,Event Group,2025-01-09,2025-01-10,Standard,1,10012.0
367,1077,Corporate,2025-01-09,2025-01-10,Deluxe,1,18269.0
368,1056,Leisure,2025-01-09,2025-01-12,Family,1,21481.0
369,1052,Leisure,2025-01-09,2025-01-10,Standard,1,12202.0
370,1010,Leisure,2025-01-09,2025-01-11,Standard,1,13088.0
371,1106,Leisure,2025-01-09,2025-01-11,Standard,1,13858.0
372,1102,Corporate,2025-01-09,2025-01-12,Family,1,27301.0
373,1019,Leisure,2025-01-09,2025-01-11,Family,1,24984.0
374,1043,Leisure,2025-01-09,2025-01-11,Standard,1,13177.0
375,1115,Corporate,2025-01-09,2025-01-11,Suite,1,32593.0
376,1095,Leisure,2025-01-09,2025-01-10,Deluxe,1,20750.0
377,1066,Leisure,2025-01-09,2025-01-11,Suite,1,38912.0
378,1087,Corporate,2025-01-09,2025-01-12,Deluxe,1,18966.0
379,1116,Corporate,2025-01-09,2025-01-11,Standard,1,11762.0
380,1101,Corporate,2025-01-09,2025-01-12,Deluxe,1,14603.0
381,1007,Corporate,2025-01-09,2025-01-11,Family,1,26141.0
382,1019,Leisure,2025-01-09,2025-01-10,Deluxe,1,16338.0
383,1090,Leisure,2025-01-09,2025-01-10,Suite,1,28823.0
384,1053,Corporate,2025-01-09,2025-01-10,Standard,1,13550.0
385,1109,Leisure,2025-01-09,2025-01-11,Deluxe,1,20236.0
386,1085,Corporate,2025-01-09,2025-01-10,Deluxe,1,18746.0
387,1059,Event Group,2025-01-09,2025-01-11,Standard,1,13515.0
388,1083,Leisure,2025-01-09,2025-01-10,Family,1,25745.0
389,1123,Leisure,2025-01-09,2025-01-10,Suite,1,28124.0
390,1037,Corporate,2025-01-09,2025-01-11,Standard,1,13488.0
391,1062,Leisure,2025-01-09,2025-01-12,Deluxe,1,18190.0
392,1087,Travel Agency,2025-01-09,2025-01-13,Standard,1,12574.0
393,1045,Leisure,2025-01-09,2025-01-13,Deluxe,1,19142.0
394,1045,Leisure,2025-01-10,2025-01-11,Standard,1,12135.0
395,1035,Travel Agency,2025-01-10,2025-01-13,Family,1,26152.0
396,1079,Corporate,2025-01-10,2025-01-13,Family,1,29001.0
397,1030,Corporate,2025-01-10,2025-01-11,Deluxe,1,19271.0
398,1013,Leisure,2025-01-10,2025-01-12,Standard,1,12244.0
399,1084,Event Group,2025-01-10,2025-01-11,Deluxe,1,19255.0
400,1026,Leisure,2025-01-10,2025-01-14,Family,1,25136.0
401,1084,Corporate,2025-01-10,2025-01-11,Deluxe,1,20747.0
402,1120,Leisure,2025-01-10,2025-01-12,Deluxe,1,19315.0
403,1005,Leisure,2025-01-10,2025-01-14,Standard,1,13884.0
404,1120,Leisure,2025-01-10,2025-01-12,Family,1,21279.0
405,1078,Corporate,2025-01-10,2025-01-14,Deluxe,1,19605.0
406,1083,Corporate,2025-01-10,2025-01-15,Standard,1,12849.0
407,1025,Event Group,2025-01-10,2025-01-12,Deluxe,1,19381.0
408,1083,Leisure,2025-01-10,2025-01-11,Suite,1,29870.0
409,1097,Leisure,2025-01-10,2025-01-11,Standard,1,12982.0
410,1052,Leisure,2025-01-10,2025-01-12,Standard,1,11382.0
411,1018,Corporate,2025-01-10,2025-01-12,Suite,1,31400.0
412,1050,Corporate,2025-01-10,2025-01-14,Standard,1,12085.0
413,1002,Event Group,2025-01-10,2025-01-13,Standard,1,12130.0
414,1086,Corporate,2025-01-10,2025-01-12,Standard,1,14186.0
415,1091,Leisure,2025-01-10,2025-01-11,Standard,1,10501.0
416,1121,Leisure,2025-01-10,2025-01-13,Deluxe,1,18350.0
417,1096,Corporate,2025-01-10,2025-01-12,Standard,1,13040.0
418,1117,Leisure,2025-01-10,2025-01-12,Family,1,26169.0
419,1097,Leisure,2025-01-10,2025-01-12,Standard,1,12800.0
420,1068,Leisure,2025-01-10,2025-01-13,Deluxe,1,19488.0
421,1065,Leisure,2025-01-10,2025-01-11,Deluxe,1,20116.0
422,1110,Corporate,2025-01-10,2025-01-12,Standard,1,13132.0
423,1066,Corporate,2025-01-10,2025-01-11,Deluxe,1,17843.0
424,1054,Corporate,2025-01-10,2025-01-11,Standard,1,12429.0
425,1051,Leisure,2025-01-10,2025-01-11,Standard,1,13218.0
426,1010,Corporate,2025-01-10,2025-01-11,Standard,1,11130.0
427,1009,Corporate,2025-01-10,2025-01-11,Standard,1,15012.0
428,1024,Corporate,2025-01-10,2025-01-12,Family,1,25126.0
429,1115,Event Group,2025-01-10,2025-01-13,Deluxe,1,17465.0
430,1049,Travel Agency,2025-01-10,2025-01-14,Standard,1,11811.0
431,1016,Travel Agency,2025-01-10,2025-01-15,Standard,1,13997.0
432,1094,Leisure,2025-01-10,2025-01-12,Standard,1,14139.0
433,1093,Travel Agency,2025-01-10,2025-01-13,Family,1,27536.0
434,1032,Travel Agency,2025-01-10,2025-01-12,Deluxe,1,18179.0
435,1005,Corporate,2025-01-10,2025-01-11,Standard,1,13870.0
436,1114,Travel Agency,2025-01-10,2025-01-12,Suite,1,29102.0
437,1087,Corporate,2025-01-10,2025-01-11,Family,1,23471.0
438,1052,Travel Agency,2025-01-10,2025-01-11,Deluxe,1,17509.0
439,1038,Travel Agency,2025-01-10,2025-01-12,Standard,1,12741.0
440,1074,Leisure,2025-01-10,2025-01-14,Standard,1,12101.0
441,1085,Leisure,2025-01-10,2025-01-13,Deluxe,1,18138.0
442,1072,Corporate,2025-01-10,2025-01-12,Deluxe,1,19176.0
443,1064,Travel Agency,2025-01-10,2025-01-14,Family,1,23799.0
444,1049,Leisure,2025-01-10,2025-01-11,Standard,1,11890.0
445,1097,Leisure,2025-01-10,2025-01-11,Suite,1,33682.0
446,1110,Corporate,2025-01-10,2025-01-11,Deluxe,1,19553.0
447,1072,Travel Agency,2025-01-10,2025-01-13,Deluxe,1,14834.0
448,1058,Corporate,2025-01-11,2025-01-13,Deluxe,1,18111.0
449,1025,Leisure,2025-01-11,2025-01-12,Suite,1,33115.0
450,1103,Leisure,2025-01-11,2025-01-13,Standard,1,13031.0
451,1062,Leisure,2025-01-11,2025-01-14,Deluxe,1,18541.0
452,1025,Corporate,2025-01-11,2025-01-15,Standard,1,13237.0
453,1062,Event Group,2025-01-11,2025-01-12,Family,1,24544.0
454,1042,Leisure,2025-01-11,2025-01-14,Family,1,24108.0
455,1046,Leisure,2025-01-11,2025-01-13,Suite,1,33352.0
456,1093,Travel Agency,2025-01-11,2025-01-13,Standard,1,10868.0
457,1048,Travel Agency,2025-01-11,2025-01-14,Standard,1,13037.0
458,1071,Travel Agency,2025-01-11,2025-01-12,Standard,1,12640.0
459,1020,Leisure,2025-01-11,2025-01-13,Family,1,24935.0
460,1121,Leisure,2025-01-11,2025-01-12,Standard,1,12684.0
461,1124,Travel Agency,2025-01-11,2025-01-12,Deluxe,1,20261.0
462,1018,Leisure,2025-01-11,2025-01-14,Deluxe,1,18252.0
463,1070,Travel Agency,2025-01-11,2025-01-13,Deluxe,1,17036.0
464,1105,Leisure,2025-01-11,2025-01-16,Family,1,25722.0
465,1108,Leisure,2025-01-11,2025-01-14,Deluxe,1,17910.0
466,1008,Corporate,2025-01-11,2025-01-12,Deluxe,1,18717.0
467,1062,Leisure,2025-01-11,2025-01-14,Deluxe,1,19993.0
468,1093,Leisure,2025-01-11,2025-01-12,Deluxe,1,18171.0
469,1105,Corporate,2025-01-11,2025-01-16,Standard,1,12748.0
470,1068,Event Group,2025-01-11,2025-01-13,Deluxe,1,19816.0
471,1105,Leisure,2025-01-11,2025-01-12,Standard,1,14694.0
472,1032,Corporate,2025-01-11,2025-01-14,Standard,1,13735.0
473,1109,Leisure,2025-01-11,2025-01-12,Family,1,24732.0
474,1049,Leisure,2025-01-11,2025-01-16,Standard,1,13661.0
475,1022,Corporate,2025-01-11,2025-01-12,Deluxe,1,18697.0
476,1125,Leisure,2025-01-11,2025-01-14,Standard,1,11289.0
477,1028,Corporate,2025-01-11,2025-01-13,Standard,1,15080.0
478,1088,Leisure,2025-01-11,2025-01-14,Family,1,24692.0
479,1005,Leisure,2025-01-11,2025-01-15,Family,1,29857.0
480,1106,Corporate,2025-01-11,2025-01-15,Standard,1,12800.0
481,1021,Corporate,2025-01-11,2025-01-13,Deluxe,1,19192.0
482,1050,Travel Agency,2025-01-11,2025-01-13,Deluxe,1,17588.0
483,1093,Event Group,2025-01-11,2025-01-12,Deluxe,1,16754.0
484,1010,Leisure,2025-01-11,2025-01-14,Standard,1,13251.0
485,1004,Event Group,2025-01-12,2025-01-15,Standard,1,11260.0
486,1030,Leisure,2025-01-12,2025-01-15,Deluxe,1,19933.0
487,1011,Leisure,2025-01-12,2025-01-16,Standard,1,12014.0
488,1010,Corporate,2025-01-12,2025-01-13,Suite,1,28776.0
489,1041,Leisure,2025-01-12,2025-01-13,Standard,1,11543.0
490,1057,Event Group,2025-01-12,2025-01-13,Standard,1,11412.0
491,1072,Corporate,2025-01-12,2025-01-13,Standard,1,13073.0
492,1071,Corporate,2025-01-12,2025-01-13,Deluxe,1,19884.0
493,1050,Leisure,2025-01-12,2025-01-14,Standard,1,12019.0
494,1032,Leisure,2025-01-12,2025-01-15,Suite,1,33613.0
495,1064,Leisure,2025-01-12,2025-01-13,Deluxe,1,19201.0
496,1039,Corporate,2025-01-12,2025-01-13,Standard,1,13306.0
497,1077,Corporate,2025-01-12,2025-01-13,Deluxe,1,18444.0
498,1001,Corporate,2025-01-12,2025-01-14,Deluxe,1,20461.0
499,1043,Leisure,2025-01-12,2025-01-13,Family,1,25903.0
500,1077,Leisure,2025-01-12,2025-01-15,Standard,1,11797.0
501,1124,Event Group,2025-01-12,2025-01-13,Standard,1,12917.0
502,1082,Leisure,2025-01-12,2025-01-13,Standard,1,13487.0
503,1051,Corporate,2025-01-12,2025-01-14,Deluxe,1,16471.0
504,1070,Corporate,2025-01-12,2025-01-16,Standard,1,13959.0
505,1027,Corporate,2025-01-12,2025-01-15,Standard,1,12304.0
506,1105,Leisure,2025-01-12,2025-01-13,Standard,1,10253.0
507,1033,Leisure,2025-01-12,2025-01-15,Suite,1,33603.0
508,1010,Travel Agency,2025-01-12,2025-01-15,Deluxe,1,19359.0
509,1112,Leisure,2025-01-12,2025-01-14,Standard,1,10409.0
510,1047,Travel Agency,2025-01-12,2025-01-14,Deluxe,1,17685.0
511,1032,Leisure,2025-01-12,2025-01-15,Deluxe,1,19008.0
512,1006,Leisure,2025-01-12,2025-01-14,Deluxe,1,18037.0
513,1102,Leisure,2025-01-12,2025-01-14,Deluxe,1,19693.0
514,1066,Corporate,2025-01-12,2025-01-13,Standard,1,12462.0
515,1060,Leisure,2025-01-12,2025-01-14,Deluxe,1,18658.0
516,1045,Leisure,2025-01-12,2025-01-14,Suite,1,34653.0
517,1107,Corporate,2025-01-12,2025-01-14,Family,1,26053.0
518,1059,Corporate,2025-01-12,2025-01-13,Family,1,24889.0
519,1058,Leisure,2025-01-12,2025-01-14,Suite,1,35570.0
520,1015,Travel Agency,2025-01-12,2025-01-13,Standard,1,13582.0
521,1095,Corporate,2025-01-12,2025-01-13,Standard,1,13372.0
522,1072,Corporate,2025-01-12,2025-01-13,Standard,1,10431.0
523,1085,Travel Agency,2025-01-12,2025-01-14,Standard,1,12204.0
524,1026,Leisure,2025-01-12,2025-01-13,Standard,1,12177.0
525,1091,Corporate,2025-01-12,2025-01-14,Standard,1,12829.0
526,1112,Corporate,2025-01-12,2025-01-13,Suite,1,34230.0
527,1063,Corporate,2025-01-12,2025-01-14,Deluxe,1,20055.0
528,1079,Leisure,2025-01-12,2025-01-14,Deluxe,1,19840.0
529,1087,Leisure,2025-01-12,2025-01-13,Standard,1,12049.0
530,1011,Leisure,2025-01-12,2025-01-13,Deluxe,1,18637.0
531,1019,Leisure,2025-01-13,2025-01-14,Standard,1,11876.0
532,1082,Corporate,2025-01-13,2025-01-15,Deluxe,1,17697.0
533,1023,Event Group,2025-01-13,2025-01-17,Deluxe,1,19030.0
534,1007,Corporate,2025-01-13,2025-01-15,Deluxe,1,17764.0
535,1025,Leisure,2025-01-13,2025-01-18,Family,1,27337.0
536,1054,Leisure,2025-01-13,2025-01-18,Suite,1,28288.0
537,1073,Corporate,2025-01-13,2025-01-15,Deluxe,1,18471.0
538,1022,Corporate,2025-01-13,2025-01-16,Standard,1,12455.0
539,1064,Travel Agency,2025-01-13,2025-01-15,Suite,1,35361.0
540,1047,Corporate,2025-01-13,2025-01-14,Deluxe,1,18831.0
541,1057,Travel Agency,2025-01-13,2025-01-16,Deluxe,1,15693.0
542,1039,Corporate,2025-01-13,2025-01-18,Deluxe,1,19584.0
543,1111,Corporate,2025-01-13,2025-01-14,Family,1,22342.0
544,1104,Event Group,2025-01-13,2025-01-15,Suite,1,32504.0
545,1079,Travel Agency,2025-01-13,2025-01-16,Deluxe,1,17331.0
546,1008,Corporate,2025-01-13,2025-01-14,Deluxe,1,18670.0
547,1022,Leisure,2025-01-13,2025-01-15,Deluxe,1,19365.0
548,1116,Corporate,2025-01-13,2025-01-16,Standard,1,12433.0
549,1101,Event Group,2025-01-13,2025-01-14,Deluxe,1,21291.0
550,1017,Corporate,2025-01-13,2025-01-14,Standard,1,11773.0
551,1098,Travel Agency,2025-01-13,2025-01-16,Standard,1,11344.0
552,1049,Corporate,2025-01-13,2025-01-15,Suite,1,29761.0
553,1012,Travel Agency,2025-01-13,2025-01-15,Standard,1,11598.0
554,1063,Leisure,2025-01-13,2025-01-16,Standard,1,13449.0
555,1094,Travel Agency,2025-01-13,2025-01-14,Standard,1,11873.0
556,1102,Leisure,2025-01-13,2025-01-18,Standard,1,12009.0
557,1028,Leisure,2025-01-13,2025-01-14,Deluxe,1,15688.0
558,1110,Corporate,2025-01-13,2025-01-14,Deluxe,1,17655.0
559,1007,Leisure,2025-01-13,2025-01-14,Deluxe,1,18172.0
560,1021,Travel Agency,2025-01-13,2025-01-15,Standard,1,14968.0
561,1026,Event Group,2025-01-13,2025-01-14,Standard,1,12888.0
562,1113,Travel Agency,2025-01-13,2025-01-17,Family,1,23980.0
563,1048,Corporate,2025-01-13,2025-01-16,Standard,1,14603.0
564,1097,Corporate,2025-01-13,2025-01-15,Deluxe,1,16732.0
565,1001,Leisure,2025-01-13,2025-01-16,Standard,1,11494.0
566,1002,Leisure,2025-01-13,2025-01-14,Standard,1,11560.0
567,1055,Event Group,2025-01-13,2025-01-16,Deluxe,1,18205.0
568,1014,Corporate,2025-01-13,2025-01-15,Deluxe,1,20657.0
569,1100,Corporate,2025-01-13,2025-01-17,Standard,1,13625.0
570,1073,Leisure,2025-01-13,2025-01-17,Suite,1,31771.0
571,1093,Leisure,2025-01-13,2025-01-16,Standard,1,12308.0
572,1028,Leisure,2025-01-14,2025-01-16,Family,1,28572.0
573,1124,Travel Agency,2025-01-14,2025-01-15,Standard,1,11807.0
574,1083,Corporate,2025-01-14,2025-01-17,Standard,1,12118.0
575,1089,Leisure,2025-01-14,2025-01-16,Standard,1,11278.0
576,1027,Travel Agency,2025-01-14,2025-01-17,Standard,1,11550.0
577,1115,Travel Agency,2025-01-14,2025-01-16,Deluxe,1,18261.0
578,1031,Leisure,2025-01-14,2025-01-15,Suite,1,33028.0
579,1120,Leisure,2025-01-14,2025-01-16,Deluxe,1,22691.0
580,1054,Travel Agency,2025-01-14,2025-01-16,Standard,1,12234.0
581,1003,Travel Agency,2025-01-14,2025-01-17,Standard,1,14315.0
582,1119,Corporate,2025-01-14,2025-01-15,Deluxe,1,17687.0
583,1054,Leisure,2025-01-14,2025-01-17,Standard,1,11825.0
584,1069,Leisure,2025-01-14,2025-01-16,Standard,1,11787.0
585,1104,Corporate,2025-01-14,2025-01-15,Deluxe,1,17410.0
586,1098,Leisure,2025-01-14,2025-01-15,Standard,1,12602.0
587,1109,Corporate,2025-01-14,2025-01-17,Suite,1,30879.0
588,1015,Event Group,2025-01-14,2025-01-15,Standard,1,11097.0
589,1016,Corporate,2025-01-14,2025-01-16,Standard,1,12563.0
590,1064,Corporate,2025-01-14,2025-01-15,Standard,1,10990.0
591,1017,Travel Agency,2025-01-14,2025-01-16,Family,1,25077.0
592,1016,Leisure,2025-01-14,2025-01-18,Deluxe,1,17525.0
593,1092,Travel Agency,2025-01-14,2025-01-15,Suite,1,32071.0
594,1066,Leisure,2025-01-14,2025-01-16,Family,1,26028.0
595,1014,Leisure,2025-01-14,2025-01-16,Standard,1,12127.0
596,1095,Corporate,2025-01-14,2025-01-17,Family,1,26448.0
597,1050,Travel Agency,2025-01-14,2025-01-15,Deluxe,1,18457.0
598,1005,Event Group,2025-01-14,2025-01-15,Family,1,27585.0
599,1054,Travel Agency,2025-01-14,2025-01-18,Deluxe,1,17266.0
600,1074,Travel Agency,2025-01-14,2025-01-15,Family,1,26165.0
601,1006,Travel Agency,2025-01-14,2025-01-16,Standard,1,13435.0
602,1037,Leisure,2025-01-14,2025-01-15,Family,1,28602.0
603,1038,Corporate,2025-01-14,2025-01-15,Suite,1,29819.0
604,1060,Leisure,2025-01-14,2025-01-15,Deluxe,1,18779.0
605,1070,Event Group,2025-01-14,2025-01-19,Standard,1,12916.0
606,1053,Corporate,2025-01-14,2025-01-15,Deluxe,1,16041.0
607,1043,Leisure,2025-01-14,2025-01-16,Standard,1,12601.0
608,1094,Travel Agency,2025-01-14,2025-01-17,Standard,1,12518.0
609,1125,Event Group,2025-01-14,2025-01-15,Standard,1,10391.0
610,1118,Corporate,2025-01-14,2025-01-17,Family,1,27791.0
611,1096,Leisure,2025-01-14,2025-01-17,Standard,1,13538.0
612,1105,Corporate,2025-01-14,2025-01-15,Standard,1,11966.0
613,1038,Corporate,2025-01-14,2025-01-16,Standard,1,12370.0
614,1090,Travel Agency,2025-01-14,2025-01-15,Standard,1,12193.0
615,1018,Leisure,2025-01-14,2025-01-15,Suite,1,32835.0
616,1022,Corporate,2025-01-14,2025-01-16,Suite,1,38344.0
617,1058,Corporate,2025-01-14,2025-01-15,Standard,1,11558.0
618,1106,Corporate,2025-01-15,2025-01-16,Standard,1,13495.0
619,1110,Corporate,2025-01-15,2025-01-17,Deluxe,1,20274.0
620,1087,Corporate,2025-01-15,2025-01-16,Standard,1,11901.0
621,1122,Corporate,2025-01-15,2025-01-18,Standard,1,13606.0
622,1103,Travel Agency,2025-01-15,2025-01-17,Standard,1,12651.0
623,1100,Corporate,2025-01-15,2025-01-16,Suite,1,35068.0
624,1083,Travel Agency,2025-01-15,2025-01-16,Family,1,23316.0
625,1010,Travel Agency,2025-01-15,2025-01-17,Standard,1,13677.0
626,1116,Travel Agency,2025-01-15,2025-01-16,Standard,1,12152.0
627,1121,Corporate,2025-01-15,2025-01-18,Suite,1,32671.0
628,1004,Leisure,2025-01-15,2025-01-16,Standard,1,13092.0
629,1117,Leisure,2025-01-15,2025-01-17,Standard,1,11737.0
630,1032,Travel Agency,2025-01-15,2025-01-16,Standard,1,14023.0
631,1062,Travel Agency,2025-01-15,2025-01-17,Deluxe,1,18842.0
632,1068,Corporate,2025-01-15,2025-01-16,Standard,1,13307.0
633,1003,Leisure,2025-01-15,2025-01-20,Standard,1,14648.0
634,1117,Leisure,2025-01-15,2025-01-18,Family,1,23060.0
635,1004,Corporate,2025-01-15,2025-01-16,Deluxe,1,17932.0
636,1061,Travel Agency,2025-01-15,2025-01-16,Standard,1,12713.0
637,1125,Event Group,2025-01-15,2025-01-18,Deluxe,1,17897.0
638,1095,Corporate,2025-01-15,2025-01-16,Standard,1,10899.0
639,1109,Corporate,2025-01-15,2025-01-20,Standard,1,12274.0
640,1031,Event Group,2025-01-15,2025-01-17,Family,1,26549.0
641,1117,Leisure,2025-01-15,2025-01-18,Deluxe,1,18352.0
642,1122,Leisure,2025-01-15,2025-01-18,Deluxe,1,17658.0
643,1064,Travel Agency,2025-01-15,2025-01-20,Standard,1,12419.0
644,1003,Corporate,2025-01-15,2025-01-16,Deluxe,1,20274.0
645,1026,Travel Agency,2025-01-15,2025-01-16,Deluxe,1,19090.0
646,1008,Corporate,2025-01-15,2025-01-16,Suite,1,33878.0
647,1100,Travel Agency,2025-01-15,2025-01-17,Standard,1,10722.0
648,1085,Leisure,2025-01-15,2025-01-17,Standard,1,14069.0
649,1018,Corporate,2025-01-15,2025-01-16,Standard,1,13346.0
650,1041,Leisure,2025-01-15,2025-01-18,Family,1,23801.0
651,1119,Leisure,2025-01-15,2025-01-20,Standard,1,11752.0
652,1094,Leisure,2025-01-15,2025-01-17,Deluxe,1,18966.0
653,1122,Leisure,2025-01-15,2025-01-16,Deluxe,1,17081.0
654,1024,Travel Agency,2025-01-15,2025-01-17,Deluxe,1,18649.0
655,1029,Event Group,2025-01-15,2025-01-19,Deluxe,1,16510.0
656,1045,Leisure,2025-01-15,2025-01-16,Deluxe,1,18111.0
657,1012,Travel Agency,2025-01-15,2025-01-16,Family,1,26011.0
658,1027,Leisure,2025-01-15,2025-01-18,Suite,1,32000.0
659,1014,Corporate,2025-01-15,2025-01-16,Standard,1,12782.0
660,1053,Leisure,2025-01-15,2025-01-16,Deluxe,1,17623.0
661,1013,Leisure,2025-01-15,2025-01-17,Deluxe,1,18829.0
662,1058,Leisure,2025-01-15,2025-01-18,Suite,1,32295.0
663,1041,Corporate,2025-01-15,2025-01-18,Standard,1,11927.0
664,1010,Leisure,2025-01-15,2025-01-16,Standard,1,13107.0
665,1077,Corporate,2025-01-15,2025-01-19,Deluxe,1,17836.0
666,1078,Leisure,2025-01-15,2025-01-19,Family,1,22623.0
667,1027,Corporate,2025-01-15,2025-01-16,Family,1,26533.0
668,1085,Leisure,2025-01-15,2025-01-17,Family,1,27552.0
669,1074,Corporate,2025-01-15,2025-01-16,Standard,1,12081.0
670,1106,Corporate,2025-01-16,2025-01-17,Standard,1,12289.0
671,1038,Corporate,2025-01-16,2025-01-18,Deluxe,1,19289.0
672,1101,Corporate,2025-01-16,2025-01-18,Family,1,25499.0
673,1024,Leisure,2025-01-16,2025-01-18,Standard,1,13716.0
674,1006,Corporate,2025-01-16,2025-01-18,Standard,1,13337.0
675,1097,Corporate,2025-01-16,2025-01-18,Standard,1,12608.0
676,1104,Leisure,2025-01-16,2025-01-17,Deluxe,1,18922.0
677,1105,Leisure,2025-01-16,2025-01-21,Deluxe,1,15737.0
678,1120,Leisure,2025-01-16,2025-01-21,Deluxe,1,17467.0
679,1092,Leisure,2025-01-16,2025-01-20,Standard,1,14572.0
680,1074,Leisure,2025-01-16,2025-01-18,Standard,1,13690.0
681,1022,Corporate,2025-01-16,2025-01-18,Deluxe,1,18441.0
682,1055,Corporate,2025-01-16,2025-01-19,Family,1,24054.0
683,1077,Corporate,2025-01-16,2025-01-19,Standard,1,12902.0
684,1009,Travel Agency,2025-01-16,2025-01-20,Standard,1,12136.0
685,1118,Leisure,2025-01-16,2025-01-18,Standard,1,13411.0
686,1067,Leisure,2025-01-16,2025-01-19,Family,1,23379.0
687,1124,Corporate,2025-01-16,2025-01-17,Suite,1,29088.0
688,1013,Leisure,2025-01-16,2025-01-20,Family,1,24213.0
689,1084,Travel Agency,2025-01-16,2025-01-20,Suite,1,33652.0
690,1036,Corporate,2025-01-16,2025-01-18,Deluxe,1,17600.0
691,1113,Leisure,2025-01-16,2025-01-18,Standard,1,11822.0
692,1118,Travel Agency,2025-01-16,2025-01-17,Standard,1,13238.0
693,1108,Leisure,2025-01-16,2025-01-18,Standard,1,12887.0
694,1112,Corporate,2025-01-16,2025-01-19,Deluxe,1,17177.0
695,1094,Travel Agency,2025-01-16,2025-01-17,Standard,1,12784.0
696,1028,Corporate,2025-01-16,2025-01-18,Standard,1,11770.0
697,1008,Leisure,2025-01-16,2025-01-18,Family,1,23352.0
698,1065,Corporate,2025-01-16,2025-01-17,Deluxe,1,18253.0
699,1113,Leisure,2025-01-16,2025-01-19,Standard,1,12082.0
700,1059,Corporate,2025-01-16,2025-01-19,Suite,1,31534.0
701,1051,Corporate,2025-01-16,2025-01-18,Standard,1,11885.0
702,1048,Corporate,2025-01-16,2025-01-17,Deluxe,1,19610.0
703,1045,Event Group,2025-01-16,2025-01-18,Deluxe,1,16560.0
704,1089,Travel Agency,2025-01-16,2025-01-20,Standard,1,12854.0
705,1028,Corporate,2025-01-16,2025-01-17,Standard,1,13719.0
706,1035,Leisure,2025-01-16,2025-01-18,Family,1,22502.0
707,1061,Leisure,2025-01-17,2025-01-22,Family,1,23321.0
708,1104,Leisure,2025-01-17,2025-01-19,Family,1,26842.0
709,1036,Leisure,2025-01-17,2025-01-20,Family,1,25382.0
710,1087,Leisure,2025-01-17,2025-01-19,Standard,1,12636.0
711,1001,Leisure,2025-01-17,2025-01-19,Deluxe,1,20050.0
712,1078,Travel Agency,2025-01-17,2025-01-20,Deluxe,1,16905.0
713,1044,Leisure,2025-01-17,2025-01-20,Standard,1,13688.0
714,1115,Travel Agency,2025-01-17,2025-01-19,Family,1,25077.0
715,1031,Leisure,2025-01-17,2025-01-18,Deluxe,1,20714.0
716,1088,Travel Agency,2025-01-17,2025-01-20,Family,1,22893.0
717,1038,Leisure,2025-01-17,2025-01-18,Standard,1,11775.0
718,1074,Leisure,2025-01-17,2025-01-19,Standard,1,14199.0
719,1088,Leisure,2025-01-17,2025-01-18,Suite,1,33090.0
720,1109,Travel Agency,2025-01-17,2025-01-20,Deluxe,1,17574.0
721,1038,Leisure,2025-01-17,2025-01-20,Standard,1,11588.0
722,1024,Corporate,2025-01-17,2025-01-18,Standard,1,13265.0
723,1029,Leisure,2025-01-17,2025-01-21,Family,1,22094.0
724,1034,Corporate,2025-01-17,2025-01-20,Standard,1,12865.0
725,1007,Corporate,2025-01-17,2025-01-19,Deluxe,1,17117.0
726,1065,Event Group,2025-01-17,2025-01-19,Family,1,29129.0
727,1053,Leisure,2025-01-17,2025-01-20,Standard,1,13569.0
728,1073,Corporate,2025-01-17,2025-01-21,Standard,1,12969.0
729,1111,Corporate,2025-01-17,2025-01-22,Family,1,27276.0
730,1082,Leisure,2025-01-17,2025-01-20,Deluxe,1,17776.0
731,1100,Corporate,2025-01-17,2025-01-19,Standard,1,12187.0
732,1079,Leisure,2025-01-17,2025-01-20,Standard,1,12687.0
733,1062,Leisure,2025-01-17,2025-01-19,Standard,1,12217.0
734,1042,Corporate,2025-01-17,2025-01-18,Standard,1,12531.0
735,1001,Corporate,2025-01-17,2025-01-19,Deluxe,1,18577.0
736,1050,Leisure,2025-01-17,2025-01-18,Deluxe,1,17968.0
737,1006,Corporate,2025-01-17,2025-01-18,Deluxe,1,19041.0
738,1114,Leisure,2025-01-17,2025-01-18,Standard,1,11894.0
739,1063,Event Group,2025-01-17,2025-01-18,Deluxe,1,17639.0
740,1030,Event Group,2025-01-17,2025-01-18,Standard,1,13546.0
741,1003,Corporate,2025-01-17,2025-01-22,Standard,1,12144.0
742,1113,Leisure,2025-01-17,2025-01-18,Deluxe,1,18162.0
743,1077,Leisure,2025-01-17,2025-01-20,Deluxe,1,18071.0
744,1054,Leisure,2025-01-17,2025-01-20,Family,1,28373.0
745,1090,Corporate,2025-01-17,2025-01-18,Standard,1,12842.0
746,1085,Leisure,2025-01-18,2025-01-19,Deluxe,1,20262.0
747,1066,Leisure,2025-01-18,2025-01-20,Deluxe,1,15651.0
748,1014,Corporate,2025-01-18,2025-01-19,Deluxe,1,19938.0
749,1046,Travel Agency,2025-01-18,2025-01-20,Deluxe,1,20340.0
750,1064,Corporate,2025-01-18,2025-01-19,Deluxe,1,14949.0
751,1012,Leisure,2025-01-18,2025-01-21,Family,1,25332.0
752,1020,Leisure,2025-01-18,2025-01-21,Family,1,25623.0
753,1083,Corporate,2025-01-18,2025-01-21,Family,1,24575.0
754,1060,Corporate,2025-01-18,2025-01-23,Standard,1,10485.0
755,1087,Travel Agency,2025-01-18,2025-01-21,Standard,1,13223.0
756,1098,Corporate,2025-01-18,2025-01-21,Standard,1,11884.0
757,1115,Corporate,2025-01-18,2025-01-19,Family,1,24212.0
758,1012,Travel Agency,2025-01-18,2025-01-20,Standard,1,11929.0
759,1107,Corporate,2025-01-18,2025-01-19,Standard,1,11745.0
760,1084,Travel Agency,2025-01-18,2025-01-22,Standard,1,13305.0
761,1109,Corporate,2025-01-18,2025-01-19,Family,1,24455.0
762,1103,Leisure,2025-01-18,2025-01-20,Standard,1,9821.0
763,1111,Leisure,2025-01-18,2025-01-20,Deluxe,1,18769.0
764,1017,Event Group,2025-01-18,2025-01-21,Deluxe,1,16410.0
765,1084,Travel Agency,2025-01-18,2025-01-20,Deluxe,1,17904.0
766,1099,Leisure,2025-01-18,2025-01-21,Standard,1,12783.0
767,1067,Corporate,2025-01-18,2025-01-21,Deluxe,1,21276.0
768,1085,Corporate,2025-01-18,2025-01-21,Deluxe,1,17579.0
769,1106,Leisure,2025-01-18,2025-01-20,Deluxe,1,17873.0
770,1083,Corporate,2025-01-18,2025-01-23,Deluxe,1,17752.0
771,1097,Leisure,2025-01-18,2025-01-20,Family,1,24083.0
772,1007,Event Group,2025-01-18,2025-01-19,Deluxe,1,18423.0
773,1057,Leisure,2025-01-18,2025-01-20,Deluxe,1,18644.0
774,1058,Travel Agency,2025-01-18,2025-01-20,Suite,1,31248.0
775,1005,Travel Agency,2025-01-18,2025-01-23,Standard,1,13672.0
776,1078,Corporate,2025-01-18,2025-01-19,Deluxe,1,18567.0
777,1059,Travel Agency,2025-01-18,2025-01-20,Family,1,22572.0
778,1029,Corporate,2025-01-18,2025-01-20,Family,1,24173.0
779,1047,Travel Agency,2025-01-18,2025-01-19,Suite,1,28890.0
780,1029,Travel Agency,2025-01-18,2025-01-19,Deluxe,1,17026.0
781,1048,Leisure,2025-01-18,2025-01-20,Standard,1,13043.0
782,1018,Corporate,2025-01-18,2025-01-19,Deluxe,1,16636.0
783,1016,Leisure,2025-01-18,2025-01-21,Suite,1,32154.0
784,1101,Leisure,2025-01-18,2025-01-20,Family,1,26636.0
785,1087,Travel Agency,2025-01-18,2025-01-19,Standard,1,14023.0
786,1085,Leisure,2025-01-18,2025-01-21,Deluxe,1,19001.0
787,1071,Event Group,2025-01-18,2025-01-20,Deluxe,1,20802.0
788,1066,Leisure,2025-01-18,2025-01-21,Family,1,25390.0
789,1014,Leisure,2025-01-18,2025-01-22,Suite,1,34385.0
790,1065,Travel Agency,2025-01-18,2025-01-20,Standard,1,14300.0
791,1051,Leisure,2025-01-18,2025-01-20,Family,1,24760.0
792,1018,Leisure,2025-01-18,2025-01-23,Family,1,23870.0
793,1071,Travel Agency,2025-01-18,2025-01-20,Standard,1,10708.0
794,1081,Event Group,2025-01-18,2025-01-21,Family,1,24999.0
795,1017,Event Group,2025-01-19,2025-01-22,Deluxe,1,19389.0
796,1042,Event Group,2025-01-19,2025-01-22,Family,1,22185.0
797,1075,Leisure,2025-01-19,2025-01-22,Deluxe,1,18345.0
798,1037,Leisure,2025-01-19,2025-01-22,Deluxe,1,18362.0
799,1014,Corporate,2025-01-19,2025-01-21,Family,1,21416.0
800,1021,Leisure,2025-01-19,2025-01-20,Standard,1,13172.0
801,1008,Corporate,2025-01-19,2025-01-22,Family,1,28505.0
802,1014,Travel Agency,2025-01-19,2025-01-20,Deluxe,1,21045.0
803,1029,Leisure,2025-01-19,2025-01-22,Deluxe,1,18944.0
804,1037,Corporate,2025-01-19,2025-01-21,Deluxe,1,18964.0
805,1054,Leisure,2025-01-19,2025-01-20,Deluxe,1,15825.0
806,1033,Corporate,2025-01-19,2025-01-24,Family,1,24990.0
807,1057,Travel Agency,2025-01-19,2025-01-23,Standard,1,12597.0
808,1070,Leisure,2025-01-19,2025-01-23,Suite,1,29608.0
809,1025,Leisure,2025-01-19,2025-01-20,Deluxe,1,16424.0
810,1066,Leisure,2025-01-19,2025-01-20,Standard,1,12891.0
811,1034,Corporate,2025-01-19,2025-01-20,Standard,1,13227.0
812,1020,Corporate,2025-01-19,2025-01-21,Standard,1,11878.0
813,1100,Leisure,2025-01-19,2025-01-23,Standard,1,14042.0
814,1046,Leisure,2025-01-19,2025-01-21,Family,1,22665.0
815,1123,Leisure,2025-01-19,2025-01-22,Standard,1,12728.0
816,1012,Leisure,2025-01-19,2025-01-20,Standard,1,11565.0
817,1043,Leisure,2025-01-19,2025-01-23,Standard,1,13283.0
818,1106,Travel Agency,2025-01-19,2025-01-20,Standard,1,9298.0
819,1045,Corporate,2025-01-19,2025-01-21,Deluxe,1,17454.0
820,1088,Leisure,2025-01-19,2025-01-23,Standard,1,10799.0
821,1015,Travel Agency,2025-01-19,2025-01-21,Family,1,21773.0
822,1048,Corporate,2025-01-19,2025-01-21,Standard,1,14246.0
823,1038,Leisure,2025-01-19,2025-01-21,Deluxe,1,16954.0
824,1123,Leisure,2025-01-19,2025-01-20,Family,1,26461.0
825,1027,Leisure,2025-01-19,2025-01-21,Suite,1,31702.0
826,1069,Travel Agency,2025-01-19,2025-01-22,Deluxe,1,17787.0
827,1056,Travel Agency,2025-01-19,2025-01-23,Suite,1,32753.0
828,1043,Travel Agency,2025-01-19,2025-01-23,Deluxe,1,19328.0
829,1033,Corporate,2025-01-19,2025-01-20,Standard,1,13573.0
830,1081,Corporate,2025-01-19,2025-01-21,Deluxe,1,18321.0
831,1016,Leisure,2025-01-19,2025-01-20,Standard,1,13651.0
832,1090,Leisure,2025-01-19,2025-01-21,Deluxe,1,18473.0
833,1038,Leisure,2025-01-19,2025-01-21,Suite,1,28783.0
834,1051,Corporate,2025-01-19,2025-01-20,Suite,1,32465.0
835,1029,Corporate,2025-01-19,2025-01-20,Suite,1,29449.0
836,1019,Travel Agency,2025-01-19,2025-01-21,Standard,1,10186.0
837,1111,Event Group,2025-01-19,2025-01-23,Standard,1,11922.0
838,1016,Event Group,2025-01-19,2025-01-21,Deluxe,1,16632.0
839,1027,Leisure,2025-01-20,2025-01-22,Standard,1,12242.0
840,1053,Leisure,2025-01-20,2025-01-24,Deluxe,1,18217.0
841,1033,Corporate,2025-01-20,2025-01-24,Family,1,26430.0
842,1110,Travel Agency,2025-01-20,2025-01-21,Standard,1,13933.0
843,1010,Event Group,2025-01-20,2025-01-23,Standard,1,11262.0
844,1093,Corporate,2025-01-20,2025-01-21,Standard,1,12210.0
845,1037,Leisure,2025-01-20,2025-01-25,Deluxe,1,17889.0
846,1058,Corporate,2025-01-20,2025-01-24,Deluxe,1,17453.0
847,1104,Leisure,2025-01-20,2025-01-23,Standard,1,13403.0
848,1032,Corporate,2025-01-20,2025-01-22,Standard,1,13721.0
849,1087,Leisure,2025-01-20,2025-01-23,Suite,1,31794.0
850,1046,Leisure,2025-01-20,2025-01-24,Deluxe,1,19770.0
851,1036,Corporate,2025-01-20,2025-01-22,Suite,1,31550.0
852,1034,Leisure,2025-01-20,2025-01-21,Family,1,24637.0
853,1081,Leisure,2025-01-20,2025-01-22,Deluxe,1,20632.0
854,1076,Leisure,2025-01-20,2025-01-22,Standard,1,11415.0
855,1084,Corporate,2025-01-20,2025-01-21,Standard,1,13641.0
856,1099,Corporate,2025-01-20,2025-01-22,Suite,1,30217.0
857,1047,Corporate,2025-01-20,2025-01-24,Deluxe,1,17759.0
858,1104,Travel Agency,2025-01-20,2025-01-23,Deluxe,1,18395.0
859,1073,Travel Agency,2025-01-20,2025-01-23,Family,1,26058.0
860,1095,Event Group,2025-01-20,2025-01-23,Family,1,26220.0
861,1034,Corporate,2025-01-20,2025-01-24,Deluxe,1,18477.0
862,1117,Corporate,2025-01-20,2025-01-21,Standard,1,11917.0
863,1084,Travel Agency,2025-01-20,2025-01-22,Suite,1,32741.0
864,1107,Leisure,2025-01-20,2025-01-23,Standard,1,12454.0
865,1049,Leisure,2025-01-20,2025-01-23,Standard,1,11760.0
866,1067,Travel Agency,2025-01-20,2025-01-23,Standard,1,12230.0
867,1045,Corporate,2025-01-20,2025-01-25,Standard,1,11101.0
868,1065,Leisure,2025-01-20,2025-01-22,Deluxe,1,19914.0
869,1020,Corporate,2025-01-20,2025-01-22,Family,1,23663.0
870,1016,Leisure,2025-01-20,2025-01-22,Standard,1,12575.0
871,1062,Leisure,2025-01-20,2025-01-22,Deluxe,1,20071.0
872,1003,Travel Agency,2025-01-20,2025-01-21,Standard,1,13642.0
873,1115,Leisure,2025-01-20,2025-01-21,Standard,1,13454.0
874,1024,Corporate,2025-01-20,2025-01-21,Deluxe,1,19722.0
875,1094,Event Group,2025-01-20,2025-01-22,Deluxe,1,16439.0
876,1058,Corporate,2025-01-20,2025-01-21,Deluxe,1,16100.0
877,1019,Leisure,2025-01-20,2025-01-22,Deluxe,1,18690.0
878,1085,Corporate,2025-01-20,2025-01-23,Suite,1,34801.0
879,1009,Leisure,2025-01-20,2025-01-21,Deluxe,1,20152.0
880,1065,Corporate,2025-01-21,2025-01-23,Standard,1,13241.0
881,1023,Leisure,2025-01-21,2025-01-24,Deluxe,1,21187.0
882,1016,Corporate,2025-01-21,2025-01-23,Standard,1,12903.0
883,1070,Travel Agency,2025-01-21,2025-01-24,Standard,1,11480.0
884,1048,Travel Agency,2025-01-21,2025-01-25,Suite,1,30348.0
885,1121,Leisure,2025-01-21,2025-01-24,Family,1,23317.0
886,1098,Leisure,2025-01-21,2025-01-24,Suite,1,28609.0
887,1033,Leisure,2025-01-21,2025-01-23,Suite,1,29951.0
888,1053,Travel Agency,2025-01-21,2025-01-22,Standard,1,12220.0
889,1001,Travel Agency,2025-01-21,2025-01-22,Standard,1,14676.0
890,1041,Corporate,2025-01-21,2025-01-22,Deluxe,1,17132.0
891,1075,Leisure,2025-01-21,2025-01-22,Standard,1,11375.0
892,1088,Leisure,2025-01-21,2025-01-25,Standard,1,12110.0
893,1072,Leisure,2025-01-21,2025-01-22,Standard,1,13257.0
894,1045,Leisure,2025-01-21,2025-01-23,Deluxe,1,18370.0
895,1111,Corporate,2025-01-21,2025-01-23,Suite,1,34404.0
896,1028,Leisure,2025-01-21,2025-01-24,Deluxe,1,18126.0
897,1079,Travel Agency,2025-01-21,2025-01-24,Deluxe,1,17569.0
898,1012,Corporate,2025-01-21,2025-01-24,Deluxe,1,18548.0
899,1012,Leisure,2025-01-21,2025-01-23,Suite,1,32141.0
900,1052,Corporate,2025-01-21,2025-01-22,Standard,1,13619.0
901,1077,Leisure,2025-01-21,2025-01-23,Deluxe,1,18741.0
902,1109,Corporate,2025-01-21,2025-01-24,Standard,1,12502.0
903,1005,Corporate,2025-01-21,2025-01-24,Deluxe,1,18408.0
904,1047,Leisure,2025-01-21,2025-01-23,Suite,1,29310.0
905,1036,Corporate,2025-01-21,2025-01-22,Standard,1,11647.0
906,1095,Leisure,2025-01-21,2025-01-23,Suite,1,29533.0
907,1093,Leisure,2025-01-21,2025-01-25,Deluxe,1,17485.0
908,1078,Leisure,2025-01-21,2025-01-25,Suite,1,34218.0
909,1001,Leisure,2025-01-21,2025-01-23,Family,1,24928.0
910,1122,Corporate,2025-01-21,2025-01-23,Standard,1,13409.0
911,1069,Corporate,2025-01-21,2025-01-23,Standard,1,13021.0
912,1099,Leisure,2025-01-21,2025-01-23,Suite,1,35440.0
913,1088,Travel Agency,2025-01-21,2025-01-22,Standard,1,12374.0
914,1082,Corporate,2025-01-21,2025-01-23,Standard,1,12932.0
915,1103,Leisure,2025-01-21,2025-01-22,Suite,1,32843.0
916,1032,Leisure,2025-01-21,2025-01-26,Standard,1,14558.0
917,1044,Travel Agency,2025-01-21,2025-01-23,Standard,1,12767.0
918,1035,Leisure,2025-01-21,2025-01-25,Standard,1,11351.0
919,1025,Event Group,2025-01-21,2025-01-24,Standard,1,14357.0
920,1026,Corporate,2025-01-22,2025-01-26,Deluxe,1,18406.0
921,1011,Leisure,2025-01-22,2025-01-25,Suite,1,32435.0
922,1098,Leisure,2025-01-22,2025-01-25,Deluxe,1,17668.0
923,1115,Travel Agency,2025-01-22,2025-01-27,Family,1,24084.0
924,1063,Travel Agency,2025-01-22,2025-01-26,Family,1,26575.0
925,1017,Leisure,2025-01-22,2025-01-25,Standard,1,11300.0
926,1070,Leisure,2025-01-22,2025-01-25,Standard,1,13659.0
927,1016,Travel Agency,2025-01-22,2025-01-23,Standard,1,12831.0
928,1002,Leisure,2025-01-22,2025-01-24,Deluxe,1,16794.0
929,1024,Corporate,2025-01-22,2025-01-24,Deluxe,1,16511.0
930,1079,Leisure,2025-01-22,2025-01-23,Deluxe,1,20638.0
931,1047,Leisure,2025-01-22,2025-01-23,Standard,1,11173.0
932,1017,Corporate,2025-01-22,2025-01-23,Family,1,26946.0
933,1072,Travel Agency,2025-01-22,2025-01-25,Family,1,24634.0
934,1123,Corporate,2025-01-22,2025-01-24,Standard,1,10853.0
935,1115,Corporate,2025-01-22,2025-01-24,Deluxe,1,17703.0
936,1101,Leisure,2025-01-22,2025-01-24,Suite,1,32855.0
937,1021,Travel Agency,2025-01-22,2025-01-23,Deluxe,1,19042.0
938,1081,Leisure,2025-01-22,2025-01-25,Standard,1,12786.0
939,1104,Corporate,2025-01-22,2025-01-25,Standard,1,11824.0
940,1112,Corporate,2025-01-22,2025-01-23,Standard,1,13644.0
941,1100,Leisure,2025-01-22,2025-01-24,Deluxe,1,17323.0
942,1100,Leisure,2025-01-22,2025-01-23,Standard,1,11633.0
943,1019,Leisure,2025-01-22,2025-01-26,Deluxe,1,17927.0
944,1054,Event Group,2025-01-22,2025-01-24,Family,1,28086.0
945,1030,Travel Agency,2025-01-22,2025-01-24,Deluxe,1,19189.0
946,1078,Leisure,2025-01-22,2025-01-25,Standard,1,12911.0
947,1076,Leisure,2025-01-22,2025-01-23,Deluxe,1,19310.0
948,1110,Corporate,2025-01-22,2025-01-24,Deluxe,1,17338.0
949,1011,Leisure,2025-01-22,2025-01-25,Standard,1,14113.0
950,1120,Corporate,2025-01-22,2025-01-24,Standard,1,12075.0
951,1011,Corporate,2025-01-22,2025-01-24,Family,1,22552.0
952,1120,Corporate,2025-01-22,2025-01-24,Standard,1,13688.0
953,1017,Corporate,2025-01-22,2025-01-23,Family,1,24695.0
954,1046,Corporate,2025-01-22,2025-01-23,Deluxe,1,20418.0
955,1035,Leisure,2025-01-22,2025-01-23,Family,1,27793.0
956,1070,Event Group,2025-01-22,2025-01-23,Deluxe,1,18113.0
957,1068,Leisure,2025-01-22,2025-01-24,Standard,1,11793.0
958,1062,Travel Agency,2025-01-22,2025-01-24,Deluxe,1,16971.0
959,1039,Corporate,2025-01-23,2025-01-25,Standard,1,12199.0
960,1069,Travel Agency,2025-01-23,2025-01-25,Standard,1,13195.0
961,1062,Event Group,2025-01-23,2025-01-27,Standard,1,13279.0
962,1071,Travel Agency,2025-01-23,2025-01-26,Standard,1,11169.0
963,1051,Leisure,2025-01-23,2025-01-25,Standard,1,11616.0
964,1011,Leisure,2025-01-23,2025-01-26,Standard,1,12988.0
965,1117,Travel Agency,2025-01-23,2025-01-24,Standard,1,12021.0
966,1035,Corporate,2025-01-23,2025-01-26,Deluxe,1,17320.0
967,1038,Corporate,2025-01-23,2025-01-27,Standard,1,11648.0
968,1042,Leisure,2025-01-23,2025-01-25,Standard,1,12289.0
969,1024,Leisure,2025-01-23,2025-01-24,Standard,1,11529.0
970,1012,Corporate,2025-01-23,2025-01-24,Family,1,25059.0
971,1040,Leisure,2025-01-23,2025-01-25,Standard,1,12699.0
972,1011,Leisure,2025-01-23,2025-01-25,Suite,1,31986.0
973,1100,Corporate,2025-01-23,2025-01-28,Suite,1,31582.0
974,1049,Corporate,2025-01-23,2025-01-25,Standard,1,13259.0
975,1032,Travel Agency,2025-01-23,2025-01-24,Suite,1,31009.0
976,1095,Corporate,2025-01-23,2025-01-28,Standard,1,13324.0
977,1061,Event Group,2025-01-23,2025-01-25,Suite,1,32141.0
978,1096,Event Group,2025-01-23,2025-01-28,Standard,1,13537.0
979,1082,Corporate,2025-01-23,2025-01-25,Family,1,28043.0
980,1031,Corporate,2025-01-23,2025-01-25,Standard,1,11289.0
981,1036,Corporate,2025-01-23,2025-01-24,Deluxe,1,14969.0
982,1089,Corporate,2025-01-23,2025-01-25,Deluxe,1,20305.0
983,1012,Leisure,2025-01-23,2025-01-25,Standard,1,12390.0
984,1098,Leisure,2025-01-23,2025-01-25,Standard,1,11239.0
985,1090,Leisure,2025-01-23,2025-01-24,Deluxe,1,21706.0
986,1083,Leisure,2025-01-23,2025-01-24,Deluxe,1,17634.0
987,1025,Leisure,2025-01-23,2025-01-26,Deluxe,1,20119.0
988,1091,Leisure,2025-01-23,2025-01-25,Standard,1,12649.0
989,1025,Leisure,2025-01-23,2025-01-24,Standard,1,12937.0
990,1077,Leisure,2025-01-23,2025-01-25,Deluxe,1,15498.0
991,1020,Corporate,2025-01-23,2025-01-25,Family,1,26103.0
992,1065,Travel Agency,2025-01-24,2025-01-26,Deluxe,1,19252.0
993,1031,Corporate,2025-01-24,2025-01-25,Standard,1,13739.0
994,1105,Event Group,2025-01-24,2025-01-25,Standard,1,11279.0
995,1042,Leisure,2025-01-24,2025-01-26,Standard,1,11328.0
996,1085,Corporate,2025-01-24,2025-01-25,Standard,1,12207.0
997,1063,Corporate,2025-01-24,2025-01-27,Standard,1,13126.0
998,1050,Leisure,2025-01-24,2025-01-25,Standard,1,12165.0
999,1078,Leisure,2025-01-24,2025-01-26,Deluxe,1,18348.0
1000,1084,Event Group,2025-01-24,2025-01-25,Deluxe,1,19805.0
1001,1072,Corporate,2025-01-24,2025-01-28,Deluxe,1,18564.0
1002,1102,Travel Agency,2025-01-24,2025-01-28,Deluxe,1,17906.0
1003,1039,Corporate,2025-01-24,2025-01-27,Deluxe,1,18944.0
1004,1013,Leisure,2025-01-24,2025-01-25,Standard,1,12748.0
1005,1081,Corporate,2025-01-24,2025-01-26,Deluxe,1,17302.0
1006,1096,Leisure,2025-01-24,2025-01-26,Family,1,25049.0
1007,1114,Leisure,2025-01-24,2025-01-26,Standard,1,11203.0
1008,1065,Leisure,2025-01-24,2025-01-27,Standard,1,13034.0
1009,1041,Event Group,2025-01-24,2025-01-25,Standard,1,11767.0
1010,1053,Travel Agency,2025-01-24,2025-01-29,Deluxe,1,18881.0
1011,1028,Leisure,2025-01-24,2025-01-26,Deluxe,1,16928.0
1012,1047,Travel Agency,2025-01-24,2025-01-26,Standard,1,11830.0
1013,1077,Leisure,2025-01-24,2025-01-26,Family,1,24444.0
1014,1001,Travel Agency,2025-01-24,2025-01-25,Standard,1,9794.0
1015,1089,Travel Agency,2025-01-24,2025-01-25,Standard,1,14513.0
1016,1074,Leisure,2025-01-24,2025-01-28,Suite,1,32851.0
1017,1047,Corporate,2025-01-24,2025-01-25,Family,1,24619.0
1018,1039,Corporate,2025-01-24,2025-01-25,Family,1,26170.0
1019,1102,Travel Agency,2025-01-24,2025-01-26,Standard,1,12490.0
1020,1090,Travel Agency,2025-01-24,2025-01-26,Deluxe,1,16051.0
1021,1074,Leisure,2025-01-24,2025-01-28,Deluxe,1,17657.0
1022,1043,Event Group,2025-01-24,2025-01-27,Standard,1,14208.0
1023,1030,Leisure,2025-01-24,2025-01-27,Standard,1,14028.0
1024,1082,Event Group,2025-01-24,2025-01-27,Deluxe,1,16206.0
1025,1020,Leisure,2025-01-25,2025-01-26,Standard,1,11671.0
1026,1125,Corporate,2025-01-25,2025-01-28,Standard,1,11040.0
1027,1029,Leisure,2025-01-25,2025-01-27,Standard,1,9556.0
1028,1096,Corporate,2025-01-25,2025-01-28,Standard,1,12057.0
1029,1065,Corporate,2025-01-25,2025-01-27,Standard,1,13636.0
1030,1051,Travel Agency,2025-01-25,2025-01-28,Standard,1,11982.0
1031,1095,Leisure,2025-01-25,2025-01-26,Deluxe,1,18517.0
1032,1074,Corporate,2025-01-25,2025-01-26,Deluxe,1,16376.0
1033,1045,Leisure,2025-01-25,2025-01-28,Standard,1,13304.0
1034,1045,Leisure,2025-01-25,2025-01-26,Standard,1,12726.0
1035,1019,Leisure,2025-01-25,2025-01-30,Deluxe,1,17510.0
1036,1094,Corporate,2025-01-25,2025-01-29,Standard,1,12417.0
1037,1122,Corporate,2025-01-25,2025-01-26,Family,1,24217.0
1038,1103,Travel Agency,2025-01-25,2025-01-26,Deluxe,1,18083.0
1039,1027,Corporate,2025-01-25,2025-01-27,Standard,1,13552.0
1040,1080,Leisure,2025-01-25,2025-01-26,Deluxe,1,18404.0
1041,1003,Leisure,2025-01-25,2025-01-26,Deluxe,1,16543.0
1042,1026,Leisure,2025-01-25,2025-01-29,Standard,1,12638.0
1043,1084,Corporate,2025-01-25,2025-01-27,Suite,1,33107.0
1044,1047,Leisure,2025-01-25,2025-01-26,Family,1,22975.0
1045,1084,Travel Agency,2025-01-25,2025-01-26,Family,1,21480.0
1046,1063,Leisure,2025-01-25,2025-01-30,Standard,1,12101.0
1047,1065,Corporate,2025-01-25,2025-01-27,Family,1,21059.0
1048,1040,Leisure,2025-01-25,2025-01-27,Family,1,29733.0
1049,1045,Corporate,2025-01-25,2025-01-27,Standard,1,13215.0
1050,1036,Corporate,2025-01-25,2025-01-27,Deluxe,1,22480.0
1051,1114,Travel Agency,2025-01-25,2025-01-27,Suite,1,32020.0
1052,1044,Event Group,2025-01-25,2025-01-30,Family,1,26674.0
1053,1049,Corporate,2025-01-25,2025-01-28,Family,1,24845.0
1054,1074,Travel Agency,2025-01-25,2025-01-28,Deluxe,1,17806.0
1055,1043,Travel Agency,2025-01-25,2025-01-30,Standard,1,11681.0
1056,1026,Leisure,2025-01-25,2025-01-26,Standard,1,11309.0
1057,1068,Leisure,2025-01-25,2025-01-26,Family,1,23802.0
1058,1073,Travel Agency,2025-01-25,2025-01-27,Family,1,25672.0
1059,1122,Leisure,2025-01-25,2025-01-26,Family,1,22366.0
1060,1041,Travel Agency,2025-01-25,2025-01-26,Deluxe,1,18620.0
1061,1057,Leisure,2025-01-25,2025-01-27,Family,1,25692.0
1062,1025,Leisure,2025-01-25,2025-01-28,Deluxe,1,18338.0
1063,1079,Travel Agency,2025-01-25,2025-01-26,Standard,1,12071.0
1064,1004,Leisure,2025-01-25,2025-01-27,Deluxe,1,17523.0
1065,1065,Leisure,2025-01-25,2025-01-28,Standard,1,12233.0
1066,1061,Leisure,2025-01-25,2025-01-27,Suite,1,33228.0
1067,1098,Corporate,2025-01-25,2025-01-26,Standard,1,13567.0
1068,1026,Event Group,2025-01-25,2025-01-29,Family,1,25818.0
1069,1057,Event Group,2025-01-25,2025-01-26,Deluxe,1,20563.0
1070,1052,Corporate,2025-01-26,2025-01-28,Standard,1,11780.0
1071,1121,Travel Agency,2025-01-26,2025-01-28,Suite,1,31720.0
1072,1113,Leisure,2025-01-26,2025-01-28,Deluxe,1,16952.0
1073,1113,Corporate,2025-01-26,2025-01-27,Deluxe,1,15492.0
1074,1095,Leisure,2025-01-26,2025-01-28,Family,1,26410.0
1075,1057,Travel Agency,2025-01-26,2025-01-28,Standard,1,13289.0
1076,1060,Travel Agency,2025-01-26,2025-01-27,Standard,1,12497.0
1077,1060,Travel Agency,2025-01-26,2025-01-27,Standard,1,11843.0
1078,1015,Leisure,2025-01-26,2025-01-28,Suite,1,27019.0
1079,1042,Travel Agency,2025-01-26,2025-01-28,Standard,1,11681.0
1080,1092,Leisure,2025-01-26,2025-01-27,Standard,1,12359.0
1081,1092,Corporate,2025-01-26,2025-01-30,Family,1,23986.0
1082,1015,Corporate,2025-01-26,2025-01-29,Suite,1,35529.0
1083,1125,Corporate,2025-01-26,2025-01-28,Deluxe,1,17771.0
1084,1049,Leisure,2025-01-26,2025-01-30,Deluxe,1,16113.0
1085,1021,Leisure,2025-01-26,2025-01-27,Standard,1,14042.0
1086,1054,Leisure,2025-01-26,2025-01-27,Family,1,22383.0
1087,1116,Event Group,2025-01-26,2025-01-29,Standard,1,12496.0
1088,1033,Leisure,2025-01-26,2025-01-27,Standard,1,13270.0
1089,1064,Leisure,2025-01-26,2025-01-28,Standard,1,13139.0
1090,1053,Leisure,2025-01-26,2025-01-28,Standard,1,11354.0
1091,1081,Corporate,2025-01-26,2025-01-28,Standard,1,13253.0
1092,1019,Corporate,2025-01-26,2025-01-29,Deluxe,1,17598.0
1093,1078,Corporate,2025-01-26,2025-01-27,Standard,1,13952.0
1094,1054,Corporate,2025-01-26,2025-01-30,Standard,1,12919.0
1095,1074,Corporate,2025-01-26,2025-01-27,Family,1,23633.0
1096,1075,Leisure,2025-01-26,2025-01-27,Suite,1,28813.0
1097,1105,Travel Agency,2025-01-26,2025-01-27,Standard,1,11696.0
1098,1038,Leisure,2025-01-26,2025-01-28,Standard,1,14588.0
1099,1027,Travel Agency,2025-01-26,2025-01-27,Standard,1,12151.0
1100,1094,Corporate,2025-01-26,2025-01-28,Deluxe,1,19737.0
1101,1101,Corporate,2025-01-26,2025-01-28,Family,1,24853.0
1102,1041,Leisure,2025-01-26,2025-01-27,Family,1,22579.0
1103,1064,Leisure,2025-01-26,2025-01-28,Standard,1,13903.0
1104,1024,Leisure,2025-01-26,2025-01-28,Deluxe,1,17502.0
1105,1060,Corporate,2025-01-26,2025-01-27,Family,1,25653.0
1106,1103,Travel Agency,2025-01-26,2025-01-27,Deluxe,1,19092.0
1107,1028,Corporate,2025-01-26,2025-01-28,Deluxe,1,16838.0
1108,1102,Corporate,2025-01-26,2025-01-27,Standard,1,14135.0
1109,1043,Leisure,2025-01-26,2025-01-27,Standard,1,12703.0
1110,1004,Leisure,2025-01-26,2025-01-29,Standard,1,12155.0
1111,1061,Travel Agency,2025-01-26,2025-01-27,Suite,1,34798.0
1112,1081,Leisure,2025-01-26,2025-01-28,Suite,1,30820.0
1113,1119,Travel Agency,2025-01-26,2025-01-30,Standard,1,10845.0
1114,1093,Corporate,2025-01-26,2025-01-29,Deluxe,1,19031.0
1115,1118,Corporate,2025-01-26,2025-01-28,Deluxe,1,17232.0
1116,1036,Event Group,2025-01-26,2025-01-28,Family,1,24451.0
1117,1078,Leisure,2025-01-26,2025-01-27,Suite,1,30684.0
1118,1041,Travel Agency,2025-01-27,2025-01-29,Standard,1,12665.0
1119,1113,Corporate,2025-01-27,2025-01-28,Deluxe,1,16099.0
1120,1015,Event Group,2025-01-27,2025-01-29,Standard,1,12831.0
1121,1012,Corporate,2025-01-27,2025-01-28,Standard,1,13489.0
1122,1119,Leisure,2025-01-27,2025-01-28,Standard,1,11993.0
1123,1042,Corporate,2025-01-27,2025-01-31,Deluxe,1,18400.0
1124,1017,Travel Agency,2025-01-27,2025-01-31,Standard,1,14057.0
1125,1111,Leisure,2025-01-27,2025-01-28,Standard,1,12073.0
1126,1012,Event Group,2025-01-27,2025-01-28,Deluxe,1,17638.0
1127,1099,Corporate,2025-01-27,2025-01-31,Standard,1,11396.0
1128,1042,Leisure,2025-01-27,2025-01-28,Deluxe,1,17218.0
1129,1099,Leisure,2025-01-27,2025-01-28,Standard,1,14625.0
1130,1080,Corporate,2025-01-27,2025-01-28,Standard,1,12624.0
1131,1071,Leisure,2025-01-27,2025-01-28,Deluxe,1,18655.0
1132,1010,Leisure,2025-01-27,2025-01-28,Standard,1,12493.0
1133,1007,Leisure,2025-01-27,2025-01-31,Standard,1,13392.0
1134,1055,Leisure,2025-01-27,2025-01-29,Standard,1,12915.0
1135,1081,Travel Agency,2025-01-27,2025-01-30,Standard,1,12858.0
1136,1092,Leisure,2025-01-27,2025-01-30,Suite,1,30384.0
1137,1119,Corporate,2025-01-27,2025-01-30,Deluxe,1,20909.0
1138,1060,Corporate,2025-01-27,2025-01-29,Deluxe,1,19672.0
1139,1099,Leisure,2025-01-27,2025-01-28,Standard,1,10552.0
1140,1117,Corporate,2025-01-27,2025-01-28,Standard,1,13551.0
1141,1043,Travel Agency,2025-01-27,2025-01-28,Standard,1,11576.0
1142,1045,Leisure,2025-01-27,2025-01-31,Suite,1,35073.0
1143,1045,Corporate,2025-01-27,2025-01-30,Standard,1,12867.0
1144,1042,Corporate,2025-01-27,2025-01-28,Deluxe,1,19482.0
1145,1060,Corporate,2025-01-27,2025-01-28,Deluxe,1,16005.0
1146,1050,Leisure,2025-01-27,2025-01-29,Standard,1,10040.0
1147,1056,Leisure,2025-01-27,2025-01-28,Standard,1,11839.0
1148,1085,Travel Agency,2025-01-27,2025-01-29,Suite,1,30383.0
1149,1108,Leisure,2025-01-27,2025-01-30,Deluxe,1,18102.0
1150,1023,Leisure,2025-01-27,2025-01-29,Deluxe,1,15827.0
1151,1088,Leisure,2025-01-27,2025-01-29,Standard,1,12012.0
1152,1012,Leisure,2025-01-27,2025-01-30,Suite,1,28418.0
1153,1097,Leisure,2025-01-27,2025-01-28,Standard,1,12703.0
1154,1050,Corporate,2025-01-27,2025-01-28,Deluxe,1,19472.0
1155,1113,Corporate,2025-01-27,2025-01-29,Deluxe,1,19861.0
1156,1056,Travel Agency,2025-01-27,2025-01-29,Standard,1,11835.0
1157,1075,Event Group,2025-01-27,2025-01-31,Deluxe,1,21722.0
1158,1048,Leisure,2025-01-27,2025-02-01,Standard,1,13238.0
1159,1072,Corporate,2025-01-27,2025-02-01,Family,1,26514.0
1160,1090,Travel Agency,2025-01-27,2025-01-29,Suite,1,33454.0
1161,1028,Leisure,2025-01-28,2025-01-30,Deluxe,1,17093.0
1162,1050,Corporate,2025-01-28,2025-01-30,Deluxe,1,19276.0
1163,1017,Leisure,2025-01-28,2025-01-30,Suite,1,30948.0
1164,1093,Corporate,2025-01-28,2025-01-29,Standard,1,14645.0
1165,1104,Event Group,2025-01-28,2025-01-31,Family,1,26023.0
1166,1078,Travel Agency,2025-01-28,2025-01-30,Standard,1,13064.0
1167,1050,Leisure,2025-01-28,2025-01-30,Family,1,21969.0
1168,1074,Leisure,2025-01-28,2025-01-29,Standard,1,13510.0
1169,1074,Leisure,2025-01-28,2025-01-31,Deluxe,1,17994.0
1170,1091,Leisure,2025-01-28,2025-02-02,Standard,1,14946.0
1171,1068,Event Group,2025-01-28,2025-01-30,Standard,1,14085.0
1172,1060,Travel Agency,2025-01-28,2025-02-02,Family,1,26879.0
1173,1085,Leisure,2025-01-28,2025-01-30,Deluxe,1,18462.0
1174,1103,Leisure,2025-01-28,2025-01-29,Family,1,28155.0
1175,1059,Travel Agency,2025-01-28,2025-01-30,Deluxe,1,18188.0
1176,1054,Leisure,2025-01-28,2025-01-30,Deluxe,1,18353.0
1177,1077,Corporate,2025-01-28,2025-02-02,Standard,1,13423.0
1178,1008,Leisure,2025-01-28,2025-01-31,Deluxe,1,20371.0
1179,1095,Leisure,2025-01-28,2025-01-30,Deluxe,1,17721.0
1180,1065,Corporate,2025-01-28,2025-01-29,Deluxe,1,17383.0
1181,1033,Corporate,2025-01-28,2025-01-31,Standard,1,12044.0
1182,1076,Corporate,2025-01-28,2025-01-29,Standard,1,12110.0
1183,1031,Leisure,2025-01-28,2025-01-31,Deluxe,1,19562.0
1184,1044,Travel Agency,2025-01-28,2025-01-31,Deluxe,1,20694.0
1185,1097,Leisure,2025-01-28,2025-02-02,Family,1,26981.0
1186,1057,Corporate,2025-01-28,2025-01-31,Family,1,21826.0
1187,1034,Leisure,2025-01-28,2025-01-29,Deluxe,1,18668.0
1188,1052,Corporate,2025-01-28,2025-01-29,Deluxe,1,17988.0
1189,1088,Event Group,2025-01-28,2025-01-30,Standard,1,13302.0
1190,1112,Corporate,2025-01-28,2025-01-30,Deluxe,1,17897.0
1191,1068,Travel Agency,2025-01-28,2025-01-29,Standard,1,12000.0
1192,1082,Travel Agency,2025-01-28,2025-01-29,Deluxe,1,19266.0
1193,1035,Leisure,2025-01-28,2025-01-31,Standard,1,12184.0
1194,1051,Leisure,2025-01-28,2025-01-29,Standard,1,11991.0
1195,1067,Corporate,2025-01-28,2025-01-31,Standard,1,11832.0
1196,1071,Corporate,2025-01-28,2025-01-31,Standard,1,11119.0
1197,1088,Corporate,2025-01-28,2025-01-29,Standard,1,11602.0
1198,1025,Corporate,2025-01-28,2025-01-29,Standard,1,13304.0
1199,1028,Corporate,2025-01-28,2025-01-30,Standard,1,10870.0
1200,1016,Leisure,2025-01-28,2025-01-30,Family,1,22909.0
1201,1103,Leisure,2025-01-29,2025-02-01,Standard,1,13362.0
1202,1120,Leisure,2025-01-29,2025-02-02,Family,1,25252.0
1203,1099,Event Group,2025-01-29,2025-01-31,Standard,1,13785.0
1204,1010,Travel Agency,2025-01-29,2025-02-02,Standard,1,12382.0
1205,1008,Leisure,2025-01-29,2025-01-30,Standard,1,13189.0
1206,1026,Corporate,2025-01-29,2025-02-01,Standard,1,15206.0
1207,1019,Leisure,2025-01-29,2025-01-30,Deluxe,1,20133.0
1208,1034,Leisure,2025-01-29,2025-01-31,Deluxe,1,19648.0
1209,1033,Leisure,2025-01-29,2025-01-30,Standard,1,13326.0
1210,1005,Leisure,2025-01-29,2025-01-30,Suite,1,32138.0
1211,1116,Leisure,2025-01-29,2025-01-30,Deluxe,1,18350.0
1212,1052,Leisure,2025-01-29,2025-01-30,Standard,1,12802.0
1213,1070,Travel Agency,2025-01-29,2025-02-01,Suite,1,29288.0
1214,1069,Leisure,2025-01-29,2025-01-31,Standard,1,12746.0
1215,1052,Leisure,2025-01-29,2025-01-31,Family,1,24289.0
1216,1044,Leisure,2025-01-29,2025-02-03,Standard,1,11335.0
1217,1083,Travel Agency,2025-01-29,2025-01-31,Standard,1,14134.0
1218,1050,Event Group,2025-01-29,2025-01-31,Standard,1,12196.0
1219,1011,Leisure,2025-01-29,2025-01-31,Family,1,23856.0
1220,1076,Corporate,2025-01-29,2025-01-31,Family,1,25747.0
1221,1083,Travel Agency,2025-01-29,2025-01-31,Standard,1,12701.0
1222,1005,Travel Agency,2025-01-29,2025-01-31,Standard,1,9468.0
1223,1052,Leisure,2025-01-29,2025-01-30,Standard,1,13699.0
1224,1112,Leisure,2025-01-29,2025-02-01,Standard,1,11178.0
1225,1010,Corporate,2025-01-29,2025-02-01,Deluxe,1,18973.0
1226,1006,Leisure,2025-01-29,2025-01-30,Standard,1,10423.0
1227,1081,Corporate,2025-01-29,2025-01-31,Standard,1,13057.0
1228,1076,Travel Agency,2025-01-29,2025-01-30,Standard,1,12054.0
1229,1077,Corporate,2025-01-29,2025-02-01,Standard,1,12818.0
1230,1095,Travel Agency,2025-01-29,2025-01-30,Suite,1,27991.0
1231,1074,Event Group,2025-01-29,2025-01-30,Deluxe,1,19603.0
1232,1023,Event Group,2025-01-29,2025-01-30,Deluxe,1,18503.0
1233,1054,Corporate,2025-01-29,2025-01-30,Standard,1,12951.0
1234,1018,Corporate,2025-01-29,2025-01-31,Standard,1,12703.0
1235,1100,Leisure,2025-01-29,2025-02-01,Standard,1,13986.0
1236,1091,Corporate,2025-01-29,2025-02-02,Standard,1,14958.0
1237,1104,Leisure,2025-01-29,2025-02-02,Deluxe,1,18552.0
1238,1058,Corporate,2025-01-29,2025-01-31,Suite,1,33475.0
1239,1005,Leisure,2025-01-29,2025-02-02,Standard,1,13280.0
1240,1039,Leisure,2025-01-29,2025-02-01,Deluxe,1,20744.0
1241,1016,Corporate,2025-01-29,2025-01-30,Standard,1,13645.0
1242,1065,Leisure,2025-01-29,2025-02-03,Family,1,29173.0
1243,1036,Leisure,2025-01-29,2025-02-01,Standard,1,10389.0
1244,1064,Corporate,2025-01-29,2025-01-30,Standard,1,13888.0
1245,1083,Corporate,2025-01-29,2025-02-01,Standard,1,10797.0
1246,1059,Corporate,2025-01-29,2025-01-30,Standard,1,11071.0
1247,1023,Event Group,2025-01-29,2025-02-01,Standard,1,11225.0
1248,1057,Leisure,2025-01-29,2025-01-30,Standard,1,13319.0
1249,1087,Corporate,2025-01-29,2025-01-30,Deluxe,1,18864.0
1250,1053,Corporate,2025-01-29,2025-01-30,Family,1,25507.0
1251,1114,Corporate,2025-01-30,2025-02-01,Family,1,23009.0
1252,1023,Leisure,2025-01-30,2025-01-31,Standard,1,12861.0
1253,1026,Leisure,2025-01-30,2025-01-31,Standard,1,10788.0
1254,1036,Leisure,2025-01-30,2025-01-31,Standard,1,10616.0
1255,1114,Leisure,2025-01-30,2025-02-03,Standard,1,13091.0
1256,1122,Travel Agency,2025-01-30,2025-01-31,Standard,1,13467.0
1257,1110,Event Group,2025-01-30,2025-01-31,Deluxe,1,18784.0
1258,1061,Corporate,2025-01-30,2025-02-03,Deluxe,1,17905.0
1259,1042,Leisure,2025-01-30,2025-01-31,Suite,1,32032.0
1260,1122,Event Group,2025-01-30,2025-01-31,Standard,1,11891.0
1261,1061,Corporate,2025-01-30,2025-02-01,Standard,1,12937.0
1262,1051,Leisure,2025-01-30,2025-02-01,Deluxe,1,18348.0
1263,1072,Travel Agency,2025-01-30,2025-02-02,Standard,1,11933.0
1264,1028,Leisure,2025-01-30,2025-02-02,Deluxe,1,18721.0
1265,1040,Leisure,2025-01-30,2025-01-31,Standard,1,13624.0
1266,1075,Leisure,2025-01-30,2025-02-01,Standard,1,13274.0
1267,1102,Travel Agency,2025-01-30,2025-02-01,Standard,1,13376.0
1268,1001,Leisure,2025-01-30,2025-02-01,Family,1,23833.0
1269,1055,Travel Agency,2025-01-30,2025-01-31,Family,1,25040.0
1270,1074,Leisure,2025-01-30,2025-02-02,Deluxe,1,18729.0
1271,1008,Corporate,2025-01-30,2025-02-02,Suite,1,35279.0
1272,1007,Leisure,2025-01-30,2025-02-03,Deluxe,1,16765.0
1273,1072,Leisure,2025-01-30,2025-02-01,Standard,1,12233.0
1274,1018,Travel Agency,2025-01-30,2025-02-01,Deluxe,1,19083.0
1275,1075,Corporate,2025-01-30,2025-01-31,Family,1,20555.0
1276,1098,Travel Agency,2025-01-30,2025-02-02,Family,1,25945.0
1277,1009,Corporate,2025-01-30,2025-02-01,Standard,1,12304.0
1278,1107,Leisure,2025-01-30,2025-02-01,Standard,1,11912.0
1279,1080,Leisure,2025-01-30,2025-02-02,Standard,1,11826.0
1280,1121,Leisure,2025-01-30,2025-02-02,Standard,1,12478.0
1281,1023,Travel Agency,2025-01-30,2025-01-31,Family,1,27019.0
1282,1036,Corporate,2025-01-30,2025-02-04,Standard,1,13175.0
1283,1003,Corporate,2025-01-30,2025-01-31,Standard,1,13357.0
1284,1017,Leisure,2025-01-30,2025-02-04,Standard,1,15042.0
1285,1003,Leisure,2025-01-30,2025-02-01,Standard,1,13299.0
1286,1083,Event Group,2025-01-30,2025-01-31,Family,1,25476.0
1287,1086,Leisure,2025-01-30,2025-02-01,Standard,1,12918.0
1288,1039,Leisure,2025-01-30,2025-02-02,Deluxe,1,16747.0
1289,1048,Corporate,2025-01-30,2025-02-03,Deluxe,1,18658.0
1290,1046,Corporate,2025-01-30,2025-02-02,Family,1,23892.0
1291,1024,Leisure,2025-01-30,2025-02-04,Standard,1,13316.0
1292,1086,Leisure,2025-01-30,2025-02-02,Family,1,27422.0
1293,1057,Corporate,2025-01-30,2025-01-31,Suite,1,35565.0
1294,1005,Leisure,2025-01-30,2025-01-31,Standard,1,12598.0
1295,1069,Corporate,2025-01-30,2025-02-04,Deluxe,1,14600.0
1296,1064,Leisure,2025-01-30,2025-02-03,Standard,1,13527.0
1297,1070,Event Group,2025-01-30,2025-02-03,Deluxe,1,20571.0
1298,1061,Leisure,2025-01-30,2025-01-31,Family,1,29756.0
1299,1103,Leisure,2025-01-31,2025-02-05,Deluxe,1,16034.0
1300,1116,Leisure,2025-01-31,2025-02-04,Deluxe,1,17509.0
1301,1004,Corporate,2025-01-31,2025-02-03,Standard,1,11127.0
1302,1083,Leisure,2025-01-31,2025-02-03,Standard,1,12935.0
1303,1099,Travel Agency,2025-01-31,2025-02-02,Standard,1,12837.0
1304,1012,Leisure,2025-01-31,2025-02-01,Standard,1,11228.0
1305,1078,Leisure,2025-01-31,2025-02-02,Family,1,26315.0
1306,1110,Travel Agency,2025-01-31,2025-02-04,Deluxe,1,17865.0
1307,1045,Corporate,2025-01-31,2025-02-02,Standard,1,13089.0
1308,1057,Travel Agency,2025-01-31,2025-02-05,Standard,1,14042.0
1309,1021,Leisure,2025-01-31,2025-02-02,Deluxe,1,19642.0
1310,1076,Leisure,2025-01-31,2025-02-05,Suite,1,33324.0
1311,1112,Corporate,2025-01-31,2025-02-01,Deluxe,1,17911.0
1312,1001,Event Group,2025-01-31,2025-02-01,Deluxe,1,17197.0
1313,1072,Leisure,2025-01-31,2025-02-04,Standard,1,12120.0
1314,1038,Travel Agency,2025-01-31,2025-02-02,Standard,1,13249.0
1315,1107,Travel Agency,2025-01-31,2025-02-01,Deluxe,1,21041.0
1316,1020,Leisure,2025-01-31,2025-02-02,Deluxe,1,18815.0
1317,1061,Travel Agency,2025-01-31,2025-02-05,Standard,1,14418.0
1318,1083,Corporate,2025-01-31,2025-02-03,Standard,1,13597.0
1319,1125,Corporate,2025-01-31,2025-02-01,Standard,1,14641.0
1320,1081,Leisure,2025-01-31,2025-02-03,Standard,1,10783.0
1321,1048,Travel Agency,2025-01-31,2025-02-05,Deluxe,1,17213.0
1322,1041,Travel Agency,2025-01-31,2025-02-02,Deluxe,1,18666.0
1323,1007,Leisure,2025-01-31,2025-02-03,Standard,1,12950.0
1324,1068,Travel Agency,2025-01-31,2025-02-02,Standard,1,12133.0
1325,1081,Corporate,2025-01-31,2025-02-01,Deluxe,1,19358.0
1326,1106,Travel Agency,2025-01-31,2025-02-01,Standard,1,10673.0
1327,1090,Corporate,2025-01-31,2025-02-03,Suite,1,30782.0
1328,1067,Leisure,2025-01-31,2025-02-01,Deluxe,1,18505.0
1329,1118,Leisure,2025-01-31,2025-02-03,Standard,1,12504.0
1330,1115,Corporate,2025-01-31,2025-02-01,Family,1,25536.0
1331,1109,Event Group,2025-01-31,2025-02-03,Deluxe,1,19336.0
1332,1010,Travel Agency,2025-01-31,2025-02-02,Deluxe,1,19634.0
1333,1045,Corporate,2025-01-31,2025-02-01,Standard,1,13388.0
1334,1098,Travel Agency,2025-01-31,2025-02-02,Standard,1,13701.0
1335,1096,Corporate,2025-01-31,2025-02-01,Family,1,23555.0
1336,1017,Travel Agency,2025-01-31,2025-02-01,Suite,1,33356.0
1337,1098,Leisure,2025-01-31,2025-02-05,Standard,1,13216.0
1338,1014,Travel Agency,2025-01-31,2025-02-01,Suite,1,32235.0
1339,1061,Leisure,2025-01-31,2025-02-03,Standard,1,12352.0
1340,1101,Corporate,2025-01-31,2025-02-01,Standard,1,11810.0
1341,1026,Leisure,2025-01-31,2025-02-02,Standard,1,11176.0
1342,1122,Corporate,2025-01-31,2025-02-02,Standard,1,14018.0
1343,1100,Travel Agency,2025-01-31,2025-02-02,Deluxe,1,15507.0
1344,1002,Leisure,2025-01-31,2025-02-01,Deluxe,1,19971.0
1345,1022,Event Group,2025-01-31,2025-02-03,Deluxe,1,19528.0
1346,1065,Event Group,2025-01-31,2025-02-02,Family,1,26443.0
1347,1024,Leisure,2025-01-31,2025-02-02,Family,1,26116.0
1348,1028,Corporate,2025-01-31,2025-02-05,Standard,1,12045.0
1349,1041,Travel Agency,2025-01-31,2025-02-02,Deluxe,1,19538.0
1350,1072,Corporate,2025-01-31,2025-02-01,Standard,1,12772.0
1351,1050,Leisure,2025-01-31,2025-02-01,Deluxe,1,16108.0
1352,1071,Corporate,2025-01-31,2025-02-02,Standard,1,13734.0
1353,1110,Leisure,2025-01-31,2025-02-05,Standard,1,12487.0
1354,1087,Leisure,2025-01-31,2025-02-03,Standard,1,12376.0
1355,1019,Leisure,2025-02-01,2025-02-02,Deluxe,1,18063.0
1356,1095,Event Group,2025-02-01,2025-02-04,Standard,1,12292.0
1357,1077,Corporate,2025-02-01,2025-02-06,Family,1,27118.0
1358,1055,Corporate,2025-02-01,2025-02-03,Suite,1,31837.0
1359,1102,Leisure,2025-02-01,2025-02-02,Deluxe,1,17377.0
1360,1086,Leisure,2025-02-01,2025-02-05,Suite,1,31187.0
1361,1014,Leisure,2025-02-01,2025-02-03,Deluxe,1,17946.0
1362,1121,Corporate,2025-02-01,2025-02-03,Standard,1,14351.0
1363,1125,Corporate,2025-02-01,2025-02-02,Standard,1,14036.0
1364,1039,Leisure,2025-02-01,2025-02-03,Standard,1,13283.0
1365,1102,Corporate,2025-02-01,2025-02-02,Deluxe,1,18425.0
1366,1065,Leisure,2025-02-01,2025-02-02,Standard,1,10921.0
1367,1005,Travel Agency,2025-02-01,2025-02-02,Standard,1,10258.0
1368,1058,Corporate,2025-02-01,2025-02-05,Family,1,23857.0
1369,1111,Leisure,2025-02-01,2025-02-03,Standard,1,13913.0
1370,1056,Corporate,2025-02-01,2025-02-05,Suite,1,32874.0
1371,1085,Leisure,2025-02-01,2025-02-04,Standard,1,13823.0
1372,1072,Leisure,2025-02-01,2025-02-03,Deluxe,1,19800.0
1373,1079,Leisure,2025-02-01,2025-02-03,Family,1,19921.0
1374,1008,Corporate,2025-02-01,2025-02-04,Deluxe,1,18531.0
1375,1004,Travel Agency,2025-02-01,2025-02-02,Standard,1,11680.0
1376,1055,Leisure,2025-02-01,2025-02-03,Deluxe,1,20370.0
1377,1083,Leisure,2025-02-01,2025-02-03,Standard,1,12246.0
1378,1112,Leisure,2025-02-01,2025-02-02,Standard,1,12002.0
1379,1111,Corporate,2025-02-01,2025-02-02,Standard,1,12132.0
1380,1003,Leisure,2025-02-01,2025-02-03,Standard,1,13649.0
1381,1074,Event Group,2025-02-01,2025-02-03,Deluxe,1,17347.0
1382,1027,Leisure,2025-02-01,2025-02-03,Standard,1,13350.0
1383,1047,Travel Agency,2025-02-01,2025-02-03,Standard,1,11904.0
1384,1125,Leisure,2025-02-01,2025-02-02,Family,1,27665.0
1385,1074,Leisure,2025-02-01,2025-02-04,Suite,1,32013.0
1386,1012,Travel Agency,2025-02-01,2025-02-02,Standard,1,12957.0
1387,1068,Leisure,2025-02-01,2025-02-03,Deluxe,1,18122.0
1388,1084,Travel Agency,2025-02-01,2025-02-02,Standard,1,13944.0
1389,1054,Corporate,2025-02-01,2025-02-03,Suite,1,31044.0
1390,1098,Leisure,2025-02-01,2025-02-03,Standard,1,11899.0
1391,1064,Leisure,2025-02-01,2025-02-05,Deluxe,1,17459.0
1392,1060,Travel Agency,2025-02-01,2025-02-06,Standard,1,12584.0
1393,1120,Travel Agency,2025-02-01,2025-02-03,Standard,1,13977.0
1394,1047,Leisure,2025-02-01,2025-02-03,Deluxe,1,15839.0
1395,1053,Travel Agency,2025-02-02,2025-02-05,Deluxe,1,18655.0
1396,1106,Corporate,2025-02-02,2025-02-05,Standard,1,12950.0
1397,1031,Leisure,2025-02-02,2025-02-03,Standard,1,13650.0
1398,1060,Corporate,2025-02-02,2025-02-03,Standard,1,12703.0
1399,1116,Leisure,2025-02-02,2025-02-07,Deluxe,1,21157.0
1400,1085,Corporate,2025-02-02,2025-02-03,Standard,1,12554.0
1401,1093,Corporate,2025-02-02,2025-02-04,Deluxe,1,21052.0
1402,1111,Travel Agency,2025-02-02,2025-02-03,Deluxe,1,20126.0
1403,1086,Travel Agency,2025-02-02,2025-02-07,Standard,1,13341.0
1404,1015,Event Group,2025-02-02,2025-02-03,Deluxe,1,18269.0
1405,1086,Corporate,2025-02-02,2025-02-04,Deluxe,1,17600.0
1406,1031,Event Group,2025-02-02,2025-02-06,Suite,1,32139.0
1407,1107,Corporate,2025-02-02,2025-02-05,Deluxe,1,21459.0
1408,1019,Travel Agency,2025-02-02,2025-02-04,Deluxe,1,18536.0
1409,1053,Corporate,2025-02-02,2025-02-03,Standard,1,13707.0
1410,1041,Leisure,2025-02-02,2025-02-04,Standard,1,10909.0
1411,1036,Corporate,2025-02-02,2025-02-04,Deluxe,1,20942.0
1412,1003,Leisure,2025-02-02,2025-02-06,Family,1,24496.0
1413,1095,Corporate,2025-02-02,2025-02-06,Deluxe,1,15731.0
1414,1071,Leisure,2025-02-02,2025-02-06,Deluxe,1,18663.0
1415,1116,Leisure,2025-02-02,2025-02-04,Standard,1,11923.0
1416,1117,Travel Agency,2025-02-02,2025-02-03,Suite,1,33799.0
1417,1039,Travel Agency,2025-02-02,2025-02-06,Family,1,23735.0
1418,1118,Corporate,2025-02-02,2025-02-05,Standard,1,13174.0
1419,1083,Travel Agency,2025-02-02,2025-02-03,Standard,1,14712.0
1420,1061,Travel Agency,2025-02-02,2025-02-03,Standard,1,13717.0
1421,1055,Leisure,2025-02-02,2025-02-06,Deluxe,1,15266.0
1422,1046,Travel Agency,2025-02-02,2025-02-05,Family,1,24535.0
1423,1042,Leisure,2025-02-02,2025-02-05,Standard,1,11510.0
1424,1102,Corporate,2025-02-02,2025-02-03,Standard,1,11751.0
1425,1040,Corporate,2025-02-02,2025-02-03,Deluxe,1,16787.0
1426,1107,Corporate,2025-02-02,2025-02-03,Standard,1,9988.0
1427,1053,Leisure,2025-02-02,2025-02-03,Deluxe,1,18000.0
1428,1088,Leisure,2025-02-02,2025-02-03,Suite,1,32014.0
1429,1011,Corporate,2025-02-02,2025-02-03,Deluxe,1,17261.0
1430,1029,Travel Agency,2025-02-02,2025-02-03,Standard,1,14627.0
1431,1079,Leisure,2025-02-02,2025-02-03,Standard,1,11935.0
1432,1022,Event Group,2025-02-02,2025-02-06,Deluxe,1,19131.0
1433,1020,Leisure,2025-02-02,2025-02-04,Standard,1,14141.0
1434,1056,Leisure,2025-02-03,2025-02-04,Family,1,26329.0
1435,1027,Travel Agency,2025-02-03,2025-02-07,Suite,1,30364.0
1436,1037,Travel Agency,2025-02-03,2025-02-07,Standard,1,12677.0
1437,1106,Leisure,2025-02-03,2025-02-05,Deluxe,1,18676.0
1438,1053,Leisure,2025-02-03,2025-02-06,Standard,1,13329.0
1439,1032,Event Group,2025-02-03,2025-02-04,Suite,1,32457.0
1440,1002,Leisure,2025-02-03,2025-02-06,Standard,1,13754.0
1441,1050,Event Group,2025-02-03,2025-02-07,Standard,1,12091.0
1442,1013,Corporate,2025-02-03,2025-02-06,Deluxe,1,19010.0
1443,1078,Event Group,2025-02-03,2025-02-04,Deluxe,1,17046.0
1444,1096,Leisure,2025-02-03,2025-02-08,Family,1,25644.0
1445,1086,Leisure,2025-02-03,2025-02-04,Suite,1,26998.0
1446,1075,Leisure,2025-02-03,2025-02-08,Standard,1,14547.0
1447,1012,Leisure,2025-02-03,2025-02-04,Standard,1,12046.0
1448,1015,Corporate,2025-02-03,2025-02-05,Standard,1,13613.0
1449,1047,Leisure,2025-02-03,2025-02-08,Standard,1,13461.0
1450,1079,Travel Agency,2025-02-03,2025-02-04,Family,1,25026.0
1451,1095,Leisure,2025-02-03,2025-02-07,Suite,1,30777.0
1452,1110,Corporate,2025-02-03,2025-02-06,Family,1,25777.0
1453,1024,Leisure,2025-02-03,2025-02-05,Family,1,25554.0
1454,1056,Leisure,2025-02-03,2025-02-04,Standard,1,12964.0
1455,1072,Leisure,2025-02-03,2025-02-07,Standard,1,9819.0
1456,1111,Travel Agency,2025-02-03,2025-02-05,Deluxe,1,19985.0
1457,1096,Corporate,2025-02-03,2025-02-04,Standard,1,12241.0
1458,1075,Travel Agency,2025-02-03,2025-02-04,Deluxe,1,21130.0
1459,1118,Corporate,2025-02-03,2025-02-08,Standard,1,12717.0
1460,1114,Leisure,2025-02-03,2025-02-06,Standard,1,12015.0
1461,1119,Event Group,2025-02-03,2025-02-04,Standard,1,13355.0
1462,1011,Corporate,2025-02-03,2025-02-06,Family,1,26658.0
1463,1085,Leisure,2025-02-03,2025-02-06,Standard,1,12095.0
1464,1122,Leisure,2025-02-03,2025-02-08,Standard,1,12071.0
1465,1017,Event Group,2025-02-03,2025-02-07,Standard,1,14157.0
1466,1042,Leisure,2025-02-03,2025-02-04,Standard,1,11652.0
1467,1033,Leisure,2025-02-03,2025-02-06,Suite,1,31291.0
1468,1012,Travel Agency,2025-02-03,2025-02-08,Standard,1,12383.0
1469,1123,Leisure,2025-02-03,2025-02-04,Standard,1,11455.0
1470,1056,Leisure,2025-02-03,2025-02-04,Deluxe,1,19623.0
1471,1013,Travel Agency,2025-02-03,2025-02-07,Deluxe,1,17295.0
1472,1114,Leisure,2025-02-03,2025-02-05,Suite,1,30729.0
1473,1048,Leisure,2025-02-03,2025-02-04,Standard,1,13545.0
1474,1006,Leisure,2025-02-03,2025-02-05,Deluxe,1,19228.0
1475,1120,Leisure,2025-02-03,2025-02-08,Deluxe,1,17004.0
1476,1038,Leisure,2025-02-03,2025-02-05,Deluxe,1,16537.0
1477,1088,Travel Agency,2025-02-03,2025-02-04,Standard,1,11743.0
1478,1038,Leisure,2025-02-03,2025-02-06,Family,1,30839.0
1479,1053,Travel Agency,2025-02-03,2025-02-05,Deluxe,1,16646.0
1480,1033,Leisure,2025-02-03,2025-02-06,Standard,1,12548.0
1481,1060,Travel Agency,2025-02-03,2025-02-05,Standard,1,14304.0
1482,1039,Leisure,2025-02-04,2025-02-05,Standard,1,14444.0
1483,1058,Travel Agency,2025-02-04,2025-02-07,Standard,1,13685.0
1484,1024,Event Group,2025-02-04,2025-02-05,Deluxe,1,19055.0
1485,1087,Corporate,2025-02-04,2025-02-09,Standard,1,12179.0
1486,1062,Corporate,2025-02-04,2025-02-06,Standard,1,13112.0
1487,1096,Leisure,2025-02-04,2025-02-06,Standard,1,13066.0
1488,1087,Leisure,2025-02-04,2025-02-06,Deluxe,1,19774.0
1489,1012,Travel Agency,2025-02-04,2025-02-07,Family,1,24988.0
1490,1110,Corporate,2025-02-04,2025-02-05,Standard,1,15323.0
1491,1031,Corporate,2025-02-04,2025-02-06,Standard,1,12918.0
1492,1060,Travel Agency,2025-02-04,2025-02-06,Standard,1,12961.0
1493,1116,Corporate,2025-02-04,2025-02-06,Standard,1,13448.0
1494,1075,Event Group,2025-02-04,2025-02-07,Standard,1,10676.0
1495,1051,Travel Agency,2025-02-04,2025-02-05,Standard,1,13007.0
1496,1109,Leisure,2025-02-04,2025-02-05,Standard,1,12002.0
1497,1038,Leisure,2025-02-04,2025-02-06,Deluxe,1,14406.0
1498,1116,Leisure,2025-02-04,2025-02-06,Standard,1,12274.0
1499,1068,Leisure,2025-02-04,2025-02-06,Suite,1,26249.0
1500,1114,Leisure,2025-02-04,2025-02-06,Standard,1,12486.0
1501,1045,Event Group,2025-02-04,2025-02-06,Standard,1,14104.0
1502,1057,Corporate,2025-02-04,2025-02-06,Standard,1,12480.0
1503,1044,Travel Agency,2025-02-04,2025-02-05,Standard,1,11524.0
1504,1093,Leisure,2025-02-04,2025-02-08,Family,1,21188.0
1505,1087,Travel Agency,2025-02-04,2025-02-09,Deluxe,1,19000.0
1506,1027,Leisure,2025-02-04,2025-02-06,Deluxe,1,19261.0
1507,1017,Leisure,2025-02-04,2025-02-07,Standard,1,12541.0
1508,1064,Leisure,2025-02-04,2025-02-05,Standard,1,13304.0
1509,1003,Corporate,2025-02-04,2025-02-05,Standard,1,10317.0
1510,1065,Leisure,2025-02-04,2025-02-05,Standard,1,13563.0
1511,1080,Leisure,2025-02-04,2025-02-05,Standard,1,14435.0
1512,1099,Leisure,2025-02-04,2025-02-06,Standard,1,14423.0
1513,1020,Corporate,2025-02-04,2025-02-08,Standard,1,12579.0
1514,1122,Leisure,2025-02-04,2025-02-08,Family,1,25817.0
1515,1015,Travel Agency,2025-02-04,2025-02-06,Standard,1,12848.0
1516,1072,Leisure,2025-02-04,2025-02-07,Family,1,25891.0
1517,1112,Leisure,2025-02-04,2025-02-05,Standard,1,12286.0
1518,1064,Leisure,2025-02-04,2025-02-06,Standard,1,12204.0
1519,1043,Leisure,2025-02-04,2025-02-05,Deluxe,1,15992.0
1520,1001,Corporate,2025-02-04,2025-02-05,Suite,1,36531.0
1521,1065,Leisure,2025-02-04,2025-02-07,Standard,1,12321.0
1522,1032,Leisure,2025-02-04,2025-02-05,Standard,1,11423.0
1523,1030,Leisure,2025-02-04,2025-02-07,Standard,1,13376.0
1524,1067,Travel Agency,2025-02-04,2025-02-06,Standard,1,14649.0
1525,1019,Corporate,2025-02-04,2025-02-06,Suite,1,28409.0
1526,1052,Leisure,2025-02-04,2025-02-07,Suite,1,34321.0
1527,1083,Corporate,2025-02-05,2025-02-06,Family,1,25472.0
1528,1092,Event Group,2025-02-05,2025-02-07,Standard,1,11166.0
1529,1090,Event Group,2025-02-05,2025-02-09,Suite,1,27509.0
1530,1117,Travel Agency,2025-02-05,2025-02-06,Deluxe,1,19889.0
1531,1052,Travel Agency,2025-02-05,2025-02-08,Standard,1,12211.0
1532,1101,Leisure,2025-02-05,2025-02-06,Standard,1,12285.0
1533,1100,Leisure,2025-02-05,2025-02-07,Deluxe,1,19207.0
1534,1043,Corporate,2025-02-05,2025-02-06,Standard,1,11295.0
1535,1028,Travel Agency,2025-02-05,2025-02-08,Standard,1,11398.0
1536,1097,Leisure,2025-02-05,2025-02-07,Standard,1,12488.0
1537,1107,Travel Agency,2025-02-05,2025-02-06,Deluxe,1,17297.0
1538,1015,Event Group,2025-02-05,2025-02-08,Suite,1,31705.0
1539,1097,Corporate,2025-02-05,2025-02-08,Deluxe,1,17644.0
1540,1095,Corporate,2025-02-05,2025-02-06,Deluxe,1,18364.0
1541,1092,Corporate,2025-02-05,2025-02-06,Standard,1,12614.0
1542,1077,Leisure,2025-02-05,2025-02-07,Family,1,22629.0
1543,1018,Leisure,2025-02-05,2025-02-06,Standard,1,13175.0
1544,1042,Corporate,2025-02-05,2025-02-07,Deluxe,1,16639.0
1545,1055,Travel Agency,2025-02-05,2025-02-06,Deluxe,1,17605.0
1546,1114,Corporate,2025-02-05,2025-02-06,Suite,1,32611.0
1547,1072,Corporate,2025-02-05,2025-02-06,Standard,1,12194.0
1548,1064,Corporate,2025-02-05,2025-02-07,Deluxe,1,17061.0
1549,1054,Leisure,2025-02-05,2025-02-10,Deluxe,1,20661.0
1550,1092,Corporate,2025-02-05,2025-02-06,Suite,1,30854.0
1551,1059,Leisure,2025-02-05,2025-02-10,Standard,1,11118.0
1552,1048,Event Group,2025-02-05,2025-02-08,Standard,1,12366.0
1553,1038,Travel Agency,2025-02-05,2025-02-06,Family,1,26795.0
1554,1048,Leisure,2025-02-05,2025-02-06,Standard,1,13271.0
1555,1007,Travel Agency,2025-02-05,2025-02-07,Standard,1,13497.0
1556,1024,Corporate,2025-02-05,2025-02-06,Family,1,27404.0
1557,1054,Corporate,2025-02-05,2025-02-07,Suite,1,29175.0
1558,1044,Leisure,2025-02-05,2025-02-06,Deluxe,1,20822.0
1559,1065,Leisure,2025-02-05,2025-02-07,Suite,1,28763.0
1560,1020,Leisure,2025-02-05,2025-02-08,Deluxe,1,16863.0
1561,1030,Travel Agency,2025-02-05,2025-02-06,Family,1,24237.0
1562,1086,Corporate,2025-02-05,2025-02-06,Family,1,23515.0
1563,1074,Leisure,2025-02-05,2025-02-08,Family,1,27412.0
1564,1083,Corporate,2025-02-05,2025-02-08,Deluxe,1,16679.0
1565,1007,Corporate,2025-02-05,2025-02-07,Standard,1,11675.0
1566,1065,Travel Agency,2025-02-05,2025-02-07,Family,1,23499.0
1567,1101,Event Group,2025-02-05,2025-02-06,Family,1,25469.0
1568,1075,Travel Agency,2025-02-05,2025-02-08,Standard,1,12829.0
1569,1111,Leisure,2025-02-05,2025-02-08,Standard,1,12400.0
1570,1004,Corporate,2025-02-05,2025-02-06,Family,1,25655.0
1571,1022,Corporate,2025-02-05,2025-02-06,Family,1,25996.0
1572,1020,Travel Agency,2025-02-05,2025-02-06,Standard,1,12955.0
1573,1004,Leisure,2025-02-06,2025-02-08,Standard,1,13620.0
1574,1034,Corporate,2025-02-06,2025-02-07,Deluxe,1,20346.0
1575,1026,Corporate,2025-02-06,2025-02-09,Standard,1,14319.0
1576,1122,Corporate,2025-02-06,2025-02-08,Standard,1,11453.0
1577,1053,Leisure,2025-02-06,2025-02-07,Standard,1,12585.0
1578,1071,Leisure,2025-02-06,2025-02-07,Standard,1,12818.0
1579,1072,Corporate,2025-02-06,2025-02-09,Family,1,25098.0
1580,1065,Leisure,2025-02-06,2025-02-07,Deluxe,1,15714.0
1581,1022,Leisure,2025-02-06,2025-02-11,Standard,1,13302.0
1582,1001,Leisure,2025-02-06,2025-02-08,Suite,1,34599.0
1583,1084,Leisure,2025-02-06,2025-02-11,Suite,1,30709.0
1584,1108,Event Group,2025-02-06,2025-02-07,Family,1,22585.0
1585,1028,Travel Agency,2025-02-06,2025-02-11,Deluxe,1,18622.0
1586,1039,Corporate,2025-02-06,2025-02-08,Deluxe,1,18271.0
1587,1093,Travel Agency,2025-02-06,2025-02-09,Standard,1,11351.0
1588,1041,Leisure,2025-02-06,2025-02-07,Deluxe,1,15557.0
1589,1097,Leisure,2025-02-06,2025-02-10,Family,1,22048.0
1590,1123,Leisure,2025-02-06,2025-02-07,Deluxe,1,17960.0
1591,1083,Leisure,2025-02-06,2025-02-07,Deluxe,1,19312.0
1592,1072,Corporate,2025-02-06,2025-02-08,Family,1,26547.0
1593,1069,Travel Agency,2025-02-06,2025-02-09,Family,1,25375.0
1594,1105,Leisure,2025-02-06,2025-02-10,Standard,1,10575.0
1595,1105,Leisure,2025-02-06,2025-02-09,Deluxe,1,17652.0
1596,1002,Leisure,2025-02-06,2025-02-08,Standard,1,13633.0
1597,1002,Corporate,2025-02-06,2025-02-08,Standard,1,11083.0
1598,1012,Corporate,2025-02-06,2025-02-07,Standard,1,13489.0
1599,1029,Travel Agency,2025-02-06,2025-02-08,Suite,1,31051.0
1600,1091,Leisure,2025-02-06,2025-02-08,Standard,1,12229.0
1601,1082,Event Group,2025-02-06,2025-02-07,Deluxe,1,21531.0
1602,1085,Leisure,2025-02-06,2025-02-10,Standard,1,11369.0
1603,1023,Leisure,2025-02-06,2025-02-09,Deluxe,1,18470.0
1604,1030,Corporate,2025-02-06,2025-02-07,Standard,1,12571.0
1605,1109,Corporate,2025-02-06,2025-02-09,Family,1,27924.0
1606,1072,Leisure,2025-02-06,2025-02-11,Deluxe,1,17300.0
1607,1087,Leisure,2025-02-06,2025-02-07,Family,1,24982.0
1608,1036,Event Group,2025-02-06,2025-02-07,Family,1,19282.0
1609,1067,Leisure,2025-02-06,2025-02-08,Standard,1,14007.0
1610,1058,Corporate,2025-02-06,2025-02-10,Deluxe,1,18132.0
1611,1113,Leisure,2025-02-06,2025-02-08,Standard,1,13690.0
1612,1010,Leisure,2025-02-06,2025-02-07,Deluxe,1,19931.0
1613,1009,Leisure,2025-02-06,2025-02-07,Family,1,25008.0
1614,1081,Leisure,2025-02-07,2025-02-10,Standard,1,12325.0
1615,1107,Corporate,2025-02-07,2025-02-10,Family,1,20258.0
1616,1121,Travel Agency,2025-02-07,2025-02-08,Standard,1,13072.0
1617,1016,Leisure,2025-02-07,2025-02-09,Standard,1,13558.0
1618,1041,Corporate,2025-02-07,2025-02-08,Standard,1,13272.0
1619,1008,Travel Agency,2025-02-07,2025-02-10,Family,1,28672.0
1620,1087,Corporate,2025-02-07,2025-02-09,Standard,1,13342.0
1621,1053,Travel Agency,2025-02-07,2025-02-08,Standard,1,11507.0
1622,1002,Leisure,2025-02-07,2025-02-09,Standard,1,13462.0
1623,1084,Leisure,2025-02-07,2025-02-09,Standard,1,12310.0
1624,1043,Leisure,2025-02-07,2025-02-10,Family,1,24659.0
1625,1108,Corporate,2025-02-07,2025-02-08,Deluxe,1,17949.0
1626,1033,Leisure,2025-02-07,2025-02-09,Standard,1,11329.0
1627,1006,Leisure,2025-02-07,2025-02-09,Standard,1,12866.0
1628,1123,Leisure,2025-02-07,2025-02-08,Standard,1,13157.0
1629,1061,Leisure,2025-02-07,2025-02-09,Deluxe,1,17602.0
1630,1002,Leisure,2025-02-07,2025-02-08,Standard,1,12505.0
1631,1072,Corporate,2025-02-07,2025-02-10,Deluxe,1,18616.0
1632,1026,Corporate,2025-02-07,2025-02-09,Family,1,29032.0
1633,1089,Corporate,2025-02-07,2025-02-08,Deluxe,1,19022.0
1634,1075,Leisure,2025-02-07,2025-02-09,Family,1,27435.0
1635,1113,Corporate,2025-02-07,2025-02-08,Deluxe,1,18072.0
1636,1001,Corporate,2025-02-07,2025-02-08,Suite,1,33267.0
1637,1099,Leisure,2025-02-07,2025-02-10,Deluxe,1,18787.0
1638,1027,Travel Agency,2025-02-07,2025-02-08,Family,1,27555.0
1639,1072,Corporate,2025-02-07,2025-02-10,Standard,1,13601.0
1640,1075,Corporate,2025-02-07,2025-02-08,Standard,1,12709.0
1641,1029,Event Group,2025-02-07,2025-02-09,Family,1,25820.0
1642,1071,Leisure,2025-02-07,2025-02-10,Family,1,26871.0
1643,1107,Corporate,2025-02-07,2025-02-08,Standard,1,12615.0
1644,1015,Travel Agency,2025-02-07,2025-02-09,Deluxe,1,19078.0
1645,1022,Leisure,2025-02-07,2025-02-08,Standard,1,11983.0
1646,1113,Event Group,2025-02-07,2025-02-12,Family,1,26727.0
1647,1025,Corporate,2025-02-07,2025-02-10,Standard,1,13047.0
1648,1077,Leisure,2025-02-07,2025-02-09,Standard,1,12290.0
1649,1110,Event Group,2025-02-07,2025-02-09,Standard,1,12761.0
1650,1007,Leisure,2025-02-07,2025-02-10,Deluxe,1,16448.0
1651,1063,Corporate,2025-02-07,2025-02-08,Deluxe,1,16453.0
1652,1085,Leisure,2025-02-07,2025-02-08,Standard,1,12580.0
1653,1048,Leisure,2025-02-07,2025-02-08,Deluxe,1,20215.0
1654,1048,Leisure,2025-02-07,2025-02-09,Deluxe,1,16747.0
1655,1082,Event Group,2025-02-07,2025-02-09,Deluxe,1,16484.0
1656,1111,Corporate,2025-02-08,2025-02-10,Family,1,25559.0
1657,1049,Leisure,2025-02-08,2025-02-09,Standard,1,13319.0
1658,1011,Leisure,2025-02-08,2025-02-12,Deluxe,1,17649.0
1659,1006,Corporate,2025-02-08,2025-02-10,Standard,1,12480.0
1660,1103,Leisure,2025-02-08,2025-02-10,Standard,1,11634.0
1661,1057,Corporate,2025-02-08,2025-02-09,Deluxe,1,18706.0
1662,1066,Leisure,2025-02-08,2025-02-10,Standard,1,14341.0
1663,1030,Corporate,2025-02-08,2025-02-09,Deluxe,1,19801.0
1664,1043,Corporate,2025-02-08,2025-02-09,Standard,1,12856.0
1665,1109,Travel Agency,2025-02-08,2025-02-11,Standard,1,13287.0
1666,1095,Event Group,2025-02-08,2025-02-11,Standard,1,14341.0
1667,1037,Travel Agency,2025-02-08,2025-02-09,Deluxe,1,18375.0
1668,1084,Leisure,2025-02-08,2025-02-11,Suite,1,29385.0
1669,1122,Event Group,2025-02-08,2025-02-11,Standard,1,13394.0
1670,1067,Corporate,2025-02-08,2025-02-10,Standard,1,12644.0
1671,1105,Leisure,2025-02-08,2025-02-10,Deluxe,1,16730.0
1672,1090,Corporate,2025-02-08,2025-02-11,Standard,1,13311.0
1673,1004,Travel Agency,2025-02-08,2025-02-10,Standard,1,14255.0
1674,1104,Corporate,2025-02-08,2025-02-10,Standard,1,12782.0
1675,1055,Corporate,2025-02-08,2025-02-10,Deluxe,1,18328.0
1676,1003,Travel Agency,2025-02-08,2025-02-10,Deluxe,1,17129.0
1677,1122,Corporate,2025-02-08,2025-02-09,Deluxe,1,18094.0
1678,1051,Travel Agency,2025-02-08,2025-02-10,Family,1,27565.0
1679,1069,Leisure,2025-02-08,2025-02-09,Family,1,23936.0
1680,1039,Leisure,2025-02-08,2025-02-10,Standard,1,14054.0
1681,1005,Leisure,2025-02-08,2025-02-09,Standard,1,12308.0
1682,1050,Corporate,2025-02-08,2025-02-10,Suite,1,33986.0
1683,1009,Leisure,2025-02-08,2025-02-09,Standard,1,14764.0
1684,1051,Corporate,2025-02-08,2025-02-10,Standard,1,11620.0
1685,1062,Leisure,2025-02-08,2025-02-09,Standard,1,14617.0
1686,1040,Travel Agency,2025-02-08,2025-02-10,Deluxe,1,19204.0
1687,1078,Leisure,2025-02-08,2025-02-11,Standard,1,14620.0
1688,1026,Corporate,2025-02-08,2025-02-09,Deluxe,1,18062.0
1689,1052,Corporate,2025-02-08,2025-02-09,Standard,1,11553.0
1690,1060,Leisure,2025-02-08,2025-02-09,Deluxe,1,16849.0
1691,1113,Corporate,2025-02-08,2025-02-11,Deluxe,1,17679.0
1692,1106,Travel Agency,2025-02-08,2025-02-09,Family,1,25830.0
1693,1116,Corporate,2025-02-08,2025-02-09,Suite,1,29724.0
1694,1013,Leisure,2025-02-08,2025-02-10,Deluxe,1,17167.0
1695,1112,Corporate,2025-02-08,2025-02-12,Standard,1,11332.0
1696,1093,Leisure,2025-02-08,2025-02-12,Standard,1,12462.0
1697,1098,Leisure,2025-02-08,2025-02-09,Deluxe,1,17926.0
1698,1042,Corporate,2025-02-08,2025-02-13,Deluxe,1,20382.0
1699,1006,Corporate,2025-02-08,2025-02-09,Standard,1,13710.0
1700,1096,Leisure,2025-02-08,2025-02-09,Standard,1,12648.0
1701,1018,Corporate,2025-02-09,2025-02-10,Standard,1,12644.0
1702,1009,Leisure,2025-02-09,2025-02-12,Standard,1,14240.0
1703,1036,Leisure,2025-02-09,2025-02-12,Standard,1,11595.0
1704,1013,Corporate,2025-02-09,2025-02-10,Suite,1,33308.0
1705,1002,Travel Agency,2025-02-09,2025-02-10,Standard,1,13390.0
1706,1028,Leisure,2025-02-09,2025-02-10,Deluxe,1,20314.0
1707,1082,Leisure,2025-02-09,2025-02-13,Deluxe,1,17970.0
1708,1115,Leisure,2025-02-09,2025-02-11,Suite,1,32487.0
1709,1049,Leisure,2025-02-09,2025-02-12,Standard,1,12389.0
1710,1031,Leisure,2025-02-09,2025-02-13,Deluxe,1,18131.0
1711,1088,Corporate,2025-02-09,2025-02-10,Standard,1,14518.0
1712,1103,Travel Agency,2025-02-09,2025-02-10,Deluxe,1,18649.0
1713,1105,Leisure,2025-02-09,2025-02-12,Suite,1,35171.0
1714,1027,Corporate,2025-02-09,2025-02-11,Standard,1,12981.0
1715,1042,Leisure,2025-02-09,2025-02-11,Family,1,25406.0
1716,1050,Corporate,2025-02-09,2025-02-11,Standard,1,13126.0
1717,1006,Leisure,2025-02-09,2025-02-10,Standard,1,12398.0
1718,1077,Corporate,2025-02-09,2025-02-10,Standard,1,14043.0
1719,1073,Leisure,2025-02-09,2025-02-14,Deluxe,1,19253.0
1720,1081,Leisure,2025-02-09,2025-02-14,Standard,1,10439.0
1721,1082,Event Group,2025-02-09,2025-02-12,Deluxe,1,17942.0
1722,1086,Event Group,2025-02-09,2025-02-12,Deluxe,1,17159.0
1723,1082,Leisure,2025-02-09,2025-02-10,Deluxe,1,17156.0
1724,1002,Leisure,2025-02-09,2025-02-11,Deluxe,1,17664.0
1725,1097,Travel Agency,2025-02-09,2025-02-11,Standard,1,12051.0
1726,1064,Corporate,2025-02-09,2025-02-10,Standard,1,14194.0
1727,1077,Corporate,2025-02-09,2025-02-10,Standard,1,14879.0
1728,1018,Travel Agency,2025-02-09,2025-02-11,Family,1,26382.0
1729,1083,Travel Agency,2025-02-09,2025-02-11,Standard,1,9885.0
1730,1094,Corporate,2025-02-09,2025-02-12,Suite,1,31272.0
1731,1032,Leisure,2025-02-09,2025-02-10,Standard,1,13896.0
1732,1112,Corporate,2025-02-09,2025-02-12,Suite,1,30091.0
1733,1009,Leisure,2025-02-09,2025-02-10,Standard,1,14692.0
1734,1121,Event Group,2025-02-09,2025-02-10,Family,1,25455.0
1735,1031,Leisure,2025-02-09,2025-02-10,Standard,1,13796.0
1736,1022,Leisure,2025-02-09,2025-02-11,Deluxe,1,15423.0
1737,1058,Corporate,2025-02-09,2025-02-10,Deluxe,1,18408.0
1738,1062,Travel Agency,2025-02-09,2025-02-10,Family,1,26959.0
1739,1065,Leisure,2025-02-10,2025-02-11,Standard,1,13958.0
1740,1098,Corporate,2025-02-10,2025-02-12,Deluxe,1,20018.0
1741,1118,Travel Agency,2025-02-10,2025-02-14,Standard,1,12317.0
1742,1040,Leisure,2025-02-10,2025-02-12,Standard,1,13096.0
1743,1010,Leisure,2025-02-10,2025-02-12,Standard,1,13534.0
1744,1111,Corporate,2025-02-10,2025-02-13,Standard,1,12730.0
1745,1119,Leisure,2025-02-10,2025-02-13,Deluxe,1,18332.0
1746,1076,Travel Agency,2025-02-10,2025-02-12,Standard,1,12002.0
1747,1016,Event Group,2025-02-10,2025-02-14,Standard,1,13228.0
1748,1117,Corporate,2025-02-10,2025-02-12,Standard,1,11934.0
1749,1082,Leisure,2025-02-10,2025-02-11,Deluxe,1,18840.0
1750,1032,Leisure,2025-02-10,2025-02-13,Deluxe,1,20550.0
1751,1091,Leisure,2025-02-10,2025-02-14,Standard,1,11915.0
1752,1088,Leisure,2025-02-10,2025-02-13,Deluxe,1,18285.0
1753,1085,Leisure,2025-02-10,2025-02-11,Standard,1,13763.0
1754,1051,Travel Agency,2025-02-10,2025-02-11,Suite,1,28661.0
1755,1117,Corporate,2025-02-10,2025-02-15,Deluxe,1,15813.0
1756,1124,Travel Agency,2025-02-10,2025-02-12,Standard,1,12635.0
1757,1094,Leisure,2025-02-10,2025-02-14,Deluxe,1,19649.0
1758,1100,Leisure,2025-02-10,2025-02-14,Standard,1,13871.0
1759,1027,Corporate,2025-02-10,2025-02-13,Suite,1,34141.0
1760,1001,Corporate,2025-02-10,2025-02-12,Family,1,29014.0
1761,1054,Leisure,2025-02-10,2025-02-13,Standard,1,12498.0
1762,1026,Corporate,2025-02-10,2025-02-13,Deluxe,1,16779.0
1763,1073,Corporate,2025-02-10,2025-02-12,Deluxe,1,20028.0
1764,1034,Corporate,2025-02-10,2025-02-11,Suite,1,33983.0
1765,1117,Leisure,2025-02-10,2025-02-14,Family,1,28415.0
1766,1036,Corporate,2025-02-10,2025-02-14,Deluxe,1,18016.0
1767,1063,Corporate,2025-02-10,2025-02-11,Standard,1,13600.0
1768,1075,Corporate,2025-02-10,2025-02-11,Deluxe,1,18402.0
1769,1102,Corporate,2025-02-10,2025-02-11,Suite,1,31890.0
1770,1061,Event Group,2025-02-10,2025-02-12,Standard,1,12817.0
1771,1088,Leisure,2025-02-10,2025-02-12,Deluxe,1,14994.0
1772,1049,Travel Agency,2025-02-10,2025-02-15,Family,1,28090.0
1773,1104,Travel Agency,2025-02-10,2025-02-15,Deluxe,1,17611.0
1774,1018,Leisure,2025-02-10,2025-02-12,Standard,1,12322.0
1775,1122,Leisure,2025-02-10,2025-02-11,Standard,1,10558.0
1776,1061,Leisure,2025-02-10,2025-02-13,Deluxe,1,16811.0
1777,1082,Corporate,2025-02-10,2025-02-13,Deluxe,1,16939.0
1778,1104,Corporate,2025-02-10,2025-02-13,Family,1,24905.0
1779,1063,Corporate,2025-02-10,2025-02-13,Deluxe,1,18747.0
1780,1120,Corporate,2025-02-10,2025-02-12,Standard,1,10543.0
1781,1013,Leisure,2025-02-10,2025-02-13,Standard,1,13675.0
1782,1074,Corporate,2025-02-10,2025-02-11,Deluxe,1,19509.0
1783,1064,Corporate,2025-02-10,2025-02-13,Suite,1,34644.0
1784,1022,Leisure,2025-02-10,2025-02-11,Suite,1,27193.0
1785,1070,Leisure,2025-02-10,2025-02-15,Family,1,24056.0
1786,1056,Travel Agency,2025-02-10,2025-02-11,Standard,1,12415.0
1787,1042,Event Group,2025-02-10,2025-02-11,Family,1,24561.0
1788,1115,Corporate,2025-02-10,2025-02-13,Family,1,25190.0
1789,1082,Event Group,2025-02-10,2025-02-13,Deluxe,1,20072.0
1790,1099,Leisure,2025-02-10,2025-02-11,Deluxe,1,20765.0
1791,1117,Leisure,2025-02-10,2025-02-11,Family,1,21920.0
1792,1110,Leisure,2025-02-10,2025-02-13,Deluxe,1,17214.0
1793,1038,Corporate,2025-02-10,2025-02-11,Standard,1,11637.0
1794,1015,Travel Agency,2025-02-10,2025-02-11,Standard,1,14194.0
1795,1049,Corporate,2025-02-10,2025-02-11,Deluxe,1,17465.0
1796,1055,Corporate,2025-02-10,2025-02-11,Deluxe,1,15618.0
1797,1078,Leisure,2025-02-11,2025-02-13,Standard,1,13004.0
1798,1110,Corporate,2025-02-11,2025-02-12,Deluxe,1,16693.0
1799,1059,Event Group,2025-02-11,2025-02-12,Standard,1,13271.0
1800,1109,Travel Agency,2025-02-11,2025-02-12,Standard,1,11633.0
1801,1016,Leisure,2025-02-11,2025-02-14,Suite,1,29362.0
1802,1081,Leisure,2025-02-11,2025-02-14,Standard,1,15524.0
1803,1043,Leisure,2025-02-11,2025-02-13,Suite,1,27012.0
1804,1120,Travel Agency,2025-02-11,2025-02-14,Standard,1,14645.0
1805,1063,Corporate,2025-02-11,2025-02-14,Suite,1,33273.0
1806,1117,Travel Agency,2025-02-11,2025-02-12,Deluxe,1,17708.0
1807,1045,Leisure,2025-02-11,2025-02-16,Suite,1,30176.0
1808,1037,Leisure,2025-02-11,2025-02-13,Deluxe,1,20290.0
1809,1042,Leisure,2025-02-11,2025-02-15,Standard,1,12213.0
1810,1109,Travel Agency,2025-02-11,2025-02-13,Deluxe,1,18202.0
1811,1062,Leisure,2025-02-11,2025-02-12,Family,1,23366.0
1812,1096,Corporate,2025-02-11,2025-02-12,Standard,1,12141.0
1813,1101,Leisure,2025-02-11,2025-02-14,Standard,1,12940.0
1814,1055,Event Group,2025-02-11,2025-02-12,Family,1,24562.0
1815,1121,Corporate,2025-02-11,2025-02-12,Deluxe,1,17373.0
1816,1076,Leisure,2025-02-11,2025-02-16,Standard,1,13554.0
1817,1051,Leisure,2025-02-11,2025-02-12,Standard,1,12666.0
1818,1084,Event Group,2025-02-11,2025-02-14,Deluxe,1,19140.0
1819,1060,Event Group,2025-02-11,2025-02-14,Deluxe,1,18095.0
1820,1084,Corporate,2025-02-11,2025-02-14,Family,1,24529.0
1821,1117,Corporate,2025-02-11,2025-02-12,Standard,1,13694.0
1822,1074,Leisure,2025-02-11,2025-02-12,Deluxe,1,19863.0
1823,1083,Corporate,2025-02-11,2025-02-14,Standard,1,11819.0
1824,1042,Corporate,2025-02-11,2025-02-12,Deluxe,1,17602.0
1825,1003,Travel Agency,2025-02-11,2025-02-15,Standard,1,13387.0
1826,1068,Travel Agency,2025-02-11,2025-02-14,Standard,1,14350.0
1827,1016,Leisure,2025-02-11,2025-02-13,Deluxe,1,17813.0
1828,1016,Leisure,2025-02-11,2025-02-12,Deluxe,1,15866.0
1829,1016,Corporate,2025-02-11,2025-02-13,Standard,1,10939.0
1830,1012,Leisure,2025-02-11,2025-02-13,Standard,1,12037.0
1831,1047,Corporate,2025-02-11,2025-02-15,Deluxe,1,20135.0
1832,1085,Event Group,2025-02-11,2025-02-12,Family,1,24998.0
1833,1085,Event Group,2025-02-11,2025-02-12,Standard,1,10895.0
1834,1041,Leisure,2025-02-11,2025-02-12,Deluxe,1,18087.0
1835,1013,Leisure,2025-02-11,2025-02-16,Deluxe,1,17419.0
1836,1019,Corporate,2025-02-11,2025-02-12,Deluxe,1,18160.0
1837,1046,Event Group,2025-02-11,2025-02-14,Standard,1,12084.0
1838,1084,Leisure,2025-02-12,2025-02-15,Standard,1,11902.0
1839,1033,Corporate,2025-02-12,2025-02-14,Family,1,24815.0
1840,1035,Corporate,2025-02-12,2025-02-16,Deluxe,1,18994.0
1841,1048,Corporate,2025-02-12,2025-02-15,Family,1,28033.0
1842,1041,Leisure,2025-02-12,2025-02-14,Deluxe,1,19805.0
1843,1078,Corporate,2025-02-12,2025-02-14,Family,1,28523.0
1844,1043,Leisure,2025-02-12,2025-02-13,Standard,1,12233.0
1845,1035,Leisure,2025-02-12,2025-02-14,Deluxe,1,17023.0
1846,1029,Corporate,2025-02-12,2025-02-15,Standard,1,14954.0
1847,1023,Event Group,2025-02-12,2025-02-13,Standard,1,14279.0
1848,1045,Leisure,2025-02-12,2025-02-16,Deluxe,1,18630.0
1849,1078,Leisure,2025-02-12,2025-02-16,Deluxe,1,17782.0
1850,1104,Corporate,2025-02-12,2025-02-13,Standard,1,12658.0
1851,1077,Leisure,2025-02-12,2025-02-17,Deluxe,1,17471.0
1852,1092,Leisure,2025-02-12,2025-02-14,Family,1,25125.0
1853,1095,Leisure,2025-02-12,2025-02-13,Standard,1,14189.0
1854,1087,Leisure,2025-02-12,2025-02-16,Standard,1,11448.0
1855,1046,Corporate,2025-02-12,2025-02-15,Deluxe,1,20259.0
1856,1113,Corporate,2025-02-12,2025-02-14,Suite,1,26681.0
1857,1012,Leisure,2025-02-12,2025-02-13,Family,1,27416.0
1858,1094,Corporate,2025-02-12,2025-02-14,Family,1,25995.0
1859,1011,Leisure,2025-02-12,2025-02-13,Standard,1,12871.0
1860,1055,Leisure,2025-02-12,2025-02-14,Deluxe,1,21053.0
1861,1064,Corporate,2025-02-12,2025-02-16,Deluxe,1,15726.0
1862,1079,Travel Agency,2025-02-12,2025-02-17,Deluxe,1,17917.0
1863,1055,Corporate,2025-02-12,2025-02-15,Standard,1,11673.0
1864,1106,Corporate,2025-02-12,2025-02-15,Deluxe,1,18150.0
1865,1006,Leisure,2025-02-12,2025-02-16,Family,1,20343.0
1866,1029,Leisure,2025-02-12,2025-02-17,Deluxe,1,19721.0
1867,1046,Corporate,2025-02-12,2025-02-14,Standard,1,11817.0
1868,1117,Leisure,2025-02-12,2025-02-14,Family,1,24606.0
1869,1110,Travel Agency,2025-02-12,2025-02-15,Deluxe,1,18916.0
1870,1073,Corporate,2025-02-12,2025-02-13,Standard,1,13031.0
1871,1123,Event Group,2025-02-12,2025-02-16,Standard,1,14262.0
1872,1063,Corporate,2025-02-12,2025-02-15,Deluxe,1,16413.0
1873,1039,Leisure,2025-02-12,2025-02-13,Standard,1,12973.0
1874,1013,Travel Agency,2025-02-12,2025-02-13,Standard,1,13020.0
1875,1116,Leisure,2025-02-12,2025-02-13,Standard,1,13522.0
1876,1029,Leisure,2025-02-12,2025-02-13,Standard,1,13477.0
1877,1115,Leisure,2025-02-12,2025-02-14,Standard,1,13877.0
1878,1021,Corporate,2025-02-12,2025-02-15,Standard,1,10857.0
1879,1015,Corporate,2025-02-13,2025-02-16,Standard,1,13834.0
1880,1096,Leisure,2025-02-13,2025-02-14,Standard,1,11587.0
1881,1035,Leisure,2025-02-13,2025-02-14,Standard,1,15081.0
1882,1088,Leisure,2025-02-13,2025-02-15,Standard,1,11833.0
1883,1119,Travel Agency,2025-02-13,2025-02-14,Deluxe,1,19680.0
1884,1123,Corporate,2025-02-13,2025-02-16,Deluxe,1,17225.0
1885,1031,Corporate,2025-02-13,2025-02-14,Standard,1,10922.0
1886,1077,Leisure,2025-02-13,2025-02-16,Standard,1,12650.0
1887,1032,Corporate,2025-02-13,2025-02-15,Deluxe,1,15920.0
1888,1036,Corporate,2025-02-13,2025-02-16,Deluxe,1,18620.0
1889,1026,Event Group,2025-02-13,2025-02-17,Deluxe,1,18445.0
1890,1094,Corporate,2025-02-13,2025-02-16,Standard,1,14526.0
1891,1030,Event Group,2025-02-13,2025-02-14,Deluxe,1,16645.0
1892,1025,Corporate,2025-02-13,2025-02-15,Standard,1,11872.0
1893,1053,Leisure,2025-02-13,2025-02-15,Family,1,25851.0
1894,1029,Event Group,2025-02-13,2025-02-16,Deluxe,1,18657.0
1895,1035,Leisure,2025-02-13,2025-02-15,Standard,1,12117.0
1896,1032,Leisure,2025-02-13,2025-02-17,Standard,1,11973.0
1897,1028,Corporate,2025-02-13,2025-02-14,Standard,1,14234.0
1898,1056,Leisure,2025-02-13,2025-02-14,Standard,1,13188.0
1899,1002,Leisure,2025-02-13,2025-02-17,Standard,1,12497.0
1900,1047,Corporate,2025-02-13,2025-02-16,Deluxe,1,19026.0
1901,1084,Travel Agency,2025-02-13,2025-02-15,Deluxe,1,17004.0
1902,1014,Corporate,2025-02-13,2025-02-15,Standard,1,12474.0
1903,1084,Corporate,2025-02-13,2025-02-16,Standard,1,10740.0
1904,1013,Leisure,2025-02-13,2025-02-14,Suite,1,29260.0
1905,1026,Leisure,2025-02-13,2025-02-15,Standard,1,12178.0
1906,1054,Corporate,2025-02-13,2025-02-14,Deluxe,1,14003.0
1907,1125,Travel Agency,2025-02-13,2025-02-14,Deluxe,1,20341.0
1908,1016,Leisure,2025-02-13,2025-02-15,Standard,1,10895.0
1909,1003,Leisure,2025-02-13,2025-02-14,Family,1,27477.0
1910,1038,Event Group,2025-02-13,2025-02-14,Standard,1,12149.0
1911,1051,Travel Agency,2025-02-13,2025-02-15,Standard,1,12075.0
1912,1010,Leisure,2025-02-13,2025-02-15,Deluxe,1,16131.0
1913,1035,Leisure,2025-02-13,2025-02-16,Standard,1,12838.0
1914,1076,Leisure,2025-02-13,2025-02-14,Standard,1,11643.0
1915,1068,Travel Agency,2025-02-13,2025-02-17,Deluxe,1,16181.0
1916,1035,Corporate,2025-02-13,2025-02-17,Standard,1,13089.0
1917,1019,Corporate,2025-02-13,2025-02-14,Deluxe,1,18431.0
1918,1112,Corporate,2025-02-13,2025-02-14,Family,1,25870.0
1919,1001,Corporate,2025-02-13,2025-02-15,Suite,1,33618.0
1920,1042,Event Group,2025-02-13,2025-02-15,Deluxe,1,16770.0
1921,1079,Leisure,2025-02-13,2025-02-16,Standard,1,12469.0
1922,1002,Leisure,2025-02-13,2025-02-18,Standard,1,11629.0
1923,1069,Event Group,2025-02-13,2025-02-14,Suite,1,35254.0
1924,1075,Event Group,2025-02-13,2025-02-17,Deluxe,1,21920.0
1925,1082,Leisure,2025-02-13,2025-02-16,Standard,1,11488.0
1926,1042,Leisure,2025-02-13,2025-02-14,Deluxe,1,15953.0
1927,1030,Corporate,2025-02-14,2025-02-17,Suite,1,35577.0
1928,1059,Corporate,2025-02-14,2025-02-16,Deluxe,1,16692.0
1929,1063,Corporate,2025-02-14,2025-02-18,Standard,1,12806.0
1930,1105,Corporate,2025-02-14,2025-02-15,Family,1,23746.0
1931,1010,Corporate,2025-02-14,2025-02-16,Standard,1,14607.0
1932,1018,Leisure,2025-02-14,2025-02-16,Standard,1,11321.0
1933,1049,Leisure,2025-02-14,2025-02-17,Deluxe,1,19759.0
1934,1017,Corporate,2025-02-14,2025-02-15,Standard,1,13796.0
1935,1081,Corporate,2025-02-14,2025-02-15,Standard,1,10582.0
1936,1105,Corporate,2025-02-14,2025-02-17,Deluxe,1,18876.0
1937,1062,Corporate,2025-02-14,2025-02-17,Standard,1,11428.0
1938,1032,Travel Agency,2025-02-14,2025-02-18,Deluxe,1,17807.0
1939,1016,Leisure,2025-02-14,2025-02-17,Standard,1,13731.0
1940,1054,Leisure,2025-02-14,2025-02-15,Standard,1,14338.0
1941,1055,Corporate,2025-02-14,2025-02-18,Standard,1,13918.0
1942,1088,Corporate,2025-02-14,2025-02-16,Standard,1,14005.0
1943,1022,Corporate,2025-02-14,2025-02-17,Family,1,23848.0
1944,1043,Event Group,2025-02-14,2025-02-15,Family,1,25140.0
1945,1115,Travel Agency,2025-02-14,2025-02-18,Standard,1,13045.0
1946,1055,Leisure,2025-02-14,2025-02-15,Standard,1,12325.0
1947,1105,Corporate,2025-02-14,2025-02-17,Standard,1,13201.0
1948,1034,Corporate,2025-02-14,2025-02-18,Standard,1,11679.0
1949,1001,Corporate,2025-02-14,2025-02-17,Suite,1,32212.0
1950,1058,Travel Agency,2025-02-14,2025-02-19,Family,1,25992.0
1951,1009,Leisure,2025-02-14,2025-02-17,Deluxe,1,19063.0
1952,1017,Leisure,2025-02-14,2025-02-16,Standard,1,13199.0
1953,1055,Corporate,2025-02-14,2025-02-16,Standard,1,13355.0
1954,1121,Leisure,2025-02-14,2025-02-19,Deluxe,1,17875.0
1955,1064,Leisure,2025-02-14,2025-02-15,Deluxe,1,17792.0
1956,1092,Leisure,2025-02-14,2025-02-16,Deluxe,1,18477.0
1957,1096,Leisure,2025-02-14,2025-02-16,Standard,1,13070.0
1958,1047,Leisure,2025-02-14,2025-02-15,Standard,1,13221.0
1959,1008,Event Group,2025-02-14,2025-02-19,Deluxe,1,21147.0
1960,1059,Travel Agency,2025-02-14,2025-02-16,Family,1,25499.0
1961,1117,Event Group,2025-02-14,2025-02-18,Standard,1,12105.0
1962,1090,Corporate,2025-02-14,2025-02-15,Standard,1,12640.0
1963,1124,Corporate,2025-02-14,2025-02-16,Deluxe,1,17665.0
1964,1077,Corporate,2025-02-14,2025-02-15,Standard,1,11646.0
1965,1011,Leisure,2025-02-14,2025-02-15,Family,1,24170.0
1966,1061,Travel Agency,2025-02-14,2025-02-15,Standard,1,11158.0
1967,1039,Leisure,2025-02-14,2025-02-17,Deluxe,1,19656.0
1968,1015,Leisure,2025-02-14,2025-02-17,Standard,1,12549.0
1969,1097,Corporate,2025-02-14,2025-02-18,Standard,1,12520.0
1970,1059,Event Group,2025-02-15,2025-02-17,Standard,1,13181.0
1971,1055,Travel Agency,2025-02-15,2025-02-18,Deluxe,1,16086.0
1972,1049,Corporate,2025-02-15,2025-02-16,Family,1,25263.0
1973,1024,Corporate,2025-02-15,2025-02-16,Family,1,24257.0
1974,1010,Leisure,2025-02-15,2025-02-20,Suite,1,30968.0
1975,1022,Corporate,2025-02-15,2025-02-17,Suite,1,29167.0
1976,1035,Leisure,2025-02-15,2025-02-17,Standard,1,11174.0
1977,1037,Leisure,2025-02-15,2025-02-16,Standard,1,12788.0
1978,1002,Corporate,2025-02-15,2025-02-16,Standard,1,12452.0
1979,1035,Leisure,2025-02-15,2025-02-16,Deluxe,1,18156.0
1980,1102,Corporate,2025-02-15,2025-02-17,Standard,1,12452.0
1981,1097,Corporate,2025-02-15,2025-02-16,Deluxe,1,16913.0
1982,1097,Corporate,2025-02-15,2025-02-17,Standard,1,15300.0
1983,1115,Corporate,2025-02-15,2025-02-17,Standard,1,12236.0
1984,1020,Travel Agency,2025-02-15,2025-02-16,Deluxe,1,17225.0
1985,1021,Leisure,2025-02-15,2025-02-18,Standard,1,12840.0
1986,1012,Travel Agency,2025-02-15,2025-02-17,Standard,1,12445.0
1987,1092,Corporate,2025-02-15,2025-02-16,Family,1,24834.0
1988,1094,Leisure,2025-02-15,2025-02-20,Standard,1,12143.0
1989,1038,Travel Agency,2025-02-15,2025-02-17,Deluxe,1,17661.0
1990,1115,Leisure,2025-02-15,2025-02-19,Standard,1,12824.0
1991,1123,Corporate,2025-02-15,2025-02-18,Deluxe,1,20411.0
1992,1104,Leisure,2025-02-15,2025-02-17,Standard,1,12624.0
1993,1115,Corporate,2025-02-15,2025-02-18,Standard,1,13867.0
1994,1120,Corporate,2025-02-15,2025-02-16,Standard,1,11313.0
1995,1091,Leisure,2025-02-15,2025-02-16,Standard,1,12415.0
1996,1033,Leisure,2025-02-15,2025-02-16,Suite,1,32988.0
1997,1063,Event Group,2025-02-15,2025-02-17,Deluxe,1,22053.0
1998,1110,Leisure,2025-02-15,2025-02-19,Standard,1,11653.0
1999,1041,Leisure,2025-02-15,2025-02-18,Deluxe,1,16346.0
2000,1034,Leisure,2025-02-15,2025-02-18,Standard,1,12539.0
2001,1102,Corporate,2025-02-15,2025-02-20,Family,1,25987.0
2002,1110,Corporate,2025-02-15,2025-02-18,Standard,1,12601.0
2003,1112,Leisure,2025-02-15,2025-02-17,Standard,1,13086.0
2004,1083,Leisure,2025-02-15,2025-02-16,Standard,1,12079.0
2005,1123,Corporate,2025-02-15,2025-02-18,Deluxe,1,18699.0
2006,1043,Corporate,2025-02-15,2025-02-18,Family,1,26178.0
2007,1015,Leisure,2025-02-15,2025-02-16,Standard,1,13037.0
2008,1061,Corporate,2025-02-15,2025-02-16,Standard,1,14268.0
2009,1008,Leisure,2025-02-15,2025-02-16,Standard,1,14391.0
2010,1061,Leisure,2025-02-15,2025-02-17,Family,1,25033.0
2011,1033,Corporate,2025-02-15,2025-02-16,Standard,1,12707.0
2012,1052,Corporate,2025-02-15,2025-02-16,Deluxe,1,16859.0
2013,1115,Leisure,2025-02-15,2025-02-19,Standard,1,12035.0
2014,1116,Corporate,2025-02-15,2025-02-18,Standard,1,12990.0
2015,1062,Event Group,2025-02-16,2025-02-17,Standard,1,13780.0
2016,1089,Corporate,2025-02-16,2025-02-19,Standard,1,12339.0
2017,1115,Leisure,2025-02-16,2025-02-19,Deluxe,1,17099.0
2018,1106,Leisure,2025-02-16,2025-02-17,Deluxe,1,17432.0
2019,1041,Leisure,2025-02-16,2025-02-19,Family,1,24103.0
2020,1102,Event Group,2025-02-16,2025-02-20,Standard,1,11767.0
2021,1001,Leisure,2025-02-16,2025-02-18,Family,1,25306.0
2022,1075,Travel Agency,2025-02-16,2025-02-20,Family,1,23380.0
2023,1054,Event Group,2025-02-16,2025-02-17,Standard,1,11571.0
2024,1025,Leisure,2025-02-16,2025-02-19,Deluxe,1,18613.0
2025,1105,Corporate,2025-02-16,2025-02-18,Family,1,26658.0
2026,1064,Corporate,2025-02-16,2025-02-17,Standard,1,12870.0
2027,1046,Leisure,2025-02-16,2025-02-18,Deluxe,1,17711.0
2028,1059,Event Group,2025-02-16,2025-02-18,Suite,1,29179.0
2029,1070,Leisure,2025-02-16,2025-02-17,Standard,1,14633.0
2030,1090,Leisure,2025-02-16,2025-02-17,Standard,1,12041.0
2031,1012,Travel Agency,2025-02-16,2025-02-20,Deluxe,1,16510.0
2032,1064,Leisure,2025-02-16,2025-02-17,Suite,1,30225.0
2033,1082,Leisure,2025-02-16,2025-02-18,Deluxe,1,17389.0
2034,1029,Corporate,2025-02-16,2025-02-18,Standard,1,12388.0
2035,1110,Corporate,2025-02-16,2025-02-18,Suite,1,34807.0
2036,1106,Event Group,2025-02-16,2025-02-17,Standard,1,13546.0
2037,1121,Leisure,2025-02-16,2025-02-19,Deluxe,1,17619.0
2038,1108,Corporate,2025-02-16,2025-02-17,Standard,1,13227.0
2039,1001,Leisure,2025-02-16,2025-02-20,Family,1,24211.0
2040,1105,Corporate,2025-02-16,2025-02-18,Family,1,26418.0
2041,1022,Corporate,2025-02-16,2025-02-19,Deluxe,1,19571.0
2042,1083,Corporate,2025-02-16,2025-02-21,Family,1,26606.0
2043,1055,Event Group,2025-02-16,2025-02-17,Standard,1,12540.0
2044,1067,Event Group,2025-02-16,2025-02-18,Standard,1,13661.0
2045,1074,Leisure,2025-02-17,2025-02-18,Standard,1,13006.0
2046,1034,Leisure,2025-02-17,2025-02-20,Suite,1,33122.0
2047,1002,Leisure,2025-02-17,2025-02-18,Suite,1,32689.0
2048,1091,Corporate,2025-02-17,2025-02-19,Deluxe,1,18586.0
2049,1059,Leisure,2025-02-17,2025-02-22,Deluxe,1,20766.0
2050,1084,Corporate,2025-02-17,2025-02-20,Deluxe,1,18779.0
2051,1101,Leisure,2025-02-17,2025-02-18,Family,1,25405.0
2052,1011,Corporate,2025-02-17,2025-02-18,Standard,1,14410.0
2053,1059,Leisure,2025-02-17,2025-02-19,Family,1,24469.0
2054,1034,Corporate,2025-02-17,2025-02-18,Family,1,24848.0
2055,1051,Leisure,2025-02-17,2025-02-18,Family,1,22811.0
2056,1063,Leisure,2025-02-17,2025-02-20,Standard,1,14128.0
2057,1117,Leisure,2025-02-17,2025-02-18,Family,1,24056.0
2058,1116,Corporate,2025-02-17,2025-02-18,Standard,1,13270.0
2059,1045,Leisure,2025-02-17,2025-02-19,Standard,1,15359.0
2060,1021,Leisure,2025-02-17,2025-02-19,Deluxe,1,19189.0
2061,1067,Corporate,2025-02-17,2025-02-18,Deluxe,1,16967.0
2062,1015,Travel Agency,2025-02-17,2025-02-18,Deluxe,1,17272.0
2063,1017,Corporate,2025-02-17,2025-02-18,Family,1,27988.0
2064,1045,Event Group,2025-02-17,2025-02-19,Standard,1,13427.0
2065,1122,Leisure,2025-02-17,2025-02-20,Deluxe,1,18971.0
2066,1088,Corporate,2025-02-17,2025-02-18,Standard,1,11640.0
2067,1076,Event Group,2025-02-17,2025-02-20,Suite,1,35850.0
2068,1063,Event Group,2025-02-17,2025-02-20,Standard,1,13732.0
2069,1014,Leisure,2025-02-17,2025-02-19,Standard,1,12530.0
2070,1048,Leisure,2025-02-17,2025-02-19,Deluxe,1,19678.0
2071,1033,Leisure,2025-02-17,2025-02-20,Family,1,29217.0
2072,1083,Travel Agency,2025-02-17,2025-02-18,Deluxe,1,16027.0
2073,1055,Leisure,2025-02-17,2025-02-19,Family,1,28068.0
2074,1085,Corporate,2025-02-17,2025-02-19,Suite,1,35292.0
2075,1092,Corporate,2025-02-17,2025-02-18,Standard,1,14192.0
2076,1116,Travel Agency,2025-02-17,2025-02-19,Standard,1,12743.0
2077,1072,Corporate,2025-02-17,2025-02-18,Standard,1,12817.0
2078,1111,Travel Agency,2025-02-17,2025-02-19,Standard,1,13339.0
2079,1105,Leisure,2025-02-17,2025-02-19,Deluxe,1,17749.0
2080,1064,Travel Agency,2025-02-17,2025-02-18,Standard,1,11665.0
2081,1076,Corporate,2025-02-17,2025-02-18,Standard,1,11337.0
2082,1083,Corporate,2025-02-17,2025-02-19,Standard,1,13051.0
2083,1124,Corporate,2025-02-17,2025-02-19,Suite,1,30874.0
2084,1006,Travel Agency,2025-02-17,2025-02-21,Standard,1,12778.0
2085,1039,Leisure,2025-02-17,2025-02-18,Standard,1,13154.0
2086,1072,Leisure,2025-02-17,2025-02-20,Standard,1,11731.0
2087,1064,Corporate,2025-02-17,2025-02-19,Suite,1,29980.0
2088,1048,Corporate,2025-02-17,2025-02-22,Suite,1,39266.0
2089,1042,Corporate,2025-02-17,2025-02-18,Family,1,25805.0
2090,1012,Corporate,2025-02-17,2025-02-20,Family,1,24316.0
2091,1120,Leisure,2025-02-17,2025-02-21,Standard,1,15155.0
2092,1006,Travel Agency,2025-02-17,2025-02-18,Deluxe,1,15852.0
2093,1104,Corporate,2025-02-17,2025-02-21,Standard,1,11984.0
2094,1075,Event Group,2025-02-17,2025-02-20,Standard,1,13874.0
2095,1124,Travel Agency,2025-02-17,2025-02-18,Standard,1,12690.0
2096,1067,Leisure,2025-02-17,2025-02-19,Family,1,21067.0
2097,1094,Leisure,2025-02-17,2025-02-19,Deluxe,1,19683.0
2098,1092,Travel Agency,2025-02-17,2025-02-18,Deluxe,1,18208.0
2099,1027,Travel Agency,2025-02-17,2025-02-19,Standard,1,11761.0
2100,1060,Leisure,2025-02-18,2025-02-19,Deluxe,1,18912.0
2101,1027,Corporate,2025-02-18,2025-02-19,Suite,1,35932.0
2102,1091,Leisure,2025-02-18,2025-02-21,Suite,1,29799.0
2103,1118,Leisure,2025-02-18,2025-02-19,Standard,1,14892.0
2104,1026,Leisure,2025-02-18,2025-02-22,Standard,1,11304.0
2105,1022,Corporate,2025-02-18,2025-02-19,Suite,1,33256.0
2106,1014,Leisure,2025-02-18,2025-02-23,Deluxe,1,19711.0
2107,1024,Travel Agency,2025-02-18,2025-02-19,Deluxe,1,19379.0
2108,1071,Leisure,2025-02-18,2025-02-20,Standard,1,12346.0
2109,1065,Corporate,2025-02-18,2025-02-20,Standard,1,13057.0
2110,1049,Leisure,2025-02-18,2025-02-19,Standard,1,12430.0
2111,1052,Corporate,2025-02-18,2025-02-20,Deluxe,1,18741.0
2112,1007,Leisure,2025-02-18,2025-02-19,Standard,1,12167.0
2113,1007,Corporate,2025-02-18,2025-02-23,Deluxe,1,18317.0
2114,1113,Corporate,2025-02-18,2025-02-20,Family,1,23708.0
2115,1013,Leisure,2025-02-18,2025-02-21,Deluxe,1,18163.0
2116,1027,Leisure,2025-02-18,2025-02-21,Standard,1,12030.0
2117,1094,Leisure,2025-02-18,2025-02-19,Standard,1,12669.0
2118,1110,Travel Agency,2025-02-18,2025-02-19,Standard,1,11456.0
2119,1009,Corporate,2025-02-18,2025-02-19,Family,1,22997.0
2120,1055,Leisure,2025-02-18,2025-02-19,Standard,1,14107.0
2121,1010,Corporate,2025-02-18,2025-02-19,Standard,1,12298.0
2122,1001,Corporate,2025-02-18,2025-02-21,Standard,1,11963.0
2123,1105,Corporate,2025-02-18,2025-02-19,Deluxe,1,19736.0
2124,1097,Corporate,2025-02-18,2025-02-21,Standard,1,12813.0
2125,1095,Corporate,2025-02-18,2025-02-19,Standard,1,13836.0
2126,1033,Leisure,2025-02-18,2025-02-20,Standard,1,11218.0
2127,1091,Leisure,2025-02-18,2025-02-19,Standard,1,12227.0
2128,1062,Leisure,2025-02-18,2025-02-20,Standard,1,13941.0
2129,1003,Leisure,2025-02-18,2025-02-21,Standard,1,11189.0
2130,1004,Corporate,2025-02-18,2025-02-20,Standard,1,13601.0
2131,1047,Event Group,2025-02-18,2025-02-21,Standard,1,12615.0
2132,1036,Event Group,2025-02-18,2025-02-19,Standard,1,12302.0
2133,1058,Travel Agency,2025-02-18,2025-02-21,Family,1,25972.0
2134,1043,Corporate,2025-02-18,2025-02-22,Family,1,26885.0
2135,1067,Event Group,2025-02-19,2025-02-21,Standard,1,12543.0
2136,1102,Corporate,2025-02-19,2025-02-22,Deluxe,1,18797.0
2137,1064,Travel Agency,2025-02-19,2025-02-24,Standard,1,12011.0
2138,1067,Leisure,2025-02-19,2025-02-20,Family,1,30492.0
2139,1103,Leisure,2025-02-19,2025-02-21,Family,1,24748.0
2140,1106,Corporate,2025-02-19,2025-02-21,Standard,1,13438.0
2141,1001,Corporate,2025-02-19,2025-02-20,Deluxe,1,16441.0
2142,1101,Travel Agency,2025-02-19,2025-02-20,Standard,1,13280.0
2143,1035,Travel Agency,2025-02-19,2025-02-22,Family,1,25782.0
2144,1118,Leisure,2025-02-19,2025-02-22,Standard,1,13005.0
2145,1082,Leisure,2025-02-19,2025-02-20,Standard,1,11520.0
2146,1115,Travel Agency,2025-02-19,2025-02-21,Standard,1,14114.0
2147,1042,Corporate,2025-02-19,2025-02-20,Standard,1,11246.0
2148,1033,Travel Agency,2025-02-19,2025-02-20,Suite,1,30682.0
2149,1081,Corporate,2025-02-19,2025-02-21,Standard,1,13774.0
2150,1107,Travel Agency,2025-02-19,2025-02-20,Standard,1,13320.0
2151,1092,Leisure,2025-02-19,2025-02-20,Standard,1,11734.0
2152,1124,Leisure,2025-02-19,2025-02-21,Standard,1,14831.0
2153,1097,Leisure,2025-02-19,2025-02-20,Standard,1,13670.0
2154,1075,Travel Agency,2025-02-19,2025-02-23,Standard,1,12371.0
2155,1097,Leisure,2025-02-19,2025-02-20,Deluxe,1,17276.0
2156,1060,Leisure,2025-02-19,2025-02-20,Suite,1,31340.0
2157,1107,Leisure,2025-02-19,2025-02-23,Suite,1,33014.0
2158,1106,Leisure,2025-02-19,2025-02-20,Family,1,25527.0
2159,1087,Leisure,2025-02-19,2025-02-21,Standard,1,14192.0
2160,1067,Leisure,2025-02-19,2025-02-22,Deluxe,1,19302.0
2161,1110,Leisure,2025-02-19,2025-02-22,Standard,1,12901.0
2162,1120,Leisure,2025-02-19,2025-02-21,Standard,1,14148.0
2163,1078,Leisure,2025-02-19,2025-02-21,Standard,1,12656.0
2164,1014,Corporate,2025-02-19,2025-02-21,Family,1,25311.0
2165,1052,Leisure,2025-02-19,2025-02-22,Standard,1,13135.0
2166,1109,Corporate,2025-02-19,2025-02-20,Deluxe,1,18657.0
2167,1056,Leisure,2025-02-19,2025-02-22,Deluxe,1,19693.0
2168,1096,Corporate,2025-02-19,2025-02-20,Standard,1,11566.0
2169,1038,Travel Agency,2025-02-19,2025-02-20,Deluxe,1,16798.0
2170,1048,Leisure,2025-02-19,2025-02-20,Standard,1,12317.0
2171,1055,Leisure,2025-02-19,2025-02-21,Deluxe,1,19594.0
2172,1050,Corporate,2025-02-19,2025-02-20,Standard,1,13306.0
2173,1006,Leisure,2025-02-19,2025-02-20,Standard,1,13752.0
2174,1113,Corporate,2025-02-19,2025-02-21,Family,1,23550.0
2175,1065,Event Group,2025-02-19,2025-02-20,Deluxe,1,16585.0
2176,1020,Leisure,2025-02-20,2025-02-24,Standard,1,12025.0
2177,1092,Leisure,2025-02-20,2025-02-23,Standard,1,12599.0
2178,1009,Travel Agency,2025-02-20,2025-02-21,Family,1,22803.0
2179,1061,Leisure,2025-02-20,2025-02-22,Family,1,21450.0
2180,1034,Leisure,2025-02-20,2025-02-21,Deluxe,1,16243.0
2181,1045,Event Group,2025-02-20,2025-02-21,Standard,1,12585.0
2182,1030,Corporate,2025-02-20,2025-02-23,Deluxe,1,20751.0
2183,1061,Event Group,2025-02-20,2025-02-21,Standard,1,12953.0
2184,1014,Travel Agency,2025-02-20,2025-02-21,Standard,1,14215.0
2185,1097,Travel Agency,2025-02-20,2025-02-21,Family,1,23508.0
2186,1096,Corporate,2025-02-20,2025-02-24,Family,1,25298.0
2187,1108,Leisure,2025-02-20,2025-02-23,Standard,1,12929.0
2188,1082,Corporate,2025-02-20,2025-02-21,Standard,1,12136.0
2189,1057,Corporate,2025-02-20,2025-02-21,Deluxe,1,18646.0
2190,1102,Travel Agency,2025-02-20,2025-02-21,Deluxe,1,16748.0
2191,1086,Leisure,2025-02-20,2025-02-22,Standard,1,13150.0
2192,1073,Corporate,2025-02-20,2025-02-21,Standard,1,14395.0
2193,1094,Corporate,2025-02-20,2025-02-21,Deluxe,1,18484.0
2194,1106,Leisure,2025-02-20,2025-02-23,Family,1,25807.0
2195,1072,Leisure,2025-02-20,2025-02-22,Standard,1,13292.0
2196,1073,Leisure,2025-02-20,2025-02-23,Family,1,22396.0
2197,1016,Corporate,2025-02-20,2025-02-23,Standard,1,11189.0
2198,1038,Leisure,2025-02-20,2025-02-21,Deluxe,1,21105.0
2199,1009,Leisure,2025-02-20,2025-02-21,Family,1,25830.0
2200,1067,Corporate,2025-02-20,2025-02-21,Family,1,23831.0
2201,1008,Leisure,2025-02-20,2025-02-22,Family,1,24977.0
2202,1084,Leisure,2025-02-20,2025-02-24,Deluxe,1,22333.0
2203,1043,Corporate,2025-02-20,2025-02-21,Standard,1,11518.0
2204,1097,Corporate,2025-02-20,2025-02-21,Family,1,26037.0
2205,1010,Corporate,2025-02-20,2025-02-24,Deluxe,1,17198.0
2206,1045,Leisure,2025-02-20,2025-02-22,Suite,1,34580.0
2207,1079,Leisure,2025-02-20,2025-02-24,Family,1,22138.0
2208,1014,Leisure,2025-02-20,2025-02-24,Family,1,27529.0
2209,1056,Leisure,2025-02-20,2025-02-22,Standard,1,13829.0
2210,1004,Travel Agency,2025-02-20,2025-02-23,Standard,1,12976.0
2211,1111,Leisure,2025-02-20,2025-02-23,Suite,1,38103.0
2212,1049,Corporate,2025-02-20,2025-02-23,Standard,1,11655.0
2213,1018,Leisure,2025-02-20,2025-02-22,Deluxe,1,18563.0
2214,1044,Leisure,2025-02-20,2025-02-21,Standard,1,13425.0
2215,1076,Corporate,2025-02-20,2025-02-21,Standard,1,12113.0
2216,1006,Travel Agency,2025-02-20,2025-02-22,Standard,1,13095.0
2217,1105,Leisure,2025-02-20,2025-02-21,Family,1,22954.0
2218,1078,Leisure,2025-02-20,2025-02-21,Standard,1,12471.0
2219,1078,Corporate,2025-02-20,2025-02-21,Deluxe,1,19652.0
2220,1027,Leisure,2025-02-20,2025-02-23,Standard,1,14769.0
2221,1118,Leisure,2025-02-20,2025-02-23,Deluxe,1,20004.0
2222,1112,Corporate,2025-02-20,2025-02-22,Family,1,23582.0
2223,1090,Corporate,2025-02-20,2025-02-22,Deluxe,1,19783.0
2224,1063,Leisure,2025-02-20,2025-02-21,Deluxe,1,15342.0
2225,1125,Corporate,2025-02-20,2025-02-21,Standard,1,13969.0
2226,1101,Leisure,2025-02-20,2025-02-21,Deluxe,1,20096.0
2227,1084,Leisure,2025-02-20,2025-02-25,Standard,1,13783.0
2228,1076,Corporate,2025-02-20,2025-02-25,Deluxe,1,19003.0
2229,1064,Corporate,2025-02-21,2025-02-24,Standard,1,12398.0
2230,1029,Leisure,2025-02-21,2025-02-23,Standard,1,14015.0
2231,1070,Leisure,2025-02-21,2025-02-22,Standard,1,13467.0
2232,1097,Travel Agency,2025-02-21,2025-02-25,Deluxe,1,18805.0
2233,1097,Travel Agency,2025-02-21,2025-02-25,Family,1,26300.0
2234,1111,Leisure,2025-02-21,2025-02-24,Standard,1,11393.0
2235,1050,Leisure,2025-02-21,2025-02-24,Standard,1,13106.0
2236,1121,Corporate,2025-02-21,2025-02-25,Family,1,25642.0
2237,1123,Leisure,2025-02-21,2025-02-23,Deluxe,1,18536.0
2238,1017,Event Group,2025-02-21,2025-02-24,Standard,1,11870.0
2239,1099,Leisure,2025-02-21,2025-02-22,Family,1,24166.0
2240,1079,Leisure,2025-02-21,2025-02-22,Deluxe,1,23737.0
2241,1002,Corporate,2025-02-21,2025-02-22,Standard,1,11655.0
2242,1034,Leisure,2025-02-21,2025-02-23,Standard,1,11224.0
2243,1046,Corporate,2025-02-21,2025-02-23,Suite,1,32906.0
2244,1008,Corporate,2025-02-21,2025-02-24,Deluxe,1,18423.0
2245,1057,Travel Agency,2025-02-21,2025-02-22,Deluxe,1,14945.0
2246,1112,Corporate,2025-02-21,2025-02-24,Standard,1,11854.0
2247,1030,Corporate,2025-02-21,2025-02-22,Deluxe,1,19884.0
2248,1111,Leisure,2025-02-21,2025-02-22,Standard,1,11580.0
2249,1034,Leisure,2025-02-21,2025-02-22,Standard,1,12994.0
2250,1109,Travel Agency,2025-02-21,2025-02-22,Family,1,30235.0
2251,1057,Leisure,2025-02-21,2025-02-24,Standard,1,12412.0
2252,1074,Corporate,2025-02-21,2025-02-22,Standard,1,12979.0
2253,1019,Leisure,2025-02-21,2025-02-24,Standard,1,11351.0
2254,1125,Leisure,2025-02-21,2025-02-23,Standard,1,11042.0
2255,1021,Leisure,2025-02-21,2025-02-24,Standard,1,14042.0
2256,1076,Corporate,2025-02-21,2025-02-22,Standard,1,12416.0
2257,1066,Travel Agency,2025-02-21,2025-02-23,Standard,1,10891.0
2258,1049,Event Group,2025-02-21,2025-02-24,Suite,1,31896.0
2259,1011,Leisure,2025-02-21,2025-02-22,Suite,1,25583.0
2260,1073,Event Group,2025-02-21,2025-02-26,Family,1,30115.0
2261,1109,Leisure,2025-02-21,2025-02-23,Deluxe,1,16318.0
2262,1085,Leisure,2025-02-21,2025-02-24,Family,1,26919.0
2263,1032,Corporate,2025-02-21,2025-02-23,Deluxe,1,19031.0
2264,1030,Event Group,2025-02-21,2025-02-24,Standard,1,11927.0
2265,1113,Corporate,2025-02-21,2025-02-24,Standard,1,12742.0
2266,1010,Leisure,2025-02-21,2025-02-22,Standard,1,14292.0
2267,1073,Leisure,2025-02-21,2025-02-24,Family,1,23299.0
2268,1087,Event Group,2025-02-22,2025-02-27,Suite,1,32379.0
2269,1037,Corporate,2025-02-22,2025-02-23,Deluxe,1,21623.0
2270,1064,Leisure,2025-02-22,2025-02-23,Standard,1,12077.0
2271,1113,Travel Agency,2025-02-22,2025-02-25,Deluxe,1,18374.0
2272,1061,Leisure,2025-02-22,2025-02-23,Standard,1,12805.0
2273,1056,Corporate,2025-02-22,2025-02-23,Deluxe,1,16090.0
2274,1050,Corporate,2025-02-22,2025-02-23,Standard,1,11413.0
2275,1072,Leisure,2025-02-22,2025-02-24,Family,1,25068.0
2276,1078,Leisure,2025-02-22,2025-02-23,Standard,1,13065.0
2277,1095,Corporate,2025-02-22,2025-02-27,Deluxe,1,17211.0
2278,1056,Travel Agency,2025-02-22,2025-02-26,Family,1,23036.0
2279,1024,Corporate,2025-02-22,2025-02-24,Standard,1,11432.0
2280,1001,Travel Agency,2025-02-22,2025-02-24,Deluxe,1,17555.0
2281,1049,Leisure,2025-02-22,2025-02-24,Deluxe,1,18350.0
2282,1030,Leisure,2025-02-22,2025-02-23,Standard,1,12331.0
2283,1115,Leisure,2025-02-22,2025-02-23,Standard,1,14363.0
2284,1097,Event Group,2025-02-22,2025-02-24,Deluxe,1,18082.0
2285,1095,Travel Agency,2025-02-22,2025-02-23,Standard,1,13622.0
2286,1041,Leisure,2025-02-22,2025-02-25,Family,1,24565.0
2287,1036,Corporate,2025-02-22,2025-02-23,Standard,1,14700.0
2288,1078,Corporate,2025-02-22,2025-02-23,Deluxe,1,19459.0
2289,1019,Leisure,2025-02-22,2025-02-26,Deluxe,1,17975.0
2290,1006,Leisure,2025-02-22,2025-02-24,Standard,1,13317.0
2291,1001,Travel Agency,2025-02-22,2025-02-24,Family,1,27686.0
2292,1055,Leisure,2025-02-22,2025-02-25,Deluxe,1,17689.0
2293,1038,Travel Agency,2025-02-22,2025-02-24,Deluxe,1,21907.0
2294,1064,Travel Agency,2025-02-22,2025-02-25,Family,1,28394.0
2295,1094,Event Group,2025-02-22,2025-02-26,Standard,1,14102.0
2296,1010,Travel Agency,2025-02-22,2025-02-27,Deluxe,1,18362.0
2297,1081,Corporate,2025-02-22,2025-02-24,Standard,1,11933.0
2298,1005,Corporate,2025-02-22,2025-02-25,Deluxe,1,17219.0
2299,1041,Travel Agency,2025-02-22,2025-02-26,Standard,1,10674.0
2300,1081,Travel Agency,2025-02-22,2025-02-24,Standard,1,10915.0
2301,1121,Leisure,2025-02-22,2025-02-23,Standard,1,10891.0
2302,1064,Leisure,2025-02-22,2025-02-23,Standard,1,12002.0
2303,1122,Travel Agency,2025-02-22,2025-02-23,Standard,1,12713.0
2304,1079,Corporate,2025-02-22,2025-02-25,Deluxe,1,16834.0
2305,1034,Leisure,2025-02-22,2025-02-23,Standard,1,13121.0
2306,1123,Corporate,2025-02-22,2025-02-24,Deluxe,1,17348.0
2307,1038,Corporate,2025-02-22,2025-02-23,Standard,1,13663.0
2308,1038,Leisure,2025-02-22,2025-02-24,Deluxe,1,16894.0
2309,1097,Travel Agency,2025-02-22,2025-02-23,Standard,1,11919.0
2310,1023,Leisure,2025-02-22,2025-02-24,Deluxe,1,18425.0
2311,1090,Corporate,2025-02-22,2025-02-23,Standard,1,13714.0
2312,1077,Travel Agency,2025-02-22,2025-02-23,Standard,1,13734.0
2313,1101,Corporate,2025-02-23,2025-02-24,Standard,1,10527.0
2314,1087,Leisure,2025-02-23,2025-02-25,Standard,1,12550.0
2315,1035,Leisure,2025-02-23,2025-02-25,Standard,1,10854.0
2316,1006,Leisure,2025-02-23,2025-02-24,Deluxe,1,20331.0
2317,1081,Leisure,2025-02-23,2025-02-25,Standard,1,12994.0
2318,1017,Leisure,2025-02-23,2025-02-28,Standard,1,13245.0
2319,1091,Leisure,2025-02-23,2025-02-24,Deluxe,1,18607.0
2320,1009,Travel Agency,2025-02-23,2025-02-25,Standard,1,12233.0
2321,1069,Leisure,2025-02-23,2025-02-25,Deluxe,1,18674.0
2322,1021,Corporate,2025-02-23,2025-02-26,Standard,1,13211.0
2323,1005,Corporate,2025-02-23,2025-02-24,Family,1,24798.0
2324,1065,Leisure,2025-02-23,2025-02-26,Suite,1,26123.0
2325,1099,Corporate,2025-02-23,2025-02-25,Standard,1,12417.0
2326,1105,Travel Agency,2025-02-23,2025-02-24,Deluxe,1,19409.0
2327,1011,Corporate,2025-02-23,2025-02-26,Suite,1,32078.0
2328,1094,Leisure,2025-02-23,2025-02-25,Standard,1,11849.0
2329,1095,Travel Agency,2025-02-23,2025-02-24,Standard,1,12191.0
2330,1110,Travel Agency,2025-02-23,2025-02-25,Deluxe,1,17883.0
2331,1026,Leisure,2025-02-23,2025-02-24,Standard,1,13451.0
2332,1049,Leisure,2025-02-23,2025-02-28,Standard,1,12769.0
2333,1117,Event Group,2025-02-23,2025-02-24,Standard,1,11571.0
2334,1064,Leisure,2025-02-23,2025-02-25,Deluxe,1,17767.0
2335,1074,Travel Agency,2025-02-23,2025-02-28,Deluxe,1,18043.0
2336,1048,Corporate,2025-02-23,2025-02-25,Family,1,23134.0
2337,1011,Corporate,2025-02-23,2025-02-24,Standard,1,13533.0
2338,1063,Travel Agency,2025-02-23,2025-02-24,Standard,1,13771.0
2339,1108,Leisure,2025-02-23,2025-02-24,Deluxe,1,19342.0
2340,1033,Travel Agency,2025-02-23,2025-02-24,Deluxe,1,16875.0
2341,1077,Travel Agency,2025-02-23,2025-02-26,Standard,1,14156.0
2342,1097,Leisure,2025-02-23,2025-02-24,Standard,1,13002.0
2343,1060,Leisure,2025-02-23,2025-02-25,Deluxe,1,19445.0
2344,1094,Travel Agency,2025-02-23,2025-02-25,Deluxe,1,18128.0
2345,1021,Leisure,2025-02-23,2025-02-24,Standard,1,11441.0
2346,1114,Corporate,2025-02-24,2025-02-25,Deluxe,1,18894.0
2347,1063,Travel Agency,2025-02-24,2025-02-25,Standard,1,12287.0
2348,1038,Leisure,2025-02-24,2025-02-28,Standard,1,13155.0
2349,1042,Corporate,2025-02-24,2025-02-28,Deluxe,1,18443.0
2350,1027,Leisure,2025-02-24,2025-02-26,Deluxe,1,19529.0
2351,1078,Leisure,2025-02-24,2025-03-01,Suite,1,34635.0
2352,1110,Event Group,2025-02-24,2025-02-26,Standard,1,14098.0
2353,1061,Leisure,2025-02-24,2025-02-25,Family,1,23871.0
2354,1040,Corporate,2025-02-24,2025-02-26,Standard,1,15186.0
2355,1059,Corporate,2025-02-24,2025-02-25,Deluxe,1,20053.0
2356,1072,Leisure,2025-02-24,2025-02-25,Standard,1,13171.0
2357,1025,Corporate,2025-02-24,2025-02-25,Family,1,26865.0
2358,1080,Travel Agency,2025-02-24,2025-02-27,Standard,1,11904.0
2359,1083,Leisure,2025-02-24,2025-02-28,Deluxe,1,17763.0
2360,1034,Corporate,2025-02-24,2025-02-25,Deluxe,1,18255.0
2361,1083,Leisure,2025-02-24,2025-02-25,Deluxe,1,17216.0
2362,1104,Travel Agency,2025-02-24,2025-02-25,Deluxe,1,17407.0
2363,1027,Travel Agency,2025-02-24,2025-02-26,Deluxe,1,17751.0
2364,1019,Event Group,2025-02-24,2025-02-27,Standard,1,14183.0
2365,1010,Corporate,2025-02-24,2025-02-26,Standard,1,13641.0
2366,1042,Leisure,2025-02-24,2025-02-25,Family,1,22520.0
2367,1051,Corporate,2025-02-24,2025-02-27,Standard,1,13204.0
2368,1068,Leisure,2025-02-24,2025-02-26,Standard,1,12185.0
2369,1022,Corporate,2025-02-24,2025-02-26,Standard,1,13788.0
2370,1063,Leisure,2025-02-24,2025-02-27,Family,1,26689.0
2371,1116,Corporate,2025-02-24,2025-02-25,Deluxe,1,16806.0
2372,1086,Corporate,2025-02-24,2025-02-25,Standard,1,11897.0
2373,1113,Leisure,2025-02-24,2025-02-26,Standard,1,13497.0
2374,1002,Leisure,2025-02-24,2025-02-28,Family,1,26749.0
2375,1076,Corporate,2025-02-24,2025-02-26,Standard,1,14165.0
2376,1078,Leisure,2025-02-24,2025-02-25,Standard,1,12596.0
2377,1051,Leisure,2025-02-24,2025-02-26,Standard,1,14933.0
2378,1106,Corporate,2025-02-24,2025-02-27,Standard,1,10748.0
2379,1078,Leisure,2025-02-24,2025-02-27,Standard,1,10741.0
2380,1104,Leisure,2025-02-24,2025-02-26,Deluxe,1,20134.0
2381,1092,Leisure,2025-02-24,2025-02-26,Standard,1,11457.0
2382,1109,Travel Agency,2025-02-24,2025-02-27,Standard,1,13365.0
2383,1041,Leisure,2025-02-24,2025-02-26,Standard,1,13427.0
2384,1003,Event Group,2025-02-24,2025-02-26,Standard,1,13130.0
2385,1115,Travel Agency,2025-02-24,2025-02-27,Standard,1,13961.0
2386,1121,Leisure,2025-02-24,2025-02-28,Deluxe,1,20067.0
2387,1008,Leisure,2025-02-24,2025-02-26,Deluxe,1,17792.0
2388,1057,Leisure,2025-02-24,2025-02-27,Standard,1,12594.0
2389,1053,Leisure,2025-02-24,2025-02-26,Standard,1,12230.0
2390,1045,Travel Agency,2025-02-24,2025-02-27,Standard,1,13459.0
2391,1012,Travel Agency,2025-02-24,2025-02-26,Standard,1,12666.0
2392,1024,Corporate,2025-02-24,2025-02-26,Deluxe,1,20405.0
2393,1022,Corporate,2025-02-24,2025-02-26,Standard,1,13532.0
2394,1032,Leisure,2025-02-24,2025-02-25,Suite,1,35807.0
2395,1111,Event Group,2025-02-24,2025-02-27,Standard,1,13444.0
2396,1023,Corporate,2025-02-24,2025-02-27,Standard,1,14145.0
2397,1026,Leisure,2025-02-25,2025-02-27,Standard,1,13062.0
2398,1034,Leisure,2025-02-25,2025-02-26,Standard,1,11955.0
2399,1107,Leisure,2025-02-25,2025-02-27,Standard,1,12823.0
2400,1107,Corporate,2025-02-25,2025-02-28,Deluxe,1,16627.0
2401,1083,Leisure,2025-02-25,2025-02-26,Deluxe,1,19969.0
2402,1090,Corporate,2025-02-25,2025-02-28,Suite,1,32092.0
2403,1027,Travel Agency,2025-02-25,2025-02-27,Family,1,25011.0
2404,1015,Corporate,2025-02-25,2025-02-27,Standard,1,13856.0
2405,1073,Leisure,2025-02-25,2025-02-27,Deluxe,1,17127.0
2406,1090,Corporate,2025-02-25,2025-02-27,Standard,1,12833.0
2407,1044,Travel Agency,2025-02-25,2025-02-27,Standard,1,13274.0
2408,1040,Travel Agency,2025-02-25,2025-02-26,Deluxe,1,19805.0
2409,1076,Travel Agency,2025-02-25,2025-02-27,Standard,1,11350.0
2410,1107,Leisure,2025-02-25,2025-02-27,Deluxe,1,19162.0
2411,1006,Leisure,2025-02-25,2025-02-28,Standard,1,11631.0
2412,1116,Travel Agency,2025-02-25,2025-03-01,Family,1,25524.0
2413,1076,Leisure,2025-02-25,2025-02-26,Family,1,24978.0
2414,1114,Event Group,2025-02-25,2025-02-27,Standard,1,13969.0
2415,1018,Leisure,2025-02-25,2025-02-28,Deluxe,1,20219.0
2416,1125,Event Group,2025-02-25,2025-02-26,Standard,1,12257.0
2417,1059,Corporate,2025-02-25,2025-02-28,Standard,1,12073.0
2418,1039,Travel Agency,2025-02-25,2025-02-26,Standard,1,13487.0
2419,1020,Travel Agency,2025-02-25,2025-02-26,Standard,1,11153.0
2420,1062,Leisure,2025-02-25,2025-02-28,Deluxe,1,19317.0
2421,1061,Leisure,2025-02-25,2025-02-26,Standard,1,12100.0
2422,1098,Leisure,2025-02-25,2025-02-28,Deluxe,1,19028.0
2423,1042,Corporate,2025-02-25,2025-02-27,Family,1,27179.0
2424,1055,Leisure,2025-02-25,2025-02-28,Family,1,24491.0
2425,1004,Leisure,2025-02-25,2025-02-27,Deluxe,1,16517.0
2426,1048,Travel Agency,2025-02-25,2025-02-27,Standard,1,10300.0
2427,1010,Corporate,2025-02-25,2025-02-27,Standard,1,11822.0
2428,1028,Corporate,2025-02-25,2025-02-26,Deluxe,1,17534.0
2429,1040,Leisure,2025-02-25,2025-02-26,Standard,1,12897.0
2430,1123,Corporate,2025-02-25,2025-02-28,Standard,1,13173.0
2431,1104,Leisure,2025-02-25,2025-02-26,Family,1,24345.0
2432,1111,Corporate,2025-02-25,2025-02-28,Standard,1,12598.0
2433,1088,Corporate,2025-02-25,2025-02-28,Standard,1,13481.0
2434,1052,Event Group,2025-02-25,2025-02-27,Standard,1,13521.0
2435,1104,Leisure,2025-02-25,2025-02-26,Standard,1,12625.0
2436,1061,Leisure,2025-02-25,2025-02-27,Suite,1,30923.0
2437,1055,Event Group,2025-02-25,2025-02-28,Deluxe,1,19106.0
2438,1020,Leisure,2025-02-25,2025-02-27,Deluxe,1,18996.0
2439,1079,Leisure,2025-02-25,2025-03-01,Standard,1,12590.0
2440,1037,Corporate,2025-02-25,2025-02-27,Deluxe,1,20168.0
2441,1048,Leisure,2025-02-25,2025-03-01,Standard,1,13952.0
2442,1105,Corporate,2025-02-25,2025-02-26,Standard,1,13074.0
2443,1039,Corporate,2025-02-25,2025-02-26,Standard,1,11695.0
2444,1032,Leisure,2025-02-26,2025-02-28,Deluxe,1,20748.0
2445,1019,Corporate,2025-02-26,2025-02-28,Standard,1,13028.0
2446,1032,Corporate,2025-02-26,2025-02-28,Deluxe,1,20615.0
2447,1106,Event Group,2025-02-26,2025-03-02,Family,1,24756.0
2448,1093,Corporate,2025-02-26,2025-02-28,Deluxe,1,17822.0
2449,1093,Leisure,2025-02-26,2025-03-02,Deluxe,1,18994.0
2450,1122,Travel Agency,2025-02-26,2025-03-02,Standard,1,12460.0
2451,1011,Travel Agency,2025-02-26,2025-03-01,Deluxe,1,18547.0
2452,1039,Corporate,2025-02-26,2025-02-28,Suite,1,32918.0
2453,1089,Travel Agency,2025-02-26,2025-02-28,Deluxe,1,19469.0
2454,1096,Leisure,2025-02-26,2025-02-28,Suite,1,32386.0
2455,1006,Leisure,2025-02-26,2025-02-27,Deluxe,1,16826.0
2456,1003,Leisure,2025-02-26,2025-03-02,Deluxe,1,18186.0
2457,1060,Corporate,2025-02-26,2025-03-01,Suite,1,34808.0
2458,1042,Corporate,2025-02-26,2025-03-03,Deluxe,1,18450.0
2459,1078,Leisure,2025-02-26,2025-02-28,Standard,1,12840.0
2460,1120,Leisure,2025-02-26,2025-02-28,Suite,1,30986.0
2461,1106,Corporate,2025-02-26,2025-02-27,Deluxe,1,19686.0
2462,1087,Travel Agency,2025-02-26,2025-02-28,Standard,1,13033.0
2463,1074,Leisure,2025-02-26,2025-02-28,Standard,1,14168.0
2464,1068,Leisure,2025-02-26,2025-02-28,Family,1,24522.0
2465,1087,Corporate,2025-02-26,2025-02-27,Standard,1,13220.0
2466,1054,Leisure,2025-02-26,2025-02-27,Standard,1,11723.0
2467,1072,Event Group,2025-02-26,2025-02-27,Family,1,23462.0
2468,1122,Leisure,2025-02-26,2025-03-03,Deluxe,1,17004.0
2469,1015,Corporate,2025-02-26,2025-02-27,Suite,1,31612.0
2470,1052,Corporate,2025-02-26,2025-02-27,Deluxe,1,18813.0
2471,1116,Corporate,2025-02-26,2025-02-28,Deluxe,1,16039.0
2472,1123,Leisure,2025-02-26,2025-02-27,Deluxe,1,20810.0
2473,1069,Leisure,2025-02-26,2025-02-28,Deluxe,1,20285.0
2474,1058,Leisure,2025-02-26,2025-03-02,Standard,1,10805.0
2475,1001,Leisure,2025-02-26,2025-03-02,Standard,1,13076.0
2476,1050,Leisure,2025-02-26,2025-02-27,Deluxe,1,19906.0
2477,1025,Leisure,2025-02-26,2025-02-28,Deluxe,1,21235.0
2478,1077,Corporate,2025-02-26,2025-02-28,Deluxe,1,14435.0
2479,1079,Corporate,2025-02-26,2025-02-28,Deluxe,1,14680.0
2480,1096,Leisure,2025-02-26,2025-02-28,Standard,1,13469.0
2481,1066,Leisure,2025-02-26,2025-03-01,Deluxe,1,19166.0
2482,1023,Corporate,2025-02-26,2025-03-02,Family,1,22494.0
2483,1017,Corporate,2025-02-26,2025-03-01,Standard,1,14162.0
2484,1078,Corporate,2025-02-26,2025-03-02,Standard,1,11914.0
2485,1060,Corporate,2025-02-26,2025-02-27,Standard,1,12833.0
2486,1021,Leisure,2025-02-26,2025-02-27,Deluxe,1,16783.0
2487,1096,Corporate,2025-02-26,2025-03-01,Standard,1,14635.0
2488,1010,Travel Agency,2025-02-26,2025-03-01,Standard,1,14664.0
2489,1069,Travel Agency,2025-02-26,2025-03-03,Suite,1,32056.0
2490,1062,Leisure,2025-02-26,2025-03-01,Standard,1,12433.0
2491,1006,Travel Agency,2025-02-27,2025-02-28,Suite,1,34156.0
2492,1084,Leisure,2025-02-27,2025-03-02,Standard,1,11216.0
2493,1075,Corporate,2025-02-27,2025-03-02,Standard,1,13626.0
2494,1053,Corporate,2025-02-27,2025-02-28,Deluxe,1,16368.0
2495,1043,Corporate,2025-02-27,2025-02-28,Deluxe,1,17253.0
2496,1063,Travel Agency,2025-02-27,2025-02-28,Deluxe,1,18526.0
2497,1058,Leisure,2025-02-27,2025-03-02,Deluxe,1,17908.0
2498,1098,Leisure,2025-02-27,2025-03-01,Deluxe,1,17176.0
2499,1092,Corporate,2025-02-27,2025-03-01,Standard,1,13601.0
2500,1082,Corporate,2025-02-27,2025-03-03,Standard,1,11759.0
2501,1017,Leisure,2025-02-27,2025-03-02,Standard,1,13684.0
2502,1082,Leisure,2025-02-27,2025-02-28,Standard,1,14160.0
2503,1047,Leisure,2025-02-27,2025-03-03,Standard,1,12744.0
2504,1052,Event Group,2025-02-27,2025-03-02,Deluxe,1,18584.0
2505,1065,Event Group,2025-02-27,2025-03-03,Standard,1,11817.0
2506,1063,Travel Agency,2025-02-27,2025-03-01,Standard,1,11592.0
2507,1086,Leisure,2025-02-27,2025-03-03,Deluxe,1,16968.0
2508,1029,Corporate,2025-02-27,2025-02-28,Family,1,25499.0
2509,1064,Leisure,2025-02-27,2025-03-01,Standard,1,13140.0
2510,1108,Travel Agency,2025-02-27,2025-03-03,Standard,1,13108.0
2511,1047,Travel Agency,2025-02-27,2025-03-02,Deluxe,1,20342.0
2512,1043,Corporate,2025-02-27,2025-03-01,Deluxe,1,16954.0
2513,1011,Event Group,2025-02-27,2025-02-28,Deluxe,1,19443.0
2514,1032,Leisure,2025-02-27,2025-02-28,Family,1,23235.0
2515,1030,Corporate,2025-02-27,2025-03-02,Standard,1,14490.0
2516,1078,Corporate,2025-02-27,2025-03-01,Deluxe,1,17268.0
2517,1116,Travel Agency,2025-02-27,2025-02-28,Standard,1,12414.0
2518,1030,Corporate,2025-02-27,2025-03-01,Family,1,20804.0
2519,1007,Leisure,2025-02-27,2025-03-02,Standard,1,14355.0
2520,1015,Corporate,2025-02-27,2025-03-01,Standard,1,13860.0
2521,1039,Corporate,2025-02-27,2025-03-01,Standard,1,11493.0
2522,1015,Travel Agency,2025-02-27,2025-03-01,Deluxe,1,17341.0
2523,1097,Leisure,2025-02-27,2025-03-01,Deluxe,1,16628.0
2524,1077,Travel Agency,2025-02-27,2025-02-28,Standard,1,11888.0
2525,1083,Leisure,2025-02-27,2025-03-01,Standard,1,11828.0
2526,1036,Corporate,2025-02-27,2025-03-03,Standard,1,12737.0
2527,1024,Leisure,2025-02-27,2025-03-01,Deluxe,1,20292.0
2528,1061,Event Group,2025-02-27,2025-02-28,Deluxe,1,19995.0
2529,1111,Travel Agency,2025-02-27,2025-02-28,Deluxe,1,18095.0
2530,1024,Leisure,2025-02-27,2025-03-01,Standard,1,12251.0
2531,1099,Corporate,2025-02-27,2025-02-28,Standard,1,12346.0
2532,1079,Corporate,2025-02-27,2025-02-28,Deluxe,1,19576.0
2533,1022,Leisure,2025-02-27,2025-03-02,Standard,1,13013.0
2534,1084,Corporate,2025-02-28,2025-03-02,Family,1,30795.0
2535,1030,Leisure,2025-02-28,2025-03-02,Deluxe,1,17285.0
2536,1043,Travel Agency,2025-02-28,2025-03-02,Family,1,24926.0
2537,1040,Corporate,2025-02-28,2025-03-03,Deluxe,1,19178.0
2538,1124,Leisure,2025-02-28,2025-03-02,Standard,1,12729.0
2539,1059,Corporate,2025-02-28,2025-03-02,Standard,1,11623.0
2540,1038,Leisure,2025-02-28,2025-03-01,Deluxe,1,19001.0
2541,1049,Leisure,2025-02-28,2025-03-01,Suite,1,36154.0
2542,1110,Corporate,2025-02-28,2025-03-02,Standard,1,12911.0
2543,1093,Corporate,2025-02-28,2025-03-01,Standard,1,13818.0
2544,1085,Leisure,2025-02-28,2025-03-03,Standard,1,12955.0
2545,1032,Leisure,2025-02-28,2025-03-05,Standard,1,12594.0
2546,1036,Leisure,2025-02-28,2025-03-02,Standard,1,13812.0
2547,1061,Corporate,2025-02-28,2025-03-02,Deluxe,1,19651.0
2548,1020,Leisure,2025-02-28,2025-03-03,Standard,1,12815.0
2549,1072,Leisure,2025-02-28,2025-03-02,Family,1,23234.0
2550,1068,Leisure,2025-02-28,2025-03-01,Standard,1,12713.0
2551,1099,Corporate,2025-02-28,2025-03-03,Suite,1,30204.0
2552,1116,Leisure,2025-02-28,2025-03-03,Standard,1,11874.0
2553,1042,Corporate,2025-02-28,2025-03-03,Suite,1,36846.0
2554,1033,Leisure,2025-02-28,2025-03-02,Standard,1,11957.0
2555,1083,Corporate,2025-02-28,2025-03-04,Deluxe,1,16336.0
2556,1117,Leisure,2025-02-28,2025-03-02,Standard,1,13835.0
2557,1005,Leisure,2025-02-28,2025-03-02,Family,1,26038.0
2558,1043,Leisure,2025-02-28,2025-03-04,Family,1,23699.0
2559,1125,Leisure,2025-02-28,2025-03-03,Deluxe,1,18110.0
2560,1074,Corporate,2025-02-28,2025-03-01,Deluxe,1,15536.0
2561,1097,Event Group,2025-02-28,2025-03-02,Family,1,24965.0
2562,1095,Travel Agency,2025-02-28,2025-03-03,Standard,1,10576.0
2563,1074,Corporate,2025-02-28,2025-03-01,Standard,1,13104.0
2564,1003,Leisure,2025-02-28,2025-03-02,Standard,1,13110.0
2565,1050,Leisure,2025-02-28,2025-03-01,Standard,1,11676.0
2566,1087,Leisure,2025-02-28,2025-03-01,Standard,1,12610.0
2567,1026,Leisure,2025-02-28,2025-03-02,Deluxe,1,19444.0
2568,1020,Leisure,2025-02-28,2025-03-02,Deluxe,1,20560.0
2569,1013,Corporate,2025-02-28,2025-03-01,Standard,1,11261.0
2570,1123,Travel Agency,2025-02-28,2025-03-02,Standard,1,12882.0
2571,1085,Event Group,2025-02-28,2025-03-04,Standard,1,11410.0
2572,1028,Leisure,2025-02-28,2025-03-01,Standard,1,12336.0
2573,1121,Travel Agency,2025-02-28,2025-03-01,Suite,1,38192.0
2574,1095,Leisure,2025-02-28,2025-03-03,Standard,1,11082.0
2575,1026,Leisure,2025-02-28,2025-03-01,Standard,1,13226.0
2576,1117,Travel Agency,2025-02-28,2025-03-02,Standard,1,13174.0
2577,1027,Corporate,2025-02-28,2025-03-02,Deluxe,1,18903.0
2578,1025,Leisure,2025-02-28,2025-03-02,Standard,1,12648.0
2579,1062,Leisure,2025-02-28,2025-03-01,Standard,1,11767.0
2580,1052,Leisure,2025-02-28,2025-03-01,Standard,1,14473.0
2581,1040,Leisure,2025-02-28,2025-03-01,Family,1,25466.0
2582,1011,Travel Agency,2025-02-28,2025-03-02,Suite,1,28946.0
2583,1094,Travel Agency,2025-03-01,2025-03-04,Deluxe,1,17359.0
2584,1032,Corporate,2025-03-01,2025-03-02,Deluxe,1,14696.0
2585,1005,Leisure,2025-03-01,2025-03-02,Standard,1,10468.0
2586,1085,Travel Agency,2025-03-01,2025-03-04,Standard,1,10588.0
2587,1067,Travel Agency,2025-03-01,2025-03-03,Standard,1,9471.0
2588,1024,Travel Agency,2025-03-01,2025-03-04,Family,1,20277.0
2589,1052,Travel Agency,2025-03-01,2025-03-05,Standard,1,10426.0
2590,1042,Corporate,2025-03-01,2025-03-05,Deluxe,1,14546.0
2591,1019,Corporate,2025-03-01,2025-03-02,Standard,1,8631.0
2592,1077,Leisure,2025-03-01,2025-03-02,Family,1,20276.0
2593,1054,Corporate,2025-03-01,2025-03-02,Deluxe,1,13925.0
2594,1054,Leisure,2025-03-01,2025-03-02,Family,1,20715.0
2595,1040,Corporate,2025-03-01,2025-03-03,Family,1,18004.0
2596,1042,Corporate,2025-03-01,2025-03-05,Standard,1,9219.0
2597,1096,Leisure,2025-03-01,2025-03-03,Deluxe,1,14124.0
2598,1066,Corporate,2025-03-01,2025-03-03,Suite,1,22953.0
2599,1052,Corporate,2025-03-01,2025-03-05,Standard,1,10207.0
2600,1033,Corporate,2025-03-01,2025-03-03,Standard,1,10075.0
2601,1067,Leisure,2025-03-01,2025-03-04,Standard,1,11061.0
2602,1116,Corporate,2025-03-01,2025-03-06,Deluxe,1,14121.0
2603,1005,Leisure,2025-03-01,2025-03-03,Standard,1,8275.0
2604,1102,Leisure,2025-03-01,2025-03-04,Deluxe,1,13113.0
2605,1021,Corporate,2025-03-01,2025-03-02,Standard,1,11277.0
2606,1110,Leisure,2025-03-01,2025-03-02,Standard,1,10200.0
2607,1028,Travel Agency,2025-03-01,2025-03-03,Standard,1,9131.0
2608,1096,Leisure,2025-03-01,2025-03-02,Standard,1,9495.0
2609,1033,Event Group,2025-03-01,2025-03-04,Standard,1,9028.0
2610,1059,Travel Agency,2025-03-01,2025-03-05,Standard,1,11328.0
2611,1047,Leisure,2025-03-01,2025-03-04,Deluxe,1,13987.0
2612,1013,Leisure,2025-03-01,2025-03-02,Standard,1,9866.0
2613,1112,Corporate,2025-03-01,2025-03-03,Standard,1,9270.0
2614,1121,Leisure,2025-03-01,2025-03-03,Standard,1,9693.0
2615,1066,Leisure,2025-03-01,2025-03-05,Standard,1,8392.0
2616,1003,Corporate,2025-03-01,2025-03-04,Standard,1,11032.0
2617,1068,Leisure,2025-03-01,2025-03-04,Standard,1,10091.0
2618,1030,Leisure,2025-03-01,2025-03-04,Deluxe,1,12944.0
2619,1082,Corporate,2025-03-01,2025-03-06,Deluxe,1,15344.0
2620,1097,Travel Agency,2025-03-01,2025-03-03,Deluxe,1,15862.0
2621,1007,Event Group,2025-03-01,2025-03-03,Deluxe,1,13712.0
2622,1116,Corporate,2025-03-01,2025-03-05,Family,1,20289.0
2623,1039,Leisure,2025-03-01,2025-03-03,Deluxe,1,13596.0
2624,1040,Leisure,2025-03-01,2025-03-02,Standard,1,11039.0
2625,1018,Leisure,2025-03-01,2025-03-04,Standard,1,11113.0
2626,1104,Travel Agency,2025-03-01,2025-03-04,Standard,1,10442.0
2627,1076,Leisure,2025-03-01,2025-03-06,Family,1,20689.0
2628,1124,Corporate,2025-03-01,2025-03-04,Standard,1,10595.0
2629,1087,Leisure,2025-03-01,2025-03-02,Family,1,19484.0
2630,1098,Leisure,2025-03-01,2025-03-03,Standard,1,8860.0
2631,1077,Leisure,2025-03-01,2025-03-03,Standard,1,8555.0
2632,1016,Corporate,2025-03-01,2025-03-04,Standard,1,9693.0
2633,1093,Corporate,2025-03-01,2025-03-03,Deluxe,1,15809.0
2634,1049,Event Group,2025-03-01,2025-03-02,Standard,1,8993.0
2635,1091,Leisure,2025-03-01,2025-03-02,Suite,1,24106.0
2636,1029,Travel Agency,2025-03-01,2025-03-04,Deluxe,1,14714.0
2637,1031,Leisure,2025-03-01,2025-03-02,Deluxe,1,16632.0
2638,1124,Travel Agency,2025-03-01,2025-03-04,Family,1,19006.0
2639,1094,Travel Agency,2025-03-02,2025-03-05,Standard,1,10011.0
2640,1046,Leisure,2025-03-02,2025-03-03,Standard,1,8581.0
2641,1032,Travel Agency,2025-03-02,2025-03-03,Standard,1,10629.0
2642,1106,Leisure,2025-03-02,2025-03-03,Deluxe,1,14008.0
2643,1049,Travel Agency,2025-03-02,2025-03-04,Deluxe,1,18343.0
2644,1108,Leisure,2025-03-02,2025-03-06,Deluxe,1,14931.0
2645,1016,Leisure,2025-03-02,2025-03-07,Suite,1,25452.0
2646,1105,Leisure,2025-03-02,2025-03-03,Family,1,19255.0
2647,1101,Leisure,2025-03-02,2025-03-05,Standard,1,8857.0
2648,1104,Travel Agency,2025-03-02,2025-03-04,Standard,1,10677.0
2649,1004,Leisure,2025-03-02,2025-03-05,Deluxe,1,14670.0
2650,1053,Leisure,2025-03-02,2025-03-03,Standard,1,9587.0
2651,1033,Travel Agency,2025-03-02,2025-03-05,Suite,1,26674.0
2652,1101,Leisure,2025-03-02,2025-03-05,Standard,1,10523.0
2653,1034,Event Group,2025-03-02,2025-03-04,Standard,1,9763.0
2654,1095,Leisure,2025-03-02,2025-03-03,Deluxe,1,15489.0
2655,1109,Travel Agency,2025-03-02,2025-03-03,Standard,1,9034.0
2656,1124,Leisure,2025-03-02,2025-03-03,Deluxe,1,12376.0
2657,1093,Corporate,2025-03-02,2025-03-05,Standard,1,9559.0
2658,1026,Leisure,2025-03-02,2025-03-04,Standard,1,9048.0
2659,1104,Leisure,2025-03-02,2025-03-05,Standard,1,8877.0
2660,1025,Corporate,2025-03-02,2025-03-04,Standard,1,9970.0
2661,1072,Leisure,2025-03-02,2025-03-06,Deluxe,1,14580.0
2662,1012,Corporate,2025-03-02,2025-03-04,Standard,1,9668.0
2663,1052,Travel Agency,2025-03-02,2025-03-04,Standard,1,9687.0
2664,1050,Leisure,2025-03-02,2025-03-03,Family,1,19286.0
2665,1114,Travel Agency,2025-03-02,2025-03-07,Standard,1,10236.0
2666,1106,Event Group,2025-03-02,2025-03-04,Suite,1,24556.0
2667,1036,Leisure,2025-03-02,2025-03-04,Standard,1,10405.0
2668,1057,Leisure,2025-03-02,2025-03-03,Standard,1,10213.0
2669,1032,Corporate,2025-03-02,2025-03-03,Deluxe,1,16705.0
2670,1073,Leisure,2025-03-02,2025-03-06,Family,1,17927.0
2671,1116,Leisure,2025-03-03,2025-03-04,Standard,1,9063.0
2672,1047,Leisure,2025-03-03,2025-03-06,Family,1,21023.0
2673,1041,Leisure,2025-03-03,2025-03-04,Suite,1,29035.0
2674,1042,Leisure,2025-03-03,2025-03-04,Deluxe,1,12809.0
2675,1118,Corporate,2025-03-03,2025-03-08,Family,1,18992.0
2676,1041,Leisure,2025-03-03,2025-03-05,Suite,1,24948.0
2677,1125,Corporate,2025-03-03,2025-03-06,Standard,1,9186.0
2678,1074,Leisure,2025-03-03,2025-03-08,Deluxe,1,15861.0
2679,1022,Leisure,2025-03-03,2025-03-05,Suite,1,24580.0
2680,1115,Leisure,2025-03-03,2025-03-05,Standard,1,9743.0
2681,1093,Corporate,2025-03-03,2025-03-07,Standard,1,9779.0
2682,1004,Travel Agency,2025-03-03,2025-03-04,Standard,1,9635.0
2683,1028,Leisure,2025-03-03,2025-03-05,Deluxe,1,17556.0
2684,1039,Leisure,2025-03-03,2025-03-04,Deluxe,1,13213.0
2685,1070,Travel Agency,2025-03-03,2025-03-05,Standard,1,10317.0
2686,1125,Travel Agency,2025-03-03,2025-03-05,Family,1,19507.0
2687,1079,Leisure,2025-03-03,2025-03-06,Deluxe,1,16716.0
2688,1025,Corporate,2025-03-03,2025-03-05,Standard,1,11389.0
2689,1084,Travel Agency,2025-03-03,2025-03-05,Standard,1,10115.0
2690,1013,Leisure,2025-03-03,2025-03-06,Family,1,20705.0
2691,1090,Event Group,2025-03-03,2025-03-05,Family,1,18568.0
2692,1040,Corporate,2025-03-03,2025-03-06,Standard,1,10427.0
2693,1052,Travel Agency,2025-03-03,2025-03-06,Standard,1,9394.0
2694,1011,Leisure,2025-03-03,2025-03-05,Standard,1,9901.0
2695,1072,Leisure,2025-03-03,2025-03-06,Standard,1,10972.0
2696,1124,Corporate,2025-03-03,2025-03-05,Standard,1,10038.0
2697,1073,Leisure,2025-03-03,2025-03-04,Family,1,18816.0
2698,1025,Event Group,2025-03-03,2025-03-07,Deluxe,1,16339.0
2699,1088,Leisure,2025-03-03,2025-03-05,Deluxe,1,14914.0
2700,1115,Leisure,2025-03-03,2025-03-05,Family,1,19692.0
2701,1057,Travel Agency,2025-03-03,2025-03-06,Standard,1,8448.0
2702,1123,Leisure,2025-03-03,2025-03-04,Standard,1,9833.0
2703,1088,Event Group,2025-03-03,2025-03-04,Suite,1,26084.0
2704,1064,Travel Agency,2025-03-03,2025-03-05,Standard,1,9750.0
2705,1085,Leisure,2025-03-03,2025-03-04,Standard,1,9445.0
2706,1015,Leisure,2025-03-03,2025-03-05,Deluxe,1,15482.0
2707,1063,Event Group,2025-03-04,2025-03-05,Standard,1,9646.0
2708,1104,Leisure,2025-03-04,2025-03-06,Standard,1,11446.0
2709,1076,Travel Agency,2025-03-04,2025-03-07,Suite,1,22927.0
2710,1074,Leisure,2025-03-04,2025-03-06,Standard,1,9484.0
2711,1083,Travel Agency,2025-03-04,2025-03-06,Deluxe,1,15674.0
2712,1055,Leisure,2025-03-04,2025-03-05,Standard,1,10510.0
2713,1063,Leisure,2025-03-04,2025-03-06,Standard,1,11703.0
2714,1099,Leisure,2025-03-04,2025-03-06,Standard,1,9050.0
2715,1107,Corporate,2025-03-04,2025-03-07,Standard,1,12220.0
2716,1070,Corporate,2025-03-04,2025-03-08,Standard,1,8450.0
2717,1004,Corporate,2025-03-04,2025-03-05,Standard,1,9012.0
2718,1106,Corporate,2025-03-04,2025-03-05,Standard,1,10153.0
2719,1109,Leisure,2025-03-04,2025-03-06,Deluxe,1,14316.0
2720,1122,Leisure,2025-03-04,2025-03-06,Standard,1,10206.0
2721,1092,Leisure,2025-03-04,2025-03-05,Standard,1,9708.0
2722,1027,Leisure,2025-03-04,2025-03-05,Standard,1,11681.0
2723,1116,Corporate,2025-03-04,2025-03-05,Family,1,20150.0
2724,1106,Travel Agency,2025-03-04,2025-03-07,Standard,1,12225.0
2725,1020,Leisure,2025-03-04,2025-03-08,Standard,1,9671.0
2726,1074,Leisure,2025-03-04,2025-03-05,Standard,1,10512.0
2727,1121,Corporate,2025-03-04,2025-03-08,Deluxe,1,13584.0
2728,1053,Corporate,2025-03-04,2025-03-07,Family,1,19198.0
2729,1100,Corporate,2025-03-04,2025-03-07,Standard,1,9136.0
2730,1058,Leisure,2025-03-04,2025-03-06,Deluxe,1,12992.0
2731,1015,Corporate,2025-03-04,2025-03-07,Standard,1,10646.0
2732,1121,Leisure,2025-03-04,2025-03-08,Standard,1,10187.0
2733,1089,Leisure,2025-03-04,2025-03-09,Deluxe,1,15337.0
2734,1016,Corporate,2025-03-04,2025-03-06,Standard,1,9557.0
2735,1012,Corporate,2025-03-04,2025-03-08,Standard,1,9738.0
2736,1014,Corporate,2025-03-04,2025-03-06,Deluxe,1,15696.0
2737,1011,Leisure,2025-03-04,2025-03-05,Standard,1,9875.0
2738,1019,Corporate,2025-03-04,2025-03-07,Deluxe,1,13474.0
2739,1099,Leisure,2025-03-05,2025-03-08,Standard,1,8250.0
2740,1122,Leisure,2025-03-05,2025-03-06,Standard,1,9851.0
2741,1116,Corporate,2025-03-05,2025-03-09,Standard,1,10298.0
2742,1038,Corporate,2025-03-05,2025-03-07,Deluxe,1,15545.0
2743,1004,Leisure,2025-03-05,2025-03-06,Deluxe,1,13454.0
2744,1068,Corporate,2025-03-05,2025-03-06,Family,1,21972.0
2745,1009,Leisure,2025-03-05,2025-03-06,Standard,1,9742.0
2746,1022,Leisure,2025-03-05,2025-03-07,Standard,1,10251.0
2747,1001,Corporate,2025-03-05,2025-03-06,Deluxe,1,15825.0
2748,1099,Travel Agency,2025-03-05,2025-03-07,Standard,1,9202.0
2749,1003,Travel Agency,2025-03-05,2025-03-09,Deluxe,1,15812.0
2750,1083,Event Group,2025-03-05,2025-03-09,Deluxe,1,14717.0
2751,1063,Leisure,2025-03-05,2025-03-08,Standard,1,10393.0
2752,1059,Event Group,2025-03-05,2025-03-06,Deluxe,1,13946.0
2753,1037,Leisure,2025-03-05,2025-03-09,Standard,1,10310.0
2754,1033,Event Group,2025-03-05,2025-03-06,Deluxe,1,13837.0
2755,1059,Corporate,2025-03-05,2025-03-07,Family,1,20102.0
2756,1052,Travel Agency,2025-03-05,2025-03-09,Standard,1,9485.0
2757,1059,Corporate,2025-03-05,2025-03-07,Standard,1,8537.0
2758,1047,Leisure,2025-03-05,2025-03-07,Deluxe,1,15733.0
2759,1092,Corporate,2025-03-05,2025-03-08,Standard,1,9315.0
2760,1085,Travel Agency,2025-03-05,2025-03-06,Standard,1,9789.0
2761,1048,Leisure,2025-03-05,2025-03-07,Suite,1,27519.0
2762,1014,Corporate,2025-03-05,2025-03-06,Deluxe,1,12847.0
2763,1053,Travel Agency,2025-03-05,2025-03-07,Deluxe,1,16638.0
2764,1021,Leisure,2025-03-05,2025-03-06,Standard,1,9461.0
2765,1027,Leisure,2025-03-05,2025-03-09,Deluxe,1,14637.0
2766,1096,Corporate,2025-03-05,2025-03-08,Standard,1,9839.0
2767,1020,Leisure,2025-03-05,2025-03-08,Deluxe,1,12556.0
2768,1041,Travel Agency,2025-03-06,2025-03-08,Standard,1,11150.0
2769,1081,Leisure,2025-03-06,2025-03-09,Deluxe,1,16350.0
2770,1111,Travel Agency,2025-03-06,2025-03-09,Family,1,19979.0
2771,1120,Corporate,2025-03-06,2025-03-07,Family,1,19907.0
2772,1047,Corporate,2025-03-06,2025-03-07,Family,1,20499.0
2773,1058,Travel Agency,2025-03-06,2025-03-07,Deluxe,1,16549.0
2774,1116,Corporate,2025-03-06,2025-03-09,Standard,1,10718.0
2775,1117,Corporate,2025-03-06,2025-03-07,Family,1,21012.0
2776,1089,Leisure,2025-03-06,2025-03-07,Deluxe,1,12000.0
2777,1122,Corporate,2025-03-06,2025-03-07,Suite,1,26296.0
2778,1049,Travel Agency,2025-03-06,2025-03-08,Standard,1,10411.0
2779,1105,Leisure,2025-03-06,2025-03-09,Standard,1,10484.0
2780,1063,Leisure,2025-03-06,2025-03-08,Standard,1,9750.0
2781,1011,Travel Agency,2025-03-06,2025-03-08,Family,1,19903.0
2782,1020,Corporate,2025-03-06,2025-03-07,Family,1,19309.0
2783,1026,Event Group,2025-03-06,2025-03-10,Standard,1,10653.0
2784,1078,Leisure,2025-03-06,2025-03-07,Family,1,20426.0
2785,1076,Leisure,2025-03-06,2025-03-08,Family,1,19591.0
2786,1067,Travel Agency,2025-03-06,2025-03-07,Standard,1,10129.0
2787,1022,Corporate,2025-03-06,2025-03-07,Family,1,21000.0
2788,1006,Corporate,2025-03-06,2025-03-07,Standard,1,9099.0
2789,1085,Leisure,2025-03-06,2025-03-11,Standard,1,10166.0
2790,1095,Corporate,2025-03-06,2025-03-08,Standard,1,10998.0
2791,1061,Corporate,2025-03-06,2025-03-07,Deluxe,1,14180.0
2792,1103,Leisure,2025-03-06,2025-03-07,Standard,1,9665.0
2793,1091,Leisure,2025-03-06,2025-03-11,Deluxe,1,13416.0
2794,1035,Leisure,2025-03-06,2025-03-10,Standard,1,9032.0
2795,1104,Leisure,2025-03-06,2025-03-08,Standard,1,9603.0
2796,1104,Leisure,2025-03-06,2025-03-07,Deluxe,1,15990.0
2797,1031,Corporate,2025-03-07,2025-03-08,Deluxe,1,15777.0
2798,1002,Corporate,2025-03-07,2025-03-11,Suite,1,26242.0
2799,1124,Travel Agency,2025-03-07,2025-03-08,Deluxe,1,15777.0
2800,1101,Travel Agency,2025-03-07,2025-03-09,Family,1,20696.0
2801,1119,Corporate,2025-03-07,2025-03-09,Deluxe,1,16058.0
2802,1001,Event Group,2025-03-07,2025-03-08,Standard,1,11256.0
2803,1081,Corporate,2025-03-07,2025-03-10,Standard,1,9739.0
2804,1064,Corporate,2025-03-07,2025-03-09,Deluxe,1,13285.0
2805,1008,Corporate,2025-03-07,2025-03-08,Deluxe,1,13368.0
2806,1125,Corporate,2025-03-07,2025-03-09,Standard,1,8483.0
2807,1090,Leisure,2025-03-07,2025-03-08,Standard,1,11111.0
2808,1097,Travel Agency,2025-03-07,2025-03-08,Deluxe,1,14095.0
2809,1065,Leisure,2025-03-07,2025-03-08,Family,1,18003.0
2810,1045,Corporate,2025-03-07,2025-03-08,Deluxe,1,13544.0
2811,1097,Leisure,2025-03-07,2025-03-09,Deluxe,1,15260.0
2812,1116,Leisure,2025-03-07,2025-03-08,Standard,1,9780.0
2813,1092,Travel Agency,2025-03-07,2025-03-09,Deluxe,1,16117.0
2814,1041,Leisure,2025-03-07,2025-03-12,Standard,1,10548.0
2815,1009,Leisure,2025-03-07,2025-03-11,Deluxe,1,13672.0
2816,1046,Corporate,2025-03-07,2025-03-10,Deluxe,1,12825.0
2817,1096,Leisure,2025-03-07,2025-03-09,Deluxe,1,14484.0
2818,1046,Corporate,2025-03-07,2025-03-09,Standard,1,9216.0
2819,1052,Leisure,2025-03-07,2025-03-11,Standard,1,10447.0
2820,1019,Leisure,2025-03-07,2025-03-11,Standard,1,8250.0
2821,1049,Event Group,2025-03-07,2025-03-09,Deluxe,1,15820.0
2822,1002,Leisure,2025-03-07,2025-03-09,Family,1,17806.0
2823,1028,Travel Agency,2025-03-07,2025-03-10,Standard,1,11015.0
2824,1044,Corporate,2025-03-07,2025-03-09,Standard,1,11456.0
2825,1036,Corporate,2025-03-07,2025-03-09,Standard,1,10646.0
2826,1056,Leisure,2025-03-07,2025-03-09,Standard,1,8538.0
2827,1014,Leisure,2025-03-07,2025-03-11,Standard,1,9527.0
2828,1038,Leisure,2025-03-07,2025-03-08,Standard,1,9262.0
2829,1123,Leisure,2025-03-07,2025-03-09,Standard,1,10093.0
2830,1088,Leisure,2025-03-07,2025-03-08,Standard,1,10799.0
2831,1048,Leisure,2025-03-07,2025-03-09,Deluxe,1,13366.0
2832,1125,Leisure,2025-03-07,2025-03-11,Suite,1,24859.0
2833,1089,Leisure,2025-03-07,2025-03-08,Standard,1,9947.0
2834,1118,Corporate,2025-03-07,2025-03-11,Standard,1,11804.0
2835,1090,Corporate,2025-03-07,2025-03-09,Family,1,18280.0
2836,1081,Leisure,2025-03-07,2025-03-08,Standard,1,11085.0
2837,1032,Leisure,2025-03-07,2025-03-11,Deluxe,1,12769.0
2838,1097,Corporate,2025-03-08,2025-03-10,Deluxe,1,13885.0
2839,1060,Leisure,2025-03-08,2025-03-09,Standard,1,9876.0
2840,1100,Event Group,2025-03-08,2025-03-12,Deluxe,1,14274.0
2841,1047,Leisure,2025-03-08,2025-03-11,Standard,1,10761.0
2842,1106,Corporate,2025-03-08,2025-03-09,Suite,1,23997.0
2843,1123,Travel Agency,2025-03-08,2025-03-10,Deluxe,1,13639.0
2844,1083,Leisure,2025-03-08,2025-03-13,Standard,1,8462.0
2845,1038,Leisure,2025-03-08,2025-03-12,Standard,1,9566.0
2846,1102,Corporate,2025-03-08,2025-03-11,Deluxe,1,14684.0
2847,1039,Travel Agency,2025-03-08,2025-03-11,Standard,1,9285.0
2848,1011,Corporate,2025-03-08,2025-03-09,Standard,1,9122.0
2849,1058,Event Group,2025-03-08,2025-03-11,Standard,1,8806.0
2850,1036,Leisure,2025-03-08,2025-03-10,Deluxe,1,14429.0
2851,1037,Leisure,2025-03-08,2025-03-09,Standard,1,9522.0
2852,1071,Event Group,2025-03-08,2025-03-09,Standard,1,11034.0
2853,1049,Travel Agency,2025-03-08,2025-03-09,Standard,1,11019.0
2854,1108,Leisure,2025-03-08,2025-03-10,Deluxe,1,13588.0
2855,1097,Leisure,2025-03-08,2025-03-10,Deluxe,1,15025.0
2856,1009,Corporate,2025-03-08,2025-03-12,Deluxe,1,14275.0
2857,1021,Corporate,2025-03-08,2025-03-09,Family,1,18975.0
2858,1053,Travel Agency,2025-03-08,2025-03-09,Family,1,21217.0
2859,1008,Leisure,2025-03-08,2025-03-09,Standard,1,9775.0
2860,1105,Leisure,2025-03-08,2025-03-10,Deluxe,1,15605.0
2861,1112,Travel Agency,2025-03-08,2025-03-09,Standard,1,11119.0
2862,1108,Leisure,2025-03-08,2025-03-09,Standard,1,9657.0
2863,1098,Corporate,2025-03-08,2025-03-10,Deluxe,1,14266.0
2864,1097,Travel Agency,2025-03-08,2025-03-09,Standard,1,9201.0
2865,1092,Leisure,2025-03-09,2025-03-11,Deluxe,1,14338.0
2866,1076,Corporate,2025-03-09,2025-03-11,Deluxe,1,14644.0
2867,1113,Leisure,2025-03-09,2025-03-10,Standard,1,9710.0
2868,1028,Corporate,2025-03-09,2025-03-13,Standard,1,10163.0
2869,1048,Leisure,2025-03-09,2025-03-10,Standard,1,9454.0
2870,1078,Corporate,2025-03-09,2025-03-10,Deluxe,1,13769.0
2871,1058,Travel Agency,2025-03-09,2025-03-10,Standard,1,9003.0
2872,1066,Leisure,2025-03-09,2025-03-11,Standard,1,10617.0
2873,1120,Corporate,2025-03-09,2025-03-10,Suite,1,24472.0
2874,1096,Leisure,2025-03-09,2025-03-10,Family,1,20289.0
2875,1060,Corporate,2025-03-09,2025-03-12,Standard,1,9339.0
2876,1114,Leisure,2025-03-09,2025-03-11,Standard,1,9528.0
2877,1111,Corporate,2025-03-09,2025-03-10,Suite,1,28981.0
2878,1093,Leisure,2025-03-09,2025-03-11,Standard,1,10016.0
2879,1072,Leisure,2025-03-09,2025-03-14,Standard,1,10368.0
2880,1121,Leisure,2025-03-09,2025-03-12,Deluxe,1,15555.0
2881,1110,Travel Agency,2025-03-09,2025-03-11,Standard,1,10562.0
2882,1057,Corporate,2025-03-09,2025-03-10,Standard,1,9021.0
2883,1025,Corporate,2025-03-09,2025-03-11,Standard,1,10421.0
2884,1036,Leisure,2025-03-09,2025-03-12,Family,1,20164.0
2885,1034,Travel Agency,2025-03-09,2025-03-10,Standard,1,10440.0
2886,1118,Event Group,2025-03-09,2025-03-13,Standard,1,9500.0
2887,1120,Travel Agency,2025-03-09,2025-03-13,Standard,1,9818.0
2888,1093,Corporate,2025-03-09,2025-03-10,Family,1,19442.0
2889,1090,Leisure,2025-03-09,2025-03-13,Standard,1,9312.0
2890,1028,Leisure,2025-03-09,2025-03-10,Deluxe,1,14077.0
2891,1053,Corporate,2025-03-09,2025-03-12,Standard,1,8408.0
2892,1085,Travel Agency,2025-03-09,2025-03-10,Standard,1,9924.0
2893,1103,Corporate,2025-03-09,2025-03-12,Standard,1,9722.0
2894,1025,Event Group,2025-03-09,2025-03-12,Standard,1,10787.0
2895,1107,Corporate,2025-03-09,2025-03-11,Standard,1,8955.0
2896,1102,Leisure,2025-03-09,2025-03-11,Family,1,17192.0
2897,1059,Corporate,2025-03-09,2025-03-12,Standard,1,9198.0
2898,1070,Leisure,2025-03-10,2025-03-12,Suite,1,27847.0
2899,1023,Leisure,2025-03-10,2025-03-13,Standard,1,9163.0
2900,1087,Event Group,2025-03-10,2025-03-12,Deluxe,1,14471.0
2901,1047,Leisure,2025-03-10,2025-03-12,Deluxe,1,13753.0
2902,1083,Corporate,2025-03-10,2025-03-11,Family,1,22137.0
2903,1022,Travel Agency,2025-03-10,2025-03-13,Standard,1,11271.0
2904,1044,Travel Agency,2025-03-10,2025-03-11,Family,1,20682.0
2905,1103,Corporate,2025-03-10,2025-03-13,Deluxe,1,14330.0
2906,1106,Travel Agency,2025-03-10,2025-03-15,Deluxe,1,14923.0
2907,1006,Leisure,2025-03-10,2025-03-11,Standard,1,9190.0
2908,1095,Corporate,2025-03-10,2025-03-12,Deluxe,1,12000.0
2909,1015,Leisure,2025-03-10,2025-03-13,Standard,1,9310.0
2910,1105,Leisure,2025-03-10,2025-03-13,Standard,1,10789.0
2911,1089,Travel Agency,2025-03-10,2025-03-12,Standard,1,9528.0
2912,1115,Leisure,2025-03-10,2025-03-11,Deluxe,1,12307.0
2913,1125,Travel Agency,2025-03-10,2025-03-13,Deluxe,1,15027.0
2914,1031,Corporate,2025-03-10,2025-03-11,Deluxe,1,16935.0
2915,1082,Corporate,2025-03-10,2025-03-11,Deluxe,1,15636.0
2916,1024,Corporate,2025-03-10,2025-03-13,Standard,1,10295.0
2917,1058,Corporate,2025-03-10,2025-03-13,Suite,1,25399.0
2918,1039,Leisure,2025-03-10,2025-03-12,Family,1,17791.0
2919,1080,Corporate,2025-03-10,2025-03-12,Standard,1,10601.0
2920,1005,Leisure,2025-03-10,2025-03-12,Deluxe,1,15693.0
2921,1061,Corporate,2025-03-10,2025-03-12,Deluxe,1,14748.0
2922,1080,Leisure,2025-03-10,2025-03-12,Family,1,21775.0
2923,1004,Leisure,2025-03-10,2025-03-14,Family,1,21198.0
2924,1012,Travel Agency,2025-03-10,2025-03-15,Standard,1,10416.0
2925,1119,Leisure,2025-03-10,2025-03-13,Standard,1,10213.0
2926,1042,Leisure,2025-03-10,2025-03-12,Standard,1,9191.0
2927,1028,Travel Agency,2025-03-10,2025-03-13,Standard,1,9360.0
2928,1004,Leisure,2025-03-10,2025-03-11,Deluxe,1,12961.0
2929,1060,Leisure,2025-03-10,2025-03-12,Family,1,18484.0
2930,1033,Travel Agency,2025-03-10,2025-03-12,Standard,1,8660.0
2931,1116,Leisure,2025-03-10,2025-03-13,Deluxe,1,13989.0
2932,1088,Corporate,2025-03-10,2025-03-14,Standard,1,9228.0
2933,1063,Corporate,2025-03-10,2025-03-13,Standard,1,9404.0
2934,1049,Travel Agency,2025-03-10,2025-03-12,Standard,1,9620.0
2935,1088,Leisure,2025-03-10,2025-03-11,Standard,1,9494.0
2936,1015,Leisure,2025-03-10,2025-03-12,Deluxe,1,15405.0
2937,1122,Travel Agency,2025-03-10,2025-03-11,Standard,1,8250.0
2938,1091,Leisure,2025-03-11,2025-03-14,Deluxe,1,14245.0
2939,1036,Leisure,2025-03-11,2025-03-14,Deluxe,1,15425.0
2940,1012,Corporate,2025-03-11,2025-03-14,Standard,1,10456.0
2941,1117,Leisure,2025-03-11,2025-03-15,Standard,1,8454.0
2942,1012,Corporate,2025-03-11,2025-03-12,Family,1,21865.0
2943,1034,Leisure,2025-03-11,2025-03-14,Deluxe,1,15513.0
2944,1075,Leisure,2025-03-11,2025-03-16,Standard,1,9883.0
2945,1090,Corporate,2025-03-11,2025-03-13,Standard,1,10155.0
2946,1002,Leisure,2025-03-11,2025-03-13,Standard,1,10238.0
2947,1018,Leisure,2025-03-11,2025-03-14,Standard,1,11530.0
2948,1028,Leisure,2025-03-11,2025-03-12,Standard,1,9991.0
2949,1082,Leisure,2025-03-11,2025-03-13,Standard,1,10538.0
2950,1086,Corporate,2025-03-11,2025-03-15,Deluxe,1,15065.0
2951,1010,Travel Agency,2025-03-11,2025-03-13,Standard,1,10765.0
2952,1108,Travel Agency,2025-03-11,2025-03-12,Deluxe,1,14973.0
2953,1006,Travel Agency,2025-03-11,2025-03-15,Deluxe,1,12799.0
2954,1086,Corporate,2025-03-11,2025-03-14,Family,1,21268.0
2955,1117,Leisure,2025-03-11,2025-03-13,Deluxe,1,14824.0
2956,1114,Travel Agency,2025-03-11,2025-03-13,Standard,1,9416.0
2957,1064,Leisure,2025-03-11,2025-03-15,Standard,1,9952.0
2958,1009,Corporate,2025-03-11,2025-03-13,Suite,1,27643.0
2959,1036,Travel Agency,2025-03-11,2025-03-14,Deluxe,1,14447.0
2960,1118,Travel Agency,2025-03-11,2025-03-13,Standard,1,9676.0
2961,1061,Leisure,2025-03-11,2025-03-14,Standard,1,11262.0
2962,1089,Travel Agency,2025-03-11,2025-03-13,Deluxe,1,13300.0
2963,1018,Leisure,2025-03-11,2025-03-13,Deluxe,1,12759.0
2964,1044,Leisure,2025-03-11,2025-03-12,Standard,1,9087.0
2965,1112,Corporate,2025-03-11,2025-03-13,Deluxe,1,12550.0
2966,1116,Corporate,2025-03-11,2025-03-13,Standard,1,8560.0
2967,1043,Corporate,2025-03-11,2025-03-12,Standard,1,10409.0
2968,1055,Corporate,2025-03-11,2025-03-13,Deluxe,1,14270.0
2969,1089,Leisure,2025-03-11,2025-03-12,Deluxe,1,14876.0
2970,1103,Leisure,2025-03-12,2025-03-15,Standard,1,9228.0
2971,1093,Corporate,2025-03-12,2025-03-14,Standard,1,9715.0
2972,1024,Corporate,2025-03-12,2025-03-14,Family,1,20541.0
2973,1051,Leisure,2025-03-12,2025-03-15,Family,1,16910.0
2974,1078,Leisure,2025-03-12,2025-03-13,Deluxe,1,13770.0
2975,1071,Leisure,2025-03-12,2025-03-13,Standard,1,9796.0
2976,1059,Corporate,2025-03-12,2025-03-13,Family,1,23125.0
2977,1066,Travel Agency,2025-03-12,2025-03-14,Family,1,18339.0
2978,1077,Corporate,2025-03-12,2025-03-13,Deluxe,1,12000.0
2979,1018,Corporate,2025-03-12,2025-03-14,Standard,1,10883.0
2980,1036,Travel Agency,2025-03-12,2025-03-14,Standard,1,11346.0
2981,1013,Corporate,2025-03-12,2025-03-14,Standard,1,10415.0
2982,1002,Corporate,2025-03-12,2025-03-15,Family,1,21389.0
2983,1037,Leisure,2025-03-12,2025-03-17,Standard,1,9254.0
2984,1071,Leisure,2025-03-12,2025-03-13,Standard,1,9337.0
2985,1075,Corporate,2025-03-12,2025-03-13,Standard,1,9632.0
2986,1079,Travel Agency,2025-03-12,2025-03-13,Standard,1,10143.0
2987,1079,Leisure,2025-03-12,2025-03-13,Standard,1,9425.0
2988,1029,Leisure,2025-03-12,2025-03-13,Family,1,22324.0
2989,1118,Travel Agency,2025-03-12,2025-03-14,Standard,1,10766.0
2990,1077,Corporate,2025-03-12,2025-03-13,Standard,1,9525.0
2991,1109,Corporate,2025-03-12,2025-03-14,Suite,1,27677.0
2992,1079,Leisure,2025-03-12,2025-03-15,Standard,1,9847.0
2993,1056,Travel Agency,2025-03-13,2025-03-14,Deluxe,1,14879.0
2994,1064,Leisure,2025-03-13,2025-03-15,Suite,1,28097.0
2995,1010,Leisure,2025-03-13,2025-03-15,Deluxe,1,14578.0
2996,1101,Leisure,2025-03-13,2025-03-16,Deluxe,1,15019.0
2997,1116,Leisure,2025-03-13,2025-03-14,Standard,1,9710.0
2998,1004,Leisure,2025-03-13,2025-03-15,Standard,1,11140.0
2999,1003,Leisure,2025-03-13,2025-03-15,Deluxe,1,16072.0
3000,1063,Leisure,2025-03-13,2025-03-14,Standard,1,10395.0
3001,1035,Leisure,2025-03-13,2025-03-15,Standard,1,9223.0
3002,1022,Leisure,2025-03-13,2025-03-18,Standard,1,10181.0
3003,1005,Leisure,2025-03-13,2025-03-15,Standard,1,9387.0
3004,1012,Travel Agency,2025-03-13,2025-03-15,Family,1,19598.0
3005,1068,Leisure,2025-03-13,2025-03-14,Deluxe,1,13573.0
3006,1110,Corporate,2025-03-13,2025-03-15,Family,1,19408.0
3007,1009,Corporate,2025-03-13,2025-03-17,Standard,1,9497.0
3008,1084,Corporate,2025-03-13,2025-03-14,Standard,1,10158.0
3009,1061,Travel Agency,2025-03-13,2025-03-17,Suite,1,25107.0
3010,1104,Corporate,2025-03-13,2025-03-17,Family,1,18496.0
3011,1101,Corporate,2025-03-13,2025-03-15,Family,1,19979.0
3012,1098,Leisure,2025-03-13,2025-03-14,Standard,1,9279.0
3013,1042,Leisure,2025-03-13,2025-03-14,Standard,1,10439.0
3014,1003,Leisure,2025-03-13,2025-03-16,Family,1,22369.0
3015,1109,Leisure,2025-03-13,2025-03-17,Deluxe,1,15046.0
3016,1074,Travel Agency,2025-03-13,2025-03-17,Standard,1,10673.0
3017,1021,Leisure,2025-03-13,2025-03-15,Suite,1,24411.0
3018,1049,Corporate,2025-03-13,2025-03-16,Deluxe,1,12635.0
3019,1071,Leisure,2025-03-13,2025-03-14,Standard,1,8576.0
3020,1124,Leisure,2025-03-13,2025-03-15,Deluxe,1,14522.0
3021,1052,Travel Agency,2025-03-14,2025-03-16,Suite,1,23249.0
3022,1104,Leisure,2025-03-14,2025-03-16,Deluxe,1,13044.0
3023,1108,Event Group,2025-03-14,2025-03-15,Standard,1,9882.0
3024,1041,Leisure,2025-03-14,2025-03-16,Standard,1,9355.0
3025,1100,Corporate,2025-03-14,2025-03-17,Deluxe,1,15183.0
3026,1084,Travel Agency,2025-03-14,2025-03-15,Deluxe,1,14883.0
3027,1116,Corporate,2025-03-14,2025-03-16,Suite,1,21955.0
3028,1113,Leisure,2025-03-14,2025-03-16,Standard,1,9034.0
3029,1032,Event Group,2025-03-14,2025-03-15,Standard,1,10086.0
3030,1060,Event Group,2025-03-14,2025-03-18,Family,1,19653.0
3031,1010,Travel Agency,2025-03-14,2025-03-18,Family,1,20302.0
3032,1112,Leisure,2025-03-14,2025-03-16,Deluxe,1,12000.0
3033,1040,Leisure,2025-03-14,2025-03-15,Suite,1,25874.0
3034,1035,Event Group,2025-03-14,2025-03-15,Family,1,21318.0
3035,1048,Leisure,2025-03-14,2025-03-16,Standard,1,10891.0
3036,1037,Travel Agency,2025-03-14,2025-03-16,Standard,1,8830.0
3037,1114,Leisure,2025-03-14,2025-03-17,Standard,1,10173.0
3038,1094,Travel Agency,2025-03-14,2025-03-16,Standard,1,11241.0
3039,1020,Event Group,2025-03-14,2025-03-16,Deluxe,1,14851.0
3040,1035,Leisure,2025-03-14,2025-03-16,Family,1,17442.0
3041,1079,Corporate,2025-03-14,2025-03-17,Standard,1,10368.0
3042,1025,Corporate,2025-03-14,2025-03-16,Standard,1,9260.0
3043,1114,Travel Agency,2025-03-14,2025-03-15,Standard,1,11755.0
3044,1009,Corporate,2025-03-14,2025-03-16,Standard,1,9923.0
3045,1101,Leisure,2025-03-14,2025-03-15,Standard,1,9887.0
3046,1011,Event Group,2025-03-14,2025-03-16,Standard,1,10723.0
3047,1094,Leisure,2025-03-14,2025-03-17,Deluxe,1,13789.0
3048,1114,Event Group,2025-03-14,2025-03-18,Family,1,19697.0
3049,1042,Leisure,2025-03-14,2025-03-17,Family,1,21823.0
3050,1104,Leisure,2025-03-15,2025-03-17,Suite,1,24700.0
3051,1043,Corporate,2025-03-15,2025-03-19,Deluxe,1,15711.0
3052,1052,Event Group,2025-03-15,2025-03-16,Family,1,20053.0
3053,1072,Travel Agency,2025-03-15,2025-03-17,Standard,1,9829.0
3054,1032,Travel Agency,2025-03-15,2025-03-18,Standard,1,11375.0
3055,1096,Corporate,2025-03-15,2025-03-16,Standard,1,9174.0
3056,1032,Corporate,2025-03-15,2025-03-17,Standard,1,9703.0
3057,1114,Event Group,2025-03-15,2025-03-17,Standard,1,10529.0
3058,1054,Leisure,2025-03-15,2025-03-17,Standard,1,10178.0
3059,1113,Event Group,2025-03-15,2025-03-16,Standard,1,10328.0
3060,1028,Leisure,2025-03-15,2025-03-19,Family,1,20586.0
3061,1021,Corporate,2025-03-15,2025-03-18,Standard,1,9535.0
3062,1013,Travel Agency,2025-03-15,2025-03-17,Deluxe,1,13957.0
3063,1012,Corporate,2025-03-15,2025-03-18,Standard,1,9007.0
3064,1020,Leisure,2025-03-15,2025-03-18,Family,1,19337.0
3065,1047,Corporate,2025-03-15,2025-03-16,Family,1,22838.0
3066,1086,Leisure,2025-03-15,2025-03-19,Deluxe,1,16859.0
3067,1075,Travel Agency,2025-03-15,2025-03-16,Deluxe,1,14243.0
3068,1119,Corporate,2025-03-15,2025-03-16,Standard,1,10096.0
3069,1076,Leisure,2025-03-15,2025-03-16,Standard,1,10277.0
3070,1079,Corporate,2025-03-15,2025-03-18,Standard,1,9885.0
3071,1090,Leisure,2025-03-15,2025-03-16,Standard,1,9829.0
3072,1037,Corporate,2025-03-15,2025-03-17,Deluxe,1,16051.0
3073,1046,Leisure,2025-03-15,2025-03-19,Standard,1,9410.0
3074,1105,Leisure,2025-03-15,2025-03-16,Family,1,17083.0
3075,1042,Corporate,2025-03-16,2025-03-21,Standard,1,10736.0
3076,1113,Leisure,2025-03-16,2025-03-18,Standard,1,10168.0
3077,1020,Leisure,2025-03-16,2025-03-17,Standard,1,9963.0
3078,1062,Leisure,2025-03-16,2025-03-17,Deluxe,1,14038.0
3079,1121,Leisure,2025-03-16,2025-03-17,Standard,1,10430.0
3080,1084,Corporate,2025-03-16,2025-03-19,Deluxe,1,13778.0
3081,1009,Corporate,2025-03-16,2025-03-17,Standard,1,8272.0
3082,1060,Travel Agency,2025-03-16,2025-03-19,Standard,1,8786.0
3083,1042,Leisure,2025-03-16,2025-03-18,Deluxe,1,15748.0
3084,1123,Travel Agency,2025-03-16,2025-03-19,Standard,1,9593.0
3085,1001,Leisure,2025-03-16,2025-03-18,Family,1,17561.0
3086,1043,Corporate,2025-03-16,2025-03-17,Family,1,22495.0
3087,1078,Corporate,2025-03-16,2025-03-20,Standard,1,10794.0
3088,1002,Corporate,2025-03-16,2025-03-17,Deluxe,1,14536.0
3089,1048,Travel Agency,2025-03-16,2025-03-19,Deluxe,1,14692.0
3090,1019,Travel Agency,2025-03-16,2025-03-17,Standard,1,10422.0
3091,1065,Leisure,2025-03-16,2025-03-19,Standard,1,9798.0
3092,1026,Leisure,2025-03-16,2025-03-18,Standard,1,8375.0
3093,1059,Travel Agency,2025-03-16,2025-03-20,Standard,1,8925.0
3094,1037,Corporate,2025-03-16,2025-03-18,Family,1,21549.0
3095,1102,Leisure,2025-03-16,2025-03-18,Standard,1,9882.0
3096,1074,Leisure,2025-03-16,2025-03-19,Standard,1,8298.0
3097,1058,Leisure,2025-03-16,2025-03-17,Standard,1,10274.0
3098,1075,Travel Agency,2025-03-16,2025-03-20,Standard,1,10379.0
3099,1006,Leisure,2025-03-16,2025-03-17,Standard,1,8825.0
3100,1010,Corporate,2025-03-17,2025-03-18,Standard,1,11347.0
3101,1065,Travel Agency,2025-03-17,2025-03-18,Suite,1,23195.0
3102,1101,Travel Agency,2025-03-17,2025-03-20,Family,1,19326.0
3103,1085,Corporate,2025-03-17,2025-03-19,Standard,1,10447.0
3104,1119,Travel Agency,2025-03-17,2025-03-20,Deluxe,1,14344.0
3105,1088,Leisure,2025-03-17,2025-03-19,Family,1,18783.0
3106,1062,Corporate,2025-03-17,2025-03-18,Standard,1,9752.0
3107,1086,Travel Agency,2025-03-17,2025-03-18,Standard,1,9840.0
3108,1094,Leisure,2025-03-17,2025-03-18,Standard,1,11058.0
3109,1071,Event Group,2025-03-17,2025-03-18,Standard,1,9538.0
3110,1016,Corporate,2025-03-17,2025-03-18,Deluxe,1,15741.0
3111,1121,Corporate,2025-03-17,2025-03-18,Family,1,20305.0
3112,1044,Travel Agency,2025-03-17,2025-03-18,Standard,1,8514.0
3113,1086,Travel Agency,2025-03-17,2025-03-20,Standard,1,9505.0
3114,1012,Leisure,2025-03-17,2025-03-20,Deluxe,1,14527.0
3115,1117,Corporate,2025-03-17,2025-03-19,Standard,1,11098.0
3116,1012,Travel Agency,2025-03-17,2025-03-20,Family,1,18937.0
3117,1025,Leisure,2025-03-17,2025-03-18,Family,1,17401.0
3118,1004,Leisure,2025-03-17,2025-03-21,Standard,1,9732.0
3119,1104,Travel Agency,2025-03-17,2025-03-19,Standard,1,10655.0
3120,1062,Leisure,2025-03-17,2025-03-18,Standard,1,10475.0
3121,1085,Corporate,2025-03-17,2025-03-20,Suite,1,26644.0
3122,1059,Leisure,2025-03-17,2025-03-20,Family,1,19750.0
3123,1001,Corporate,2025-03-17,2025-03-19,Standard,1,10740.0
3124,1048,Leisure,2025-03-17,2025-03-18,Deluxe,1,14730.0
3125,1011,Travel Agency,2025-03-17,2025-03-19,Deluxe,1,16651.0
3126,1099,Leisure,2025-03-17,2025-03-18,Standard,1,9601.0
3127,1044,Leisure,2025-03-17,2025-03-18,Standard,1,11174.0
3128,1082,Travel Agency,2025-03-17,2025-03-20,Standard,1,9869.0
3129,1008,Travel Agency,2025-03-17,2025-03-18,Standard,1,9478.0
3130,1090,Event Group,2025-03-17,2025-03-20,Family,1,22817.0
3131,1010,Corporate,2025-03-17,2025-03-19,Standard,1,9463.0
3132,1095,Leisure,2025-03-17,2025-03-19,Family,1,21179.0
3133,1112,Event Group,2025-03-17,2025-03-18,Standard,1,9314.0
3134,1013,Leisure,2025-03-17,2025-03-19,Standard,1,11003.0
3135,1024,Travel Agency,2025-03-18,2025-03-19,Standard,1,10169.0
3136,1098,Corporate,2025-03-18,2025-03-20,Deluxe,1,15348.0
3137,1104,Travel Agency,2025-03-18,2025-03-20,Deluxe,1,14702.0
3138,1085,Travel Agency,2025-03-18,2025-03-22,Deluxe,1,12000.0
3139,1006,Travel Agency,2025-03-18,2025-03-22,Standard,1,9408.0
3140,1018,Corporate,2025-03-18,2025-03-22,Standard,1,9249.0
3141,1014,Leisure,2025-03-18,2025-03-22,Standard,1,11028.0
3142,1021,Travel Agency,2025-03-18,2025-03-19,Family,1,19174.0
3143,1011,Travel Agency,2025-03-18,2025-03-20,Deluxe,1,14705.0
3144,1104,Travel Agency,2025-03-18,2025-03-19,Standard,1,9787.0
3145,1022,Leisure,2025-03-18,2025-03-19,Standard,1,9547.0
3146,1088,Leisure,2025-03-18,2025-03-21,Deluxe,1,14485.0
3147,1100,Travel Agency,2025-03-18,2025-03-19,Deluxe,1,15576.0
3148,1050,Corporate,2025-03-18,2025-03-20,Suite,1,22688.0
3149,1052,Leisure,2025-03-18,2025-03-20,Standard,1,10367.0
3150,1114,Leisure,2025-03-18,2025-03-20,Family,1,19534.0
3151,1064,Leisure,2025-03-18,2025-03-20,Standard,1,10988.0
3152,1074,Leisure,2025-03-18,2025-03-19,Standard,1,9875.0
3153,1086,Corporate,2025-03-18,2025-03-20,Standard,1,8686.0
3154,1010,Corporate,2025-03-18,2025-03-21,Standard,1,9900.0
3155,1123,Corporate,2025-03-18,2025-03-19,Deluxe,1,14756.0
3156,1053,Corporate,2025-03-18,2025-03-19,Standard,1,10838.0
3157,1093,Corporate,2025-03-18,2025-03-19,Standard,1,10684.0
3158,1067,Leisure,2025-03-18,2025-03-19,Deluxe,1,15513.0
3159,1082,Corporate,2025-03-18,2025-03-20,Deluxe,1,14240.0
3160,1032,Corporate,2025-03-18,2025-03-20,Standard,1,8932.0
3161,1033,Leisure,2025-03-18,2025-03-22,Deluxe,1,12000.0
3162,1059,Corporate,2025-03-18,2025-03-20,Standard,1,10113.0
3163,1037,Corporate,2025-03-18,2025-03-19,Deluxe,1,14141.0
3164,1068,Leisure,2025-03-18,2025-03-19,Standard,1,11285.0
3165,1029,Corporate,2025-03-18,2025-03-20,Standard,1,10020.0
3166,1021,Corporate,2025-03-18,2025-03-21,Standard,1,9120.0
3167,1050,Corporate,2025-03-19,2025-03-21,Deluxe,1,14721.0
3168,1120,Leisure,2025-03-19,2025-03-23,Standard,1,8781.0
3169,1111,Leisure,2025-03-19,2025-03-20,Standard,1,9889.0
3170,1003,Travel Agency,2025-03-19,2025-03-22,Deluxe,1,14925.0
3171,1032,Corporate,2025-03-19,2025-03-24,Standard,1,10386.0
3172,1079,Leisure,2025-03-19,2025-03-22,Deluxe,1,13878.0
3173,1001,Event Group,2025-03-19,2025-03-23,Deluxe,1,12192.0
3174,1099,Travel Agency,2025-03-19,2025-03-20,Standard,1,8333.0
3175,1040,Corporate,2025-03-19,2025-03-21,Deluxe,1,14592.0
3176,1035,Leisure,2025-03-19,2025-03-21,Deluxe,1,14918.0
3177,1046,Leisure,2025-03-19,2025-03-21,Deluxe,1,15842.0
3178,1032,Corporate,2025-03-19,2025-03-21,Standard,1,9650.0
3179,1064,Leisure,2025-03-19,2025-03-23,Standard,1,9955.0
3180,1010,Corporate,2025-03-19,2025-03-24,Standard,1,8925.0
3181,1053,Corporate,2025-03-19,2025-03-23,Standard,1,10259.0
3182,1125,Corporate,2025-03-19,2025-03-22,Deluxe,1,13820.0
3183,1005,Corporate,2025-03-19,2025-03-22,Deluxe,1,14645.0
3184,1036,Leisure,2025-03-19,2025-03-23,Standard,1,10644.0
3185,1079,Travel Agency,2025-03-19,2025-03-23,Deluxe,1,16575.0
3186,1069,Travel Agency,2025-03-19,2025-03-22,Standard,1,10895.0
3187,1022,Corporate,2025-03-19,2025-03-23,Deluxe,1,13483.0
3188,1108,Corporate,2025-03-19,2025-03-22,Deluxe,1,14539.0
3189,1065,Travel Agency,2025-03-19,2025-03-24,Deluxe,1,14802.0
3190,1055,Corporate,2025-03-19,2025-03-23,Deluxe,1,14056.0
3191,1095,Travel Agency,2025-03-19,2025-03-23,Deluxe,1,13753.0
3192,1036,Corporate,2025-03-19,2025-03-21,Standard,1,9736.0
3193,1106,Corporate,2025-03-19,2025-03-22,Standard,1,10378.0
3194,1085,Leisure,2025-03-19,2025-03-20,Standard,1,10040.0
3195,1047,Corporate,2025-03-19,2025-03-21,Standard,1,9707.0
3196,1088,Corporate,2025-03-19,2025-03-23,Deluxe,1,12573.0
3197,1022,Travel Agency,2025-03-19,2025-03-22,Standard,1,10317.0
3198,1115,Leisure,2025-03-19,2025-03-21,Standard,1,10549.0
3199,1056,Corporate,2025-03-19,2025-03-20,Standard,1,10635.0
3200,1067,Corporate,2025-03-19,2025-03-22,Standard,1,10264.0
3201,1124,Leisure,2025-03-20,2025-03-24,Deluxe,1,12071.0
3202,1069,Travel Agency,2025-03-20,2025-03-25,Family,1,22786.0
3203,1023,Leisure,2025-03-20,2025-03-21,Deluxe,1,17702.0
3204,1094,Corporate,2025-03-20,2025-03-23,Deluxe,1,14349.0
3205,1038,Corporate,2025-03-20,2025-03-23,Suite,1,26597.0
3206,1089,Event Group,2025-03-20,2025-03-22,Standard,1,10177.0
3207,1069,Leisure,2025-03-20,2025-03-21,Standard,1,9622.0
3208,1095,Leisure,2025-03-20,2025-03-21,Family,1,21559.0
3209,1113,Corporate,2025-03-20,2025-03-21,Suite,1,23766.0
3210,1114,Travel Agency,2025-03-20,2025-03-21,Standard,1,8819.0
3211,1068,Corporate,2025-03-20,2025-03-22,Standard,1,9843.0
3212,1055,Leisure,2025-03-20,2025-03-21,Deluxe,1,14873.0
3213,1102,Corporate,2025-03-20,2025-03-23,Deluxe,1,14945.0
3214,1093,Leisure,2025-03-20,2025-03-22,Standard,1,9684.0
3215,1059,Travel Agency,2025-03-20,2025-03-21,Deluxe,1,14087.0
3216,1100,Travel Agency,2025-03-20,2025-03-21,Standard,1,11225.0
3217,1104,Corporate,2025-03-20,2025-03-23,Standard,1,10152.0
3218,1011,Corporate,2025-03-20,2025-03-21,Deluxe,1,14320.0
3219,1013,Event Group,2025-03-20,2025-03-21,Standard,1,8774.0
3220,1124,Leisure,2025-03-20,2025-03-24,Standard,1,10947.0
3221,1041,Event Group,2025-03-20,2025-03-23,Deluxe,1,14972.0
3222,1034,Travel Agency,2025-03-20,2025-03-21,Standard,1,9093.0
3223,1086,Corporate,2025-03-20,2025-03-22,Standard,1,8851.0
3224,1023,Leisure,2025-03-20,2025-03-22,Deluxe,1,14789.0
3225,1006,Leisure,2025-03-20,2025-03-21,Suite,1,24770.0
3226,1007,Leisure,2025-03-20,2025-03-22,Standard,1,9667.0
3227,1045,Corporate,2025-03-20,2025-03-21,Standard,1,9949.0
3228,1049,Leisure,2025-03-20,2025-03-21,Deluxe,1,14297.0
3229,1035,Corporate,2025-03-20,2025-03-21,Deluxe,1,15049.0
3230,1022,Leisure,2025-03-20,2025-03-25,Deluxe,1,15346.0
3231,1092,Corporate,2025-03-20,2025-03-22,Suite,1,25726.0
3232,1079,Leisure,2025-03-21,2025-03-22,Standard,1,10118.0
3233,1082,Travel Agency,2025-03-21,2025-03-23,Deluxe,1,16003.0
3234,1017,Leisure,2025-03-21,2025-03-25,Family,1,20036.0
3235,1107,Corporate,2025-03-21,2025-03-22,Standard,1,10467.0
3236,1095,Travel Agency,2025-03-21,2025-03-25,Deluxe,1,15199.0
3237,1122,Corporate,2025-03-21,2025-03-23,Standard,1,10208.0
3238,1025,Corporate,2025-03-21,2025-03-25,Standard,1,9513.0
3239,1020,Leisure,2025-03-21,2025-03-24,Standard,1,10475.0
3240,1087,Leisure,2025-03-21,2025-03-22,Deluxe,1,14757.0
3241,1053,Leisure,2025-03-21,2025-03-22,Standard,1,9279.0
3242,1097,Travel Agency,2025-03-21,2025-03-22,Standard,1,8778.0
3243,1040,Leisure,2025-03-21,2025-03-23,Deluxe,1,13613.0
3244,1006,Leisure,2025-03-21,2025-03-22,Family,1,19605.0
3245,1097,Event Group,2025-03-21,2025-03-22,Suite,1,23747.0
3246,1024,Travel Agency,2025-03-21,2025-03-22,Standard,1,10373.0
3247,1038,Leisure,2025-03-21,2025-03-22,Standard,1,9257.0
3248,1086,Leisure,2025-03-21,2025-03-25,Standard,1,10914.0
3249,1074,Leisure,2025-03-21,2025-03-23,Standard,1,9778.0
3250,1003,Travel Agency,2025-03-21,2025-03-23,Family,1,21090.0
3251,1023,Leisure,2025-03-21,2025-03-24,Suite,1,22969.0
3252,1018,Leisure,2025-03-21,2025-03-22,Suite,1,24380.0
3253,1088,Corporate,2025-03-21,2025-03-24,Standard,1,9817.0
3254,1027,Corporate,2025-03-21,2025-03-26,Deluxe,1,14105.0
3255,1033,Travel Agency,2025-03-21,2025-03-22,Family,1,17976.0
3256,1094,Corporate,2025-03-21,2025-03-25,Deluxe,1,16109.0
3257,1068,Corporate,2025-03-21,2025-03-22,Standard,1,10788.0
3258,1007,Corporate,2025-03-21,2025-03-25,Standard,1,10500.0
3259,1028,Leisure,2025-03-21,2025-03-22,Deluxe,1,13879.0
3260,1006,Event Group,2025-03-21,2025-03-23,Standard,1,9515.0
3261,1079,Leisure,2025-03-21,2025-03-25,Family,1,23211.0
3262,1050,Event Group,2025-03-21,2025-03-23,Deluxe,1,13700.0
3263,1068,Travel Agency,2025-03-21,2025-03-26,Standard,1,10128.0
3264,1106,Corporate,2025-03-21,2025-03-22,Family,1,17313.0
3265,1071,Leisure,2025-03-21,2025-03-24,Standard,1,9484.0
3266,1032,Event Group,2025-03-21,2025-03-23,Standard,1,10607.0
3267,1106,Leisure,2025-03-21,2025-03-22,Deluxe,1,12538.0
3268,1054,Leisure,2025-03-21,2025-03-22,Family,1,19843.0
3269,1045,Leisure,2025-03-21,2025-03-25,Family,1,18110.0
3270,1010,Corporate,2025-03-21,2025-03-22,Standard,1,10583.0
3271,1038,Leisure,2025-03-21,2025-03-25,Suite,1,24338.0
3272,1097,Leisure,2025-03-22,2025-03-24,Standard,1,10453.0
3273,1021,Travel Agency,2025-03-22,2025-03-23,Family,1,18009.0
3274,1043,Leisure,2025-03-22,2025-03-24,Family,1,21354.0
3275,1005,Corporate,2025-03-22,2025-03-23,Standard,1,10287.0
3276,1096,Corporate,2025-03-22,2025-03-26,Deluxe,1,13231.0
3277,1102,Corporate,2025-03-22,2025-03-24,Standard,1,9800.0
3278,1006,Leisure,2025-03-22,2025-03-24,Standard,1,8613.0
3279,1055,Travel Agency,2025-03-22,2025-03-23,Deluxe,1,15205.0
3280,1067,Corporate,2025-03-22,2025-03-23,Suite,1,27353.0
3281,1078,Leisure,2025-03-22,2025-03-24,Family,1,24314.0
3282,1042,Corporate,2025-03-22,2025-03-26,Standard,1,10396.0
3283,1099,Event Group,2025-03-22,2025-03-23,Family,1,21239.0
3284,1024,Leisure,2025-03-22,2025-03-26,Standard,1,10288.0
3285,1063,Leisure,2025-03-22,2025-03-23,Standard,1,9039.0
3286,1107,Travel Agency,2025-03-22,2025-03-24,Standard,1,8252.0
3287,1031,Corporate,2025-03-22,2025-03-25,Standard,1,8330.0
3288,1044,Travel Agency,2025-03-22,2025-03-24,Standard,1,11273.0
3289,1071,Leisure,2025-03-22,2025-03-24,Standard,1,9772.0
3290,1079,Leisure,2025-03-22,2025-03-24,Deluxe,1,14793.0
3291,1058,Leisure,2025-03-22,2025-03-23,Deluxe,1,16011.0
3292,1075,Travel Agency,2025-03-22,2025-03-23,Deluxe,1,12000.0
3293,1024,Corporate,2025-03-22,2025-03-25,Deluxe,1,14231.0
3294,1052,Leisure,2025-03-22,2025-03-25,Family,1,19705.0
3295,1081,Leisure,2025-03-22,2025-03-25,Deluxe,1,16490.0
3296,1107,Travel Agency,2025-03-22,2025-03-24,Standard,1,10691.0
3297,1094,Leisure,2025-03-22,2025-03-24,Deluxe,1,13169.0
3298,1019,Travel Agency,2025-03-22,2025-03-25,Deluxe,1,15584.0
3299,1122,Leisure,2025-03-22,2025-03-24,Deluxe,1,15148.0
3300,1114,Leisure,2025-03-22,2025-03-23,Deluxe,1,13854.0
3301,1025,Event Group,2025-03-22,2025-03-24,Standard,1,11210.0
3302,1029,Corporate,2025-03-22,2025-03-26,Family,1,21327.0
3303,1052,Event Group,2025-03-22,2025-03-23,Standard,1,8683.0
3304,1072,Corporate,2025-03-23,2025-03-25,Standard,1,9113.0
3305,1004,Corporate,2025-03-23,2025-03-25,Standard,1,10084.0
3306,1072,Corporate,2025-03-23,2025-03-24,Deluxe,1,12000.0
3307,1078,Leisure,2025-03-23,2025-03-26,Family,1,20236.0
3308,1067,Travel Agency,2025-03-23,2025-03-26,Family,1,22118.0
3309,1106,Travel Agency,2025-03-23,2025-03-27,Standard,1,11046.0
3310,1085,Leisure,2025-03-23,2025-03-24,Standard,1,8250.0
3311,1071,Leisure,2025-03-23,2025-03-24,Standard,1,9342.0
3312,1098,Leisure,2025-03-23,2025-03-26,Suite,1,24026.0
3313,1049,Leisure,2025-03-23,2025-03-26,Standard,1,9761.0
3314,1119,Leisure,2025-03-23,2025-03-24,Deluxe,1,16405.0
3315,1088,Leisure,2025-03-23,2025-03-24,Suite,1,22510.0
3316,1041,Travel Agency,2025-03-23,2025-03-26,Family,1,20861.0
3317,1035,Travel Agency,2025-03-23,2025-03-28,Deluxe,1,14391.0
3318,1099,Leisure,2025-03-23,2025-03-24,Standard,1,10417.0
3319,1123,Leisure,2025-03-23,2025-03-25,Standard,1,10087.0
3320,1086,Corporate,2025-03-23,2025-03-26,Standard,1,9949.0
3321,1008,Leisure,2025-03-23,2025-03-25,Family,1,20228.0
3322,1026,Leisure,2025-03-23,2025-03-28,Standard,1,9712.0
3323,1110,Travel Agency,2025-03-23,2025-03-26,Standard,1,8837.0
3324,1011,Leisure,2025-03-24,2025-03-28,Standard,1,10975.0
3325,1042,Travel Agency,2025-03-24,2025-03-26,Standard,1,10295.0
3326,1075,Corporate,2025-03-24,2025-03-26,Standard,1,9541.0
3327,1007,Leisure,2025-03-24,2025-03-26,Family,1,19040.0
3328,1057,Corporate,2025-03-24,2025-03-25,Deluxe,1,15740.0
3329,1121,Corporate,2025-03-24,2025-03-26,Deluxe,1,14542.0
3330,1077,Leisure,2025-03-24,2025-03-25,Standard,1,10670.0
3331,1096,Travel Agency,2025-03-24,2025-03-25,Standard,1,9004.0
3332,1021,Travel Agency,2025-03-24,2025-03-27,Family,1,22974.0
3333,1100,Corporate,2025-03-24,2025-03-28,Deluxe,1,13184.0
3334,1025,Leisure,2025-03-24,2025-03-26,Standard,1,9611.0
3335,1017,Corporate,2025-03-24,2025-03-26,Standard,1,9838.0
3336,1124,Leisure,2025-03-24,2025-03-25,Family,1,20492.0
3337,1060,Event Group,2025-03-24,2025-03-26,Standard,1,10541.0
3338,1078,Travel Agency,2025-03-24,2025-03-27,Standard,1,10088.0
3339,1055,Corporate,2025-03-24,2025-03-26,Standard,1,10215.0
3340,1074,Leisure,2025-03-24,2025-03-26,Standard,1,10524.0
3341,1058,Corporate,2025-03-24,2025-03-26,Family,1,21170.0
3342,1124,Corporate,2025-03-24,2025-03-27,Standard,1,9877.0
3343,1111,Corporate,2025-03-24,2025-03-26,Standard,1,10150.0
3344,1007,Event Group,2025-03-24,2025-03-26,Standard,1,10427.0
3345,1014,Corporate,2025-03-24,2025-03-25,Standard,1,10256.0
3346,1064,Event Group,2025-03-24,2025-03-26,Standard,1,10977.0
3347,1002,Corporate,2025-03-24,2025-03-25,Deluxe,1,13336.0
3348,1106,Travel Agency,2025-03-24,2025-03-26,Suite,1,27317.0
3349,1120,Corporate,2025-03-24,2025-03-26,Standard,1,9249.0
3350,1094,Leisure,2025-03-24,2025-03-25,Family,1,19621.0
3351,1111,Travel Agency,2025-03-24,2025-03-26,Deluxe,1,13067.0
3352,1023,Leisure,2025-03-24,2025-03-28,Suite,1,27996.0
3353,1044,Leisure,2025-03-24,2025-03-29,Deluxe,1,12835.0
3354,1076,Event Group,2025-03-24,2025-03-27,Standard,1,11276.0
3355,1119,Leisure,2025-03-24,2025-03-26,Deluxe,1,14690.0
3356,1031,Leisure,2025-03-24,2025-03-26,Family,1,16740.0
3357,1111,Travel Agency,2025-03-24,2025-03-26,Family,1,21946.0
3358,1108,Corporate,2025-03-24,2025-03-26,Suite,1,24381.0
3359,1087,Leisure,2025-03-24,2025-03-25,Standard,1,9816.0
3360,1043,Leisure,2025-03-24,2025-03-29,Standard,1,9826.0
3361,1034,Corporate,2025-03-24,2025-03-26,Deluxe,1,14232.0
3362,1010,Corporate,2025-03-24,2025-03-25,Standard,1,8817.0
3363,1125,Leisure,2025-03-24,2025-03-25,Family,1,16768.0
3364,1035,Corporate,2025-03-24,2025-03-26,Standard,1,8752.0
3365,1101,Leisure,2025-03-24,2025-03-26,Standard,1,9165.0
3366,1043,Corporate,2025-03-24,2025-03-25,Deluxe,1,14649.0
3367,1030,Leisure,2025-03-24,2025-03-29,Suite,1,24849.0
3368,1065,Event Group,2025-03-24,2025-03-26,Deluxe,1,12959.0
3369,1078,Corporate,2025-03-24,2025-03-26,Family,1,18394.0
3370,1037,Leisure,2025-03-24,2025-03-27,Standard,1,9115.0
3371,1005,Leisure,2025-03-25,2025-03-27,Standard,1,11184.0
3372,1023,Leisure,2025-03-25,2025-03-27,Deluxe,1,13951.0
3373,1125,Leisure,2025-03-25,2025-03-27,Standard,1,8924.0
3374,1036,Leisure,2025-03-25,2025-03-26,Deluxe,1,14601.0
3375,1060,Leisure,2025-03-25,2025-03-26,Standard,1,9677.0
3376,1020,Leisure,2025-03-25,2025-03-27,Deluxe,1,12731.0
3377,1108,Leisure,2025-03-25,2025-03-27,Family,1,16739.0
3378,1064,Leisure,2025-03-25,2025-03-26,Suite,1,25268.0
3379,1052,Leisure,2025-03-25,2025-03-26,Family,1,18997.0
3380,1048,Travel Agency,2025-03-25,2025-03-28,Deluxe,1,15677.0
3381,1050,Corporate,2025-03-25,2025-03-26,Standard,1,10491.0
3382,1073,Leisure,2025-03-25,2025-03-27,Standard,1,9440.0
3383,1096,Corporate,2025-03-25,2025-03-28,Standard,1,10298.0
3384,1120,Corporate,2025-03-25,2025-03-27,Standard,1,9610.0
3385,1079,Leisure,2025-03-25,2025-03-27,Deluxe,1,15771.0
3386,1018,Leisure,2025-03-25,2025-03-27,Standard,1,11044.0
3387,1029,Travel Agency,2025-03-25,2025-03-28,Deluxe,1,14933.0
3388,1119,Event Group,2025-03-25,2025-03-26,Family,1,16908.0
3389,1118,Leisure,2025-03-25,2025-03-26,Deluxe,1,14282.0
3390,1120,Leisure,2025-03-25,2025-03-27,Standard,1,11100.0
3391,1052,Leisure,2025-03-25,2025-03-29,Deluxe,1,15146.0
3392,1044,Leisure,2025-03-25,2025-03-26,Family,1,21602.0
3393,1065,Leisure,2025-03-25,2025-03-28,Deluxe,1,14988.0
3394,1004,Leisure,2025-03-25,2025-03-28,Standard,1,12310.0
3395,1042,Corporate,2025-03-25,2025-03-27,Family,1,17469.0
3396,1088,Leisure,2025-03-25,2025-03-26,Standard,1,10911.0
3397,1113,Corporate,2025-03-25,2025-03-26,Standard,1,9515.0
3398,1062,Leisure,2025-03-26,2025-03-28,Deluxe,1,14905.0
3399,1107,Corporate,2025-03-26,2025-03-27,Deluxe,1,14148.0
3400,1027,Corporate,2025-03-26,2025-03-28,Deluxe,1,16539.0
3401,1014,Corporate,2025-03-26,2025-03-27,Standard,1,10255.0
3402,1114,Corporate,2025-03-26,2025-03-27,Standard,1,9800.0
3403,1122,Leisure,2025-03-26,2025-03-28,Standard,1,9150.0
3404,1123,Leisure,2025-03-26,2025-03-27,Deluxe,1,14610.0
3405,1111,Corporate,2025-03-26,2025-03-31,Deluxe,1,14117.0
3406,1046,Event Group,2025-03-26,2025-03-27,Deluxe,1,14481.0
3407,1016,Leisure,2025-03-26,2025-03-28,Standard,1,9695.0
3408,1097,Leisure,2025-03-26,2025-03-28,Deluxe,1,12673.0
3409,1109,Corporate,2025-03-26,2025-03-27,Standard,1,8978.0
3410,1120,Travel Agency,2025-03-26,2025-03-28,Deluxe,1,12422.0
3411,1055,Travel Agency,2025-03-26,2025-03-29,Standard,1,10860.0
3412,1097,Travel Agency,2025-03-26,2025-03-31,Standard,1,9190.0
3413,1022,Corporate,2025-03-26,2025-03-28,Standard,1,9489.0
3414,1036,Leisure,2025-03-26,2025-03-29,Standard,1,11566.0
3415,1124,Leisure,2025-03-26,2025-03-27,Deluxe,1,14143.0
3416,1065,Travel Agency,2025-03-26,2025-03-30,Standard,1,10255.0
3417,1124,Travel Agency,2025-03-26,2025-03-31,Standard,1,9352.0
3418,1001,Event Group,2025-03-26,2025-03-29,Standard,1,11716.0
3419,1048,Travel Agency,2025-03-26,2025-03-27,Family,1,20385.0
3420,1083,Travel Agency,2025-03-26,2025-03-28,Deluxe,1,15159.0
3421,1103,Travel Agency,2025-03-26,2025-03-30,Family,1,20313.0
3422,1067,Corporate,2025-03-26,2025-03-27,Standard,1,9494.0
3423,1024,Leisure,2025-03-26,2025-03-28,Standard,1,10710.0
3424,1050,Corporate,2025-03-26,2025-03-27,Deluxe,1,12817.0
3425,1064,Leisure,2025-03-26,2025-03-31,Deluxe,1,14202.0
3426,1101,Event Group,2025-03-26,2025-03-29,Family,1,16798.0
3427,1020,Leisure,2025-03-26,2025-03-30,Standard,1,10688.0
3428,1118,Travel Agency,2025-03-26,2025-03-27,Deluxe,1,16189.0
3429,1068,Event Group,2025-03-26,2025-03-27,Standard,1,9782.0
3430,1018,Leisure,2025-03-26,2025-03-29,Standard,1,10033.0
3431,1019,Corporate,2025-03-26,2025-03-27,Standard,1,9550.0
3432,1095,Leisure,2025-03-26,2025-03-28,Family,1,19407.0
3433,1034,Corporate,2025-03-26,2025-03-27,Standard,1,9706.0
3434,1099,Leisure,2025-03-26,2025-03-27,Deluxe,1,13601.0
3435,1059,Corporate,2025-03-26,2025-03-28,Standard,1,10708.0
3436,1125,Leisure,2025-03-26,2025-03-27,Standard,1,9300.0
3437,1049,Leisure,2025-03-26,2025-03-28,Standard,1,10037.0
3438,1105,Corporate,2025-03-26,2025-03-28,Standard,1,10115.0
3439,1094,Leisure,2025-03-27,2025-03-30,Suite,1,27269.0
3440,1092,Travel Agency,2025-03-27,2025-03-28,Standard,1,9307.0
3441,1026,Leisure,2025-03-27,2025-03-28,Standard,1,11014.0
3442,1073,Corporate,2025-03-27,2025-03-30,Standard,1,10368.0
3443,1023,Event Group,2025-03-27,2025-04-01,Deluxe,1,15315.0
3444,1028,Travel Agency,2025-03-27,2025-04-01,Standard,1,9585.0
3445,1085,Event Group,2025-03-27,2025-03-31,Deluxe,1,14177.0
3446,1071,Corporate,2025-03-27,2025-03-28,Family,1,16977.0
3447,1032,Corporate,2025-03-27,2025-03-28,Deluxe,1,13376.0
3448,1041,Leisure,2025-03-27,2025-03-31,Suite,1,22623.0
3449,1095,Leisure,2025-03-27,2025-03-28,Deluxe,1,12747.0
3450,1051,Corporate,2025-03-27,2025-03-29,Deluxe,1,14513.0
3451,1104,Leisure,2025-03-27,2025-03-31,Standard,1,9858.0
3452,1015,Leisure,2025-03-27,2025-03-29,Family,1,21009.0
3453,1024,Travel Agency,2025-03-27,2025-03-29,Standard,1,10445.0
3454,1043,Corporate,2025-03-27,2025-03-29,Deluxe,1,13449.0
3455,1015,Leisure,2025-03-27,2025-03-31,Standard,1,8984.0
3456,1018,Travel Agency,2025-03-27,2025-03-30,Standard,1,9743.0
3457,1104,Travel Agency,2025-03-27,2025-03-29,Deluxe,1,14429.0
3458,1047,Corporate,2025-03-27,2025-04-01,Deluxe,1,15054.0
3459,1114,Travel Agency,2025-03-27,2025-03-30,Standard,1,9433.0
3460,1104,Leisure,2025-03-27,2025-03-30,Standard,1,9755.0
3461,1045,Leisure,2025-03-27,2025-03-31,Family,1,17747.0
3462,1113,Leisure,2025-03-27,2025-03-30,Deluxe,1,14344.0
3463,1008,Corporate,2025-03-27,2025-03-29,Standard,1,9385.0
3464,1105,Travel Agency,2025-03-27,2025-03-31,Suite,1,23665.0
3465,1083,Corporate,2025-03-27,2025-03-28,Deluxe,1,13562.0
3466,1042,Travel Agency,2025-03-27,2025-03-29,Standard,1,11596.0
3467,1094,Travel Agency,2025-03-27,2025-03-28,Standard,1,10183.0
3468,1100,Corporate,2025-03-27,2025-03-31,Deluxe,1,15076.0
3469,1045,Travel Agency,2025-03-27,2025-03-29,Standard,1,9766.0
3470,1036,Corporate,2025-03-27,2025-03-28,Deluxe,1,12881.0
3471,1001,Corporate,2025-03-27,2025-03-30,Deluxe,1,13820.0
3472,1088,Corporate,2025-03-27,2025-04-01,Deluxe,1,13907.0
3473,1020,Event Group,2025-03-27,2025-03-28,Deluxe,1,14622.0
3474,1111,Corporate,2025-03-27,2025-03-28,Deluxe,1,14687.0
3475,1007,Leisure,2025-03-28,2025-03-30,Standard,1,8766.0
3476,1014,Leisure,2025-03-28,2025-03-31,Standard,1,10480.0
3477,1093,Corporate,2025-03-28,2025-03-29,Standard,1,10418.0
3478,1057,Leisure,2025-03-28,2025-03-29,Standard,1,9855.0
3479,1094,Leisure,2025-03-28,2025-03-29,Family,1,17858.0
3480,1002,Corporate,2025-03-28,2025-03-29,Standard,1,9505.0
3481,1104,Travel Agency,2025-03-28,2025-03-30,Deluxe,1,14938.0
3482,1012,Corporate,2025-03-28,2025-03-30,Standard,1,10008.0
3483,1081,Leisure,2025-03-28,2025-03-31,Standard,1,9419.0
3484,1018,Travel Agency,2025-03-28,2025-04-01,Deluxe,1,13491.0
3485,1108,Corporate,2025-03-28,2025-03-29,Standard,1,9575.0
3486,1049,Travel Agency,2025-03-28,2025-03-29,Suite,1,27070.0
3487,1084,Travel Agency,2025-03-28,2025-03-29,Suite,1,25136.0
3488,1100,Leisure,2025-03-28,2025-04-01,Standard,1,9238.0
3489,1013,Corporate,2025-03-28,2025-03-30,Deluxe,1,13955.0
3490,1071,Corporate,2025-03-28,2025-03-30,Standard,1,10574.0
3491,1119,Corporate,2025-03-28,2025-03-30,Standard,1,11626.0
3492,1020,Corporate,2025-03-28,2025-03-31,Standard,1,11063.0
3493,1055,Event Group,2025-03-28,2025-04-02,Standard,1,10492.0
3494,1022,Leisure,2025-03-28,2025-03-30,Standard,1,9302.0
3495,1124,Leisure,2025-03-28,2025-03-29,Deluxe,1,14071.0
3496,1111,Leisure,2025-03-28,2025-03-30,Standard,1,9544.0
3497,1044,Travel Agency,2025-03-28,2025-03-31,Standard,1,10119.0
3498,1001,Corporate,2025-03-28,2025-04-02,Standard,1,10709.0
3499,1032,Corporate,2025-03-28,2025-03-31,Standard,1,9126.0
3500,1073,Leisure,2025-03-28,2025-03-29,Standard,1,11541.0
3501,1115,Leisure,2025-03-28,2025-03-30,Family,1,17572.0
3502,1045,Leisure,2025-03-28,2025-03-30,Suite,1,22247.0
3503,1032,Corporate,2025-03-28,2025-03-30,Standard,1,9162.0
3504,1001,Corporate,2025-03-28,2025-03-31,Standard,1,10225.0
3505,1005,Travel Agency,2025-03-29,2025-03-31,Standard,1,10178.0
3506,1053,Leisure,2025-03-29,2025-04-01,Standard,1,8990.0
3507,1021,Leisure,2025-03-29,2025-03-30,Deluxe,1,14442.0
3508,1013,Corporate,2025-03-29,2025-03-30,Standard,1,9557.0
3509,1093,Leisure,2025-03-29,2025-04-01,Suite,1,25500.0
3510,1011,Corporate,2025-03-29,2025-03-30,Standard,1,10058.0
3511,1030,Leisure,2025-03-29,2025-03-30,Standard,1,9919.0
3512,1037,Travel Agency,2025-03-29,2025-04-03,Standard,1,10782.0
3513,1023,Corporate,2025-03-29,2025-03-31,Standard,1,9458.0
3514,1056,Corporate,2025-03-29,2025-03-30,Standard,1,11253.0
3515,1055,Leisure,2025-03-29,2025-03-31,Standard,1,9387.0
3516,1072,Corporate,2025-03-29,2025-03-31,Deluxe,1,15357.0
3517,1052,Leisure,2025-03-29,2025-03-30,Standard,1,10268.0
3518,1119,Event Group,2025-03-29,2025-04-01,Standard,1,9519.0
3519,1075,Leisure,2025-03-29,2025-03-31,Standard,1,10043.0
3520,1110,Corporate,2025-03-29,2025-03-30,Standard,1,9612.0
3521,1040,Event Group,2025-03-29,2025-03-30,Standard,1,9216.0
3522,1009,Corporate,2025-03-29,2025-03-31,Family,1,20755.0
3523,1033,Leisure,2025-03-29,2025-03-30,Suite,1,24680.0
3524,1031,Corporate,2025-03-29,2025-04-01,Standard,1,9547.0
3525,1110,Corporate,2025-03-29,2025-04-02,Deluxe,1,13976.0
3526,1041,Leisure,2025-03-29,2025-04-01,Deluxe,1,12508.0
3527,1079,Corporate,2025-03-29,2025-04-03,Standard,1,9950.0
3528,1083,Leisure,2025-03-29,2025-03-30,Deluxe,1,14069.0
3529,1064,Event Group,2025-03-29,2025-04-01,Suite,1,23026.0
3530,1076,Corporate,2025-03-29,2025-03-31,Deluxe,1,15364.0
3531,1014,Leisure,2025-03-29,2025-03-30,Standard,1,8848.0
3532,1007,Corporate,2025-03-30,2025-04-01,Standard,1,10037.0
3533,1107,Corporate,2025-03-30,2025-04-01,Deluxe,1,15326.0
3534,1086,Corporate,2025-03-30,2025-03-31,Standard,1,9731.0
3535,1015,Leisure,2025-03-30,2025-03-31,Deluxe,1,12000.0
3536,1022,Corporate,2025-03-30,2025-04-01,Family,1,18965.0
3537,1018,Event Group,2025-03-30,2025-04-02,Family,1,16500.0
3538,1022,Leisure,2025-03-30,2025-04-01,Standard,1,10320.0
3539,1085,Travel Agency,2025-03-30,2025-04-01,Standard,1,9006.0
3540,1120,Travel Agency,2025-03-30,2025-03-31,Deluxe,1,14042.0
3541,1011,Event Group,2025-03-30,2025-04-01,Family,1,19291.0
3542,1114,Travel Agency,2025-03-30,2025-04-02,Standard,1,8940.0
3543,1115,Travel Agency,2025-03-30,2025-04-01,Family,1,18874.0
3544,1081,Event Group,2025-03-30,2025-04-04,Standard,1,9783.0
3545,1004,Leisure,2025-03-30,2025-03-31,Deluxe,1,12980.0
3546,1039,Event Group,2025-03-30,2025-04-03,Suite,1,29044.0
3547,1122,Corporate,2025-03-30,2025-03-31,Deluxe,1,13334.0
3548,1057,Leisure,2025-03-30,2025-04-01,Family,1,21649.0
3549,1070,Event Group,2025-03-30,2025-04-01,Family,1,18889.0
3550,1061,Corporate,2025-03-30,2025-04-02,Standard,1,10760.0
3551,1025,Corporate,2025-03-30,2025-04-02,Deluxe,1,14779.0
3552,1011,Leisure,2025-03-30,2025-03-31,Standard,1,10860.0
3553,1105,Leisure,2025-03-30,2025-04-01,Family,1,21045.0
3554,1020,Leisure,2025-03-30,2025-04-02,Deluxe,1,12190.0
3555,1086,Leisure,2025-03-30,2025-04-02,Standard,1,10693.0
3556,1030,Leisure,2025-03-30,2025-04-01,Family,1,19573.0
3557,1102,Travel Agency,2025-03-30,2025-03-31,Deluxe,1,15927.0
3558,1032,Leisure,2025-03-30,2025-03-31,Deluxe,1,12941.0
3559,1043,Travel Agency,2025-03-31,2025-04-01,Standard,1,9533.0
3560,1059,Travel Agency,2025-03-31,2025-04-02,Deluxe,1,13028.0
3561,1082,Leisure,2025-03-31,2025-04-04,Deluxe,1,13939.0
3562,1082,Leisure,2025-03-31,2025-04-02,Standard,1,9511.0
3563,1079,Leisure,2025-03-31,2025-04-02,Standard,1,9905.0
3564,1020,Leisure,2025-03-31,2025-04-01,Standard,1,10521.0
3565,1120,Leisure,2025-03-31,2025-04-01,Standard,1,10251.0
3566,1053,Travel Agency,2025-03-31,2025-04-03,Standard,1,10163.0
3567,1100,Corporate,2025-03-31,2025-04-02,Standard,1,11869.0
3568,1065,Leisure,2025-03-31,2025-04-02,Standard,1,9494.0
3569,1020,Leisure,2025-03-31,2025-04-01,Standard,1,10691.0
3570,1074,Leisure,2025-03-31,2025-04-03,Family,1,19651.0
3571,1107,Travel Agency,2025-03-31,2025-04-01,Standard,1,10163.0
3572,1032,Event Group,2025-03-31,2025-04-04,Standard,1,10065.0
3573,1112,Leisure,2025-03-31,2025-04-03,Standard,1,11037.0
3574,1061,Corporate,2025-03-31,2025-04-02,Standard,1,8250.0
3575,1033,Leisure,2025-03-31,2025-04-04,Deluxe,1,14742.0
3576,1100,Leisure,2025-03-31,2025-04-02,Standard,1,9872.0
3577,1039,Corporate,2025-03-31,2025-04-01,Suite,1,26555.0
3578,1055,Leisure,2025-03-31,2025-04-01,Deluxe,1,13884.0
3579,1073,Corporate,2025-03-31,2025-04-01,Standard,1,9854.0
3580,1095,Leisure,2025-03-31,2025-04-03,Standard,1,10084.0
3581,1034,Travel Agency,2025-03-31,2025-04-04,Deluxe,1,14484.0
3582,1006,Leisure,2025-03-31,2025-04-02,Deluxe,1,13806.0
3583,1071,Leisure,2025-03-31,2025-04-05,Deluxe,1,15256.0
3584,1053,Leisure,2025-03-31,2025-04-01,Standard,1,9244.0
3585,1118,Travel Agency,2025-03-31,2025-04-05,Deluxe,1,15259.0
3586,1055,Corporate,2025-03-31,2025-04-02,Standard,1,8966.0
3587,1051,Travel Agency,2025-03-31,2025-04-02,Deluxe,1,14420.0
3588,1065,Corporate,2025-03-31,2025-04-02,Deluxe,1,17533.0
3589,1034,Travel Agency,2025-03-31,2025-04-01,Standard,1,10509.0
3590,1016,Corporate,2025-03-31,2025-04-03,Family,1,20576.0
3591,1062,Leisure,2025-03-31,2025-04-03,Deluxe,1,16039.0
3592,1114,Event Group,2025-03-31,2025-04-01,Family,1,20669.0
3593,1008,Leisure,2025-04-01,2025-04-02,Standard,1,10742.0
3594,1054,Travel Agency,2025-04-01,2025-04-03,Standard,1,10679.0
3595,1017,Leisure,2025-04-01,2025-04-03,Standard,1,11235.0
3596,1001,Leisure,2025-04-01,2025-04-03,Standard,1,10819.0
3597,1039,Leisure,2025-04-01,2025-04-03,Standard,1,11022.0
3598,1118,Event Group,2025-04-01,2025-04-02,Suite,1,29399.0
3599,1101,Travel Agency,2025-04-01,2025-04-03,Standard,1,11837.0
3600,1042,Leisure,2025-04-01,2025-04-05,Family,1,21374.0
3601,1102,Corporate,2025-04-01,2025-04-02,Suite,1,30411.0
3602,1069,Travel Agency,2025-04-01,2025-04-02,Family,1,21104.0
3603,1040,Travel Agency,2025-04-01,2025-04-03,Family,1,23225.0
3604,1055,Corporate,2025-04-01,2025-04-06,Deluxe,1,14961.0
3605,1103,Leisure,2025-04-01,2025-04-05,Standard,1,11499.0
3606,1044,Corporate,2025-04-01,2025-04-03,Standard,1,10491.0
3607,1043,Leisure,2025-04-01,2025-04-02,Deluxe,1,15085.0
3608,1055,Event Group,2025-04-01,2025-04-02,Deluxe,1,19910.0
3609,1038,Corporate,2025-04-01,2025-04-02,Standard,1,11673.0
3610,1085,Leisure,2025-04-01,2025-04-04,Standard,1,12578.0
3611,1079,Travel Agency,2025-04-01,2025-04-03,Standard,1,11316.0
3612,1012,Corporate,2025-04-01,2025-04-02,Standard,1,11039.0
3613,1123,Leisure,2025-04-01,2025-04-06,Standard,1,14147.0
3614,1116,Leisure,2025-04-01,2025-04-04,Standard,1,11652.0
3615,1067,Leisure,2025-04-01,2025-04-02,Family,1,23091.0
3616,1011,Leisure,2025-04-01,2025-04-03,Family,1,21962.0
3617,1057,Event Group,2025-04-01,2025-04-03,Standard,1,11330.0
3618,1092,Event Group,2025-04-01,2025-04-05,Family,1,22956.0
3619,1104,Corporate,2025-04-01,2025-04-02,Standard,1,12042.0
3620,1033,Corporate,2025-04-01,2025-04-02,Standard,1,11869.0
3621,1030,Leisure,2025-04-01,2025-04-04,Standard,1,12086.0
3622,1060,Leisure,2025-04-01,2025-04-04,Standard,1,12311.0
3623,1048,Leisure,2025-04-01,2025-04-06,Deluxe,1,15567.0
3624,1089,Corporate,2025-04-01,2025-04-05,Family,1,25014.0
3625,1047,Travel Agency,2025-04-01,2025-04-03,Deluxe,1,18244.0
3626,1033,Corporate,2025-04-01,2025-04-06,Suite,1,34947.0
3627,1044,Leisure,2025-04-01,2025-04-03,Standard,1,11986.0
3628,1025,Travel Agency,2025-04-01,2025-04-05,Deluxe,1,17454.0
3629,1099,Leisure,2025-04-01,2025-04-04,Standard,1,11785.0
3630,1094,Leisure,2025-04-01,2025-04-04,Deluxe,1,13616.0
3631,1032,Leisure,2025-04-02,2025-04-03,Suite,1,29989.0
3632,1022,Leisure,2025-04-02,2025-04-04,Deluxe,1,14540.0
3633,1022,Travel Agency,2025-04-02,2025-04-03,Deluxe,1,15565.0
3634,1002,Leisure,2025-04-02,2025-04-06,Suite,1,28620.0
3635,1032,Travel Agency,2025-04-02,2025-04-03,Deluxe,1,15758.0
3636,1025,Leisure,2025-04-02,2025-04-03,Suite,1,27954.0
3637,1065,Travel Agency,2025-04-02,2025-04-04,Standard,1,11739.0
3638,1043,Travel Agency,2025-04-02,2025-04-03,Suite,1,33118.0
3639,1101,Corporate,2025-04-02,2025-04-06,Suite,1,32341.0
3640,1112,Corporate,2025-04-02,2025-04-03,Deluxe,1,14711.0
3641,1045,Corporate,2025-04-02,2025-04-04,Standard,1,13020.0
3642,1086,Corporate,2025-04-02,2025-04-03,Family,1,21103.0
3643,1069,Leisure,2025-04-02,2025-04-03,Family,1,23683.0
3644,1080,Leisure,2025-04-02,2025-04-05,Family,1,21972.0
3645,1097,Leisure,2025-04-02,2025-04-05,Standard,1,12950.0
3646,1083,Leisure,2025-04-02,2025-04-05,Family,1,23375.0
3647,1112,Leisure,2025-04-02,2025-04-03,Deluxe,1,14823.0
3648,1075,Leisure,2025-04-02,2025-04-04,Deluxe,1,16771.0
3649,1089,Leisure,2025-04-02,2025-04-04,Standard,1,12634.0
3650,1062,Event Group,2025-04-02,2025-04-03,Deluxe,1,19120.0
3651,1018,Leisure,2025-04-02,2025-04-03,Deluxe,1,16577.0
3652,1111,Travel Agency,2025-04-02,2025-04-03,Standard,1,12548.0
3653,1035,Travel Agency,2025-04-02,2025-04-04,Deluxe,1,16046.0
3654,1029,Leisure,2025-04-02,2025-04-03,Standard,1,12028.0
3655,1125,Corporate,2025-04-02,2025-04-03,Deluxe,1,16229.0
3656,1004,Leisure,2025-04-02,2025-04-04,Standard,1,11371.0
3657,1067,Event Group,2025-04-02,2025-04-05,Standard,1,9133.0
3658,1072,Leisure,2025-04-02,2025-04-06,Family,1,20951.0
3659,1030,Corporate,2025-04-02,2025-04-03,Family,1,23229.0
3660,1067,Corporate,2025-04-02,2025-04-03,Standard,1,11404.0
3661,1081,Corporate,2025-04-02,2025-04-04,Standard,1,12479.0
3662,1087,Travel Agency,2025-04-02,2025-04-06,Deluxe,1,15943.0
3663,1048,Corporate,2025-04-02,2025-04-04,Deluxe,1,17773.0
3664,1093,Corporate,2025-04-02,2025-04-03,Standard,1,11938.0
3665,1011,Event Group,2025-04-02,2025-04-04,Standard,1,10772.0
3666,1036,Travel Agency,2025-04-02,2025-04-05,Deluxe,1,15244.0
3667,1040,Travel Agency,2025-04-02,2025-04-05,Standard,1,11167.0
3668,1087,Corporate,2025-04-02,2025-04-07,Standard,1,11077.0
3669,1107,Corporate,2025-04-02,2025-04-03,Suite,1,29463.0
3670,1105,Corporate,2025-04-02,2025-04-06,Deluxe,1,16554.0
3671,1010,Leisure,2025-04-03,2025-04-05,Family,1,19041.0
3672,1050,Corporate,2025-04-03,2025-04-07,Standard,1,9753.0
3673,1083,Corporate,2025-04-03,2025-04-04,Standard,1,12357.0
3674,1115,Travel Agency,2025-04-03,2025-04-05,Standard,1,11182.0
3675,1104,Corporate,2025-04-03,2025-04-04,Family,1,20311.0
3676,1035,Leisure,2025-04-03,2025-04-04,Standard,1,12402.0
3677,1002,Leisure,2025-04-03,2025-04-05,Suite,1,24631.0
3678,1071,Corporate,2025-04-03,2025-04-05,Standard,1,11006.0
3679,1080,Leisure,2025-04-03,2025-04-05,Standard,1,11850.0
3680,1056,Leisure,2025-04-03,2025-04-05,Standard,1,12222.0
3681,1016,Leisure,2025-04-03,2025-04-05,Deluxe,1,16895.0
3682,1047,Leisure,2025-04-03,2025-04-08,Standard,1,10280.0
3683,1047,Leisure,2025-04-03,2025-04-06,Standard,1,11668.0
3684,1031,Leisure,2025-04-03,2025-04-04,Standard,1,10533.0
3685,1113,Corporate,2025-04-03,2025-04-07,Standard,1,12541.0
3686,1072,Leisure,2025-04-03,2025-04-08,Deluxe,1,18390.0
3687,1011,Corporate,2025-04-03,2025-04-04,Suite,1,28748.0
3688,1018,Event Group,2025-04-03,2025-04-04,Deluxe,1,17830.0
3689,1066,Leisure,2025-04-03,2025-04-06,Family,1,22034.0
3690,1086,Leisure,2025-04-03,2025-04-08,Standard,1,10157.0
3691,1024,Leisure,2025-04-03,2025-04-05,Deluxe,1,17362.0
3692,1036,Leisure,2025-04-03,2025-04-04,Suite,1,30913.0
3693,1018,Leisure,2025-04-03,2025-04-06,Standard,1,10542.0
3694,1076,Corporate,2025-04-03,2025-04-04,Standard,1,12331.0
3695,1117,Leisure,2025-04-03,2025-04-04,Standard,1,11258.0
3696,1071,Leisure,2025-04-03,2025-04-06,Family,1,23854.0
3697,1107,Leisure,2025-04-03,2025-04-04,Standard,1,11331.0
3698,1017,Leisure,2025-04-03,2025-04-05,Standard,1,12764.0
3699,1091,Travel Agency,2025-04-03,2025-04-05,Suite,1,29456.0
3700,1091,Corporate,2025-04-03,2025-04-07,Deluxe,1,16161.0
3701,1059,Event Group,2025-04-03,2025-04-05,Family,1,22140.0
3702,1065,Corporate,2025-04-03,2025-04-06,Standard,1,13439.0
3703,1093,Leisure,2025-04-03,2025-04-05,Standard,1,9394.0
3704,1117,Corporate,2025-04-03,2025-04-04,Family,1,20426.0
3705,1092,Leisure,2025-04-03,2025-04-04,Suite,1,29711.0
3706,1070,Event Group,2025-04-03,2025-04-04,Standard,1,13528.0
3707,1062,Leisure,2025-04-03,2025-04-06,Family,1,25037.0
3708,1008,Event Group,2025-04-03,2025-04-06,Standard,1,10576.0
3709,1079,Event Group,2025-04-03,2025-04-05,Standard,1,10350.0
3710,1041,Travel Agency,2025-04-03,2025-04-05,Standard,1,12892.0
3711,1096,Travel Agency,2025-04-03,2025-04-04,Standard,1,11389.0
3712,1018,Travel Agency,2025-04-03,2025-04-07,Standard,1,9955.0
3713,1056,Corporate,2025-04-03,2025-04-04,Standard,1,12175.0
3714,1107,Corporate,2025-04-03,2025-04-06,Deluxe,1,13892.0
3715,1101,Leisure,2025-04-03,2025-04-04,Family,1,23507.0
3716,1103,Leisure,2025-04-04,2025-04-05,Deluxe,1,18759.0
3717,1053,Leisure,2025-04-04,2025-04-06,Deluxe,1,14388.0
3718,1061,Corporate,2025-04-04,2025-04-06,Standard,1,10730.0
3719,1066,Leisure,2025-04-04,2025-04-06,Deluxe,1,19108.0
3720,1040,Corporate,2025-04-04,2025-04-09,Family,1,22271.0
3721,1034,Travel Agency,2025-04-04,2025-04-05,Suite,1,29261.0
3722,1085,Travel Agency,2025-04-04,2025-04-05,Standard,1,11200.0
3723,1125,Corporate,2025-04-04,2025-04-05,Deluxe,1,15695.0
3724,1033,Leisure,2025-04-04,2025-04-07,Family,1,23407.0
3725,1068,Corporate,2025-04-04,2025-04-08,Deluxe,1,17332.0
3726,1056,Event Group,2025-04-04,2025-04-08,Standard,1,11167.0
3727,1033,Corporate,2025-04-04,2025-04-06,Standard,1,8880.0
3728,1071,Leisure,2025-04-04,2025-04-08,Family,1,21441.0
3729,1117,Travel Agency,2025-04-04,2025-04-05,Standard,1,9619.0
3730,1018,Leisure,2025-04-04,2025-04-07,Deluxe,1,19351.0
3731,1091,Corporate,2025-04-04,2025-04-05,Deluxe,1,18044.0
3732,1046,Leisure,2025-04-04,2025-04-06,Standard,1,9617.0
3733,1002,Corporate,2025-04-04,2025-04-09,Standard,1,10178.0
3734,1099,Leisure,2025-04-04,2025-04-06,Deluxe,1,15943.0
3735,1077,Leisure,2025-04-04,2025-04-05,Standard,1,11470.0
3736,1013,Event Group,2025-04-04,2025-04-05,Standard,1,11753.0
3737,1019,Leisure,2025-04-04,2025-04-06,Standard,1,10416.0
3738,1088,Event Group,2025-04-04,2025-04-05,Standard,1,10715.0
3739,1080,Corporate,2025-04-04,2025-04-07,Standard,1,10921.0
3740,1120,Travel Agency,2025-04-04,2025-04-05,Standard,1,10847.0
3741,1086,Leisure,2025-04-04,2025-04-08,Standard,1,13503.0
3742,1102,Corporate,2025-04-04,2025-04-06,Standard,1,11528.0
3743,1098,Event Group,2025-04-04,2025-04-06,Family,1,26756.0
3744,1015,Corporate,2025-04-04,2025-04-08,Suite,1,29710.0
3745,1103,Event Group,2025-04-04,2025-04-08,Standard,1,12260.0
3746,1082,Corporate,2025-04-04,2025-04-07,Deluxe,1,16112.0
3747,1013,Leisure,2025-04-04,2025-04-05,Family,1,26475.0
3748,1060,Travel Agency,2025-04-04,2025-04-07,Deluxe,1,17493.0
3749,1083,Leisure,2025-04-04,2025-04-05,Deluxe,1,16714.0
3750,1009,Travel Agency,2025-04-04,2025-04-05,Standard,1,10168.0
3751,1039,Corporate,2025-04-04,2025-04-09,Standard,1,11266.0
3752,1045,Leisure,2025-04-05,2025-04-06,Suite,1,29240.0
3753,1006,Corporate,2025-04-05,2025-04-06,Standard,1,11516.0
3754,1081,Travel Agency,2025-04-05,2025-04-08,Deluxe,1,18346.0
3755,1084,Corporate,2025-04-05,2025-04-06,Deluxe,1,17462.0
3756,1098,Travel Agency,2025-04-05,2025-04-07,Standard,1,12394.0
3757,1044,Leisure,2025-04-05,2025-04-09,Deluxe,1,16483.0
3758,1073,Corporate,2025-04-05,2025-04-07,Standard,1,13767.0
3759,1074,Corporate,2025-04-05,2025-04-06,Family,1,24834.0
3760,1092,Travel Agency,2025-04-05,2025-04-09,Standard,1,12634.0
3761,1115,Travel Agency,2025-04-05,2025-04-06,Standard,1,11970.0
3762,1123,Corporate,2025-04-05,2025-04-07,Standard,1,10927.0
3763,1040,Travel Agency,2025-04-05,2025-04-06,Standard,1,10221.0
3764,1063,Leisure,2025-04-05,2025-04-10,Deluxe,1,16816.0
3765,1043,Travel Agency,2025-04-05,2025-04-08,Standard,1,11618.0
3766,1028,Leisure,2025-04-05,2025-04-06,Standard,1,11720.0
3767,1051,Corporate,2025-04-05,2025-04-06,Family,1,22467.0
3768,1024,Leisure,2025-04-05,2025-04-06,Standard,1,11683.0
3769,1029,Travel Agency,2025-04-05,2025-04-07,Deluxe,1,17237.0
3770,1005,Travel Agency,2025-04-05,2025-04-06,Suite,1,32882.0
3771,1108,Travel Agency,2025-04-05,2025-04-07,Deluxe,1,17732.0
3772,1117,Corporate,2025-04-05,2025-04-07,Deluxe,1,16951.0
3773,1114,Corporate,2025-04-05,2025-04-06,Standard,1,10402.0
3774,1119,Leisure,2025-04-05,2025-04-06,Family,1,23288.0
3775,1125,Leisure,2025-04-05,2025-04-09,Standard,1,12041.0
3776,1070,Travel Agency,2025-04-05,2025-04-07,Family,1,25456.0
3777,1012,Travel Agency,2025-04-05,2025-04-09,Standard,1,11521.0
3778,1030,Travel Agency,2025-04-05,2025-04-08,Standard,1,11200.0
3779,1113,Leisure,2025-04-05,2025-04-06,Family,1,24816.0
3780,1024,Leisure,2025-04-05,2025-04-06,Standard,1,10717.0
3781,1004,Leisure,2025-04-05,2025-04-07,Standard,1,11777.0
3782,1108,Travel Agency,2025-04-05,2025-04-06,Deluxe,1,18617.0
3783,1024,Leisure,2025-04-05,2025-04-08,Standard,1,12645.0
3784,1085,Corporate,2025-04-05,2025-04-08,Standard,1,10788.0
3785,1101,Travel Agency,2025-04-05,2025-04-07,Standard,1,10541.0
3786,1013,Leisure,2025-04-05,2025-04-07,Standard,1,12432.0
3787,1028,Leisure,2025-04-05,2025-04-08,Standard,1,11574.0
3788,1073,Travel Agency,2025-04-06,2025-04-09,Deluxe,1,16533.0
3789,1072,Leisure,2025-04-06,2025-04-09,Deluxe,1,16630.0
3790,1099,Travel Agency,2025-04-06,2025-04-09,Deluxe,1,16227.0
3791,1028,Leisure,2025-04-06,2025-04-07,Standard,1,12000.0
3792,1020,Leisure,2025-04-06,2025-04-11,Standard,1,10376.0
3793,1124,Travel Agency,2025-04-06,2025-04-08,Deluxe,1,17158.0
3794,1066,Leisure,2025-04-06,2025-04-10,Family,1,21698.0
3795,1028,Leisure,2025-04-06,2025-04-09,Standard,1,12128.0
3796,1108,Leisure,2025-04-06,2025-04-08,Deluxe,1,16806.0
3797,1036,Event Group,2025-04-06,2025-04-07,Family,1,23842.0
3798,1017,Corporate,2025-04-06,2025-04-07,Deluxe,1,17010.0
3799,1123,Travel Agency,2025-04-06,2025-04-10,Family,1,27668.0
3800,1002,Corporate,2025-04-06,2025-04-08,Standard,1,12556.0
3801,1007,Leisure,2025-04-06,2025-04-09,Deluxe,1,18125.0
3802,1110,Corporate,2025-04-06,2025-04-09,Standard,1,12491.0
3803,1113,Leisure,2025-04-06,2025-04-09,Standard,1,11834.0
3804,1116,Corporate,2025-04-06,2025-04-08,Standard,1,11161.0
3805,1033,Corporate,2025-04-06,2025-04-07,Suite,1,29027.0
3806,1008,Event Group,2025-04-06,2025-04-07,Standard,1,11796.0
3807,1046,Corporate,2025-04-06,2025-04-09,Standard,1,12032.0
3808,1029,Leisure,2025-04-06,2025-04-08,Standard,1,10650.0
3809,1054,Corporate,2025-04-06,2025-04-07,Standard,1,12206.0
3810,1010,Event Group,2025-04-06,2025-04-09,Deluxe,1,18344.0
3811,1096,Leisure,2025-04-06,2025-04-08,Standard,1,11898.0
3812,1004,Event Group,2025-04-06,2025-04-07,Family,1,22264.0
3813,1050,Travel Agency,2025-04-06,2025-04-09,Standard,1,11699.0
3814,1112,Corporate,2025-04-06,2025-04-07,Standard,1,11240.0
3815,1072,Leisure,2025-04-06,2025-04-07,Standard,1,10667.0
3816,1125,Leisure,2025-04-06,2025-04-11,Family,1,23088.0
3817,1090,Travel Agency,2025-04-06,2025-04-08,Family,1,24506.0
3818,1103,Leisure,2025-04-06,2025-04-07,Standard,1,10975.0
3819,1033,Corporate,2025-04-06,2025-04-08,Standard,1,11189.0
3820,1051,Event Group,2025-04-06,2025-04-07,Standard,1,13076.0
3821,1054,Leisure,2025-04-06,2025-04-09,Family,1,23596.0
3822,1109,Leisure,2025-04-07,2025-04-08,Standard,1,11848.0
3823,1016,Travel Agency,2025-04-07,2025-04-08,Standard,1,12070.0
3824,1118,Corporate,2025-04-07,2025-04-12,Standard,1,11855.0
3825,1090,Leisure,2025-04-07,2025-04-08,Suite,1,26007.0
3826,1114,Corporate,2025-04-07,2025-04-10,Standard,1,10446.0
3827,1077,Leisure,2025-04-07,2025-04-09,Family,1,22896.0
3828,1031,Leisure,2025-04-07,2025-04-09,Family,1,24046.0
3829,1085,Leisure,2025-04-07,2025-04-11,Deluxe,1,16478.0
3830,1031,Corporate,2025-04-07,2025-04-10,Deluxe,1,17170.0
3831,1037,Event Group,2025-04-07,2025-04-10,Family,1,24702.0
3832,1069,Corporate,2025-04-07,2025-04-12,Family,1,22677.0
3833,1122,Event Group,2025-04-07,2025-04-08,Standard,1,11788.0
3834,1109,Corporate,2025-04-07,2025-04-10,Suite,1,33327.0
3835,1093,Corporate,2025-04-07,2025-04-09,Deluxe,1,18010.0
3836,1087,Travel Agency,2025-04-07,2025-04-11,Standard,1,10458.0
3837,1076,Leisure,2025-04-07,2025-04-08,Standard,1,12448.0
3838,1118,Event Group,2025-04-07,2025-04-10,Deluxe,1,16232.0
3839,1031,Leisure,2025-04-07,2025-04-11,Deluxe,1,13636.0
3840,1094,Event Group,2025-04-07,2025-04-09,Standard,1,11431.0
3841,1009,Event Group,2025-04-07,2025-04-09,Deluxe,1,18118.0
3842,1003,Corporate,2025-04-07,2025-04-11,Standard,1,11885.0
3843,1119,Leisure,2025-04-07,2025-04-11,Deluxe,1,17788.0
3844,1024,Event Group,2025-04-07,2025-04-09,Suite,1,25086.0
3845,1121,Leisure,2025-04-07,2025-04-09,Deluxe,1,16675.0
3846,1119,Corporate,2025-04-07,2025-04-09,Standard,1,11123.0
3847,1018,Event Group,2025-04-07,2025-04-09,Standard,1,11699.0
3848,1016,Leisure,2025-04-07,2025-04-10,Standard,1,11980.0
3849,1123,Event Group,2025-04-07,2025-04-08,Family,1,23894.0
3850,1054,Corporate,2025-04-07,2025-04-09,Standard,1,11693.0
3851,1040,Corporate,2025-04-07,2025-04-08,Suite,1,28073.0
3852,1059,Leisure,2025-04-07,2025-04-10,Standard,1,10396.0
3853,1003,Leisure,2025-04-07,2025-04-12,Standard,1,12256.0
3854,1046,Leisure,2025-04-07,2025-04-09,Standard,1,10414.0
3855,1048,Corporate,2025-04-07,2025-04-08,Family,1,23162.0
3856,1027,Travel Agency,2025-04-07,2025-04-09,Deluxe,1,15698.0
3857,1115,Corporate,2025-04-07,2025-04-12,Standard,1,11267.0
3858,1088,Leisure,2025-04-07,2025-04-11,Standard,1,10844.0
3859,1064,Corporate,2025-04-07,2025-04-10,Deluxe,1,17059.0
3860,1089,Travel Agency,2025-04-07,2025-04-12,Standard,1,12820.0
3861,1106,Travel Agency,2025-04-07,2025-04-10,Deluxe,1,15983.0
3862,1088,Leisure,2025-04-07,2025-04-11,Standard,1,12211.0
3863,1015,Leisure,2025-04-07,2025-04-08,Standard,1,12273.0
3864,1046,Travel Agency,2025-04-07,2025-04-08,Standard,1,12710.0
3865,1048,Event Group,2025-04-08,2025-04-11,Suite,1,34374.0
3866,1005,Event Group,2025-04-08,2025-04-10,Standard,1,12365.0
3867,1040,Travel Agency,2025-04-08,2025-04-09,Standard,1,11761.0
3868,1025,Travel Agency,2025-04-08,2025-04-10,Standard,1,11985.0
3869,1016,Corporate,2025-04-08,2025-04-09,Standard,1,12939.0
3870,1104,Leisure,2025-04-08,2025-04-09,Deluxe,1,16384.0
3871,1026,Event Group,2025-04-08,2025-04-09,Deluxe,1,17550.0
3872,1067,Leisure,2025-04-08,2025-04-09,Standard,1,11216.0
3873,1093,Leisure,2025-04-08,2025-04-09,Suite,1,28183.0
3874,1017,Corporate,2025-04-08,2025-04-10,Deluxe,1,16288.0
3875,1028,Leisure,2025-04-08,2025-04-13,Deluxe,1,18345.0
3876,1089,Corporate,2025-04-08,2025-04-09,Family,1,21414.0
3877,1078,Leisure,2025-04-08,2025-04-10,Suite,1,30451.0
3878,1089,Travel Agency,2025-04-08,2025-04-09,Standard,1,12594.0
3879,1030,Travel Agency,2025-04-08,2025-04-12,Deluxe,1,16991.0
3880,1005,Leisure,2025-04-08,2025-04-09,Standard,1,10903.0
3881,1024,Corporate,2025-04-08,2025-04-09,Standard,1,11829.0
3882,1098,Event Group,2025-04-08,2025-04-10,Standard,1,11508.0
3883,1063,Travel Agency,2025-04-08,2025-04-09,Deluxe,1,16350.0
3884,1109,Leisure,2025-04-08,2025-04-10,Standard,1,11836.0
3885,1081,Corporate,2025-04-08,2025-04-13,Family,1,25805.0
3886,1064,Event Group,2025-04-08,2025-04-11,Family,1,22455.0
3887,1111,Leisure,2025-04-08,2025-04-11,Deluxe,1,16523.0
3888,1057,Corporate,2025-04-08,2025-04-10,Standard,1,10855.0
3889,1089,Corporate,2025-04-08,2025-04-09,Deluxe,1,17723.0
3890,1092,Corporate,2025-04-08,2025-04-09,Family,1,22857.0
3891,1045,Travel Agency,2025-04-08,2025-04-10,Deluxe,1,15599.0
3892,1020,Travel Agency,2025-04-08,2025-04-11,Deluxe,1,21240.0
3893,1123,Leisure,2025-04-08,2025-04-11,Deluxe,1,17338.0
3894,1114,Corporate,2025-04-08,2025-04-09,Standard,1,11104.0
3895,1032,Corporate,2025-04-08,2025-04-13,Deluxe,1,15194.0
3896,1111,Leisure,2025-04-08,2025-04-10,Suite,1,25204.0
3897,1088,Leisure,2025-04-08,2025-04-09,Suite,1,27564.0
3898,1001,Travel Agency,2025-04-08,2025-04-09,Suite,1,29031.0
3899,1084,Travel Agency,2025-04-08,2025-04-09,Deluxe,1,18998.0
3900,1010,Travel Agency,2025-04-08,2025-04-09,Deluxe,1,16083.0
3901,1085,Travel Agency,2025-04-09,2025-04-10,Standard,1,12445.0
3902,1041,Leisure,2025-04-09,2025-04-11,Standard,1,11046.0
3903,1041,Corporate,2025-04-09,2025-04-12,Deluxe,1,15693.0
3904,1012,Corporate,2025-04-09,2025-04-10,Standard,1,11308.0
3905,1073,Corporate,2025-04-09,2025-04-12,Standard,1,11304.0
3906,1086,Leisure,2025-04-09,2025-04-12,Deluxe,1,16564.0
3907,1028,Leisure,2025-04-09,2025-04-12,Standard,1,12739.0
3908,1103,Leisure,2025-04-09,2025-04-11,Deluxe,1,16960.0
3909,1056,Corporate,2025-04-09,2025-04-10,Standard,1,11244.0
3910,1018,Corporate,2025-04-09,2025-04-12,Family,1,24550.0
3911,1121,Corporate,2025-04-09,2025-04-10,Deluxe,1,15632.0
3912,1060,Leisure,2025-04-09,2025-04-10,Standard,1,12618.0
3913,1073,Leisure,2025-04-09,2025-04-11,Deluxe,1,15758.0
3914,1030,Corporate,2025-04-09,2025-04-11,Family,1,19602.0
3915,1017,Travel Agency,2025-04-09,2025-04-11,Standard,1,12422.0
3916,1074,Travel Agency,2025-04-09,2025-04-11,Standard,1,10735.0
3917,1070,Leisure,2025-04-09,2025-04-11,Family,1,23514.0
3918,1074,Leisure,2025-04-09,2025-04-10,Standard,1,11890.0
3919,1015,Corporate,2025-04-09,2025-04-12,Family,1,25619.0
3920,1066,Leisure,2025-04-09,2025-04-11,Deluxe,1,16679.0
3921,1024,Leisure,2025-04-09,2025-04-12,Deluxe,1,17114.0
3922,1004,Corporate,2025-04-09,2025-04-10,Standard,1,10812.0
3923,1037,Leisure,2025-04-09,2025-04-11,Suite,1,28272.0
3924,1001,Event Group,2025-04-09,2025-04-11,Deluxe,1,14699.0
3925,1040,Leisure,2025-04-09,2025-04-14,Standard,1,11733.0
3926,1076,Leisure,2025-04-09,2025-04-12,Standard,1,10572.0
3927,1054,Event Group,2025-04-09,2025-04-10,Standard,1,12252.0
3928,1110,Leisure,2025-04-09,2025-04-11,Suite,1,29175.0
3929,1041,Corporate,2025-04-09,2025-04-10,Standard,1,11324.0
3930,1073,Corporate,2025-04-09,2025-04-11,Deluxe,1,16550.0
3931,1011,Leisure,2025-04-09,2025-04-10,Standard,1,9045.0
3932,1029,Leisure,2025-04-09,2025-04-11,Standard,1,12477.0
3933,1060,Leisure,2025-04-09,2025-04-10,Standard,1,12633.0
3934,1053,Leisure,2025-04-09,2025-04-10,Deluxe,1,17220.0
3935,1011,Corporate,2025-04-09,2025-04-11,Deluxe,1,17477.0
3936,1073,Travel Agency,2025-04-09,2025-04-11,Family,1,21383.0
3937,1037,Leisure,2025-04-09,2025-04-11,Deluxe,1,15616.0
3938,1116,Corporate,2025-04-09,2025-04-11,Standard,1,11202.0
3939,1091,Corporate,2025-04-09,2025-04-10,Family,1,24360.0
3940,1119,Travel Agency,2025-04-09,2025-04-10,Standard,1,10843.0
3941,1107,Leisure,2025-04-09,2025-04-10,Deluxe,1,15927.0
3942,1113,Corporate,2025-04-10,2025-04-12,Standard,1,9796.0
3943,1090,Corporate,2025-04-10,2025-04-12,Standard,1,11650.0
3944,1043,Corporate,2025-04-10,2025-04-11,Deluxe,1,14245.0
3945,1074,Leisure,2025-04-10,2025-04-11,Deluxe,1,16644.0
3946,1067,Travel Agency,2025-04-10,2025-04-12,Deluxe,1,15869.0
3947,1115,Corporate,2025-04-10,2025-04-14,Deluxe,1,18727.0
3948,1023,Corporate,2025-04-10,2025-04-12,Deluxe,1,19741.0
3949,1067,Corporate,2025-04-10,2025-04-12,Standard,1,10631.0
3950,1053,Leisure,2025-04-10,2025-04-11,Standard,1,13303.0
3951,1032,Leisure,2025-04-10,2025-04-12,Standard,1,11853.0
3952,1109,Leisure,2025-04-10,2025-04-11,Standard,1,11179.0
3953,1106,Corporate,2025-04-10,2025-04-14,Standard,1,10634.0
3954,1014,Travel Agency,2025-04-10,2025-04-14,Standard,1,10783.0
3955,1111,Leisure,2025-04-10,2025-04-11,Standard,1,9776.0
3956,1043,Leisure,2025-04-10,2025-04-13,Standard,1,11988.0
3957,1056,Travel Agency,2025-04-10,2025-04-12,Deluxe,1,18467.0
3958,1028,Leisure,2025-04-10,2025-04-11,Family,1,22570.0
3959,1042,Leisure,2025-04-10,2025-04-11,Family,1,22672.0
3960,1120,Corporate,2025-04-10,2025-04-11,Standard,1,12233.0
3961,1107,Travel Agency,2025-04-10,2025-04-12,Deluxe,1,16553.0
3962,1005,Travel Agency,2025-04-10,2025-04-14,Standard,1,12113.0
3963,1084,Leisure,2025-04-10,2025-04-11,Family,1,23870.0
3964,1092,Leisure,2025-04-10,2025-04-11,Standard,1,12412.0
3965,1106,Leisure,2025-04-10,2025-04-12,Deluxe,1,17225.0
3966,1116,Leisure,2025-04-10,2025-04-11,Deluxe,1,15519.0
3967,1036,Leisure,2025-04-10,2025-04-13,Family,1,25015.0
3968,1114,Corporate,2025-04-10,2025-04-12,Standard,1,10828.0
3969,1009,Leisure,2025-04-10,2025-04-11,Suite,1,24481.0
3970,1027,Corporate,2025-04-10,2025-04-11,Standard,1,11705.0
3971,1122,Corporate,2025-04-10,2025-04-11,Suite,1,30616.0
3972,1121,Leisure,2025-04-10,2025-04-11,Standard,1,9863.0
3973,1097,Corporate,2025-04-10,2025-04-12,Standard,1,11565.0
3974,1067,Corporate,2025-04-10,2025-04-11,Family,1,20110.0
3975,1052,Corporate,2025-04-10,2025-04-12,Family,1,23751.0
3976,1002,Corporate,2025-04-10,2025-04-11,Deluxe,1,17346.0
3977,1089,Corporate,2025-04-10,2025-04-11,Standard,1,11211.0
3978,1057,Travel Agency,2025-04-11,2025-04-15,Standard,1,10424.0
3979,1079,Leisure,2025-04-11,2025-04-12,Family,1,25647.0
3980,1083,Corporate,2025-04-11,2025-04-14,Standard,1,11544.0
3981,1023,Event Group,2025-04-11,2025-04-12,Standard,1,10979.0
3982,1031,Leisure,2025-04-11,2025-04-14,Family,1,22988.0
3983,1102,Travel Agency,2025-04-11,2025-04-12,Standard,1,12617.0
3984,1075,Corporate,2025-04-11,2025-04-12,Standard,1,13800.0
3985,1003,Travel Agency,2025-04-11,2025-04-14,Suite,1,32013.0
3986,1007,Event Group,2025-04-11,2025-04-14,Standard,1,11291.0
3987,1093,Travel Agency,2025-04-11,2025-04-12,Family,1,22262.0
3988,1123,Leisure,2025-04-11,2025-04-14,Standard,1,10119.0
3989,1089,Leisure,2025-04-11,2025-04-15,Standard,1,11120.0
3990,1120,Leisure,2025-04-11,2025-04-14,Deluxe,1,14974.0
3991,1047,Corporate,2025-04-11,2025-04-15,Family,1,20672.0
3992,1061,Travel Agency,2025-04-11,2025-04-12,Deluxe,1,14593.0
3993,1009,Travel Agency,2025-04-11,2025-04-12,Deluxe,1,17662.0
3994,1044,Corporate,2025-04-11,2025-04-12,Standard,1,13101.0
3995,1033,Corporate,2025-04-11,2025-04-14,Standard,1,11108.0
3996,1025,Corporate,2025-04-11,2025-04-14,Family,1,23123.0
3997,1024,Corporate,2025-04-11,2025-04-14,Standard,1,12249.0
3998,1066,Event Group,2025-04-11,2025-04-12,Standard,1,12299.0
3999,1071,Event Group,2025-04-11,2025-04-14,Standard,1,12246.0
4000,1116,Leisure,2025-04-11,2025-04-15,Standard,1,10609.0
4001,1063,Travel Agency,2025-04-11,2025-04-15,Standard,1,9848.0
4002,1014,Leisure,2025-04-11,2025-04-12,Standard,1,11631.0
4003,1046,Corporate,2025-04-11,2025-04-13,Deluxe,1,17560.0
4004,1023,Travel Agency,2025-04-11,2025-04-12,Standard,1,11647.0
4005,1096,Event Group,2025-04-11,2025-04-15,Standard,1,10476.0
4006,1038,Leisure,2025-04-11,2025-04-12,Standard,1,12002.0
4007,1087,Corporate,2025-04-11,2025-04-12,Standard,1,12298.0
4008,1025,Leisure,2025-04-11,2025-04-14,Standard,1,10456.0
4009,1070,Corporate,2025-04-11,2025-04-14,Family,1,20241.0
4010,1107,Corporate,2025-04-11,2025-04-12,Suite,1,27853.0
4011,1066,Leisure,2025-04-11,2025-04-13,Standard,1,13342.0
4012,1002,Corporate,2025-04-11,2025-04-15,Deluxe,1,14432.0
4013,1065,Leisure,2025-04-11,2025-04-13,Family,1,23836.0
4014,1058,Travel Agency,2025-04-11,2025-04-12,Deluxe,1,15884.0
4015,1051,Travel Agency,2025-04-11,2025-04-13,Deluxe,1,18983.0
4016,1054,Corporate,2025-04-11,2025-04-14,Standard,1,12642.0
4017,1061,Event Group,2025-04-11,2025-04-12,Standard,1,10494.0
4018,1011,Corporate,2025-04-12,2025-04-14,Family,1,24126.0
4019,1084,Corporate,2025-04-12,2025-04-13,Family,1,23462.0
4020,1076,Corporate,2025-04-12,2025-04-15,Standard,1,11089.0
4021,1028,Event Group,2025-04-12,2025-04-13,Standard,1,13068.0
4022,1086,Corporate,2025-04-12,2025-04-14,Standard,1,11109.0
4023,1020,Leisure,2025-04-12,2025-04-14,Deluxe,1,14712.0
4024,1038,Leisure,2025-04-12,2025-04-13,Deluxe,1,17291.0
4025,1034,Corporate,2025-04-12,2025-04-17,Deluxe,1,15931.0
4026,1044,Leisure,2025-04-12,2025-04-13,Deluxe,1,17648.0
4027,1006,Corporate,2025-04-12,2025-04-13,Standard,1,10670.0
4028,1029,Travel Agency,2025-04-12,2025-04-14,Standard,1,10260.0
4029,1013,Travel Agency,2025-04-12,2025-04-13,Deluxe,1,19066.0
4030,1096,Corporate,2025-04-12,2025-04-13,Family,1,24909.0
4031,1112,Travel Agency,2025-04-12,2025-04-15,Standard,1,11273.0
4032,1052,Leisure,2025-04-12,2025-04-14,Standard,1,10435.0
4033,1072,Travel Agency,2025-04-12,2025-04-13,Standard,1,12184.0
4034,1097,Event Group,2025-04-12,2025-04-14,Deluxe,1,17560.0
4035,1119,Corporate,2025-04-12,2025-04-15,Standard,1,11710.0
4036,1068,Leisure,2025-04-12,2025-04-16,Deluxe,1,15992.0
4037,1082,Leisure,2025-04-12,2025-04-15,Deluxe,1,17353.0
4038,1040,Leisure,2025-04-12,2025-04-16,Standard,1,9239.0
4039,1024,Leisure,2025-04-12,2025-04-13,Suite,1,30756.0
4040,1104,Event Group,2025-04-12,2025-04-13,Standard,1,12112.0
4041,1037,Corporate,2025-04-12,2025-04-13,Standard,1,11435.0
4042,1125,Corporate,2025-04-12,2025-04-13,Standard,1,11866.0
4043,1111,Event Group,2025-04-12,2025-04-15,Standard,1,12589.0
4044,1079,Leisure,2025-04-12,2025-04-13,Deluxe,1,15932.0
4045,1036,Leisure,2025-04-12,2025-04-15,Standard,1,9591.0
4046,1066,Leisure,2025-04-12,2025-04-14,Deluxe,1,14461.0
4047,1055,Leisure,2025-04-12,2025-04-13,Deluxe,1,19368.0
4048,1091,Travel Agency,2025-04-12,2025-04-15,Standard,1,12211.0
4049,1025,Event Group,2025-04-12,2025-04-13,Standard,1,11536.0
4050,1042,Corporate,2025-04-12,2025-04-13,Deluxe,1,15127.0
4051,1031,Corporate,2025-04-12,2025-04-13,Deluxe,1,16859.0
4052,1089,Leisure,2025-04-12,2025-04-13,Deluxe,1,18449.0
4053,1099,Travel Agency,2025-04-12,2025-04-14,Standard,1,12315.0
4054,1090,Leisure,2025-04-12,2025-04-13,Deluxe,1,18851.0
4055,1023,Travel Agency,2025-04-12,2025-04-15,Standard,1,13218.0
4056,1050,Corporate,2025-04-13,2025-04-18,Suite,1,31638.0
4057,1105,Corporate,2025-04-13,2025-04-17,Deluxe,1,15473.0
4058,1081,Corporate,2025-04-13,2025-04-17,Deluxe,1,16459.0
4059,1099,Travel Agency,2025-04-13,2025-04-17,Family,1,23879.0
4060,1100,Corporate,2025-04-13,2025-04-15,Standard,1,10829.0
4061,1085,Corporate,2025-04-13,2025-04-18,Standard,1,11867.0
4062,1087,Travel Agency,2025-04-13,2025-04-14,Deluxe,1,16640.0
4063,1045,Event Group,2025-04-13,2025-04-15,Deluxe,1,16044.0
4064,1042,Leisure,2025-04-13,2025-04-15,Family,1,24501.0
4065,1003,Event Group,2025-04-13,2025-04-16,Deluxe,1,15505.0
4066,1097,Leisure,2025-04-13,2025-04-17,Standard,1,11778.0
4067,1001,Leisure,2025-04-13,2025-04-15,Deluxe,1,17025.0
4068,1032,Leisure,2025-04-13,2025-04-17,Deluxe,1,18325.0
4069,1057,Leisure,2025-04-13,2025-04-15,Suite,1,26017.0
4070,1076,Travel Agency,2025-04-13,2025-04-14,Family,1,22514.0
4071,1070,Leisure,2025-04-13,2025-04-17,Standard,1,10740.0
4072,1092,Leisure,2025-04-13,2025-04-14,Deluxe,1,16776.0
4073,1048,Leisure,2025-04-13,2025-04-14,Suite,1,28971.0
4074,1046,Leisure,2025-04-13,2025-04-16,Deluxe,1,16959.0
4075,1027,Leisure,2025-04-13,2025-04-14,Deluxe,1,14958.0
4076,1029,Leisure,2025-04-13,2025-04-15,Standard,1,12360.0
4077,1002,Leisure,2025-04-13,2025-04-16,Deluxe,1,16437.0
4078,1057,Travel Agency,2025-04-13,2025-04-16,Deluxe,1,15185.0
4079,1053,Travel Agency,2025-04-13,2025-04-15,Standard,1,10946.0
4080,1051,Corporate,2025-04-13,2025-04-18,Standard,1,11660.0
4081,1077,Leisure,2025-04-13,2025-04-15,Deluxe,1,15051.0
4082,1109,Leisure,2025-04-13,2025-04-16,Standard,1,10240.0
4083,1066,Corporate,2025-04-13,2025-04-15,Deluxe,1,16058.0
4084,1032,Leisure,2025-04-13,2025-04-15,Standard,1,11243.0
4085,1044,Event Group,2025-04-13,2025-04-15,Standard,1,12450.0
4086,1038,Leisure,2025-04-13,2025-04-16,Standard,1,8447.0
4087,1041,Corporate,2025-04-13,2025-04-15,Suite,1,27727.0
4088,1002,Leisure,2025-04-13,2025-04-15,Standard,1,10628.0
4089,1005,Travel Agency,2025-04-13,2025-04-14,Standard,1,11464.0
4090,1078,Leisure,2025-04-13,2025-04-14,Standard,1,10941.0
4091,1046,Leisure,2025-04-14,2025-04-15,Family,1,22649.0
4092,1113,Corporate,2025-04-14,2025-04-17,Deluxe,1,19324.0
4093,1040,Travel Agency,2025-04-14,2025-04-16,Deluxe,1,17204.0
4094,1077,Corporate,2025-04-14,2025-04-16,Deluxe,1,15667.0
4095,1054,Travel Agency,2025-04-14,2025-04-15,Deluxe,1,18505.0
4096,1123,Corporate,2025-04-14,2025-04-15,Family,1,23024.0
4097,1045,Corporate,2025-04-14,2025-04-16,Standard,1,11833.0
4098,1076,Leisure,2025-04-14,2025-04-17,Deluxe,1,16802.0
4099,1122,Leisure,2025-04-14,2025-04-17,Family,1,24276.0
4100,1099,Leisure,2025-04-14,2025-04-15,Standard,1,13496.0
4101,1038,Event Group,2025-04-14,2025-04-17,Deluxe,1,15340.0
4102,1062,Leisure,2025-04-14,2025-04-16,Standard,1,9854.0
4103,1113,Leisure,2025-04-14,2025-04-18,Family,1,22022.0
4104,1097,Corporate,2025-04-14,2025-04-15,Deluxe,1,16646.0
4105,1038,Leisure,2025-04-14,2025-04-16,Standard,1,12253.0
4106,1077,Corporate,2025-04-14,2025-04-19,Standard,1,11767.0
4107,1116,Corporate,2025-04-14,2025-04-16,Family,1,22033.0
4108,1039,Leisure,2025-04-14,2025-04-17,Family,1,24714.0
4109,1045,Travel Agency,2025-04-14,2025-04-16,Family,1,24248.0
4110,1041,Leisure,2025-04-14,2025-04-16,Deluxe,1,17646.0
4111,1002,Corporate,2025-04-14,2025-04-17,Family,1,23686.0
4112,1085,Leisure,2025-04-14,2025-04-15,Standard,1,11173.0
4113,1039,Corporate,2025-04-14,2025-04-17,Standard,1,10850.0
4114,1077,Leisure,2025-04-14,2025-04-17,Deluxe,1,19504.0
4115,1069,Corporate,2025-04-14,2025-04-16,Standard,1,12536.0
4116,1125,Travel Agency,2025-04-14,2025-04-15,Standard,1,10159.0
4117,1111,Leisure,2025-04-14,2025-04-15,Standard,1,12704.0
4118,1051,Travel Agency,2025-04-14,2025-04-15,Family,1,24813.0
4119,1100,Corporate,2025-04-14,2025-04-15,Standard,1,12995.0
4120,1082,Leisure,2025-04-14,2025-04-18,Standard,1,9990.0
4121,1094,Leisure,2025-04-14,2025-04-16,Family,1,22756.0
4122,1087,Leisure,2025-04-14,2025-04-15,Standard,1,12864.0
4123,1108,Corporate,2025-04-14,2025-04-15,Standard,1,11274.0
4124,1052,Corporate,2025-04-14,2025-04-17,Standard,1,11058.0
4125,1008,Leisure,2025-04-14,2025-04-16,Standard,1,10793.0
4126,1007,Travel Agency,2025-04-14,2025-04-15,Standard,1,10883.0
4127,1030,Corporate,2025-04-14,2025-04-16,Standard,1,10848.0
4128,1019,Leisure,2025-04-14,2025-04-16,Deluxe,1,17103.0
4129,1107,Leisure,2025-04-14,2025-04-18,Standard,1,12017.0
4130,1039,Leisure,2025-04-14,2025-04-16,Suite,1,27830.0
4131,1078,Leisure,2025-04-14,2025-04-19,Deluxe,1,16637.0
4132,1069,Leisure,2025-04-14,2025-04-15,Standard,1,13338.0
4133,1009,Leisure,2025-04-14,2025-04-15,Standard,1,9895.0
4134,1055,Leisure,2025-04-15,2025-04-16,Deluxe,1,20085.0
4135,1114,Leisure,2025-04-15,2025-04-17,Family,1,20559.0
4136,1061,Corporate,2025-04-15,2025-04-19,Standard,1,11841.0
4137,1024,Leisure,2025-04-15,2025-04-16,Standard,1,10534.0
4138,1042,Corporate,2025-04-15,2025-04-16,Standard,1,10807.0
4139,1029,Leisure,2025-04-15,2025-04-16,Suite,1,30079.0
4140,1014,Leisure,2025-04-15,2025-04-18,Deluxe,1,18192.0
4141,1036,Corporate,2025-04-15,2025-04-18,Standard,1,12260.0
4142,1021,Leisure,2025-04-15,2025-04-17,Family,1,21412.0
4143,1040,Event Group,2025-04-15,2025-04-17,Deluxe,1,17262.0
4144,1049,Corporate,2025-04-15,2025-04-18,Standard,1,10986.0
4145,1044,Event Group,2025-04-15,2025-04-17,Deluxe,1,16167.0
4146,1007,Leisure,2025-04-15,2025-04-17,Standard,1,11799.0
4147,1074,Leisure,2025-04-15,2025-04-17,Deluxe,1,16867.0
4148,1013,Travel Agency,2025-04-15,2025-04-19,Standard,1,11209.0
4149,1067,Leisure,2025-04-15,2025-04-17,Deluxe,1,15679.0
4150,1066,Leisure,2025-04-15,2025-04-16,Standard,1,10389.0
4151,1116,Travel Agency,2025-04-15,2025-04-16,Suite,1,31850.0
4152,1117,Leisure,2025-04-15,2025-04-17,Suite,1,28410.0
4153,1043,Travel Agency,2025-04-15,2025-04-18,Family,1,23921.0
4154,1015,Travel Agency,2025-04-15,2025-04-17,Deluxe,1,17938.0
4155,1057,Corporate,2025-04-15,2025-04-16,Suite,1,31428.0
4156,1081,Leisure,2025-04-15,2025-04-17,Deluxe,1,15742.0
4157,1070,Corporate,2025-04-15,2025-04-18,Suite,1,26469.0
4158,1119,Travel Agency,2025-04-15,2025-04-17,Standard,1,12378.0
4159,1124,Corporate,2025-04-15,2025-04-17,Standard,1,10938.0
4160,1055,Corporate,2025-04-15,2025-04-16,Standard,1,11340.0
4161,1051,Leisure,2025-04-15,2025-04-19,Deluxe,1,19851.0
4162,1068,Corporate,2025-04-15,2025-04-16,Family,1,23192.0
4163,1015,Travel Agency,2025-04-15,2025-04-18,Deluxe,1,17123.0
4164,1011,Leisure,2025-04-15,2025-04-17,Suite,1,33842.0
4165,1114,Leisure,2025-04-15,2025-04-19,Standard,1,11394.0
4166,1093,Leisure,2025-04-15,2025-04-18,Suite,1,34704.0
4167,1057,Travel Agency,2025-04-15,2025-04-18,Deluxe,1,15057.0
4168,1055,Corporate,2025-04-15,2025-04-16,Standard,1,10646.0
4169,1012,Travel Agency,2025-04-15,2025-04-16,Deluxe,1,16277.0
4170,1093,Travel Agency,2025-04-15,2025-04-18,Deluxe,1,16533.0
4171,1086,Travel Agency,2025-04-15,2025-04-18,Standard,1,11505.0
4172,1074,Leisure,2025-04-15,2025-04-16,Standard,1,11539.0
4173,1123,Corporate,2025-04-15,2025-04-17,Standard,1,11080.0
4174,1111,Leisure,2025-04-15,2025-04-16,Family,1,22120.0
4175,1006,Leisure,2025-04-15,2025-04-16,Standard,1,11630.0
4176,1065,Leisure,2025-04-15,2025-04-18,Deluxe,1,16195.0
4177,1113,Leisure,2025-04-15,2025-04-16,Deluxe,1,16665.0
4178,1120,Leisure,2025-04-15,2025-04-16,Standard,1,9922.0
4179,1118,Leisure,2025-04-16,2025-04-19,Deluxe,1,15812.0
4180,1093,Leisure,2025-04-16,2025-04-17,Standard,1,12195.0
4181,1091,Corporate,2025-04-16,2025-04-18,Deluxe,1,16894.0
4182,1112,Leisure,2025-04-16,2025-04-17,Standard,1,12831.0
4183,1058,Leisure,2025-04-16,2025-04-19,Family,1,20012.0
4184,1050,Leisure,2025-04-16,2025-04-17,Deluxe,1,19292.0
4185,1113,Leisure,2025-04-16,2025-04-17,Suite,1,30250.0
4186,1123,Corporate,2025-04-16,2025-04-18,Standard,1,12334.0
4187,1063,Corporate,2025-04-16,2025-04-17,Deluxe,1,15806.0
4188,1077,Corporate,2025-04-16,2025-04-17,Standard,1,11515.0
4189,1038,Leisure,2025-04-16,2025-04-19,Standard,1,13596.0
4190,1033,Travel Agency,2025-04-16,2025-04-17,Standard,1,11610.0
4191,1090,Leisure,2025-04-16,2025-04-19,Standard,1,11974.0
4192,1027,Leisure,2025-04-16,2025-04-20,Standard,1,11645.0
4193,1006,Leisure,2025-04-16,2025-04-20,Standard,1,11018.0
4194,1086,Corporate,2025-04-16,2025-04-21,Family,1,26402.0
4195,1063,Leisure,2025-04-16,2025-04-17,Deluxe,1,17036.0
4196,1066,Event Group,2025-04-16,2025-04-18,Standard,1,12255.0
4197,1097,Corporate,2025-04-16,2025-04-17,Family,1,22982.0
4198,1119,Travel Agency,2025-04-16,2025-04-18,Deluxe,1,17462.0
4199,1089,Travel Agency,2025-04-16,2025-04-18,Standard,1,10733.0
4200,1081,Travel Agency,2025-04-16,2025-04-20,Deluxe,1,17469.0
4201,1110,Leisure,2025-04-16,2025-04-20,Family,1,24164.0
4202,1035,Leisure,2025-04-16,2025-04-18,Standard,1,12565.0
4203,1107,Leisure,2025-04-16,2025-04-19,Family,1,23938.0
4204,1018,Travel Agency,2025-04-16,2025-04-18,Deluxe,1,16021.0
4205,1055,Corporate,2025-04-16,2025-04-17,Suite,1,30511.0
4206,1101,Event Group,2025-04-16,2025-04-21,Suite,1,32582.0
4207,1107,Travel Agency,2025-04-16,2025-04-18,Standard,1,11356.0
4208,1065,Corporate,2025-04-16,2025-04-17,Standard,1,13013.0
4209,1084,Leisure,2025-04-16,2025-04-20,Deluxe,1,17217.0
4210,1030,Corporate,2025-04-16,2025-04-21,Deluxe,1,18256.0
4211,1030,Leisure,2025-04-16,2025-04-17,Standard,1,12250.0
4212,1015,Leisure,2025-04-16,2025-04-18,Deluxe,1,16889.0
4213,1003,Leisure,2025-04-16,2025-04-17,Family,1,21844.0
4214,1034,Corporate,2025-04-16,2025-04-17,Standard,1,10820.0
4215,1111,Event Group,2025-04-16,2025-04-21,Suite,1,33553.0
4216,1093,Leisure,2025-04-16,2025-04-20,Family,1,24581.0
4217,1003,Corporate,2025-04-16,2025-04-18,Deluxe,1,16674.0
4218,1108,Leisure,2025-04-16,2025-04-19,Standard,1,12293.0
4219,1031,Corporate,2025-04-16,2025-04-17,Deluxe,1,16189.0
4220,1062,Corporate,2025-04-16,2025-04-18,Suite,1,37568.0
4221,1036,Event Group,2025-04-16,2025-04-17,Deluxe,1,17465.0
4222,1095,Leisure,2025-04-16,2025-04-18,Deluxe,1,16454.0
4223,1053,Leisure,2025-04-16,2025-04-17,Deluxe,1,16687.0
4224,1064,Corporate,2025-04-16,2025-04-17,Standard,1,13699.0
4225,1089,Corporate,2025-04-16,2025-04-19,Suite,1,33828.0
4226,1007,Leisure,2025-04-17,2025-04-18,Deluxe,1,18766.0
4227,1013,Leisure,2025-04-17,2025-04-18,Standard,1,12638.0
4228,1089,Leisure,2025-04-17,2025-04-18,Deluxe,1,17602.0
4229,1100,Event Group,2025-04-17,2025-04-18,Deluxe,1,17894.0
4230,1054,Travel Agency,2025-04-17,2025-04-19,Standard,1,11716.0
4231,1053,Leisure,2025-04-17,2025-04-18,Deluxe,1,19633.0
4232,1004,Corporate,2025-04-17,2025-04-19,Family,1,20643.0
4233,1123,Corporate,2025-04-17,2025-04-19,Standard,1,11826.0
4234,1012,Corporate,2025-04-17,2025-04-22,Suite,1,26244.0
4235,1022,Leisure,2025-04-17,2025-04-20,Standard,1,11857.0
4236,1066,Leisure,2025-04-17,2025-04-18,Standard,1,11354.0
4237,1019,Leisure,2025-04-17,2025-04-18,Standard,1,11733.0
4238,1100,Travel Agency,2025-04-17,2025-04-18,Standard,1,10706.0
4239,1064,Corporate,2025-04-17,2025-04-19,Standard,1,13459.0
4240,1001,Travel Agency,2025-04-17,2025-04-18,Standard,1,12571.0
4241,1019,Leisure,2025-04-17,2025-04-18,Standard,1,11318.0
4242,1024,Corporate,2025-04-17,2025-04-20,Suite,1,30554.0
4243,1019,Leisure,2025-04-17,2025-04-18,Standard,1,9609.0
4244,1094,Leisure,2025-04-17,2025-04-18,Standard,1,11567.0
4245,1035,Corporate,2025-04-17,2025-04-20,Family,1,22078.0
4246,1079,Travel Agency,2025-04-17,2025-04-20,Standard,1,10975.0
4247,1081,Leisure,2025-04-17,2025-04-20,Standard,1,11643.0
4248,1060,Event Group,2025-04-17,2025-04-18,Standard,1,11182.0
4249,1125,Leisure,2025-04-17,2025-04-18,Deluxe,1,16901.0
4250,1070,Event Group,2025-04-17,2025-04-18,Family,1,23912.0
4251,1014,Corporate,2025-04-17,2025-04-19,Standard,1,10779.0
4252,1012,Event Group,2025-04-17,2025-04-18,Deluxe,1,13845.0
4253,1097,Travel Agency,2025-04-17,2025-04-19,Standard,1,11069.0
4254,1072,Travel Agency,2025-04-17,2025-04-20,Deluxe,1,17574.0
4255,1087,Event Group,2025-04-17,2025-04-21,Standard,1,11080.0
4256,1068,Leisure,2025-04-17,2025-04-18,Standard,1,11670.0
4257,1096,Corporate,2025-04-17,2025-04-19,Standard,1,11597.0
4258,1074,Leisure,2025-04-17,2025-04-20,Standard,1,12562.0
4259,1017,Travel Agency,2025-04-17,2025-04-18,Standard,1,12179.0
4260,1068,Corporate,2025-04-17,2025-04-18,Standard,1,10210.0
4261,1026,Event Group,2025-04-17,2025-04-20,Family,1,21812.0
4262,1030,Leisure,2025-04-17,2025-04-22,Standard,1,12363.0
4263,1058,Leisure,2025-04-17,2025-04-18,Standard,1,10147.0
4264,1053,Corporate,2025-04-17,2025-04-18,Family,1,23880.0
4265,1110,Corporate,2025-04-17,2025-04-19,Standard,1,13915.0
4266,1121,Leisure,2025-04-18,2025-04-21,Standard,1,11571.0
4267,1098,Leisure,2025-04-18,2025-04-22,Deluxe,1,15488.0
4268,1067,Corporate,2025-04-18,2025-04-19,Standard,1,13220.0
4269,1076,Travel Agency,2025-04-18,2025-04-21,Standard,1,12565.0
4270,1074,Leisure,2025-04-18,2025-04-19,Standard,1,11512.0
4271,1001,Corporate,2025-04-18,2025-04-20,Deluxe,1,16782.0
4272,1050,Travel Agency,2025-04-18,2025-04-23,Standard,1,12493.0
4273,1026,Corporate,2025-04-18,2025-04-21,Deluxe,1,16991.0
4274,1069,Leisure,2025-04-18,2025-04-21,Family,1,25899.0
4275,1002,Leisure,2025-04-18,2025-04-20,Family,1,22983.0
4276,1108,Corporate,2025-04-18,2025-04-21,Deluxe,1,16402.0
4277,1034,Travel Agency,2025-04-18,2025-04-22,Family,1,21080.0
4278,1077,Corporate,2025-04-18,2025-04-19,Standard,1,11239.0
4279,1016,Leisure,2025-04-18,2025-04-23,Suite,1,28686.0
4280,1058,Corporate,2025-04-18,2025-04-21,Family,1,21819.0
4281,1072,Travel Agency,2025-04-18,2025-04-19,Standard,1,10983.0
4282,1019,Leisure,2025-04-18,2025-04-21,Deluxe,1,18600.0
4283,1034,Corporate,2025-04-18,2025-04-23,Deluxe,1,17658.0
4284,1027,Corporate,2025-04-18,2025-04-21,Suite,1,29141.0
4285,1121,Leisure,2025-04-18,2025-04-19,Standard,1,12350.0
4286,1114,Corporate,2025-04-18,2025-04-20,Deluxe,1,17022.0
4287,1008,Leisure,2025-04-18,2025-04-22,Deluxe,1,17066.0
4288,1003,Leisure,2025-04-18,2025-04-19,Deluxe,1,17158.0
4289,1118,Leisure,2025-04-18,2025-04-21,Suite,1,31747.0
4290,1119,Leisure,2025-04-18,2025-04-19,Standard,1,12148.0
4291,1068,Corporate,2025-04-18,2025-04-23,Deluxe,1,17372.0
4292,1089,Leisure,2025-04-18,2025-04-22,Standard,1,11227.0
4293,1025,Corporate,2025-04-18,2025-04-19,Standard,1,12673.0
4294,1045,Event Group,2025-04-18,2025-04-19,Standard,1,10864.0
4295,1099,Corporate,2025-04-18,2025-04-19,Family,1,23544.0
4296,1014,Leisure,2025-04-18,2025-04-19,Deluxe,1,17305.0
4297,1125,Event Group,2025-04-18,2025-04-21,Deluxe,1,15166.0
4298,1111,Corporate,2025-04-18,2025-04-20,Standard,1,10378.0
4299,1008,Corporate,2025-04-18,2025-04-19,Family,1,21989.0
4300,1017,Corporate,2025-04-18,2025-04-20,Standard,1,11675.0
4301,1096,Leisure,2025-04-18,2025-04-20,Deluxe,1,18918.0
4302,1073,Travel Agency,2025-04-18,2025-04-19,Family,1,23648.0
4303,1084,Leisure,2025-04-18,2025-04-22,Deluxe,1,16389.0
4304,1002,Leisure,2025-04-18,2025-04-22,Family,1,23870.0
4305,1115,Travel Agency,2025-04-18,2025-04-20,Deluxe,1,17196.0
4306,1049,Corporate,2025-04-18,2025-04-23,Deluxe,1,19237.0
4307,1057,Corporate,2025-04-18,2025-04-23,Deluxe,1,17129.0
4308,1014,Leisure,2025-04-19,2025-04-20,Standard,1,9766.0
4309,1064,Corporate,2025-04-19,2025-04-20,Deluxe,1,19151.0
4310,1109,Event Group,2025-04-19,2025-04-22,Deluxe,1,17926.0
4311,1054,Leisure,2025-04-19,2025-04-20,Standard,1,11372.0
4312,1013,Leisure,2025-04-19,2025-04-24,Standard,1,11969.0
4313,1122,Leisure,2025-04-19,2025-04-20,Deluxe,1,17805.0
4314,1104,Corporate,2025-04-19,2025-04-21,Standard,1,10801.0
4315,1052,Leisure,2025-04-19,2025-04-21,Standard,1,12154.0
4316,1113,Corporate,2025-04-19,2025-04-23,Family,1,26844.0
4317,1057,Travel Agency,2025-04-19,2025-04-24,Standard,1,12527.0
4318,1011,Travel Agency,2025-04-19,2025-04-22,Deluxe,1,16393.0
4319,1047,Leisure,2025-04-19,2025-04-21,Deluxe,1,18252.0
4320,1073,Event Group,2025-04-19,2025-04-21,Standard,1,11822.0
4321,1031,Corporate,2025-04-19,2025-04-20,Deluxe,1,15728.0
4322,1113,Corporate,2025-04-19,2025-04-20,Standard,1,12953.0
4323,1015,Corporate,2025-04-19,2025-04-21,Deluxe,1,17515.0
4324,1097,Leisure,2025-04-19,2025-04-20,Standard,1,12248.0
4325,1023,Leisure,2025-04-19,2025-04-21,Standard,1,10502.0
4326,1012,Leisure,2025-04-19,2025-04-21,Standard,1,11968.0
4327,1064,Leisure,2025-04-19,2025-04-20,Deluxe,1,14970.0
4328,1110,Corporate,2025-04-19,2025-04-21,Suite,1,30476.0
4329,1087,Corporate,2025-04-19,2025-04-20,Deluxe,1,17611.0
4330,1009,Travel Agency,2025-04-19,2025-04-20,Deluxe,1,15957.0
4331,1069,Travel Agency,2025-04-19,2025-04-20,Deluxe,1,16786.0
4332,1013,Corporate,2025-04-19,2025-04-21,Standard,1,11679.0
4333,1021,Corporate,2025-04-19,2025-04-24,Suite,1,27252.0
4334,1093,Corporate,2025-04-19,2025-04-21,Suite,1,29398.0
4335,1052,Corporate,2025-04-19,2025-04-23,Standard,1,11167.0
4336,1031,Event Group,2025-04-19,2025-04-21,Standard,1,10021.0
4337,1112,Leisure,2025-04-19,2025-04-20,Deluxe,1,17953.0
4338,1026,Corporate,2025-04-19,2025-04-20,Deluxe,1,19520.0
4339,1080,Travel Agency,2025-04-19,2025-04-21,Standard,1,14630.0
4340,1002,Corporate,2025-04-19,2025-04-24,Deluxe,1,16922.0
4341,1015,Leisure,2025-04-19,2025-04-23,Standard,1,11328.0
4342,1098,Leisure,2025-04-19,2025-04-22,Standard,1,12947.0
4343,1014,Travel Agency,2025-04-19,2025-04-21,Deluxe,1,18255.0
4344,1046,Travel Agency,2025-04-19,2025-04-22,Family,1,26164.0
4345,1007,Travel Agency,2025-04-19,2025-04-21,Deluxe,1,20105.0
4346,1060,Leisure,2025-04-19,2025-04-20,Deluxe,1,15991.0
4347,1002,Leisure,2025-04-19,2025-04-20,Suite,1,35750.0
4348,1022,Event Group,2025-04-19,2025-04-20,Deluxe,1,16142.0
4349,1072,Event Group,2025-04-19,2025-04-20,Deluxe,1,17827.0
4350,1100,Leisure,2025-04-19,2025-04-23,Deluxe,1,16749.0
4351,1014,Leisure,2025-04-20,2025-04-23,Standard,1,9366.0
4352,1100,Leisure,2025-04-20,2025-04-22,Standard,1,11996.0
4353,1113,Corporate,2025-04-20,2025-04-25,Deluxe,1,18387.0
4354,1062,Leisure,2025-04-20,2025-04-22,Deluxe,1,15549.0
4355,1058,Corporate,2025-04-20,2025-04-21,Deluxe,1,16290.0
4356,1116,Corporate,2025-04-20,2025-04-22,Family,1,24224.0
4357,1047,Leisure,2025-04-20,2025-04-23,Standard,1,10874.0
4358,1005,Event Group,2025-04-20,2025-04-22,Suite,1,26087.0
4359,1018,Leisure,2025-04-20,2025-04-23,Standard,1,11107.0
4360,1125,Corporate,2025-04-20,2025-04-22,Standard,1,13143.0
4361,1098,Corporate,2025-04-20,2025-04-22,Suite,1,32592.0
4362,1051,Leisure,2025-04-20,2025-04-22,Standard,1,11497.0
4363,1056,Travel Agency,2025-04-20,2025-04-21,Deluxe,1,16279.0
4364,1118,Leisure,2025-04-20,2025-04-21,Deluxe,1,15651.0
4365,1008,Event Group,2025-04-20,2025-04-23,Family,1,23850.0
4366,1106,Travel Agency,2025-04-20,2025-04-23,Deluxe,1,16597.0
4367,1006,Leisure,2025-04-20,2025-04-21,Standard,1,12162.0
4368,1099,Leisure,2025-04-20,2025-04-25,Family,1,23174.0
4369,1015,Corporate,2025-04-20,2025-04-23,Standard,1,11914.0
4370,1037,Leisure,2025-04-20,2025-04-24,Deluxe,1,18968.0
4371,1014,Corporate,2025-04-20,2025-04-21,Deluxe,1,17926.0
4372,1105,Travel Agency,2025-04-20,2025-04-22,Deluxe,1,16968.0
4373,1049,Corporate,2025-04-20,2025-04-24,Standard,1,13189.0
4374,1071,Travel Agency,2025-04-20,2025-04-22,Standard,1,12756.0
4375,1112,Leisure,2025-04-20,2025-04-23,Family,1,23467.0
4376,1071,Corporate,2025-04-20,2025-04-24,Family,1,21812.0
4377,1117,Corporate,2025-04-20,2025-04-21,Standard,1,12700.0
4378,1063,Event Group,2025-04-20,2025-04-21,Deluxe,1,18341.0
4379,1061,Travel Agency,2025-04-20,2025-04-23,Deluxe,1,17222.0
4380,1118,Travel Agency,2025-04-20,2025-04-21,Standard,1,11178.0
4381,1043,Travel Agency,2025-04-20,2025-04-21,Family,1,26448.0
4382,1098,Leisure,2025-04-20,2025-04-21,Suite,1,26537.0
4383,1121,Leisure,2025-04-20,2025-04-22,Deluxe,1,16721.0
4384,1050,Travel Agency,2025-04-21,2025-04-24,Deluxe,1,15863.0
4385,1098,Corporate,2025-04-21,2025-04-22,Standard,1,11707.0
4386,1019,Travel Agency,2025-04-21,2025-04-26,Deluxe,1,15475.0
4387,1059,Corporate,2025-04-21,2025-04-22,Standard,1,12030.0
4388,1097,Leisure,2025-04-21,2025-04-24,Standard,1,10471.0
4389,1030,Leisure,2025-04-21,2025-04-23,Deluxe,1,18658.0
4390,1030,Corporate,2025-04-21,2025-04-24,Deluxe,1,15653.0
4391,1038,Travel Agency,2025-04-21,2025-04-24,Deluxe,1,16896.0
4392,1024,Leisure,2025-04-21,2025-04-24,Suite,1,28226.0
4393,1034,Corporate,2025-04-21,2025-04-22,Standard,1,12465.0
4394,1024,Leisure,2025-04-21,2025-04-23,Suite,1,34343.0
4395,1058,Event Group,2025-04-21,2025-04-24,Deluxe,1,16466.0
4396,1027,Corporate,2025-04-21,2025-04-22,Standard,1,11034.0
4397,1091,Travel Agency,2025-04-21,2025-04-25,Standard,1,10814.0
4398,1054,Leisure,2025-04-21,2025-04-22,Standard,1,12465.0
4399,1115,Corporate,2025-04-21,2025-04-23,Deluxe,1,16519.0
4400,1086,Travel Agency,2025-04-21,2025-04-24,Deluxe,1,15728.0
4401,1120,Leisure,2025-04-21,2025-04-24,Deluxe,1,15943.0
4402,1100,Leisure,2025-04-21,2025-04-23,Deluxe,1,17723.0
4403,1101,Corporate,2025-04-21,2025-04-22,Standard,1,12822.0
4404,1074,Travel Agency,2025-04-21,2025-04-23,Standard,1,11694.0
4405,1077,Travel Agency,2025-04-21,2025-04-22,Standard,1,10512.0
4406,1084,Corporate,2025-04-21,2025-04-23,Family,1,24304.0
4407,1061,Corporate,2025-04-21,2025-04-23,Deluxe,1,16849.0
4408,1056,Leisure,2025-04-21,2025-04-25,Deluxe,1,16253.0
4409,1031,Travel Agency,2025-04-21,2025-04-23,Family,1,24301.0
4410,1052,Corporate,2025-04-21,2025-04-23,Suite,1,30079.0
4411,1024,Leisure,2025-04-21,2025-04-22,Deluxe,1,17637.0
4412,1098,Event Group,2025-04-21,2025-04-22,Standard,1,11810.0
4413,1114,Leisure,2025-04-21,2025-04-23,Standard,1,11895.0
4414,1100,Event Group,2025-04-21,2025-04-23,Deluxe,1,17431.0
4415,1015,Leisure,2025-04-21,2025-04-23,Standard,1,11894.0
4416,1023,Leisure,2025-04-21,2025-04-24,Standard,1,11326.0
4417,1002,Event Group,2025-04-21,2025-04-24,Family,1,22944.0
4418,1053,Corporate,2025-04-21,2025-04-25,Standard,1,12122.0
4419,1002,Travel Agency,2025-04-21,2025-04-26,Family,1,23315.0
4420,1107,Corporate,2025-04-21,2025-04-26,Standard,1,11233.0
4421,1010,Corporate,2025-04-21,2025-04-23,Standard,1,10891.0
4422,1011,Travel Agency,2025-04-21,2025-04-25,Standard,1,13025.0
4423,1006,Travel Agency,2025-04-21,2025-04-22,Standard,1,10758.0
4424,1024,Event Group,2025-04-21,2025-04-24,Family,1,22785.0
4425,1036,Corporate,2025-04-21,2025-04-23,Standard,1,12144.0
4426,1036,Corporate,2025-04-21,2025-04-22,Standard,1,11745.0
4427,1072,Corporate,2025-04-21,2025-04-23,Suite,1,28104.0
4428,1042,Leisure,2025-04-21,2025-04-22,Standard,1,11466.0
4429,1071,Leisure,2025-04-22,2025-04-23,Standard,1,11321.0
4430,1078,Corporate,2025-04-22,2025-04-25,Standard,1,9861.0
4431,1111,Corporate,2025-04-22,2025-04-24,Standard,1,11580.0
4432,1050,Corporate,2025-04-22,2025-04-26,Standard,1,10968.0
4433,1008,Corporate,2025-04-22,2025-04-25,Standard,1,11789.0
4434,1051,Leisure,2025-04-22,2025-04-24,Standard,1,9864.0
4435,1046,Leisure,2025-04-22,2025-04-25,Deluxe,1,17771.0
4436,1096,Corporate,2025-04-22,2025-04-24,Family,1,25398.0
4437,1056,Leisure,2025-04-22,2025-04-24,Deluxe,1,19461.0
4438,1047,Travel Agency,2025-04-22,2025-04-23,Standard,1,11557.0
4439,1092,Corporate,2025-04-22,2025-04-25,Deluxe,1,16985.0
4440,1022,Travel Agency,2025-04-22,2025-04-24,Family,1,23173.0
4441,1121,Travel Agency,2025-04-22,2025-04-23,Deluxe,1,18717.0
4442,1036,Leisure,2025-04-22,2025-04-25,Standard,1,10643.0
4443,1045,Corporate,2025-04-22,2025-04-24,Standard,1,11857.0
4444,1123,Corporate,2025-04-22,2025-04-23,Family,1,27007.0
4445,1104,Corporate,2025-04-22,2025-04-24,Standard,1,12285.0
4446,1080,Corporate,2025-04-22,2025-04-26,Standard,1,9680.0
4447,1115,Leisure,2025-04-22,2025-04-23,Family,1,21707.0
4448,1105,Leisure,2025-04-22,2025-04-26,Standard,1,12845.0
4449,1100,Leisure,2025-04-22,2025-04-24,Deluxe,1,17029.0
4450,1032,Corporate,2025-04-22,2025-04-26,Standard,1,12135.0
4451,1045,Leisure,2025-04-22,2025-04-23,Standard,1,12696.0
4452,1030,Event Group,2025-04-22,2025-04-25,Deluxe,1,16876.0
4453,1113,Travel Agency,2025-04-22,2025-04-25,Standard,1,11557.0
4454,1077,Leisure,2025-04-22,2025-04-24,Deluxe,1,16215.0
4455,1016,Leisure,2025-04-22,2025-04-26,Standard,1,9844.0
4456,1010,Leisure,2025-04-22,2025-04-27,Standard,1,10050.0
4457,1050,Leisure,2025-04-22,2025-04-23,Deluxe,1,18367.0
4458,1058,Corporate,2025-04-23,2025-04-26,Standard,1,12070.0
4459,1017,Corporate,2025-04-23,2025-04-28,Standard,1,11893.0
4460,1093,Leisure,2025-04-23,2025-04-25,Standard,1,12272.0
4461,1036,Travel Agency,2025-04-23,2025-04-27,Standard,1,12074.0
4462,1050,Travel Agency,2025-04-23,2025-04-24,Standard,1,10910.0
4463,1114,Leisure,2025-04-23,2025-04-27,Standard,1,10872.0
4464,1076,Travel Agency,2025-04-23,2025-04-24,Deluxe,1,16817.0
4465,1035,Leisure,2025-04-23,2025-04-26,Standard,1,11637.0
4466,1046,Corporate,2025-04-23,2025-04-24,Standard,1,11770.0
4467,1041,Leisure,2025-04-23,2025-04-27,Deluxe,1,17350.0
4468,1039,Travel Agency,2025-04-23,2025-04-24,Standard,1,12617.0
4469,1057,Leisure,2025-04-23,2025-04-26,Standard,1,12329.0
4470,1017,Leisure,2025-04-23,2025-04-25,Deluxe,1,16674.0
4471,1020,Travel Agency,2025-04-23,2025-04-26,Standard,1,12807.0
4472,1087,Corporate,2025-04-23,2025-04-25,Family,1,24187.0
4473,1076,Travel Agency,2025-04-23,2025-04-27,Standard,1,10369.0
4474,1006,Corporate,2025-04-23,2025-04-27,Standard,1,11694.0
4475,1026,Travel Agency,2025-04-23,2025-04-25,Standard,1,10498.0
4476,1056,Travel Agency,2025-04-23,2025-04-27,Family,1,18514.0
4477,1008,Leisure,2025-04-23,2025-04-25,Standard,1,10117.0
4478,1008,Leisure,2025-04-23,2025-04-25,Standard,1,11306.0
4479,1101,Leisure,2025-04-23,2025-04-24,Family,1,25008.0
4480,1100,Corporate,2025-04-23,2025-04-25,Standard,1,11510.0
4481,1018,Travel Agency,2025-04-23,2025-04-25,Standard,1,10984.0
4482,1085,Leisure,2025-04-23,2025-04-24,Standard,1,11443.0
4483,1028,Corporate,2025-04-23,2025-04-24,Deluxe,1,18334.0
4484,1051,Corporate,2025-04-23,2025-04-25,Family,1,20832.0
4485,1045,Corporate,2025-04-23,2025-04-24,Standard,1,12710.0
4486,1082,Corporate,2025-04-23,2025-04-24,Standard,1,11373.0
4487,1058,Event Group,2025-04-23,2025-04-26,Standard,1,10197.0
4488,1002,Leisure,2025-04-23,2025-04-25,Standard,1,11543.0
4489,1032,Travel Agency,2025-04-23,2025-04-27,Standard,1,12133.0
4490,1002,Leisure,2025-04-23,2025-04-24,Family,1,23227.0
4491,1107,Leisure,2025-04-23,2025-04-26,Deluxe,1,16982.0
4492,1115,Leisure,2025-04-23,2025-04-24,Deluxe,1,19810.0
4493,1047,Event Group,2025-04-23,2025-04-26,Standard,1,11553.0
4494,1092,Leisure,2025-04-23,2025-04-24,Standard,1,11493.0
4495,1011,Leisure,2025-04-23,2025-04-24,Standard,1,11805.0
4496,1021,Travel Agency,2025-04-23,2025-04-24,Deluxe,1,15984.0
4497,1076,Corporate,2025-04-23,2025-04-25,Standard,1,11411.0
4498,1068,Leisure,2025-04-23,2025-04-27,Standard,1,11382.0
4499,1052,Corporate,2025-04-23,2025-04-25,Standard,1,11642.0
4500,1061,Leisure,2025-04-23,2025-04-24,Standard,1,10009.0
4501,1028,Leisure,2025-04-23,2025-04-27,Family,1,24845.0
4502,1060,Leisure,2025-04-23,2025-04-26,Deluxe,1,17988.0
4503,1106,Corporate,2025-04-23,2025-04-24,Standard,1,11626.0
4504,1114,Corporate,2025-04-23,2025-04-24,Standard,1,13569.0
4505,1120,Corporate,2025-04-23,2025-04-25,Standard,1,13249.0
4506,1121,Leisure,2025-04-23,2025-04-24,Suite,1,31337.0
4507,1116,Leisure,2025-04-23,2025-04-24,Standard,1,11380.0
4508,1085,Travel Agency,2025-04-23,2025-04-24,Suite,1,26857.0
4509,1005,Leisure,2025-04-24,2025-04-26,Family,1,19470.0
4510,1078,Travel Agency,2025-04-24,2025-04-27,Standard,1,12544.0
4511,1009,Corporate,2025-04-24,2025-04-26,Standard,1,11382.0
4512,1071,Corporate,2025-04-24,2025-04-28,Standard,1,12513.0
4513,1025,Travel Agency,2025-04-24,2025-04-29,Standard,1,10273.0
4514,1022,Corporate,2025-04-24,2025-04-27,Standard,1,11595.0
4515,1064,Corporate,2025-04-24,2025-04-25,Standard,1,11600.0
4516,1043,Leisure,2025-04-24,2025-04-25,Standard,1,11182.0
4517,1002,Leisure,2025-04-24,2025-04-26,Suite,1,29294.0
4518,1048,Travel Agency,2025-04-24,2025-04-28,Standard,1,12750.0
4519,1036,Travel Agency,2025-04-24,2025-04-26,Deluxe,1,15285.0
4520,1094,Leisure,2025-04-24,2025-04-25,Deluxe,1,17658.0
4521,1030,Corporate,2025-04-24,2025-04-25,Deluxe,1,18544.0
4522,1062,Travel Agency,2025-04-24,2025-04-25,Deluxe,1,16320.0
4523,1100,Corporate,2025-04-24,2025-04-25,Deluxe,1,16653.0
4524,1075,Travel Agency,2025-04-24,2025-04-25,Deluxe,1,15829.0
4525,1063,Corporate,2025-04-24,2025-04-26,Suite,1,29046.0
4526,1038,Leisure,2025-04-24,2025-04-26,Suite,1,28736.0
4527,1007,Travel Agency,2025-04-24,2025-04-26,Standard,1,11502.0
4528,1058,Leisure,2025-04-24,2025-04-26,Standard,1,12187.0
4529,1109,Leisure,2025-04-24,2025-04-29,Suite,1,25082.0
4530,1030,Leisure,2025-04-24,2025-04-27,Standard,1,12544.0
4531,1039,Travel Agency,2025-04-24,2025-04-28,Standard,1,11728.0
4532,1067,Leisure,2025-04-24,2025-04-25,Family,1,21366.0
4533,1090,Event Group,2025-04-24,2025-04-26,Deluxe,1,17704.0
4534,1067,Corporate,2025-04-24,2025-04-27,Standard,1,12396.0
4535,1003,Leisure,2025-04-24,2025-04-25,Standard,1,12194.0
4536,1113,Leisure,2025-04-24,2025-04-25,Standard,1,10552.0
4537,1118,Corporate,2025-04-24,2025-04-25,Standard,1,11276.0
4538,1051,Corporate,2025-04-24,2025-04-26,Standard,1,10587.0
4539,1102,Corporate,2025-04-24,2025-04-26,Deluxe,1,17423.0
4540,1024,Event Group,2025-04-24,2025-04-25,Family,1,21199.0
4541,1036,Travel Agency,2025-04-24,2025-04-26,Deluxe,1,15064.0
4542,1058,Travel Agency,2025-04-24,2025-04-26,Suite,1,29874.0
4543,1077,Leisure,2025-04-24,2025-04-26,Deluxe,1,15598.0
4544,1027,Leisure,2025-04-24,2025-04-25,Suite,1,29369.0
4545,1080,Leisure,2025-04-24,2025-04-25,Deluxe,1,17586.0
4546,1052,Leisure,2025-04-24,2025-04-26,Family,1,25043.0
4547,1109,Travel Agency,2025-04-24,2025-04-27,Standard,1,10386.0
4548,1107,Corporate,2025-04-24,2025-04-25,Deluxe,1,14814.0
4549,1090,Corporate,2025-04-24,2025-04-26,Standard,1,12150.0
4550,1051,Leisure,2025-04-25,2025-04-27,Deluxe,1,16745.0
4551,1052,Travel Agency,2025-04-25,2025-04-28,Standard,1,11326.0
4552,1025,Event Group,2025-04-25,2025-04-27,Deluxe,1,16985.0
4553,1108,Corporate,2025-04-25,2025-04-27,Family,1,22906.0
4554,1021,Leisure,2025-04-25,2025-04-27,Deluxe,1,15277.0
4555,1042,Leisure,2025-04-25,2025-04-27,Deluxe,1,16122.0
4556,1095,Travel Agency,2025-04-25,2025-04-28,Family,1,23184.0
4557,1107,Leisure,2025-04-25,2025-04-26,Family,1,23900.0
4558,1092,Leisure,2025-04-25,2025-04-26,Standard,1,11490.0
4559,1031,Event Group,2025-04-25,2025-04-27,Deluxe,1,17121.0
4560,1082,Travel Agency,2025-04-25,2025-04-26,Family,1,24613.0
4561,1100,Corporate,2025-04-25,2025-04-26,Deluxe,1,16500.0
4562,1009,Leisure,2025-04-25,2025-04-30,Deluxe,1,18615.0
4563,1001,Leisure,2025-04-25,2025-04-28,Deluxe,1,16730.0
4564,1072,Leisure,2025-04-25,2025-04-30,Standard,1,12261.0
4565,1101,Corporate,2025-04-25,2025-04-28,Family,1,22722.0
4566,1095,Corporate,2025-04-25,2025-04-26,Standard,1,12513.0
4567,1061,Corporate,2025-04-25,2025-04-28,Standard,1,10545.0
4568,1085,Leisure,2025-04-25,2025-04-29,Deluxe,1,15424.0
4569,1068,Travel Agency,2025-04-25,2025-04-26,Standard,1,12474.0
4570,1109,Travel Agency,2025-04-25,2025-04-28,Deluxe,1,18044.0
4571,1085,Event Group,2025-04-25,2025-04-28,Standard,1,11839.0
4572,1058,Leisure,2025-04-25,2025-04-28,Standard,1,11258.0
4573,1077,Corporate,2025-04-25,2025-04-26,Suite,1,30783.0
4574,1004,Corporate,2025-04-25,2025-04-27,Family,1,22554.0
4575,1115,Leisure,2025-04-25,2025-04-27,Deluxe,1,16940.0
4576,1077,Leisure,2025-04-25,2025-04-29,Family,1,21249.0
4577,1099,Leisure,2025-04-25,2025-04-27,Family,1,24408.0
4578,1109,Leisure,2025-04-25,2025-04-26,Standard,1,11553.0
4579,1075,Leisure,2025-04-25,2025-04-26,Standard,1,11321.0
4580,1012,Corporate,2025-04-25,2025-04-30,Family,1,21524.0
4581,1076,Leisure,2025-04-25,2025-04-27,Standard,1,10509.0
4582,1103,Travel Agency,2025-04-25,2025-04-28,Deluxe,1,16313.0
4583,1005,Corporate,2025-04-25,2025-04-27,Standard,1,11846.0
4584,1097,Corporate,2025-04-25,2025-04-28,Deluxe,1,17135.0
4585,1036,Leisure,2025-04-26,2025-05-01,Suite,1,27124.0
4586,1081,Leisure,2025-04-26,2025-04-27,Standard,1,9860.0
4587,1063,Leisure,2025-04-26,2025-04-28,Deluxe,1,14329.0
4588,1096,Corporate,2025-04-26,2025-04-27,Family,1,22629.0
4589,1048,Leisure,2025-04-26,2025-04-29,Standard,1,11146.0
4590,1121,Leisure,2025-04-26,2025-04-28,Standard,1,12841.0
4591,1117,Leisure,2025-04-26,2025-05-01,Family,1,23110.0
4592,1119,Travel Agency,2025-04-26,2025-04-28,Standard,1,12137.0
4593,1118,Leisure,2025-04-26,2025-04-27,Deluxe,1,16804.0
4594,1109,Corporate,2025-04-26,2025-04-27,Deluxe,1,16747.0
4595,1055,Corporate,2025-04-26,2025-04-29,Deluxe,1,15526.0
4596,1105,Leisure,2025-04-26,2025-04-29,Standard,1,12681.0
4597,1112,Event Group,2025-04-26,2025-04-28,Standard,1,10499.0
4598,1116,Travel Agency,2025-04-26,2025-04-29,Standard,1,9329.0
4599,1064,Leisure,2025-04-26,2025-04-27,Deluxe,1,16495.0
4600,1052,Event Group,2025-04-26,2025-04-28,Standard,1,10559.0
4601,1052,Event Group,2025-04-26,2025-05-01,Standard,1,11581.0
4602,1068,Leisure,2025-04-26,2025-04-28,Suite,1,30054.0
4603,1063,Corporate,2025-04-26,2025-04-28,Standard,1,10508.0
4604,1023,Leisure,2025-04-26,2025-04-30,Family,1,21929.0
4605,1022,Corporate,2025-04-26,2025-04-27,Standard,1,10827.0
4606,1050,Corporate,2025-04-26,2025-04-28,Family,1,21981.0
4607,1023,Leisure,2025-04-26,2025-04-27,Standard,1,12661.0
4608,1076,Leisure,2025-04-26,2025-04-27,Standard,1,11039.0
4609,1078,Leisure,2025-04-26,2025-04-30,Family,1,25420.0
4610,1042,Corporate,2025-04-26,2025-04-29,Suite,1,33705.0
4611,1091,Travel Agency,2025-04-26,2025-04-29,Deluxe,1,15493.0
4612,1100,Leisure,2025-04-26,2025-04-28,Deluxe,1,17752.0
4613,1122,Corporate,2025-04-26,2025-04-27,Standard,1,11261.0
4614,1032,Leisure,2025-04-26,2025-04-27,Family,1,23008.0
4615,1011,Leisure,2025-04-26,2025-04-27,Standard,1,12132.0
4616,1001,Corporate,2025-04-26,2025-04-27,Standard,1,13009.0
4617,1120,Corporate,2025-04-26,2025-04-27,Family,1,25936.0
4618,1121,Leisure,2025-04-26,2025-04-29,Standard,1,11361.0
4619,1112,Travel Agency,2025-04-26,2025-04-29,Standard,1,10593.0
4620,1039,Corporate,2025-04-26,2025-04-30,Standard,1,10014.0
4621,1082,Travel Agency,2025-04-26,2025-04-27,Standard,1,11019.0
4622,1079,Corporate,2025-04-26,2025-04-28,Suite,1,29436.0
4623,1101,Travel Agency,2025-04-26,2025-04-28,Deluxe,1,16209.0
4624,1002,Corporate,2025-04-26,2025-04-29,Deluxe,1,17329.0
4625,1044,Leisure,2025-04-26,2025-05-01,Standard,1,12101.0
4626,1121,Event Group,2025-04-27,2025-04-28,Suite,1,31884.0
4627,1116,Corporate,2025-04-27,2025-04-29,Suite,1,29296.0
4628,1070,Event Group,2025-04-27,2025-04-28,Deluxe,1,19143.0
4629,1110,Corporate,2025-04-27,2025-05-02,Family,1,21828.0
4630,1032,Travel Agency,2025-04-27,2025-04-29,Standard,1,12716.0
4631,1053,Leisure,2025-04-27,2025-04-28,Deluxe,1,17805.0
4632,1098,Leisure,2025-04-27,2025-04-29,Standard,1,12077.0
4633,1038,Event Group,2025-04-27,2025-04-30,Deluxe,1,16694.0
4634,1016,Corporate,2025-04-27,2025-04-28,Suite,1,31937.0
4635,1085,Event Group,2025-04-27,2025-04-28,Deluxe,1,16220.0
4636,1064,Corporate,2025-04-27,2025-04-30,Standard,1,11428.0
4637,1064,Corporate,2025-04-27,2025-04-28,Deluxe,1,16921.0
4638,1085,Corporate,2025-04-27,2025-04-28,Family,1,25174.0
4639,1107,Leisure,2025-04-27,2025-04-28,Standard,1,12173.0
4640,1062,Leisure,2025-04-27,2025-04-30,Deluxe,1,17606.0
4641,1094,Corporate,2025-04-27,2025-04-29,Standard,1,11815.0
4642,1071,Event Group,2025-04-27,2025-04-28,Standard,1,11392.0
4643,1004,Leisure,2025-04-27,2025-04-30,Deluxe,1,18248.0
4644,1009,Leisure,2025-04-27,2025-05-02,Standard,1,12006.0
4645,1061,Leisure,2025-04-27,2025-05-01,Family,1,24055.0
4646,1005,Travel Agency,2025-04-27,2025-04-28,Standard,1,12490.0
4647,1125,Travel Agency,2025-04-27,2025-04-30,Family,1,24004.0
4648,1076,Corporate,2025-04-27,2025-04-29,Standard,1,10536.0
4649,1125,Leisure,2025-04-27,2025-04-28,Standard,1,10008.0
4650,1045,Corporate,2025-04-27,2025-04-29,Standard,1,11856.0
4651,1104,Leisure,2025-04-27,2025-04-30,Standard,1,10491.0
4652,1051,Leisure,2025-04-27,2025-05-01,Standard,1,11329.0
4653,1118,Leisure,2025-04-27,2025-04-28,Deluxe,1,19193.0
4654,1076,Travel Agency,2025-04-27,2025-04-29,Standard,1,12307.0
4655,1040,Corporate,2025-04-27,2025-04-30,Standard,1,11563.0
4656,1032,Leisure,2025-04-27,2025-04-28,Standard,1,14515.0
4657,1023,Leisure,2025-04-27,2025-04-30,Deluxe,1,16384.0
4658,1021,Leisure,2025-04-27,2025-04-29,Standard,1,10765.0
4659,1066,Corporate,2025-04-27,2025-04-30,Deluxe,1,16090.0
4660,1125,Leisure,2025-04-27,2025-04-30,Standard,1,11251.0
4661,1070,Leisure,2025-04-27,2025-04-28,Deluxe,1,15804.0
4662,1116,Corporate,2025-04-27,2025-04-29,Standard,1,11420.0
4663,1027,Leisure,2025-04-27,2025-04-30,Standard,1,11169.0
4664,1120,Leisure,2025-04-27,2025-04-30,Family,1,22027.0
4665,1109,Corporate,2025-04-27,2025-05-02,Standard,1,11856.0
4666,1063,Travel Agency,2025-04-27,2025-05-01,Standard,1,11684.0
4667,1077,Leisure,2025-04-28,2025-05-01,Standard,1,9130.0
4668,1077,Leisure,2025-04-28,2025-05-03,Standard,1,11810.0
4669,1037,Travel Agency,2025-04-28,2025-04-29,Deluxe,1,17631.0
4670,1110,Corporate,2025-04-28,2025-04-29,Family,1,20761.0
4671,1071,Leisure,2025-04-28,2025-05-01,Family,1,24987.0
4672,1052,Corporate,2025-04-28,2025-04-29,Standard,1,12202.0
4673,1059,Corporate,2025-04-28,2025-05-01,Standard,1,11418.0
4674,1003,Corporate,2025-04-28,2025-05-01,Suite,1,28899.0
4675,1035,Leisure,2025-04-28,2025-04-30,Standard,1,12602.0
4676,1090,Leisure,2025-04-28,2025-04-29,Standard,1,11596.0
4677,1118,Leisure,2025-04-28,2025-04-29,Family,1,25572.0
4678,1009,Leisure,2025-04-28,2025-04-29,Deluxe,1,15345.0
4679,1074,Travel Agency,2025-04-28,2025-05-01,Standard,1,10208.0
4680,1050,Leisure,2025-04-28,2025-05-02,Standard,1,10895.0
4681,1074,Leisure,2025-04-28,2025-04-29,Family,1,23133.0
4682,1002,Corporate,2025-04-28,2025-04-29,Standard,1,12990.0
4683,1063,Leisure,2025-04-28,2025-04-30,Standard,1,11396.0
4684,1117,Corporate,2025-04-28,2025-05-02,Suite,1,30576.0
4685,1006,Leisure,2025-04-28,2025-04-30,Standard,1,11904.0
4686,1048,Travel Agency,2025-04-28,2025-04-29,Standard,1,10697.0
4687,1035,Travel Agency,2025-04-28,2025-05-01,Standard,1,12665.0
4688,1002,Leisure,2025-04-28,2025-04-30,Suite,1,31145.0
4689,1095,Leisure,2025-04-28,2025-04-30,Family,1,23741.0
4690,1003,Leisure,2025-04-28,2025-04-29,Standard,1,11527.0
4691,1048,Leisure,2025-04-28,2025-04-29,Deluxe,1,16963.0
4692,1110,Leisure,2025-04-28,2025-05-01,Deluxe,1,15317.0
4693,1092,Corporate,2025-04-28,2025-04-30,Standard,1,11320.0
4694,1060,Travel Agency,2025-04-28,2025-04-29,Deluxe,1,17068.0
4695,1104,Leisure,2025-04-29,2025-04-30,Deluxe,1,18807.0
4696,1072,Event Group,2025-04-29,2025-05-01,Standard,1,12280.0
4697,1043,Corporate,2025-04-29,2025-04-30,Family,1,23512.0
4698,1071,Leisure,2025-04-29,2025-04-30,Standard,1,11230.0
4699,1028,Leisure,2025-04-29,2025-04-30,Deluxe,1,16301.0
4700,1021,Corporate,2025-04-29,2025-05-02,Standard,1,10300.0
4701,1020,Leisure,2025-04-29,2025-05-01,Family,1,27637.0
4702,1031,Corporate,2025-04-29,2025-05-01,Standard,1,11268.0
4703,1108,Travel Agency,2025-04-29,2025-05-01,Family,1,21384.0
4704,1082,Corporate,2025-04-29,2025-05-01,Standard,1,12557.0
4705,1003,Event Group,2025-04-29,2025-05-01,Standard,1,11616.0
4706,1010,Event Group,2025-04-29,2025-05-01,Standard,1,10963.0
4707,1057,Corporate,2025-04-29,2025-04-30,Standard,1,12207.0
4708,1041,Event Group,2025-04-29,2025-05-02,Standard,1,10061.0
4709,1008,Leisure,2025-04-29,2025-04-30,Standard,1,12331.0
4710,1040,Corporate,2025-04-29,2025-04-30,Standard,1,11863.0
4711,1124,Leisure,2025-04-29,2025-04-30,Standard,1,12745.0
4712,1121,Corporate,2025-04-29,2025-05-02,Standard,1,11205.0
4713,1093,Corporate,2025-04-29,2025-05-01,Family,1,21632.0
4714,1082,Leisure,2025-04-29,2025-05-01,Standard,1,11664.0
4715,1120,Event Group,2025-04-29,2025-05-01,Deluxe,1,13685.0
4716,1016,Leisure,2025-04-29,2025-05-02,Standard,1,10722.0
4717,1078,Leisure,2025-04-29,2025-04-30,Deluxe,1,17370.0
4718,1048,Leisure,2025-04-29,2025-05-01,Deluxe,1,14144.0
4719,1032,Corporate,2025-04-29,2025-04-30,Deluxe,1,18834.0
4720,1034,Travel Agency,2025-04-29,2025-05-02,Family,1,23352.0
4721,1073,Leisure,2025-04-29,2025-04-30,Standard,1,11172.0
4722,1109,Leisure,2025-04-29,2025-04-30,Standard,1,10905.0
4723,1062,Leisure,2025-04-29,2025-05-02,Suite,1,29515.0
4724,1034,Corporate,2025-04-29,2025-05-02,Standard,1,12491.0
4725,1042,Event Group,2025-04-29,2025-05-03,Standard,1,11540.0
4726,1049,Leisure,2025-04-29,2025-04-30,Standard,1,12342.0
4727,1022,Corporate,2025-04-29,2025-05-01,Deluxe,1,13529.0
4728,1069,Corporate,2025-04-30,2025-05-03,Deluxe,1,17920.0
4729,1074,Corporate,2025-04-30,2025-05-03,Family,1,23186.0
4730,1055,Corporate,2025-04-30,2025-05-03,Standard,1,12135.0
4731,1028,Travel Agency,2025-04-30,2025-05-01,Deluxe,1,15686.0
4732,1076,Corporate,2025-04-30,2025-05-02,Family,1,22943.0
4733,1042,Corporate,2025-04-30,2025-05-04,Deluxe,1,16237.0
4734,1044,Corporate,2025-04-30,2025-05-01,Family,1,21634.0
4735,1089,Travel Agency,2025-04-30,2025-05-02,Standard,1,10624.0
4736,1029,Leisure,2025-04-30,2025-05-01,Deluxe,1,17308.0
4737,1028,Travel Agency,2025-04-30,2025-05-01,Standard,1,12192.0
4738,1081,Travel Agency,2025-04-30,2025-05-01,Deluxe,1,13028.0
4739,1027,Corporate,2025-04-30,2025-05-01,Deluxe,1,15368.0
4740,1090,Leisure,2025-04-30,2025-05-02,Family,1,23748.0
4741,1119,Leisure,2025-04-30,2025-05-05,Family,1,22465.0
4742,1007,Leisure,2025-04-30,2025-05-01,Suite,1,31958.0
4743,1102,Leisure,2025-04-30,2025-05-03,Standard,1,11050.0
4744,1106,Corporate,2025-04-30,2025-05-02,Standard,1,12742.0
4745,1064,Leisure,2025-04-30,2025-05-02,Standard,1,11482.0
4746,1061,Travel Agency,2025-04-30,2025-05-03,Standard,1,11063.0
4747,1073,Corporate,2025-04-30,2025-05-02,Suite,1,28174.0
4748,1021,Leisure,2025-04-30,2025-05-03,Family,1,23390.0
4749,1046,Leisure,2025-04-30,2025-05-01,Standard,1,11949.0
4750,1114,Event Group,2025-04-30,2025-05-03,Deluxe,1,18292.0
4751,1035,Leisure,2025-04-30,2025-05-01,Family,1,25277.0
4752,1014,Leisure,2025-04-30,2025-05-02,Standard,1,12070.0
4753,1096,Leisure,2025-04-30,2025-05-01,Deluxe,1,17055.0
4754,1077,Corporate,2025-04-30,2025-05-02,Deluxe,1,14789.0
4755,1095,Corporate,2025-05-01,2025-05-03,Family,1,21717.0
4756,1103,Corporate,2025-05-01,2025-05-02,Deluxe,1,18014.0
4757,1112,Leisure,2025-05-01,2025-05-02,Deluxe,1,15454.0
4758,1115,Corporate,2025-05-01,2025-05-02,Standard,1,11763.0
4759,1071,Corporate,2025-05-01,2025-05-02,Standard,1,12766.0
4760,1117,Leisure,2025-05-01,2025-05-05,Deluxe,1,15648.0
4761,1044,Leisure,2025-05-01,2025-05-03,Standard,1,10447.0
4762,1095,Leisure,2025-05-01,2025-05-02,Standard,1,11966.0
4763,1117,Corporate,2025-05-01,2025-05-05,Deluxe,1,18140.0
4764,1039,Leisure,2025-05-01,2025-05-03,Standard,1,13434.0
4765,1044,Leisure,2025-05-01,2025-05-05,Standard,1,10442.0
4766,1100,Leisure,2025-05-01,2025-05-03,Standard,1,9761.0
4767,1027,Event Group,2025-05-01,2025-05-02,Deluxe,1,16936.0
4768,1125,Leisure,2025-05-01,2025-05-03,Standard,1,12814.0
4769,1050,Leisure,2025-05-01,2025-05-02,Suite,1,30623.0
4770,1048,Corporate,2025-05-01,2025-05-06,Deluxe,1,16507.0
4771,1077,Event Group,2025-05-01,2025-05-03,Standard,1,10357.0
4772,1066,Corporate,2025-05-01,2025-05-05,Deluxe,1,18803.0
4773,1100,Corporate,2025-05-01,2025-05-03,Standard,1,11764.0
4774,1080,Leisure,2025-05-01,2025-05-02,Suite,1,29411.0
4775,1103,Corporate,2025-05-01,2025-05-03,Family,1,23259.0
4776,1050,Corporate,2025-05-01,2025-05-04,Standard,1,12250.0
4777,1046,Leisure,2025-05-01,2025-05-02,Standard,1,10893.0
4778,1064,Leisure,2025-05-01,2025-05-04,Family,1,21860.0
4779,1042,Leisure,2025-05-01,2025-05-03,Deluxe,1,17402.0
4780,1033,Leisure,2025-05-01,2025-05-03,Deluxe,1,19630.0
4781,1050,Corporate,2025-05-01,2025-05-02,Standard,1,12961.0
4782,1017,Travel Agency,2025-05-01,2025-05-02,Deluxe,1,15377.0
4783,1049,Corporate,2025-05-01,2025-05-02,Standard,1,12129.0
4784,1034,Corporate,2025-05-01,2025-05-02,Standard,1,12979.0
4785,1120,Leisure,2025-05-01,2025-05-03,Standard,1,10395.0
4786,1117,Travel Agency,2025-05-01,2025-05-02,Standard,1,11889.0
4787,1030,Leisure,2025-05-01,2025-05-03,Deluxe,1,18375.0
4788,1123,Travel Agency,2025-05-01,2025-05-04,Suite,1,29079.0
4789,1039,Travel Agency,2025-05-01,2025-05-02,Standard,1,10543.0
4790,1023,Travel Agency,2025-05-01,2025-05-02,Suite,1,26987.0
4791,1070,Leisure,2025-05-01,2025-05-04,Standard,1,11474.0
4792,1096,Corporate,2025-05-01,2025-05-03,Deluxe,1,14684.0
4793,1075,Leisure,2025-05-01,2025-05-02,Standard,1,10366.0
4794,1109,Travel Agency,2025-05-01,2025-05-03,Suite,1,26723.0
4795,1018,Travel Agency,2025-05-01,2025-05-05,Family,1,23425.0
4796,1050,Corporate,2025-05-02,2025-05-03,Standard,1,10845.0
4797,1046,Corporate,2025-05-02,2025-05-04,Deluxe,1,18089.0
4798,1039,Leisure,2025-05-02,2025-05-04,Deluxe,1,16031.0
4799,1123,Corporate,2025-05-02,2025-05-07,Family,1,21947.0
4800,1044,Corporate,2025-05-02,2025-05-03,Standard,1,12739.0
4801,1001,Leisure,2025-05-02,2025-05-04,Deluxe,1,19232.0
4802,1084,Corporate,2025-05-02,2025-05-04,Standard,1,13580.0
4803,1068,Travel Agency,2025-05-02,2025-05-06,Family,1,24795.0
4804,1036,Leisure,2025-05-02,2025-05-05,Deluxe,1,16560.0
4805,1030,Leisure,2025-05-02,2025-05-06,Deluxe,1,17234.0
4806,1061,Leisure,2025-05-02,2025-05-05,Standard,1,11108.0
4807,1085,Leisure,2025-05-02,2025-05-04,Standard,1,10058.0
4808,1035,Leisure,2025-05-02,2025-05-04,Standard,1,13236.0
4809,1097,Leisure,2025-05-02,2025-05-05,Family,1,23754.0
4810,1083,Leisure,2025-05-02,2025-05-05,Deluxe,1,18311.0
4811,1054,Leisure,2025-05-02,2025-05-04,Deluxe,1,17388.0
4812,1125,Corporate,2025-05-02,2025-05-04,Standard,1,11383.0
4813,1080,Leisure,2025-05-02,2025-05-03,Family,1,22792.0
4814,1062,Leisure,2025-05-02,2025-05-03,Deluxe,1,15512.0
4815,1001,Corporate,2025-05-02,2025-05-04,Standard,1,12150.0
4816,1085,Leisure,2025-05-02,2025-05-03,Standard,1,11483.0
4817,1119,Corporate,2025-05-02,2025-05-06,Family,1,25926.0
4818,1065,Leisure,2025-05-02,2025-05-05,Family,1,24951.0
4819,1073,Travel Agency,2025-05-02,2025-05-05,Standard,1,12313.0
4820,1003,Leisure,2025-05-02,2025-05-04,Standard,1,10013.0
4821,1084,Corporate,2025-05-02,2025-05-06,Family,1,22100.0
4822,1075,Leisure,2025-05-02,2025-05-04,Standard,1,11678.0
4823,1008,Corporate,2025-05-02,2025-05-03,Standard,1,9845.0
4824,1055,Travel Agency,2025-05-02,2025-05-05,Standard,1,11858.0
4825,1008,Travel Agency,2025-05-02,2025-05-03,Standard,1,10279.0
4826,1058,Travel Agency,2025-05-02,2025-05-04,Deluxe,1,16299.0
4827,1041,Corporate,2025-05-02,2025-05-05,Deluxe,1,17158.0
4828,1105,Corporate,2025-05-02,2025-05-04,Standard,1,10616.0
4829,1027,Leisure,2025-05-02,2025-05-04,Family,1,25065.0
4830,1042,Leisure,2025-05-02,2025-05-03,Standard,1,11801.0
4831,1098,Leisure,2025-05-02,2025-05-03,Deluxe,1,14082.0
4832,1071,Leisure,2025-05-02,2025-05-04,Deluxe,1,19709.0
4833,1111,Leisure,2025-05-02,2025-05-03,Standard,1,10594.0
4834,1011,Leisure,2025-05-02,2025-05-03,Standard,1,12148.0
4835,1101,Leisure,2025-05-02,2025-05-04,Standard,1,12467.0
4836,1095,Travel Agency,2025-05-02,2025-05-03,Deluxe,1,19652.0
4837,1102,Leisure,2025-05-02,2025-05-06,Standard,1,12224.0
4838,1099,Travel Agency,2025-05-03,2025-05-05,Deluxe,1,16930.0
4839,1063,Leisure,2025-05-03,2025-05-06,Standard,1,11139.0
4840,1112,Leisure,2025-05-03,2025-05-05,Standard,1,12280.0
4841,1062,Corporate,2025-05-03,2025-05-05,Standard,1,10543.0
4842,1029,Corporate,2025-05-03,2025-05-05,Suite,1,24699.0
4843,1109,Leisure,2025-05-03,2025-05-06,Standard,1,10908.0
4844,1041,Travel Agency,2025-05-03,2025-05-04,Standard,1,12156.0
4845,1079,Leisure,2025-05-03,2025-05-05,Standard,1,11223.0
4846,1044,Leisure,2025-05-03,2025-05-05,Standard,1,11937.0
4847,1057,Travel Agency,2025-05-03,2025-05-05,Standard,1,14022.0
4848,1028,Corporate,2025-05-03,2025-05-04,Standard,1,12225.0
4849,1088,Leisure,2025-05-03,2025-05-04,Standard,1,9691.0
4850,1012,Leisure,2025-05-03,2025-05-04,Suite,1,30600.0
4851,1095,Leisure,2025-05-03,2025-05-05,Deluxe,1,16943.0
4852,1066,Travel Agency,2025-05-03,2025-05-04,Standard,1,11483.0
4853,1009,Corporate,2025-05-03,2025-05-04,Deluxe,1,17956.0
4854,1020,Corporate,2025-05-03,2025-05-05,Standard,1,11926.0
4855,1109,Travel Agency,2025-05-03,2025-05-08,Family,1,22685.0
4856,1051,Event Group,2025-05-03,2025-05-05,Standard,1,12531.0
4857,1096,Leisure,2025-05-03,2025-05-06,Suite,1,31568.0
4858,1007,Travel Agency,2025-05-03,2025-05-05,Standard,1,10594.0
4859,1039,Leisure,2025-05-03,2025-05-04,Family,1,23717.0
4860,1125,Leisure,2025-05-03,2025-05-05,Suite,1,27566.0
4861,1098,Corporate,2025-05-03,2025-05-06,Standard,1,11494.0
4862,1105,Leisure,2025-05-03,2025-05-06,Family,1,25936.0
4863,1079,Event Group,2025-05-03,2025-05-05,Standard,1,9750.0
4864,1046,Leisure,2025-05-03,2025-05-04,Standard,1,10571.0
4865,1118,Leisure,2025-05-03,2025-05-05,Deluxe,1,14497.0
4866,1066,Leisure,2025-05-03,2025-05-07,Standard,1,11198.0
4867,1091,Travel Agency,2025-05-03,2025-05-05,Standard,1,10975.0
4868,1085,Corporate,2025-05-03,2025-05-05,Standard,1,9607.0
4869,1030,Travel Agency,2025-05-03,2025-05-04,Standard,1,10792.0
4870,1045,Travel Agency,2025-05-03,2025-05-04,Standard,1,11520.0
4871,1056,Corporate,2025-05-03,2025-05-04,Deluxe,1,16294.0
4872,1050,Leisure,2025-05-03,2025-05-04,Suite,1,29918.0
4873,1094,Leisure,2025-05-03,2025-05-06,Suite,1,31283.0
4874,1118,Leisure,2025-05-03,2025-05-06,Standard,1,10263.0
4875,1119,Event Group,2025-05-03,2025-05-04,Deluxe,1,16259.0
4876,1115,Leisure,2025-05-03,2025-05-05,Deluxe,1,15105.0
4877,1073,Corporate,2025-05-03,2025-05-05,Standard,1,13474.0
4878,1101,Event Group,2025-05-03,2025-05-05,Deluxe,1,17276.0
4879,1050,Leisure,2025-05-03,2025-05-06,Deluxe,1,16413.0
4880,1063,Leisure,2025-05-03,2025-05-04,Deluxe,1,17172.0
4881,1017,Leisure,2025-05-03,2025-05-04,Suite,1,27954.0
4882,1031,Corporate,2025-05-03,2025-05-06,Deluxe,1,15157.0
4883,1020,Corporate,2025-05-03,2025-05-06,Family,1,24634.0
4884,1093,Corporate,2025-05-04,2025-05-08,Standard,1,12374.0
4885,1054,Travel Agency,2025-05-04,2025-05-06,Deluxe,1,18903.0
4886,1049,Leisure,2025-05-04,2025-05-06,Standard,1,12850.0
4887,1096,Event Group,2025-05-04,2025-05-06,Family,1,29472.0
4888,1122,Corporate,2025-05-04,2025-05-05,Standard,1,11580.0
4889,1029,Travel Agency,2025-05-04,2025-05-05,Family,1,25035.0
4890,1116,Corporate,2025-05-04,2025-05-06,Standard,1,12555.0
4891,1063,Event Group,2025-05-04,2025-05-07,Family,1,19428.0
4892,1111,Corporate,2025-05-04,2025-05-07,Standard,1,10906.0
4893,1016,Corporate,2025-05-04,2025-05-05,Standard,1,10981.0
4894,1032,Corporate,2025-05-04,2025-05-05,Standard,1,13147.0
4895,1056,Leisure,2025-05-04,2025-05-06,Suite,1,32458.0
4896,1105,Travel Agency,2025-05-04,2025-05-05,Family,1,19856.0
4897,1009,Corporate,2025-05-04,2025-05-06,Standard,1,11559.0
4898,1116,Leisure,2025-05-04,2025-05-07,Deluxe,1,15487.0
4899,1082,Leisure,2025-05-04,2025-05-08,Deluxe,1,15401.0
4900,1113,Leisure,2025-05-04,2025-05-07,Standard,1,12774.0
4901,1124,Leisure,2025-05-04,2025-05-05,Standard,1,13637.0
4902,1125,Leisure,2025-05-04,2025-05-07,Suite,1,30287.0
4903,1107,Leisure,2025-05-04,2025-05-07,Standard,1,11206.0
4904,1119,Travel Agency,2025-05-04,2025-05-09,Family,1,18017.0
4905,1069,Leisure,2025-05-04,2025-05-08,Deluxe,1,17852.0
4906,1031,Leisure,2025-05-04,2025-05-05,Standard,1,12432.0
4907,1090,Event Group,2025-05-04,2025-05-05,Family,1,22613.0
4908,1107,Corporate,2025-05-04,2025-05-07,Standard,1,13028.0
4909,1068,Corporate,2025-05-04,2025-05-06,Standard,1,11145.0
4910,1009,Corporate,2025-05-04,2025-05-06,Deluxe,1,15109.0
4911,1057,Corporate,2025-05-04,2025-05-07,Standard,1,10894.0
4912,1025,Corporate,2025-05-04,2025-05-06,Deluxe,1,16250.0
4913,1090,Corporate,2025-05-05,2025-05-06,Standard,1,11912.0
4914,1012,Corporate,2025-05-05,2025-05-10,Deluxe,1,16954.0
4915,1069,Leisure,2025-05-05,2025-05-06,Family,1,23846.0
4916,1010,Event Group,2025-05-05,2025-05-07,Standard,1,13197.0
4917,1052,Leisure,2025-05-05,2025-05-06,Deluxe,1,17023.0
4918,1007,Corporate,2025-05-05,2025-05-06,Deluxe,1,16082.0
4919,1019,Travel Agency,2025-05-05,2025-05-07,Standard,1,12439.0
4920,1010,Leisure,2025-05-05,2025-05-08,Family,1,23218.0
4921,1026,Leisure,2025-05-05,2025-05-06,Standard,1,13229.0
4922,1056,Corporate,2025-05-05,2025-05-06,Standard,1,13751.0
4923,1043,Leisure,2025-05-05,2025-05-10,Family,1,24661.0
4924,1095,Leisure,2025-05-05,2025-05-06,Family,1,23646.0
4925,1052,Corporate,2025-05-05,2025-05-06,Standard,1,11060.0
4926,1073,Corporate,2025-05-05,2025-05-06,Standard,1,11492.0
4927,1055,Travel Agency,2025-05-05,2025-05-06,Standard,1,13062.0
4928,1018,Travel Agency,2025-05-05,2025-05-06,Family,1,23733.0
4929,1112,Corporate,2025-05-05,2025-05-06,Standard,1,11936.0
4930,1084,Leisure,2025-05-05,2025-05-06,Family,1,24822.0
4931,1097,Leisure,2025-05-05,2025-05-10,Standard,1,11813.0
4932,1029,Travel Agency,2025-05-05,2025-05-06,Standard,1,11520.0
4933,1047,Leisure,2025-05-05,2025-05-06,Deluxe,1,17950.0
4934,1094,Event Group,2025-05-05,2025-05-07,Standard,1,11707.0
4935,1087,Travel Agency,2025-05-05,2025-05-06,Deluxe,1,16044.0
4936,1103,Corporate,2025-05-05,2025-05-06,Standard,1,10772.0
4937,1023,Travel Agency,2025-05-05,2025-05-07,Standard,1,11547.0
4938,1094,Leisure,2025-05-05,2025-05-07,Standard,1,11381.0
4939,1097,Corporate,2025-05-05,2025-05-10,Suite,1,33267.0
4940,1085,Leisure,2025-05-05,2025-05-08,Standard,1,12012.0
4941,1080,Leisure,2025-05-05,2025-05-07,Deluxe,1,16057.0
4942,1023,Leisure,2025-05-05,2025-05-06,Standard,1,11677.0
4943,1105,Leisure,2025-05-05,2025-05-10,Family,1,21451.0
4944,1021,Corporate,2025-05-05,2025-05-08,Standard,1,11631.0
4945,1008,Leisure,2025-05-05,2025-05-06,Standard,1,10635.0
4946,1048,Corporate,2025-05-05,2025-05-07,Deluxe,1,16555.0
4947,1048,Leisure,2025-05-05,2025-05-07,Standard,1,13156.0
4948,1051,Travel Agency,2025-05-05,2025-05-09,Standard,1,13540.0
4949,1027,Corporate,2025-05-05,2025-05-06,Standard,1,10889.0
4950,1113,Leisure,2025-05-05,2025-05-08,Deluxe,1,14895.0
4951,1032,Leisure,2025-05-05,2025-05-07,Deluxe,1,18047.0
4952,1119,Travel Agency,2025-05-05,2025-05-06,Standard,1,11579.0
4953,1011,Leisure,2025-05-05,2025-05-06,Deluxe,1,15468.0
4954,1096,Leisure,2025-05-05,2025-05-07,Standard,1,13626.0
4955,1028,Leisure,2025-05-05,2025-05-09,Deluxe,1,15471.0
4956,1086,Leisure,2025-05-05,2025-05-06,Family,1,21143.0
4957,1094,Corporate,2025-05-05,2025-05-07,Deluxe,1,16798.0
4958,1097,Leisure,2025-05-05,2025-05-06,Deluxe,1,15605.0
4959,1029,Leisure,2025-05-06,2025-05-08,Family,1,21610.0
4960,1115,Corporate,2025-05-06,2025-05-08,Deluxe,1,17438.0
4961,1064,Leisure,2025-05-06,2025-05-09,Suite,1,30898.0
4962,1061,Leisure,2025-05-06,2025-05-08,Suite,1,30329.0
4963,1079,Travel Agency,2025-05-06,2025-05-09,Deluxe,1,17807.0
4964,1092,Leisure,2025-05-06,2025-05-08,Standard,1,11291.0
4965,1017,Leisure,2025-05-06,2025-05-10,Standard,1,11451.0
4966,1026,Leisure,2025-05-06,2025-05-11,Family,1,24346.0
4967,1036,Travel Agency,2025-05-06,2025-05-07,Deluxe,1,15853.0
4968,1082,Event Group,2025-05-06,2025-05-09,Suite,1,30655.0
4969,1105,Corporate,2025-05-06,2025-05-09,Standard,1,11553.0
4970,1120,Corporate,2025-05-06,2025-05-07,Standard,1,10924.0
4971,1106,Leisure,2025-05-06,2025-05-09,Deluxe,1,16508.0
4972,1086,Leisure,2025-05-06,2025-05-08,Deluxe,1,17689.0
4973,1059,Leisure,2025-05-06,2025-05-08,Standard,1,10979.0
4974,1004,Event Group,2025-05-06,2025-05-08,Standard,1,12064.0
4975,1005,Corporate,2025-05-06,2025-05-10,Standard,1,10957.0
4976,1101,Corporate,2025-05-06,2025-05-08,Standard,1,12651.0
4977,1035,Leisure,2025-05-06,2025-05-07,Suite,1,28799.0
4978,1025,Travel Agency,2025-05-06,2025-05-07,Deluxe,1,15094.0
4979,1107,Corporate,2025-05-06,2025-05-07,Standard,1,10197.0
4980,1036,Event Group,2025-05-06,2025-05-09,Deluxe,1,17096.0
4981,1034,Corporate,2025-05-06,2025-05-07,Deluxe,1,14587.0
4982,1056,Corporate,2025-05-06,2025-05-07,Standard,1,10910.0
4983,1014,Corporate,2025-05-06,2025-05-07,Deluxe,1,16789.0
4984,1091,Leisure,2025-05-06,2025-05-11,Standard,1,12709.0
4985,1116,Travel Agency,2025-05-06,2025-05-09,Deluxe,1,17910.0
4986,1068,Corporate,2025-05-06,2025-05-10,Family,1,23570.0
4987,1070,Travel Agency,2025-05-06,2025-05-10,Deluxe,1,18022.0
4988,1080,Corporate,2025-05-06,2025-05-09,Family,1,22255.0
4989,1034,Corporate,2025-05-06,2025-05-07,Deluxe,1,19011.0
4990,1071,Leisure,2025-05-06,2025-05-09,Deluxe,1,16154.0
4991,1008,Corporate,2025-05-06,2025-05-07,Standard,1,11397.0
4992,1076,Leisure,2025-05-07,2025-05-09,Deluxe,1,13632.0
4993,1011,Leisure,2025-05-07,2025-05-11,Standard,1,11747.0
4994,1015,Travel Agency,2025-05-07,2025-05-09,Standard,1,12767.0
4995,1075,Leisure,2025-05-07,2025-05-08,Standard,1,10460.0
4996,1060,Travel Agency,2025-05-07,2025-05-11,Deluxe,1,17943.0
4997,1067,Event Group,2025-05-07,2025-05-08,Deluxe,1,16774.0
4998,1059,Corporate,2025-05-07,2025-05-10,Deluxe,1,18685.0
4999,1063,Corporate,2025-05-07,2025-05-08,Family,1,25511.0
5000,1109,Event Group,2025-05-07,2025-05-08,Family,1,23554.0
5001,1055,Corporate,2025-05-07,2025-05-09,Deluxe,1,18200.0
5002,1082,Leisure,2025-05-07,2025-05-08,Standard,1,11799.0
5003,1049,Corporate,2025-05-07,2025-05-09,Deluxe,1,16717.0
5004,1045,Corporate,2025-05-07,2025-05-09,Standard,1,11552.0
5005,1011,Leisure,2025-05-07,2025-05-08,Standard,1,12080.0
5006,1085,Corporate,2025-05-07,2025-05-08,Family,1,21484.0
5007,1105,Leisure,2025-05-07,2025-05-08,Standard,1,10987.0
5008,1040,Leisure,2025-05-07,2025-05-08,Standard,1,11602.0
5009,1037,Leisure,2025-05-07,2025-05-08,Family,1,20937.0
5010,1091,Event Group,2025-05-07,2025-05-10,Deluxe,1,15156.0
5011,1046,Travel Agency,2025-05-07,2025-05-09,Deluxe,1,17151.0
5012,1008,Leisure,2025-05-07,2025-05-09,Standard,1,12789.0
5013,1090,Event Group,2025-05-07,2025-05-08,Standard,1,11409.0
5014,1047,Leisure,2025-05-07,2025-05-09,Deluxe,1,16095.0
5015,1110,Travel Agency,2025-05-07,2025-05-09,Standard,1,10748.0
5016,1018,Leisure,2025-05-07,2025-05-09,Family,1,21334.0
5017,1034,Leisure,2025-05-07,2025-05-09,Deluxe,1,17167.0
5018,1084,Corporate,2025-05-07,2025-05-08,Standard,1,12293.0
5019,1105,Corporate,2025-05-07,2025-05-08,Family,1,23510.0
5020,1101,Event Group,2025-05-07,2025-05-09,Standard,1,12012.0
5021,1113,Travel Agency,2025-05-07,2025-05-09,Deluxe,1,16000.0
5022,1008,Event Group,2025-05-07,2025-05-12,Standard,1,10569.0
5023,1013,Travel Agency,2025-05-07,2025-05-12,Deluxe,1,17683.0
5024,1093,Corporate,2025-05-07,2025-05-09,Deluxe,1,16066.0
5025,1021,Travel Agency,2025-05-07,2025-05-09,Standard,1,11881.0
5026,1002,Corporate,2025-05-07,2025-05-08,Standard,1,11794.0
5027,1068,Travel Agency,2025-05-07,2025-05-09,Deluxe,1,17495.0
5028,1012,Leisure,2025-05-07,2025-05-12,Standard,1,11536.0
5029,1078,Corporate,2025-05-07,2025-05-10,Standard,1,11595.0
5030,1032,Travel Agency,2025-05-07,2025-05-08,Suite,1,30335.0
5031,1100,Travel Agency,2025-05-07,2025-05-08,Standard,1,11823.0
5032,1099,Travel Agency,2025-05-07,2025-05-08,Standard,1,11065.0
5033,1001,Event Group,2025-05-07,2025-05-09,Deluxe,1,17064.0
5034,1123,Leisure,2025-05-08,2025-05-11,Standard,1,10594.0
5035,1017,Leisure,2025-05-08,2025-05-13,Deluxe,1,15829.0
5036,1115,Corporate,2025-05-08,2025-05-09,Family,1,23404.0
5037,1039,Travel Agency,2025-05-08,2025-05-10,Standard,1,11356.0
5038,1101,Travel Agency,2025-05-08,2025-05-09,Standard,1,10747.0
5039,1072,Corporate,2025-05-08,2025-05-11,Deluxe,1,16182.0
5040,1081,Leisure,2025-05-08,2025-05-10,Standard,1,10918.0
5041,1079,Corporate,2025-05-08,2025-05-09,Standard,1,10376.0
5042,1064,Travel Agency,2025-05-08,2025-05-10,Standard,1,11477.0
5043,1060,Leisure,2025-05-08,2025-05-10,Family,1,29087.0
5044,1013,Leisure,2025-05-08,2025-05-11,Deluxe,1,17488.0
5045,1118,Leisure,2025-05-08,2025-05-11,Standard,1,11413.0
5046,1074,Leisure,2025-05-08,2025-05-11,Family,1,21723.0
5047,1101,Leisure,2025-05-08,2025-05-11,Standard,1,13530.0
5048,1003,Leisure,2025-05-08,2025-05-10,Standard,1,11013.0
5049,1078,Leisure,2025-05-08,2025-05-09,Deluxe,1,16585.0
5050,1039,Corporate,2025-05-08,2025-05-10,Family,1,19610.0
5051,1009,Leisure,2025-05-08,2025-05-09,Standard,1,11396.0
5052,1031,Leisure,2025-05-08,2025-05-10,Deluxe,1,16738.0
5053,1041,Leisure,2025-05-08,2025-05-11,Standard,1,11852.0
5054,1054,Event Group,2025-05-08,2025-05-10,Standard,1,11312.0
5055,1029,Leisure,2025-05-08,2025-05-09,Deluxe,1,16101.0
5056,1093,Corporate,2025-05-08,2025-05-10,Deluxe,1,16564.0
5057,1039,Leisure,2025-05-08,2025-05-10,Standard,1,12000.0
5058,1024,Travel Agency,2025-05-08,2025-05-11,Standard,1,10921.0
5059,1096,Corporate,2025-05-08,2025-05-12,Standard,1,11432.0
5060,1066,Corporate,2025-05-08,2025-05-09,Standard,1,12128.0
5061,1093,Corporate,2025-05-08,2025-05-09,Standard,1,11350.0
5062,1077,Travel Agency,2025-05-08,2025-05-09,Standard,1,10783.0
5063,1119,Corporate,2025-05-08,2025-05-10,Standard,1,11091.0
5064,1104,Leisure,2025-05-08,2025-05-09,Standard,1,13819.0
5065,1098,Corporate,2025-05-08,2025-05-09,Standard,1,10897.0
5066,1044,Leisure,2025-05-08,2025-05-11,Standard,1,11752.0
5067,1082,Corporate,2025-05-08,2025-05-09,Deluxe,1,16897.0
5068,1029,Leisure,2025-05-08,2025-05-11,Deluxe,1,17349.0
5069,1116,Travel Agency,2025-05-08,2025-05-09,Standard,1,10822.0
5070,1021,Corporate,2025-05-08,2025-05-10,Family,1,21969.0
5071,1039,Corporate,2025-05-08,2025-05-09,Standard,1,11865.0
5072,1023,Event Group,2025-05-08,2025-05-10,Standard,1,11925.0
5073,1078,Corporate,2025-05-08,2025-05-10,Family,1,23945.0
5074,1051,Travel Agency,2025-05-08,2025-05-12,Standard,1,12393.0
5075,1108,Corporate,2025-05-09,2025-05-10,Standard,1,12022.0
5076,1046,Corporate,2025-05-09,2025-05-10,Standard,1,9416.0
5077,1086,Leisure,2025-05-09,2025-05-10,Standard,1,11120.0
5078,1029,Corporate,2025-05-09,2025-05-10,Deluxe,1,16853.0
5079,1001,Leisure,2025-05-09,2025-05-11,Deluxe,1,18099.0
5080,1049,Leisure,2025-05-09,2025-05-10,Standard,1,10964.0
5081,1092,Leisure,2025-05-09,2025-05-12,Standard,1,10764.0
5082,1077,Corporate,2025-05-09,2025-05-12,Deluxe,1,16721.0
5083,1080,Leisure,2025-05-09,2025-05-12,Standard,1,10688.0
5084,1103,Corporate,2025-05-09,2025-05-10,Suite,1,29989.0
5085,1124,Corporate,2025-05-09,2025-05-10,Family,1,21467.0
5086,1037,Leisure,2025-05-09,2025-05-11,Standard,1,11864.0
5087,1108,Leisure,2025-05-09,2025-05-10,Standard,1,10001.0
5088,1046,Travel Agency,2025-05-09,2025-05-10,Standard,1,9880.0
5089,1118,Travel Agency,2025-05-09,2025-05-11,Standard,1,10079.0
5090,1044,Leisure,2025-05-09,2025-05-11,Standard,1,12980.0
5091,1115,Leisure,2025-05-09,2025-05-10,Standard,1,11270.0
5092,1106,Corporate,2025-05-09,2025-05-10,Deluxe,1,15281.0
5093,1053,Leisure,2025-05-09,2025-05-10,Deluxe,1,16020.0
5094,1087,Leisure,2025-05-09,2025-05-12,Deluxe,1,17363.0
5095,1119,Leisure,2025-05-09,2025-05-11,Standard,1,12126.0
5096,1032,Travel Agency,2025-05-09,2025-05-11,Standard,1,11130.0
5097,1070,Leisure,2025-05-09,2025-05-10,Standard,1,11087.0
5098,1093,Travel Agency,2025-05-09,2025-05-10,Standard,1,10601.0
5099,1117,Leisure,2025-05-09,2025-05-11,Standard,1,12458.0
5100,1006,Travel Agency,2025-05-09,2025-05-10,Deluxe,1,16110.0
5101,1044,Leisure,2025-05-09,2025-05-12,Standard,1,11176.0
5102,1112,Travel Agency,2025-05-09,2025-05-10,Suite,1,26061.0
5103,1034,Corporate,2025-05-09,2025-05-12,Standard,1,10986.0
5104,1027,Leisure,2025-05-09,2025-05-11,Standard,1,12088.0
5105,1092,Event Group,2025-05-09,2025-05-11,Standard,1,10824.0
5106,1044,Leisure,2025-05-09,2025-05-11,Standard,1,11894.0
5107,1027,Leisure,2025-05-09,2025-05-13,Deluxe,1,15306.0
5108,1004,Corporate,2025-05-09,2025-05-10,Family,1,23596.0
5109,1055,Corporate,2025-05-09,2025-05-12,Suite,1,25968.0
5110,1114,Leisure,2025-05-09,2025-05-10,Standard,1,11724.0
5111,1036,Leisure,2025-05-09,2025-05-12,Standard,1,10922.0
5112,1107,Event Group,2025-05-09,2025-05-10,Standard,1,12453.0
5113,1050,Event Group,2025-05-09,2025-05-11,Standard,1,10974.0
5114,1055,Corporate,2025-05-09,2025-05-14,Deluxe,1,15755.0
5115,1016,Travel Agency,2025-05-10,2025-05-11,Standard,1,11341.0
5116,1001,Corporate,2025-05-10,2025-05-12,Standard,1,12410.0
5117,1119,Event Group,2025-05-10,2025-05-12,Family,1,21515.0
5118,1007,Travel Agency,2025-05-10,2025-05-11,Standard,1,11993.0
5119,1023,Travel Agency,2025-05-10,2025-05-13,Family,1,25169.0
5120,1003,Corporate,2025-05-10,2025-05-11,Deluxe,1,15310.0
5121,1018,Corporate,2025-05-10,2025-05-12,Deluxe,1,16376.0
5122,1112,Corporate,2025-05-10,2025-05-12,Standard,1,10879.0
5123,1115,Corporate,2025-05-10,2025-05-12,Suite,1,30334.0
5124,1120,Travel Agency,2025-05-10,2025-05-12,Deluxe,1,17509.0
5125,1064,Leisure,2025-05-10,2025-05-13,Family,1,22710.0
5126,1048,Travel Agency,2025-05-10,2025-05-12,Deluxe,1,18003.0
5127,1030,Leisure,2025-05-10,2025-05-12,Standard,1,11744.0
5128,1058,Corporate,2025-05-10,2025-05-12,Deluxe,1,16895.0
5129,1025,Event Group,2025-05-10,2025-05-13,Deluxe,1,18994.0
5130,1008,Corporate,2025-05-10,2025-05-13,Standard,1,11034.0
5131,1063,Corporate,2025-05-10,2025-05-13,Family,1,26946.0
5132,1026,Corporate,2025-05-10,2025-05-13,Standard,1,12368.0
5133,1067,Corporate,2025-05-10,2025-05-11,Standard,1,13228.0
5134,1018,Corporate,2025-05-10,2025-05-11,Standard,1,9595.0
5135,1114,Corporate,2025-05-10,2025-05-13,Family,1,23656.0
5136,1035,Leisure,2025-05-10,2025-05-12,Deluxe,1,16666.0
5137,1097,Travel Agency,2025-05-10,2025-05-13,Standard,1,11976.0
5138,1049,Leisure,2025-05-10,2025-05-13,Standard,1,11095.0
5139,1052,Corporate,2025-05-10,2025-05-13,Standard,1,12690.0
5140,1027,Corporate,2025-05-10,2025-05-13,Deluxe,1,16562.0
5141,1115,Leisure,2025-05-10,2025-05-14,Standard,1,11509.0
5142,1072,Corporate,2025-05-10,2025-05-14,Standard,1,13613.0
5143,1111,Corporate,2025-05-10,2025-05-14,Family,1,22969.0
5144,1111,Leisure,2025-05-10,2025-05-11,Standard,1,11255.0
5145,1114,Corporate,2025-05-10,2025-05-12,Standard,1,12829.0
5146,1038,Travel Agency,2025-05-10,2025-05-11,Family,1,23930.0
5147,1091,Travel Agency,2025-05-10,2025-05-12,Standard,1,10160.0
5148,1122,Corporate,2025-05-10,2025-05-12,Deluxe,1,16406.0
5149,1033,Leisure,2025-05-10,2025-05-12,Deluxe,1,16751.0
5150,1031,Corporate,2025-05-10,2025-05-11,Deluxe,1,16441.0
5151,1107,Travel Agency,2025-05-10,2025-05-12,Standard,1,10796.0
5152,1036,Leisure,2025-05-10,2025-05-12,Standard,1,12740.0
5153,1026,Corporate,2025-05-10,2025-05-11,Deluxe,1,16123.0
5154,1052,Corporate,2025-05-10,2025-05-12,Standard,1,12543.0
5155,1058,Corporate,2025-05-10,2025-05-11,Deluxe,1,18785.0
5156,1060,Event Group,2025-05-11,2025-05-12,Deluxe,1,16194.0
5157,1078,Leisure,2025-05-11,2025-05-14,Suite,1,28543.0
5158,1012,Leisure,2025-05-11,2025-05-13,Deluxe,1,16177.0
5159,1103,Leisure,2025-05-11,2025-05-13,Standard,1,11594.0
5160,1050,Corporate,2025-05-11,2025-05-13,Deluxe,1,14532.0
5161,1026,Leisure,2025-05-11,2025-05-13,Standard,1,10801.0
5162,1111,Corporate,2025-05-11,2025-05-12,Deluxe,1,18265.0
5163,1048,Leisure,2025-05-11,2025-05-16,Standard,1,10475.0
5164,1057,Leisure,2025-05-11,2025-05-13,Standard,1,10727.0
5165,1122,Corporate,2025-05-11,2025-05-13,Deluxe,1,16060.0
5166,1037,Leisure,2025-05-11,2025-05-12,Standard,1,11691.0
5167,1060,Corporate,2025-05-11,2025-05-13,Standard,1,10457.0
5168,1070,Leisure,2025-05-11,2025-05-14,Family,1,25792.0
5169,1063,Leisure,2025-05-11,2025-05-15,Suite,1,30356.0
5170,1101,Travel Agency,2025-05-11,2025-05-12,Deluxe,1,16825.0
5171,1060,Travel Agency,2025-05-11,2025-05-12,Deluxe,1,16649.0
5172,1033,Leisure,2025-05-11,2025-05-14,Standard,1,10310.0
5173,1091,Travel Agency,2025-05-11,2025-05-13,Standard,1,11058.0
5174,1014,Travel Agency,2025-05-11,2025-05-12,Standard,1,11014.0
5175,1105,Leisure,2025-05-11,2025-05-12,Family,1,24233.0
5176,1114,Leisure,2025-05-11,2025-05-15,Standard,1,10590.0
5177,1107,Leisure,2025-05-11,2025-05-12,Deluxe,1,16203.0
5178,1061,Travel Agency,2025-05-11,2025-05-15,Standard,1,13111.0
5179,1016,Travel Agency,2025-05-11,2025-05-14,Standard,1,11044.0
5180,1084,Corporate,2025-05-11,2025-05-13,Family,1,25178.0
5181,1078,Corporate,2025-05-11,2025-05-13,Deluxe,1,18375.0
5182,1092,Corporate,2025-05-11,2025-05-13,Standard,1,13102.0
5183,1038,Corporate,2025-05-11,2025-05-12,Family,1,24637.0
5184,1109,Event Group,2025-05-11,2025-05-15,Deluxe,1,15654.0
5185,1013,Event Group,2025-05-11,2025-05-14,Suite,1,32205.0
5186,1087,Travel Agency,2025-05-11,2025-05-14,Deluxe,1,19378.0
5187,1047,Corporate,2025-05-11,2025-05-13,Deluxe,1,15008.0
5188,1038,Travel Agency,2025-05-11,2025-05-13,Deluxe,1,15587.0
5189,1068,Leisure,2025-05-11,2025-05-13,Standard,1,12135.0
5190,1047,Travel Agency,2025-05-11,2025-05-12,Family,1,25640.0
5191,1121,Travel Agency,2025-05-11,2025-05-15,Standard,1,11679.0
5192,1080,Leisure,2025-05-11,2025-05-14,Standard,1,10490.0
5193,1012,Corporate,2025-05-11,2025-05-14,Standard,1,12760.0
5194,1003,Corporate,2025-05-11,2025-05-14,Deluxe,1,16643.0
5195,1054,Leisure,2025-05-11,2025-05-12,Standard,1,11444.0
5196,1117,Leisure,2025-05-11,2025-05-12,Standard,1,11261.0
5197,1006,Leisure,2025-05-11,2025-05-12,Family,1,22397.0
5198,1005,Travel Agency,2025-05-11,2025-05-14,Standard,1,11348.0
5199,1027,Leisure,2025-05-11,2025-05-12,Standard,1,11662.0
5200,1118,Travel Agency,2025-05-11,2025-05-14,Deluxe,1,14609.0
5201,1065,Corporate,2025-05-11,2025-05-12,Family,1,20972.0
5202,1074,Travel Agency,2025-05-11,2025-05-13,Deluxe,1,16281.0
5203,1091,Travel Agency,2025-05-12,2025-05-14,Standard,1,9718.0
5204,1110,Leisure,2025-05-12,2025-05-14,Deluxe,1,19167.0
5205,1121,Travel Agency,2025-05-12,2025-05-15,Standard,1,12174.0
5206,1085,Corporate,2025-05-12,2025-05-14,Family,1,23281.0
5207,1043,Travel Agency,2025-05-12,2025-05-14,Standard,1,12129.0
5208,1093,Travel Agency,2025-05-12,2025-05-16,Standard,1,12269.0
5209,1095,Corporate,2025-05-12,2025-05-13,Deluxe,1,17567.0
5210,1086,Leisure,2025-05-12,2025-05-13,Deluxe,1,14894.0
5211,1076,Travel Agency,2025-05-12,2025-05-13,Standard,1,11751.0
5212,1106,Corporate,2025-05-12,2025-05-15,Standard,1,10764.0
5213,1113,Leisure,2025-05-12,2025-05-16,Standard,1,10685.0
5214,1041,Event Group,2025-05-12,2025-05-15,Deluxe,1,15028.0
5215,1107,Travel Agency,2025-05-12,2025-05-15,Family,1,20955.0
5216,1008,Corporate,2025-05-12,2025-05-15,Family,1,25080.0
5217,1009,Corporate,2025-05-12,2025-05-13,Standard,1,12080.0
5218,1104,Leisure,2025-05-12,2025-05-14,Deluxe,1,15183.0
5219,1122,Leisure,2025-05-12,2025-05-16,Family,1,25271.0
5220,1043,Corporate,2025-05-12,2025-05-15,Standard,1,11864.0
5221,1095,Travel Agency,2025-05-12,2025-05-16,Deluxe,1,16494.0
5222,1082,Leisure,2025-05-12,2025-05-16,Standard,1,11340.0
5223,1118,Corporate,2025-05-12,2025-05-14,Standard,1,11059.0
5224,1018,Travel Agency,2025-05-12,2025-05-14,Deluxe,1,17207.0
5225,1111,Leisure,2025-05-12,2025-05-15,Family,1,26405.0
5226,1090,Leisure,2025-05-12,2025-05-13,Deluxe,1,17872.0
5227,1029,Travel Agency,2025-05-12,2025-05-15,Family,1,25919.0
5228,1005,Event Group,2025-05-12,2025-05-15,Standard,1,10083.0
5229,1002,Event Group,2025-05-12,2025-05-15,Family,1,21708.0
5230,1078,Event Group,2025-05-12,2025-05-14,Family,1,20397.0
5231,1016,Event Group,2025-05-12,2025-05-14,Standard,1,12564.0
5232,1030,Leisure,2025-05-12,2025-05-13,Deluxe,1,17798.0
5233,1014,Travel Agency,2025-05-12,2025-05-14,Standard,1,10617.0
5234,1111,Leisure,2025-05-12,2025-05-14,Standard,1,10305.0
5235,1070,Leisure,2025-05-12,2025-05-14,Standard,1,12635.0
5236,1056,Event Group,2025-05-12,2025-05-13,Suite,1,27338.0
5237,1051,Leisure,2025-05-12,2025-05-16,Deluxe,1,18945.0
5238,1119,Corporate,2025-05-12,2025-05-15,Family,1,23559.0
5239,1107,Corporate,2025-05-12,2025-05-14,Standard,1,10638.0
5240,1025,Leisure,2025-05-12,2025-05-13,Deluxe,1,17401.0
5241,1024,Leisure,2025-05-13,2025-05-18,Family,1,23702.0
5242,1001,Leisure,2025-05-13,2025-05-15,Deluxe,1,16014.0
5243,1041,Corporate,2025-05-13,2025-05-15,Standard,1,9193.0
5244,1020,Leisure,2025-05-13,2025-05-14,Deluxe,1,15696.0
5245,1049,Travel Agency,2025-05-13,2025-05-18,Standard,1,10814.0
5246,1069,Corporate,2025-05-13,2025-05-15,Standard,1,9358.0
5247,1091,Corporate,2025-05-13,2025-05-14,Standard,1,10729.0
5248,1050,Travel Agency,2025-05-13,2025-05-14,Family,1,26565.0
5249,1009,Corporate,2025-05-13,2025-05-15,Standard,1,12972.0
5250,1045,Event Group,2025-05-13,2025-05-14,Family,1,25521.0
5251,1083,Leisure,2025-05-13,2025-05-15,Suite,1,25814.0
5252,1047,Leisure,2025-05-13,2025-05-18,Standard,1,13370.0
5253,1034,Leisure,2025-05-13,2025-05-14,Suite,1,30570.0
5254,1114,Corporate,2025-05-13,2025-05-16,Standard,1,12673.0
5255,1081,Event Group,2025-05-13,2025-05-15,Deluxe,1,16245.0
5256,1094,Corporate,2025-05-13,2025-05-14,Standard,1,11707.0
5257,1083,Corporate,2025-05-13,2025-05-14,Family,1,23995.0
5258,1125,Corporate,2025-05-13,2025-05-16,Deluxe,1,16524.0
5259,1020,Leisure,2025-05-13,2025-05-16,Standard,1,12738.0
5260,1016,Travel Agency,2025-05-13,2025-05-14,Family,1,22035.0
5261,1006,Corporate,2025-05-13,2025-05-14,Deluxe,1,17305.0
5262,1034,Leisure,2025-05-13,2025-05-18,Standard,1,12046.0
5263,1055,Leisure,2025-05-13,2025-05-17,Suite,1,29558.0
5264,1102,Leisure,2025-05-13,2025-05-16,Standard,1,10869.0
5265,1104,Corporate,2025-05-13,2025-05-14,Deluxe,1,17945.0
5266,1040,Leisure,2025-05-13,2025-05-17,Standard,1,12097.0
5267,1116,Leisure,2025-05-13,2025-05-16,Standard,1,10082.0
5268,1116,Leisure,2025-05-13,2025-05-16,Standard,1,12410.0
5269,1033,Leisure,2025-05-13,2025-05-14,Deluxe,1,17204.0
5270,1055,Leisure,2025-05-13,2025-05-14,Family,1,24758.0
5271,1054,Leisure,2025-05-13,2025-05-18,Family,1,23825.0
5272,1026,Corporate,2025-05-13,2025-05-17,Standard,1,11539.0
5273,1085,Travel Agency,2025-05-13,2025-05-15,Suite,1,27544.0
5274,1054,Leisure,2025-05-13,2025-05-15,Family,1,22116.0
5275,1031,Event Group,2025-05-14,2025-05-15,Suite,1,30766.0
5276,1061,Travel Agency,2025-05-14,2025-05-18,Standard,1,10572.0
5277,1021,Event Group,2025-05-14,2025-05-16,Standard,1,12173.0
5278,1079,Travel Agency,2025-05-14,2025-05-17,Suite,1,28265.0
5279,1094,Leisure,2025-05-14,2025-05-17,Deluxe,1,15947.0
5280,1069,Leisure,2025-05-14,2025-05-16,Standard,1,13327.0
5281,1047,Leisure,2025-05-14,2025-05-15,Standard,1,10983.0
5282,1035,Corporate,2025-05-14,2025-05-15,Family,1,26214.0
5283,1023,Travel Agency,2025-05-14,2025-05-15,Standard,1,12131.0
5284,1073,Travel Agency,2025-05-14,2025-05-17,Family,1,23487.0
5285,1109,Corporate,2025-05-14,2025-05-16,Standard,1,11402.0
5286,1119,Leisure,2025-05-14,2025-05-15,Family,1,19083.0
5287,1009,Leisure,2025-05-14,2025-05-16,Standard,1,11660.0
5288,1015,Event Group,2025-05-14,2025-05-15,Standard,1,13652.0
5289,1044,Leisure,2025-05-14,2025-05-17,Standard,1,11038.0
5290,1040,Leisure,2025-05-14,2025-05-15,Standard,1,10961.0
5291,1099,Corporate,2025-05-14,2025-05-15,Standard,1,12596.0
5292,1029,Corporate,2025-05-14,2025-05-17,Deluxe,1,15819.0
5293,1093,Travel Agency,2025-05-14,2025-05-16,Deluxe,1,16536.0
5294,1085,Corporate,2025-05-14,2025-05-15,Deluxe,1,17276.0
5295,1114,Event Group,2025-05-14,2025-05-15,Standard,1,11984.0
5296,1108,Leisure,2025-05-14,2025-05-15,Standard,1,12304.0
5297,1068,Travel Agency,2025-05-14,2025-05-18,Deluxe,1,15652.0
5298,1092,Corporate,2025-05-14,2025-05-15,Standard,1,12728.0
5299,1056,Leisure,2025-05-14,2025-05-15,Deluxe,1,18464.0
5300,1081,Travel Agency,2025-05-14,2025-05-17,Family,1,24362.0
5301,1039,Corporate,2025-05-14,2025-05-15,Standard,1,9580.0
5302,1029,Travel Agency,2025-05-14,2025-05-16,Standard,1,11841.0
5303,1070,Event Group,2025-05-14,2025-05-17,Deluxe,1,15475.0
5304,1057,Corporate,2025-05-14,2025-05-16,Suite,1,30715.0
5305,1107,Travel Agency,2025-05-14,2025-05-15,Standard,1,12327.0
5306,1098,Leisure,2025-05-14,2025-05-19,Standard,1,10420.0
5307,1055,Leisure,2025-05-14,2025-05-15,Family,1,23947.0
5308,1125,Corporate,2025-05-14,2025-05-15,Standard,1,11167.0
5309,1055,Corporate,2025-05-14,2025-05-16,Suite,1,24768.0
5310,1031,Travel Agency,2025-05-14,2025-05-15,Deluxe,1,15140.0
5311,1056,Event Group,2025-05-14,2025-05-17,Standard,1,9702.0
5312,1005,Corporate,2025-05-14,2025-05-18,Deluxe,1,14906.0
5313,1017,Travel Agency,2025-05-14,2025-05-17,Deluxe,1,13890.0
5314,1030,Leisure,2025-05-14,2025-05-17,Family,1,22077.0
5315,1030,Corporate,2025-05-14,2025-05-15,Deluxe,1,16872.0
5316,1045,Leisure,2025-05-15,2025-05-17,Suite,1,31348.0
5317,1020,Corporate,2025-05-15,2025-05-16,Family,1,22679.0
5318,1110,Travel Agency,2025-05-15,2025-05-17,Standard,1,10834.0
5319,1031,Travel Agency,2025-05-15,2025-05-17,Deluxe,1,17550.0
5320,1060,Leisure,2025-05-15,2025-05-16,Standard,1,11657.0
5321,1043,Corporate,2025-05-15,2025-05-17,Standard,1,10558.0
5322,1067,Corporate,2025-05-15,2025-05-16,Standard,1,11442.0
5323,1056,Corporate,2025-05-15,2025-05-16,Family,1,27020.0
5324,1084,Travel Agency,2025-05-15,2025-05-17,Family,1,23544.0
5325,1062,Leisure,2025-05-15,2025-05-18,Family,1,23361.0
5326,1015,Leisure,2025-05-15,2025-05-17,Standard,1,10376.0
5327,1050,Leisure,2025-05-15,2025-05-19,Family,1,24631.0
5328,1021,Travel Agency,2025-05-15,2025-05-20,Family,1,24180.0
5329,1079,Corporate,2025-05-15,2025-05-18,Deluxe,1,16299.0
5330,1021,Leisure,2025-05-15,2025-05-16,Standard,1,11722.0
5331,1116,Leisure,2025-05-15,2025-05-17,Standard,1,12821.0
5332,1015,Corporate,2025-05-15,2025-05-16,Standard,1,9996.0
5333,1088,Leisure,2025-05-15,2025-05-17,Suite,1,30402.0
5334,1080,Leisure,2025-05-15,2025-05-16,Standard,1,10844.0
5335,1008,Travel Agency,2025-05-15,2025-05-16,Suite,1,32001.0
5336,1100,Corporate,2025-05-15,2025-05-16,Standard,1,11650.0
5337,1072,Leisure,2025-05-15,2025-05-18,Deluxe,1,16789.0
5338,1045,Travel Agency,2025-05-15,2025-05-17,Deluxe,1,16762.0
5339,1052,Corporate,2025-05-15,2025-05-16,Family,1,21510.0
5340,1078,Corporate,2025-05-15,2025-05-17,Standard,1,11684.0
5341,1088,Corporate,2025-05-15,2025-05-18,Suite,1,27556.0
5342,1019,Corporate,2025-05-15,2025-05-18,Deluxe,1,18723.0
5343,1006,Leisure,2025-05-15,2025-05-17,Standard,1,12160.0
5344,1007,Leisure,2025-05-15,2025-05-16,Standard,1,11934.0
5345,1036,Corporate,2025-05-15,2025-05-16,Family,1,23940.0
5346,1069,Corporate,2025-05-15,2025-05-16,Standard,1,11800.0
5347,1023,Travel Agency,2025-05-15,2025-05-16,Deluxe,1,17293.0
5348,1087,Corporate,2025-05-15,2025-05-17,Standard,1,11325.0
5349,1053,Travel Agency,2025-05-15,2025-05-16,Standard,1,9655.0
5350,1012,Corporate,2025-05-15,2025-05-18,Standard,1,10293.0
5351,1060,Event Group,2025-05-16,2025-05-19,Deluxe,1,16666.0
5352,1063,Corporate,2025-05-16,2025-05-18,Deluxe,1,14985.0
5353,1090,Corporate,2025-05-16,2025-05-17,Standard,1,11320.0
5354,1117,Event Group,2025-05-16,2025-05-19,Deluxe,1,17239.0
5355,1004,Corporate,2025-05-16,2025-05-17,Standard,1,9813.0
5356,1042,Travel Agency,2025-05-16,2025-05-19,Suite,1,27629.0
5357,1113,Corporate,2025-05-16,2025-05-17,Standard,1,10465.0
5358,1103,Leisure,2025-05-16,2025-05-19,Suite,1,32294.0
5359,1079,Event Group,2025-05-16,2025-05-18,Deluxe,1,15466.0
5360,1077,Travel Agency,2025-05-16,2025-05-17,Standard,1,12052.0
5361,1104,Corporate,2025-05-16,2025-05-18,Standard,1,10154.0
5362,1054,Leisure,2025-05-16,2025-05-19,Standard,1,12111.0
5363,1095,Corporate,2025-05-16,2025-05-19,Deluxe,1,16411.0
5364,1057,Event Group,2025-05-16,2025-05-19,Standard,1,11898.0
5365,1026,Leisure,2025-05-16,2025-05-20,Deluxe,1,15312.0
5366,1037,Leisure,2025-05-16,2025-05-20,Deluxe,1,16852.0
5367,1092,Leisure,2025-05-16,2025-05-17,Suite,1,30098.0
5368,1009,Leisure,2025-05-16,2025-05-17,Deluxe,1,18721.0
5369,1094,Travel Agency,2025-05-16,2025-05-19,Standard,1,11986.0
5370,1010,Leisure,2025-05-16,2025-05-17,Standard,1,12418.0
5371,1014,Corporate,2025-05-16,2025-05-18,Suite,1,28416.0
5372,1077,Corporate,2025-05-16,2025-05-17,Standard,1,12787.0
5373,1062,Leisure,2025-05-16,2025-05-18,Standard,1,12277.0
5374,1069,Corporate,2025-05-16,2025-05-17,Standard,1,10926.0
5375,1049,Leisure,2025-05-16,2025-05-18,Family,1,22714.0
5376,1004,Corporate,2025-05-16,2025-05-19,Deluxe,1,16830.0
5377,1094,Leisure,2025-05-16,2025-05-17,Standard,1,12133.0
5378,1074,Travel Agency,2025-05-16,2025-05-19,Standard,1,11232.0
5379,1077,Corporate,2025-05-16,2025-05-19,Family,1,28369.0
5380,1008,Leisure,2025-05-16,2025-05-18,Standard,1,10784.0
5381,1049,Corporate,2025-05-16,2025-05-18,Standard,1,12247.0
5382,1011,Leisure,2025-05-16,2025-05-19,Deluxe,1,17085.0
5383,1025,Leisure,2025-05-16,2025-05-17,Deluxe,1,16667.0
5384,1075,Leisure,2025-05-16,2025-05-18,Standard,1,12017.0
5385,1087,Leisure,2025-05-16,2025-05-20,Suite,1,30954.0
5386,1094,Travel Agency,2025-05-16,2025-05-18,Standard,1,10687.0
5387,1058,Leisure,2025-05-17,2025-05-21,Deluxe,1,16668.0
5388,1016,Corporate,2025-05-17,2025-05-18,Deluxe,1,17231.0
5389,1043,Leisure,2025-05-17,2025-05-19,Standard,1,11227.0
5390,1014,Leisure,2025-05-17,2025-05-19,Family,1,20940.0
5391,1010,Corporate,2025-05-17,2025-05-21,Family,1,22354.0
5392,1053,Leisure,2025-05-17,2025-05-19,Deluxe,1,18830.0
5393,1107,Leisure,2025-05-17,2025-05-18,Family,1,22338.0
5394,1105,Event Group,2025-05-17,2025-05-19,Standard,1,10974.0
5395,1054,Leisure,2025-05-17,2025-05-21,Standard,1,12191.0
5396,1012,Corporate,2025-05-17,2025-05-19,Deluxe,1,18170.0
5397,1089,Leisure,2025-05-17,2025-05-21,Deluxe,1,15976.0
5398,1122,Travel Agency,2025-05-17,2025-05-19,Deluxe,1,18360.0
5399,1083,Travel Agency,2025-05-17,2025-05-18,Standard,1,11925.0
5400,1088,Leisure,2025-05-17,2025-05-19,Suite,1,27881.0
5401,1089,Corporate,2025-05-17,2025-05-18,Deluxe,1,16834.0
5402,1111,Travel Agency,2025-05-17,2025-05-21,Standard,1,11602.0
5403,1109,Corporate,2025-05-17,2025-05-18,Deluxe,1,18313.0
5404,1077,Travel Agency,2025-05-17,2025-05-20,Standard,1,11614.0
5405,1043,Leisure,2025-05-17,2025-05-18,Standard,1,12929.0
5406,1088,Leisure,2025-05-17,2025-05-18,Deluxe,1,19447.0
5407,1016,Travel Agency,2025-05-17,2025-05-19,Deluxe,1,16255.0
5408,1019,Event Group,2025-05-17,2025-05-21,Standard,1,11812.0
5409,1014,Travel Agency,2025-05-17,2025-05-20,Family,1,25660.0
5410,1072,Travel Agency,2025-05-17,2025-05-18,Standard,1,11370.0
5411,1116,Leisure,2025-05-17,2025-05-18,Family,1,21977.0
5412,1120,Leisure,2025-05-17,2025-05-18,Family,1,22078.0
5413,1025,Corporate,2025-05-17,2025-05-20,Standard,1,11827.0
5414,1034,Leisure,2025-05-17,2025-05-18,Standard,1,10599.0
5415,1099,Corporate,2025-05-17,2025-05-18,Standard,1,12286.0
5416,1078,Corporate,2025-05-17,2025-05-18,Deluxe,1,15012.0
5417,1077,Travel Agency,2025-05-17,2025-05-21,Standard,1,12572.0
5418,1076,Leisure,2025-05-17,2025-05-20,Standard,1,11824.0
5419,1101,Leisure,2025-05-17,2025-05-20,Standard,1,11476.0
5420,1096,Leisure,2025-05-17,2025-05-19,Deluxe,1,17095.0
5421,1059,Leisure,2025-05-17,2025-05-21,Deluxe,1,16625.0
5422,1012,Travel Agency,2025-05-18,2025-05-21,Standard,1,11716.0
5423,1061,Corporate,2025-05-18,2025-05-20,Standard,1,12195.0
5424,1089,Corporate,2025-05-18,2025-05-20,Standard,1,13833.0
5425,1118,Corporate,2025-05-18,2025-05-20,Standard,1,11512.0
5426,1022,Corporate,2025-05-18,2025-05-19,Standard,1,11684.0
5427,1108,Corporate,2025-05-18,2025-05-22,Deluxe,1,14746.0
5428,1087,Corporate,2025-05-18,2025-05-21,Deluxe,1,14949.0
5429,1013,Corporate,2025-05-18,2025-05-19,Family,1,21572.0
5430,1038,Travel Agency,2025-05-18,2025-05-19,Family,1,26777.0
5431,1086,Event Group,2025-05-18,2025-05-19,Standard,1,12061.0
5432,1032,Leisure,2025-05-18,2025-05-19,Family,1,22046.0
5433,1045,Corporate,2025-05-18,2025-05-21,Suite,1,27362.0
5434,1095,Corporate,2025-05-18,2025-05-22,Deluxe,1,15944.0
5435,1079,Event Group,2025-05-18,2025-05-21,Deluxe,1,15869.0
5436,1045,Corporate,2025-05-18,2025-05-19,Suite,1,30342.0
5437,1041,Leisure,2025-05-18,2025-05-20,Standard,1,12379.0
5438,1042,Corporate,2025-05-18,2025-05-20,Standard,1,10926.0
5439,1050,Leisure,2025-05-18,2025-05-21,Family,1,19657.0
5440,1010,Travel Agency,2025-05-18,2025-05-21,Family,1,22914.0
5441,1074,Leisure,2025-05-18,2025-05-19,Standard,1,11115.0
5442,1023,Leisure,2025-05-18,2025-05-19,Deluxe,1,16232.0
5443,1055,Leisure,2025-05-18,2025-05-20,Standard,1,9669.0
5444,1030,Leisure,2025-05-18,2025-05-21,Deluxe,1,15226.0
5445,1106,Leisure,2025-05-18,2025-05-20,Standard,1,11834.0
5446,1003,Leisure,2025-05-18,2025-05-21,Deluxe,1,17072.0
5447,1081,Travel Agency,2025-05-18,2025-05-21,Suite,1,28747.0
5448,1087,Leisure,2025-05-18,2025-05-19,Family,1,24509.0
5449,1087,Corporate,2025-05-18,2025-05-21,Standard,1,12153.0
5450,1033,Event Group,2025-05-18,2025-05-20,Deluxe,1,19070.0
5451,1116,Leisure,2025-05-19,2025-05-22,Family,1,24820.0
5452,1037,Leisure,2025-05-19,2025-05-22,Deluxe,1,17008.0
5453,1050,Leisure,2025-05-19,2025-05-20,Standard,1,10686.0
5454,1027,Leisure,2025-05-19,2025-05-23,Family,1,21980.0
5455,1045,Leisure,2025-05-19,2025-05-22,Standard,1,12391.0
5456,1080,Leisure,2025-05-19,2025-05-22,Standard,1,12474.0
5457,1118,Travel Agency,2025-05-19,2025-05-21,Family,1,21818.0
5458,1078,Corporate,2025-05-19,2025-05-21,Standard,1,10031.0
5459,1042,Leisure,2025-05-19,2025-05-21,Family,1,21687.0
5460,1016,Leisure,2025-05-19,2025-05-22,Deluxe,1,16310.0
5461,1098,Corporate,2025-05-19,2025-05-21,Suite,1,31005.0
5462,1028,Corporate,2025-05-19,2025-05-21,Deluxe,1,13679.0
5463,1079,Leisure,2025-05-19,2025-05-24,Family,1,21691.0
5464,1069,Leisure,2025-05-19,2025-05-22,Deluxe,1,15456.0
5465,1090,Corporate,2025-05-19,2025-05-20,Deluxe,1,17395.0
5466,1110,Travel Agency,2025-05-19,2025-05-22,Standard,1,13375.0
5467,1080,Travel Agency,2025-05-19,2025-05-20,Standard,1,11807.0
5468,1034,Corporate,2025-05-19,2025-05-20,Standard,1,11641.0
5469,1058,Event Group,2025-05-19,2025-05-24,Suite,1,25197.0
5470,1001,Travel Agency,2025-05-19,2025-05-21,Standard,1,10249.0
5471,1055,Leisure,2025-05-19,2025-05-20,Deluxe,1,17859.0
5472,1114,Leisure,2025-05-19,2025-05-22,Family,1,22347.0
5473,1027,Corporate,2025-05-19,2025-05-20,Deluxe,1,15910.0
5474,1042,Travel Agency,2025-05-19,2025-05-21,Family,1,25506.0
5475,1042,Event Group,2025-05-19,2025-05-24,Standard,1,11424.0
5476,1074,Leisure,2025-05-19,2025-05-20,Deluxe,1,14572.0
5477,1006,Leisure,2025-05-19,2025-05-20,Suite,1,31911.0
5478,1056,Travel Agency,2025-05-19,2025-05-22,Standard,1,12889.0
5479,1022,Leisure,2025-05-19,2025-05-22,Standard,1,10593.0
5480,1043,Corporate,2025-05-19,2025-05-22,Family,1,26547.0
5481,1069,Travel Agency,2025-05-19,2025-05-23,Standard,1,11095.0
5482,1112,Leisure,2025-05-19,2025-05-22,Standard,1,11497.0
5483,1081,Travel Agency,2025-05-19,2025-05-21,Suite,1,25454.0
5484,1096,Leisure,2025-05-19,2025-05-22,Standard,1,11388.0
5485,1050,Corporate,2025-05-19,2025-05-21,Standard,1,12223.0
5486,1099,Corporate,2025-05-19,2025-05-21,Standard,1,11477.0
5487,1074,Leisure,2025-05-19,2025-05-22,Standard,1,11168.0
5488,1098,Event Group,2025-05-19,2025-05-20,Standard,1,11064.0
5489,1019,Travel Agency,2025-05-19,2025-05-23,Standard,1,11146.0
5490,1061,Leisure,2025-05-19,2025-05-23,Family,1,22042.0
5491,1019,Leisure,2025-05-19,2025-05-20,Standard,1,12275.0
5492,1028,Leisure,2025-05-20,2025-05-21,Standard,1,11744.0
5493,1092,Leisure,2025-05-20,2025-05-21,Deluxe,1,14978.0
5494,1124,Corporate,2025-05-20,2025-05-21,Standard,1,10667.0
5495,1108,Leisure,2025-05-20,2025-05-21,Standard,1,10623.0
5496,1108,Travel Agency,2025-05-20,2025-05-21,Deluxe,1,17523.0
5497,1055,Corporate,2025-05-20,2025-05-22,Standard,1,10908.0
5498,1032,Corporate,2025-05-20,2025-05-22,Standard,1,12353.0
5499,1117,Corporate,2025-05-20,2025-05-22,Family,1,25566.0
5500,1064,Leisure,2025-05-20,2025-05-24,Deluxe,1,17274.0
5501,1037,Travel Agency,2025-05-20,2025-05-22,Standard,1,11031.0
5502,1092,Travel Agency,2025-05-20,2025-05-24,Deluxe,1,17561.0
5503,1033,Travel Agency,2025-05-20,2025-05-22,Standard,1,10583.0
5504,1101,Event Group,2025-05-20,2025-05-24,Family,1,23781.0
5505,1112,Leisure,2025-05-20,2025-05-22,Standard,1,11344.0
5506,1060,Leisure,2025-05-20,2025-05-25,Standard,1,11582.0
5507,1041,Leisure,2025-05-20,2025-05-21,Standard,1,11673.0
5508,1027,Leisure,2025-05-20,2025-05-23,Deluxe,1,17349.0
5509,1109,Travel Agency,2025-05-20,2025-05-22,Standard,1,11373.0
5510,1051,Leisure,2025-05-20,2025-05-21,Standard,1,11326.0
5511,1032,Corporate,2025-05-20,2025-05-22,Standard,1,11368.0
5512,1085,Leisure,2025-05-20,2025-05-25,Deluxe,1,17817.0
5513,1017,Event Group,2025-05-20,2025-05-21,Standard,1,13134.0
5514,1088,Corporate,2025-05-20,2025-05-22,Family,1,21194.0
5515,1004,Corporate,2025-05-20,2025-05-23,Family,1,24485.0
5516,1008,Corporate,2025-05-20,2025-05-22,Family,1,22726.0
5517,1054,Leisure,2025-05-20,2025-05-23,Deluxe,1,16828.0
5518,1065,Travel Agency,2025-05-20,2025-05-22,Standard,1,10675.0
5519,1014,Travel Agency,2025-05-20,2025-05-23,Deluxe,1,17372.0
5520,1124,Corporate,2025-05-20,2025-05-21,Deluxe,1,16777.0
5521,1061,Leisure,2025-05-20,2025-05-24,Standard,1,12876.0
5522,1098,Leisure,2025-05-20,2025-05-24,Standard,1,12242.0
5523,1075,Leisure,2025-05-20,2025-05-22,Deluxe,1,16514.0
5524,1107,Travel Agency,2025-05-20,2025-05-23,Standard,1,12559.0
5525,1018,Leisure,2025-05-20,2025-05-24,Standard,1,12438.0
5526,1048,Leisure,2025-05-20,2025-05-21,Standard,1,11639.0
5527,1089,Corporate,2025-05-20,2025-05-22,Standard,1,11266.0
5528,1024,Leisure,2025-05-20,2025-05-23,Standard,1,10142.0
5529,1088,Travel Agency,2025-05-20,2025-05-24,Deluxe,1,15773.0
5530,1020,Corporate,2025-05-20,2025-05-22,Standard,1,13166.0
5531,1049,Corporate,2025-05-20,2025-05-21,Standard,1,12358.0
5532,1032,Leisure,2025-05-20,2025-05-22,Standard,1,10748.0
5533,1044,Corporate,2025-05-20,2025-05-22,Standard,1,10096.0
5534,1106,Travel Agency,2025-05-20,2025-05-22,Standard,1,11985.0
5535,1115,Corporate,2025-05-21,2025-05-22,Deluxe,1,17426.0
5536,1083,Travel Agency,2025-05-21,2025-05-24,Deluxe,1,17040.0
5537,1118,Corporate,2025-05-21,2025-05-23,Standard,1,12633.0
5538,1111,Travel Agency,2025-05-21,2025-05-24,Deluxe,1,14176.0
5539,1125,Corporate,2025-05-21,2025-05-22,Deluxe,1,18383.0
5540,1066,Leisure,2025-05-21,2025-05-23,Standard,1,11744.0
5541,1054,Event Group,2025-05-21,2025-05-22,Standard,1,12022.0
5542,1068,Corporate,2025-05-21,2025-05-23,Suite,1,30215.0
5543,1016,Corporate,2025-05-21,2025-05-23,Suite,1,32578.0
5544,1104,Leisure,2025-05-21,2025-05-23,Deluxe,1,15459.0
5545,1102,Travel Agency,2025-05-21,2025-05-22,Deluxe,1,15498.0
5546,1047,Event Group,2025-05-21,2025-05-25,Family,1,21410.0
5547,1015,Event Group,2025-05-21,2025-05-24,Suite,1,28641.0
5548,1110,Leisure,2025-05-21,2025-05-22,Standard,1,11686.0
5549,1123,Leisure,2025-05-21,2025-05-22,Standard,1,12162.0
5550,1026,Leisure,2025-05-21,2025-05-23,Deluxe,1,17239.0
5551,1050,Corporate,2025-05-21,2025-05-22,Family,1,23259.0
5552,1021,Leisure,2025-05-21,2025-05-22,Standard,1,11874.0
5553,1060,Leisure,2025-05-21,2025-05-23,Standard,1,10820.0
5554,1119,Travel Agency,2025-05-21,2025-05-22,Deluxe,1,18494.0
5555,1061,Corporate,2025-05-21,2025-05-22,Standard,1,11945.0
5556,1026,Event Group,2025-05-21,2025-05-22,Family,1,22569.0
5557,1047,Leisure,2025-05-21,2025-05-22,Standard,1,12448.0
5558,1104,Corporate,2025-05-21,2025-05-22,Standard,1,11650.0
5559,1012,Leisure,2025-05-21,2025-05-22,Standard,1,12141.0
5560,1047,Corporate,2025-05-21,2025-05-22,Deluxe,1,19007.0
5561,1041,Travel Agency,2025-05-21,2025-05-22,Deluxe,1,16797.0
5562,1042,Leisure,2025-05-21,2025-05-24,Standard,1,11681.0
5563,1095,Travel Agency,2025-05-21,2025-05-22,Family,1,26406.0
5564,1116,Corporate,2025-05-21,2025-05-23,Family,1,20977.0
5565,1040,Corporate,2025-05-21,2025-05-22,Deluxe,1,17827.0
5566,1125,Travel Agency,2025-05-21,2025-05-25,Deluxe,1,16896.0
5567,1083,Leisure,2025-05-21,2025-05-24,Standard,1,11362.0
5568,1109,Corporate,2025-05-21,2025-05-23,Standard,1,13080.0
5569,1086,Corporate,2025-05-21,2025-05-23,Deluxe,1,15078.0
5570,1065,Corporate,2025-05-21,2025-05-24,Standard,1,10613.0
5571,1104,Corporate,2025-05-21,2025-05-22,Family,1,22675.0
5572,1080,Leisure,2025-05-21,2025-05-25,Deluxe,1,16029.0
5573,1068,Corporate,2025-05-21,2025-05-23,Deluxe,1,15733.0
5574,1001,Leisure,2025-05-21,2025-05-22,Standard,1,11908.0
5575,1103,Corporate,2025-05-21,2025-05-23,Standard,1,11388.0
5576,1017,Event Group,2025-05-21,2025-05-25,Deluxe,1,16378.0
5577,1123,Leisure,2025-05-22,2025-05-24,Deluxe,1,16983.0
5578,1072,Travel Agency,2025-05-22,2025-05-24,Deluxe,1,17080.0
5579,1121,Corporate,2025-05-22,2025-05-24,Standard,1,11950.0
5580,1043,Corporate,2025-05-22,2025-05-24,Standard,1,10442.0
5581,1119,Corporate,2025-05-22,2025-05-25,Standard,1,11059.0
5582,1117,Event Group,2025-05-22,2025-05-23,Suite,1,26876.0
5583,1004,Corporate,2025-05-22,2025-05-24,Deluxe,1,15992.0
5584,1002,Corporate,2025-05-22,2025-05-26,Standard,1,12071.0
5585,1103,Corporate,2025-05-22,2025-05-24,Standard,1,10548.0
5586,1006,Event Group,2025-05-22,2025-05-27,Standard,1,11695.0
5587,1075,Travel Agency,2025-05-22,2025-05-23,Deluxe,1,14415.0
5588,1034,Event Group,2025-05-22,2025-05-24,Deluxe,1,14110.0
5589,1104,Leisure,2025-05-22,2025-05-23,Standard,1,10947.0
5590,1066,Leisure,2025-05-22,2025-05-24,Standard,1,10931.0
5591,1117,Travel Agency,2025-05-22,2025-05-24,Family,1,21456.0
5592,1027,Corporate,2025-05-22,2025-05-24,Family,1,25436.0
5593,1108,Leisure,2025-05-22,2025-05-27,Standard,1,13018.0
5594,1103,Event Group,2025-05-22,2025-05-26,Deluxe,1,19017.0
5595,1076,Leisure,2025-05-22,2025-05-23,Deluxe,1,18161.0
5596,1011,Travel Agency,2025-05-22,2025-05-25,Standard,1,11052.0
5597,1098,Corporate,2025-05-22,2025-05-24,Deluxe,1,17995.0
5598,1076,Event Group,2025-05-22,2025-05-23,Deluxe,1,16926.0
5599,1073,Leisure,2025-05-22,2025-05-25,Suite,1,24036.0
5600,1016,Leisure,2025-05-22,2025-05-23,Standard,1,10714.0
5601,1057,Leisure,2025-05-22,2025-05-25,Standard,1,12199.0
5602,1012,Leisure,2025-05-22,2025-05-23,Standard,1,11370.0
5603,1094,Corporate,2025-05-22,2025-05-24,Family,1,25335.0
5604,1002,Leisure,2025-05-22,2025-05-25,Standard,1,11963.0
5605,1068,Leisure,2025-05-22,2025-05-23,Suite,1,25106.0
5606,1049,Travel Agency,2025-05-22,2025-05-24,Deluxe,1,16536.0
5607,1085,Travel Agency,2025-05-22,2025-05-23,Deluxe,1,15464.0
5608,1068,Travel Agency,2025-05-22,2025-05-23,Deluxe,1,18267.0
5609,1028,Travel Agency,2025-05-22,2025-05-25,Family,1,23157.0
5610,1115,Corporate,2025-05-22,2025-05-24,Standard,1,11103.0
5611,1055,Leisure,2025-05-22,2025-05-23,Deluxe,1,15846.0
5612,1003,Leisure,2025-05-22,2025-05-24,Deluxe,1,19863.0
5613,1035,Leisure,2025-05-22,2025-05-24,Deluxe,1,15344.0
5614,1061,Travel Agency,2025-05-22,2025-05-24,Deluxe,1,16310.0
5615,1042,Leisure,2025-05-22,2025-05-23,Standard,1,12214.0
5616,1077,Leisure,2025-05-22,2025-05-25,Family,1,27246.0
5617,1059,Leisure,2025-05-22,2025-05-26,Deluxe,1,15135.0
5618,1091,Leisure,2025-05-22,2025-05-23,Family,1,23265.0
5619,1055,Event Group,2025-05-23,2025-05-27,Standard,1,9697.0
5620,1080,Travel Agency,2025-05-23,2025-05-26,Standard,1,10607.0
5621,1079,Corporate,2025-05-23,2025-05-24,Deluxe,1,14863.0
5622,1040,Corporate,2025-05-23,2025-05-26,Standard,1,10718.0
5623,1077,Leisure,2025-05-23,2025-05-25,Family,1,25158.0
5624,1027,Corporate,2025-05-23,2025-05-27,Standard,1,11982.0
5625,1107,Corporate,2025-05-23,2025-05-25,Standard,1,10438.0
5626,1074,Travel Agency,2025-05-23,2025-05-26,Standard,1,12845.0
5627,1036,Corporate,2025-05-23,2025-05-25,Standard,1,12325.0
5628,1099,Travel Agency,2025-05-23,2025-05-25,Standard,1,11717.0
5629,1071,Leisure,2025-05-23,2025-05-24,Deluxe,1,15897.0
5630,1123,Travel Agency,2025-05-23,2025-05-25,Standard,1,10242.0
5631,1005,Leisure,2025-05-23,2025-05-25,Standard,1,12108.0
5632,1108,Corporate,2025-05-23,2025-05-26,Standard,1,11521.0
5633,1031,Leisure,2025-05-23,2025-05-27,Family,1,23276.0
5634,1119,Leisure,2025-05-23,2025-05-27,Standard,1,12612.0
5635,1003,Leisure,2025-05-23,2025-05-24,Standard,1,11461.0
5636,1063,Travel Agency,2025-05-23,2025-05-25,Standard,1,13430.0
5637,1052,Travel Agency,2025-05-23,2025-05-27,Family,1,24088.0
5638,1051,Corporate,2025-05-23,2025-05-24,Deluxe,1,15260.0
5639,1074,Corporate,2025-05-23,2025-05-27,Family,1,20870.0
5640,1053,Corporate,2025-05-23,2025-05-25,Standard,1,8989.0
5641,1103,Leisure,2025-05-23,2025-05-25,Standard,1,11049.0
5642,1046,Corporate,2025-05-23,2025-05-26,Deluxe,1,19184.0
5643,1084,Travel Agency,2025-05-23,2025-05-26,Family,1,25052.0
5644,1044,Corporate,2025-05-23,2025-05-24,Suite,1,32137.0
5645,1021,Corporate,2025-05-23,2025-05-25,Family,1,23366.0
5646,1083,Corporate,2025-05-23,2025-05-25,Standard,1,10823.0
5647,1058,Leisure,2025-05-23,2025-05-24,Deluxe,1,15955.0
5648,1086,Leisure,2025-05-24,2025-05-26,Standard,1,10950.0
5649,1059,Leisure,2025-05-24,2025-05-26,Suite,1,31656.0
5650,1087,Corporate,2025-05-24,2025-05-26,Deluxe,1,17737.0
5651,1027,Travel Agency,2025-05-24,2025-05-25,Deluxe,1,16159.0
5652,1070,Corporate,2025-05-24,2025-05-26,Deluxe,1,16309.0
5653,1085,Travel Agency,2025-05-24,2025-05-27,Standard,1,10230.0
5654,1045,Leisure,2025-05-24,2025-05-25,Deluxe,1,16590.0
5655,1039,Travel Agency,2025-05-24,2025-05-25,Standard,1,10680.0
5656,1027,Travel Agency,2025-05-24,2025-05-25,Deluxe,1,16948.0
5657,1064,Event Group,2025-05-24,2025-05-25,Deluxe,1,15420.0
5658,1023,Travel Agency,2025-05-24,2025-05-28,Standard,1,11982.0
5659,1115,Travel Agency,2025-05-24,2025-05-27,Family,1,22850.0
5660,1031,Event Group,2025-05-24,2025-05-26,Standard,1,12816.0
5661,1007,Corporate,2025-05-24,2025-05-25,Standard,1,10689.0
5662,1083,Event Group,2025-05-24,2025-05-25,Deluxe,1,15963.0
5663,1031,Corporate,2025-05-24,2025-05-26,Standard,1,10997.0
5664,1089,Leisure,2025-05-24,2025-05-27,Deluxe,1,20127.0
5665,1044,Leisure,2025-05-24,2025-05-25,Deluxe,1,14523.0
5666,1083,Leisure,2025-05-24,2025-05-25,Standard,1,13319.0
5667,1084,Corporate,2025-05-24,2025-05-26,Family,1,21806.0
5668,1020,Leisure,2025-05-24,2025-05-25,Standard,1,12062.0
5669,1107,Leisure,2025-05-24,2025-05-25,Standard,1,10732.0
5670,1108,Travel Agency,2025-05-24,2025-05-27,Suite,1,31538.0
5671,1013,Corporate,2025-05-24,2025-05-27,Standard,1,9437.0
5672,1115,Corporate,2025-05-24,2025-05-26,Deluxe,1,17036.0
5673,1053,Corporate,2025-05-24,2025-05-27,Family,1,21065.0
5674,1101,Leisure,2025-05-24,2025-05-25,Standard,1,10315.0
5675,1052,Corporate,2025-05-24,2025-05-25,Family,1,23951.0
5676,1092,Leisure,2025-05-24,2025-05-29,Suite,1,29525.0
5677,1104,Leisure,2025-05-24,2025-05-27,Standard,1,10304.0
5678,1074,Corporate,2025-05-25,2025-05-26,Suite,1,25908.0
5679,1064,Leisure,2025-05-25,2025-05-26,Standard,1,11047.0
5680,1025,Travel Agency,2025-05-25,2025-05-27,Family,1,25101.0
5681,1059,Corporate,2025-05-25,2025-05-27,Deluxe,1,17145.0
5682,1096,Leisure,2025-05-25,2025-05-28,Standard,1,11972.0
5683,1083,Leisure,2025-05-25,2025-05-27,Standard,1,11656.0
5684,1068,Leisure,2025-05-25,2025-05-26,Standard,1,11374.0
5685,1091,Leisure,2025-05-25,2025-05-28,Standard,1,10999.0
5686,1071,Leisure,2025-05-25,2025-05-28,Standard,1,11801.0
5687,1052,Leisure,2025-05-25,2025-05-29,Suite,1,27796.0
5688,1048,Corporate,2025-05-25,2025-05-27,Deluxe,1,12000.0
5689,1077,Leisure,2025-05-25,2025-05-28,Family,1,26480.0
5690,1035,Leisure,2025-05-25,2025-05-27,Standard,1,12321.0
5691,1045,Corporate,2025-05-25,2025-05-30,Suite,1,31567.0
5692,1078,Leisure,2025-05-25,2025-05-28,Suite,1,30761.0
5693,1082,Corporate,2025-05-25,2025-05-29,Standard,1,11820.0
5694,1041,Leisure,2025-05-25,2025-05-27,Standard,1,12791.0
5695,1057,Leisure,2025-05-25,2025-05-28,Standard,1,9866.0
5696,1026,Event Group,2025-05-25,2025-05-29,Deluxe,1,16409.0
5697,1002,Travel Agency,2025-05-25,2025-05-29,Deluxe,1,20233.0
5698,1081,Leisure,2025-05-25,2025-05-29,Deluxe,1,16974.0
5699,1050,Travel Agency,2025-05-25,2025-05-27,Standard,1,12421.0
5700,1086,Event Group,2025-05-25,2025-05-27,Suite,1,26248.0
5701,1076,Leisure,2025-05-25,2025-05-29,Standard,1,13430.0
5702,1098,Travel Agency,2025-05-25,2025-05-28,Family,1,24484.0
5703,1012,Leisure,2025-05-25,2025-05-27,Deluxe,1,18040.0
5704,1034,Event Group,2025-05-25,2025-05-28,Suite,1,29811.0
5705,1104,Travel Agency,2025-05-25,2025-05-26,Deluxe,1,16024.0
5706,1104,Leisure,2025-05-25,2025-05-29,Standard,1,11837.0
5707,1111,Travel Agency,2025-05-25,2025-05-28,Family,1,20848.0
5708,1081,Travel Agency,2025-05-25,2025-05-30,Standard,1,10860.0
5709,1024,Leisure,2025-05-25,2025-05-29,Standard,1,11767.0
5710,1013,Corporate,2025-05-25,2025-05-28,Standard,1,11946.0
5711,1098,Leisure,2025-05-25,2025-05-28,Suite,1,28883.0
5712,1124,Corporate,2025-05-26,2025-05-30,Standard,1,11075.0
5713,1070,Corporate,2025-05-26,2025-05-27,Standard,1,10287.0
5714,1122,Leisure,2025-05-26,2025-05-28,Standard,1,11117.0
5715,1111,Travel Agency,2025-05-26,2025-05-28,Deluxe,1,14007.0
5716,1018,Leisure,2025-05-26,2025-05-27,Deluxe,1,16138.0
5717,1042,Corporate,2025-05-26,2025-05-30,Standard,1,10942.0
5718,1024,Corporate,2025-05-26,2025-05-27,Standard,1,11464.0
5719,1062,Travel Agency,2025-05-26,2025-05-28,Standard,1,11602.0
5720,1117,Corporate,2025-05-26,2025-05-28,Family,1,23108.0
5721,1056,Corporate,2025-05-26,2025-05-29,Deluxe,1,15047.0
5722,1049,Travel Agency,2025-05-26,2025-05-28,Standard,1,12195.0
5723,1108,Corporate,2025-05-26,2025-05-28,Standard,1,10617.0
5724,1064,Event Group,2025-05-26,2025-05-28,Standard,1,12055.0
5725,1085,Leisure,2025-05-26,2025-05-27,Standard,1,10371.0
5726,1029,Travel Agency,2025-05-26,2025-05-28,Standard,1,11430.0
5727,1043,Leisure,2025-05-26,2025-05-30,Standard,1,10961.0
5728,1039,Leisure,2025-05-26,2025-05-27,Suite,1,30687.0
5729,1097,Leisure,2025-05-26,2025-05-28,Standard,1,10661.0
5730,1117,Leisure,2025-05-26,2025-05-29,Standard,1,13353.0
5731,1063,Corporate,2025-05-26,2025-05-29,Standard,1,10215.0
5732,1105,Corporate,2025-05-26,2025-05-27,Deluxe,1,15966.0
5733,1071,Event Group,2025-05-26,2025-05-27,Deluxe,1,16377.0
5734,1013,Leisure,2025-05-26,2025-05-30,Standard,1,11643.0
5735,1060,Corporate,2025-05-26,2025-05-31,Standard,1,9769.0
5736,1032,Leisure,2025-05-26,2025-05-27,Standard,1,13000.0
5737,1044,Travel Agency,2025-05-26,2025-05-27,Standard,1,11334.0
5738,1023,Corporate,2025-05-26,2025-05-28,Family,1,19908.0
5739,1059,Event Group,2025-05-26,2025-05-28,Standard,1,12982.0
5740,1111,Corporate,2025-05-26,2025-05-27,Standard,1,11778.0
5741,1097,Corporate,2025-05-26,2025-05-28,Suite,1,32350.0
5742,1080,Leisure,2025-05-26,2025-05-27,Deluxe,1,16733.0
5743,1109,Leisure,2025-05-26,2025-05-27,Deluxe,1,16963.0
5744,1049,Travel Agency,2025-05-26,2025-05-27,Standard,1,13213.0
5745,1095,Leisure,2025-05-26,2025-05-29,Deluxe,1,18777.0
5746,1012,Travel Agency,2025-05-26,2025-05-27,Standard,1,12861.0
5747,1122,Corporate,2025-05-26,2025-05-28,Standard,1,10753.0
5748,1002,Leisure,2025-05-26,2025-05-29,Deluxe,1,16242.0
5749,1119,Travel Agency,2025-05-26,2025-05-27,Family,1,22423.0
5750,1025,Leisure,2025-05-26,2025-05-30,Deluxe,1,16428.0
5751,1010,Leisure,2025-05-26,2025-05-28,Standard,1,12679.0
5752,1001,Leisure,2025-05-26,2025-05-30,Standard,1,11973.0
5753,1081,Corporate,2025-05-26,2025-05-31,Standard,1,12118.0
5754,1050,Corporate,2025-05-26,2025-05-27,Deluxe,1,14682.0
5755,1060,Leisure,2025-05-26,2025-05-27,Deluxe,1,16920.0
5756,1042,Corporate,2025-05-27,2025-05-29,Family,1,22097.0
5757,1076,Leisure,2025-05-27,2025-05-30,Family,1,23954.0
5758,1082,Leisure,2025-05-27,2025-05-29,Suite,1,31873.0
5759,1029,Corporate,2025-05-27,2025-05-30,Deluxe,1,14635.0
5760,1043,Leisure,2025-05-27,2025-05-29,Standard,1,12255.0
5761,1034,Travel Agency,2025-05-27,2025-06-01,Family,1,20485.0
5762,1069,Travel Agency,2025-05-27,2025-05-28,Family,1,22617.0
5763,1057,Leisure,2025-05-27,2025-05-29,Family,1,24521.0
5764,1003,Corporate,2025-05-27,2025-05-28,Deluxe,1,17831.0
5765,1007,Corporate,2025-05-27,2025-05-30,Family,1,24034.0
5766,1092,Leisure,2025-05-27,2025-05-30,Standard,1,13132.0
5767,1016,Leisure,2025-05-27,2025-05-30,Family,1,21831.0
5768,1113,Event Group,2025-05-27,2025-05-28,Standard,1,10731.0
5769,1054,Travel Agency,2025-05-27,2025-05-28,Standard,1,11126.0
5770,1088,Leisure,2025-05-27,2025-05-28,Standard,1,11014.0
5771,1121,Leisure,2025-05-27,2025-05-28,Deluxe,1,17022.0
5772,1123,Corporate,2025-05-27,2025-05-28,Family,1,25295.0
5773,1054,Leisure,2025-05-27,2025-05-29,Deluxe,1,16905.0
5774,1111,Leisure,2025-05-27,2025-05-29,Standard,1,11473.0
5775,1028,Leisure,2025-05-27,2025-05-30,Family,1,21939.0
5776,1111,Travel Agency,2025-05-27,2025-05-31,Deluxe,1,14939.0
5777,1077,Leisure,2025-05-27,2025-05-29,Standard,1,11741.0
5778,1053,Leisure,2025-05-27,2025-05-28,Standard,1,9780.0
5779,1024,Leisure,2025-05-27,2025-05-28,Standard,1,10724.0
5780,1008,Event Group,2025-05-27,2025-05-30,Family,1,26035.0
5781,1016,Event Group,2025-05-27,2025-05-30,Family,1,24476.0
5782,1070,Corporate,2025-05-27,2025-05-29,Standard,1,11424.0
5783,1026,Corporate,2025-05-27,2025-05-30,Family,1,22698.0
5784,1028,Event Group,2025-05-27,2025-05-28,Standard,1,11633.0
5785,1049,Corporate,2025-05-27,2025-05-31,Deluxe,1,19163.0
5786,1122,Leisure,2025-05-27,2025-05-29,Standard,1,13317.0
5787,1030,Corporate,2025-05-27,2025-06-01,Standard,1,11859.0
5788,1057,Leisure,2025-05-27,2025-05-28,Deluxe,1,16306.0
5789,1065,Travel Agency,2025-05-28,2025-05-30,Deluxe,1,16324.0
5790,1005,Travel Agency,2025-05-28,2025-05-30,Standard,1,11316.0
5791,1044,Corporate,2025-05-28,2025-06-01,Suite,1,25071.0
5792,1032,Event Group,2025-05-28,2025-05-30,Standard,1,11214.0
5793,1002,Leisure,2025-05-28,2025-06-02,Standard,1,11653.0
5794,1116,Event Group,2025-05-28,2025-05-30,Standard,1,10435.0
5795,1039,Leisure,2025-05-28,2025-05-31,Standard,1,12487.0
5796,1062,Travel Agency,2025-05-28,2025-05-30,Family,1,22796.0
5797,1070,Leisure,2025-05-28,2025-06-02,Deluxe,1,13443.0
5798,1093,Corporate,2025-05-28,2025-05-31,Standard,1,11109.0
5799,1005,Corporate,2025-05-28,2025-05-29,Deluxe,1,19083.0
5800,1116,Event Group,2025-05-28,2025-05-29,Family,1,20426.0
5801,1074,Leisure,2025-05-28,2025-05-30,Standard,1,11866.0
5802,1068,Leisure,2025-05-28,2025-05-30,Deluxe,1,18540.0
5803,1090,Travel Agency,2025-05-28,2025-05-29,Suite,1,25000.0
5804,1073,Travel Agency,2025-05-28,2025-05-31,Standard,1,11582.0
5805,1074,Leisure,2025-05-28,2025-05-30,Standard,1,13108.0
5806,1031,Leisure,2025-05-28,2025-05-29,Standard,1,12891.0
5807,1042,Leisure,2025-05-28,2025-05-29,Standard,1,11638.0
5808,1040,Leisure,2025-05-28,2025-05-29,Standard,1,11554.0
5809,1091,Event Group,2025-05-28,2025-05-29,Standard,1,11878.0
5810,1063,Leisure,2025-05-28,2025-05-29,Deluxe,1,17432.0
5811,1080,Corporate,2025-05-28,2025-05-30,Standard,1,10639.0
5812,1112,Corporate,2025-05-28,2025-06-01,Standard,1,12227.0
5813,1003,Corporate,2025-05-28,2025-05-30,Family,1,20481.0
5814,1088,Leisure,2025-05-28,2025-05-30,Suite,1,30113.0
5815,1051,Corporate,2025-05-28,2025-05-29,Deluxe,1,19367.0
5816,1038,Travel Agency,2025-05-28,2025-05-30,Standard,1,12133.0
5817,1048,Travel Agency,2025-05-28,2025-06-01,Deluxe,1,17324.0
5818,1089,Travel Agency,2025-05-28,2025-05-30,Deluxe,1,18473.0
5819,1012,Leisure,2025-05-28,2025-05-30,Deluxe,1,17225.0
5820,1020,Event Group,2025-05-28,2025-05-29,Family,1,23138.0
5821,1065,Corporate,2025-05-28,2025-05-30,Standard,1,11489.0
5822,1013,Leisure,2025-05-28,2025-05-30,Deluxe,1,15147.0
5823,1125,Leisure,2025-05-28,2025-05-31,Standard,1,8945.0
5824,1045,Leisure,2025-05-28,2025-05-29,Deluxe,1,16887.0
5825,1093,Leisure,2025-05-29,2025-05-31,Standard,1,11768.0
5826,1001,Leisure,2025-05-29,2025-05-30,Standard,1,12542.0
5827,1097,Travel Agency,2025-05-29,2025-05-31,Suite,1,28911.0
5828,1124,Corporate,2025-05-29,2025-05-30,Standard,1,12265.0
5829,1104,Travel Agency,2025-05-29,2025-06-02,Family,1,22187.0
5830,1037,Corporate,2025-05-29,2025-05-31,Standard,1,10757.0
5831,1060,Travel Agency,2025-05-29,2025-06-03,Deluxe,1,15913.0
5832,1124,Corporate,2025-05-29,2025-06-02,Standard,1,13453.0
5833,1060,Leisure,2025-05-29,2025-05-30,Standard,1,9226.0
5834,1067,Corporate,2025-05-29,2025-05-31,Suite,1,31579.0
5835,1039,Corporate,2025-05-29,2025-05-30,Family,1,24930.0
5836,1031,Event Group,2025-05-29,2025-06-03,Deluxe,1,18665.0
5837,1060,Leisure,2025-05-29,2025-05-31,Deluxe,1,15696.0
5838,1081,Corporate,2025-05-29,2025-06-02,Deluxe,1,17214.0
5839,1060,Leisure,2025-05-29,2025-06-02,Family,1,24572.0
5840,1044,Event Group,2025-05-29,2025-05-30,Deluxe,1,15709.0
5841,1029,Travel Agency,2025-05-29,2025-06-01,Family,1,24574.0
5842,1074,Leisure,2025-05-29,2025-06-02,Family,1,24396.0
5843,1069,Corporate,2025-05-29,2025-06-01,Standard,1,10453.0
5844,1124,Corporate,2025-05-29,2025-05-31,Deluxe,1,14159.0
5845,1037,Corporate,2025-05-29,2025-05-30,Standard,1,11886.0
5846,1017,Leisure,2025-05-29,2025-05-30,Standard,1,10503.0
5847,1100,Leisure,2025-05-29,2025-05-30,Standard,1,11663.0
5848,1005,Corporate,2025-05-29,2025-06-01,Family,1,23022.0
5849,1077,Corporate,2025-05-29,2025-06-01,Standard,1,12083.0
5850,1117,Corporate,2025-05-29,2025-06-01,Deluxe,1,18558.0
5851,1014,Leisure,2025-05-29,2025-05-30,Standard,1,9357.0
5852,1117,Leisure,2025-05-29,2025-05-30,Family,1,23886.0
5853,1054,Travel Agency,2025-05-29,2025-05-31,Standard,1,10709.0
5854,1017,Travel Agency,2025-05-29,2025-06-01,Deluxe,1,15714.0
5855,1043,Corporate,2025-05-29,2025-06-01,Family,1,21425.0
5856,1074,Corporate,2025-05-29,2025-06-03,Deluxe,1,17054.0
5857,1098,Travel Agency,2025-05-29,2025-05-30,Deluxe,1,16038.0
5858,1101,Leisure,2025-05-29,2025-05-30,Deluxe,1,15018.0
5859,1032,Event Group,2025-05-29,2025-06-02,Standard,1,12270.0
5860,1095,Corporate,2025-05-29,2025-05-30,Family,1,19393.0
5861,1042,Corporate,2025-05-29,2025-06-01,Standard,1,12404.0
5862,1091,Corporate,2025-05-29,2025-06-01,Standard,1,10435.0
5863,1059,Corporate,2025-05-29,2025-05-30,Family,1,22172.0
5864,1063,Leisure,2025-05-29,2025-06-02,Standard,1,11230.0
5865,1034,Leisure,2025-05-29,2025-06-01,Standard,1,12511.0
5866,1052,Event Group,2025-05-29,2025-05-30,Deluxe,1,17255.0
5867,1057,Leisure,2025-05-30,2025-06-01,Deluxe,1,16799.0
5868,1074,Corporate,2025-05-30,2025-06-02,Family,1,20089.0
5869,1003,Event Group,2025-05-30,2025-05-31,Standard,1,11173.0
5870,1086,Leisure,2025-05-30,2025-06-03,Standard,1,10695.0
5871,1072,Event Group,2025-05-30,2025-05-31,Deluxe,1,15879.0
5872,1106,Corporate,2025-05-30,2025-05-31,Deluxe,1,18124.0
5873,1030,Travel Agency,2025-05-30,2025-06-01,Suite,1,29528.0
5874,1087,Travel Agency,2025-05-30,2025-05-31,Standard,1,13705.0
5875,1020,Corporate,2025-05-30,2025-05-31,Standard,1,10891.0
5876,1082,Corporate,2025-05-30,2025-06-01,Standard,1,13208.0
5877,1030,Leisure,2025-05-30,2025-06-01,Deluxe,1,16363.0
5878,1007,Corporate,2025-05-30,2025-05-31,Standard,1,11630.0
5879,1012,Leisure,2025-05-30,2025-06-02,Standard,1,11998.0
5880,1064,Leisure,2025-05-30,2025-06-01,Standard,1,10580.0
5881,1035,Event Group,2025-05-30,2025-06-01,Standard,1,10598.0
5882,1087,Travel Agency,2025-05-30,2025-06-03,Standard,1,10483.0
5883,1048,Corporate,2025-05-30,2025-05-31,Standard,1,12682.0
5884,1030,Corporate,2025-05-30,2025-06-03,Suite,1,30954.0
5885,1012,Event Group,2025-05-30,2025-06-02,Deluxe,1,16869.0
5886,1114,Leisure,2025-05-30,2025-06-02,Suite,1,28477.0
5887,1079,Leisure,2025-05-30,2025-05-31,Standard,1,11786.0
5888,1079,Event Group,2025-05-30,2025-06-03,Family,1,25883.0
5889,1046,Leisure,2025-05-30,2025-06-01,Deluxe,1,14541.0
5890,1056,Event Group,2025-05-30,2025-05-31,Deluxe,1,16840.0
5891,1053,Leisure,2025-05-30,2025-05-31,Suite,1,25503.0
5892,1096,Leisure,2025-05-30,2025-06-02,Standard,1,9454.0
5893,1047,Corporate,2025-05-30,2025-06-02,Standard,1,10996.0
5894,1017,Corporate,2025-05-30,2025-06-02,Family,1,21095.0
5895,1038,Leisure,2025-05-30,2025-06-02,Standard,1,12293.0
5896,1050,Leisure,2025-05-30,2025-05-31,Standard,1,11253.0
5897,1010,Leisure,2025-05-30,2025-06-01,Deluxe,1,15568.0
5898,1055,Leisure,2025-05-30,2025-06-02,Standard,1,10969.0
5899,1006,Corporate,2025-05-30,2025-06-03,Standard,1,11575.0
5900,1094,Travel Agency,2025-05-30,2025-05-31,Standard,1,11294.0
5901,1068,Corporate,2025-05-30,2025-05-31,Standard,1,12585.0
5902,1005,Leisure,2025-05-30,2025-05-31,Deluxe,1,18839.0
5903,1072,Leisure,2025-05-30,2025-06-04,Standard,1,13190.0
5904,1091,Leisure,2025-05-30,2025-06-01,Deluxe,1,18891.0
5905,1120,Leisure,2025-05-30,2025-06-01,Deluxe,1,15561.0
5906,1085,Leisure,2025-05-30,2025-06-04,Deluxe,1,13935.0
5907,1049,Leisure,2025-05-30,2025-05-31,Deluxe,1,14677.0
5908,1122,Corporate,2025-05-30,2025-06-01,Standard,1,11006.0
5909,1015,Travel Agency,2025-05-30,2025-06-01,Standard,1,11119.0
5910,1020,Corporate,2025-05-30,2025-06-03,Deluxe,1,13000.0
5911,1029,Leisure,2025-05-31,2025-06-01,Standard,1,10794.0
5912,1052,Corporate,2025-05-31,2025-06-03,Deluxe,1,16380.0
5913,1077,Leisure,2025-05-31,2025-06-05,Deluxe,1,16710.0
5914,1037,Leisure,2025-05-31,2025-06-05,Deluxe,1,16019.0
5915,1011,Leisure,2025-05-31,2025-06-01,Deluxe,1,15837.0
5916,1066,Leisure,2025-05-31,2025-06-02,Standard,1,12396.0
5917,1072,Corporate,2025-05-31,2025-06-02,Deluxe,1,16347.0
5918,1006,Corporate,2025-05-31,2025-06-02,Standard,1,10780.0
5919,1052,Leisure,2025-05-31,2025-06-02,Standard,1,11942.0
5920,1081,Event Group,2025-05-31,2025-06-01,Standard,1,11797.0
5921,1003,Event Group,2025-05-31,2025-06-01,Deluxe,1,17026.0
5922,1098,Leisure,2025-05-31,2025-06-01,Deluxe,1,18180.0
5923,1062,Leisure,2025-05-31,2025-06-01,Suite,1,28801.0
5924,1072,Leisure,2025-05-31,2025-06-01,Deluxe,1,18075.0
5925,1054,Corporate,2025-05-31,2025-06-02,Deluxe,1,17719.0
5926,1019,Leisure,2025-05-31,2025-06-01,Standard,1,12578.0
5927,1123,Event Group,2025-05-31,2025-06-01,Standard,1,13036.0
5928,1076,Corporate,2025-05-31,2025-06-01,Suite,1,31412.0
5929,1005,Travel Agency,2025-05-31,2025-06-02,Family,1,23701.0
5930,1052,Leisure,2025-05-31,2025-06-02,Deluxe,1,17467.0
5931,1018,Leisure,2025-05-31,2025-06-01,Deluxe,1,19316.0
5932,1037,Corporate,2025-05-31,2025-06-01,Standard,1,12036.0
5933,1004,Leisure,2025-05-31,2025-06-01,Standard,1,13118.0
5934,1120,Corporate,2025-05-31,2025-06-01,Standard,1,11985.0
5935,1092,Leisure,2025-05-31,2025-06-01,Standard,1,12211.0
5936,1035,Leisure,2025-05-31,2025-06-02,Standard,1,12476.0
5937,1064,Leisure,2025-05-31,2025-06-02,Standard,1,11323.0
5938,1044,Leisure,2025-05-31,2025-06-02,Deluxe,1,17035.0
5939,1008,Leisure,2025-05-31,2025-06-03,Standard,1,11035.0
5940,1005,Corporate,2025-05-31,2025-06-01,Standard,1,11916.0
5941,1109,Leisure,2025-05-31,2025-06-03,Standard,1,13813.0
5942,1095,Leisure,2025-05-31,2025-06-01,Family,1,21894.0
5943,1109,Event Group,2025-05-31,2025-06-01,Standard,1,10609.0
5944,1053,Leisure,2025-05-31,2025-06-03,Deluxe,1,17821.0
5945,1015,Leisure,2025-05-31,2025-06-01,Standard,1,11093.0
5946,1036,Corporate,2025-06-01,2025-06-03,Standard,1,9451.0
5947,1011,Leisure,2025-06-01,2025-06-03,Deluxe,1,13844.0
5948,1107,Leisure,2025-06-01,2025-06-03,Standard,1,10252.0
5949,1019,Travel Agency,2025-06-01,2025-06-04,Deluxe,1,14182.0
5950,1020,Leisure,2025-06-01,2025-06-06,Standard,1,10335.0
5951,1060,Leisure,2025-06-01,2025-06-03,Standard,1,9804.0
5952,1029,Leisure,2025-06-01,2025-06-02,Standard,1,9315.0
5953,1020,Travel Agency,2025-06-01,2025-06-04,Family,1,20143.0
5954,1016,Leisure,2025-06-01,2025-06-03,Standard,1,9796.0
5955,1001,Leisure,2025-06-01,2025-06-04,Family,1,19819.0
5956,1101,Leisure,2025-06-01,2025-06-02,Standard,1,10934.0
5957,1105,Leisure,2025-06-01,2025-06-05,Suite,1,25065.0
5958,1041,Corporate,2025-06-01,2025-06-04,Deluxe,1,12230.0
5959,1093,Leisure,2025-06-01,2025-06-03,Suite,1,21773.0
5960,1028,Leisure,2025-06-01,2025-06-03,Deluxe,1,12991.0
5961,1097,Corporate,2025-06-01,2025-06-06,Standard,1,10209.0
5962,1110,Event Group,2025-06-01,2025-06-02,Standard,1,10066.0
5963,1090,Corporate,2025-06-01,2025-06-02,Deluxe,1,16985.0
5964,1057,Leisure,2025-06-01,2025-06-02,Deluxe,1,14127.0
5965,1054,Corporate,2025-06-01,2025-06-04,Family,1,18019.0
5966,1104,Travel Agency,2025-06-01,2025-06-04,Standard,1,10187.0
5967,1068,Corporate,2025-06-01,2025-06-03,Family,1,18802.0
5968,1104,Corporate,2025-06-01,2025-06-02,Standard,1,9107.0
5969,1098,Leisure,2025-06-01,2025-06-04,Suite,1,24788.0
5970,1077,Event Group,2025-06-01,2025-06-02,Standard,1,10276.0
5971,1120,Leisure,2025-06-01,2025-06-02,Standard,1,10443.0
5972,1079,Leisure,2025-06-01,2025-06-02,Standard,1,9994.0
5973,1014,Corporate,2025-06-01,2025-06-03,Family,1,20916.0
5974,1079,Event Group,2025-06-01,2025-06-03,Deluxe,1,14094.0
5975,1107,Leisure,2025-06-01,2025-06-02,Standard,1,10196.0
5976,1104,Leisure,2025-06-01,2025-06-02,Standard,1,9831.0
5977,1063,Corporate,2025-06-01,2025-06-02,Standard,1,9753.0
5978,1108,Corporate,2025-06-01,2025-06-03,Family,1,19416.0
5979,1053,Leisure,2025-06-01,2025-06-02,Standard,1,9309.0
5980,1005,Corporate,2025-06-01,2025-06-02,Suite,1,26209.0
5981,1052,Corporate,2025-06-01,2025-06-02,Standard,1,8250.0
5982,1105,Leisure,2025-06-02,2025-06-03,Standard,1,10075.0
5983,1009,Corporate,2025-06-02,2025-06-03,Deluxe,1,12782.0
5984,1007,Corporate,2025-06-02,2025-06-06,Standard,1,9964.0
5985,1097,Leisure,2025-06-02,2025-06-04,Family,1,19465.0
5986,1041,Event Group,2025-06-02,2025-06-04,Standard,1,10644.0
5987,1026,Corporate,2025-06-02,2025-06-03,Deluxe,1,13118.0
5988,1010,Leisure,2025-06-02,2025-06-06,Suite,1,28920.0
5989,1107,Travel Agency,2025-06-02,2025-06-04,Standard,1,11008.0
5990,1037,Leisure,2025-06-02,2025-06-03,Standard,1,10068.0
5991,1043,Travel Agency,2025-06-02,2025-06-06,Standard,1,10207.0
5992,1067,Corporate,2025-06-02,2025-06-04,Suite,1,25530.0
5993,1090,Leisure,2025-06-02,2025-06-04,Standard,1,11065.0
5994,1100,Corporate,2025-06-02,2025-06-04,Family,1,19107.0
5995,1047,Leisure,2025-06-02,2025-06-05,Deluxe,1,14172.0
5996,1103,Event Group,2025-06-02,2025-06-03,Standard,1,10932.0
5997,1045,Leisure,2025-06-02,2025-06-03,Deluxe,1,14945.0
5998,1107,Corporate,2025-06-02,2025-06-04,Standard,1,9842.0
5999,1124,Leisure,2025-06-02,2025-06-03,Standard,1,8999.0
6000,1064,Leisure,2025-06-02,2025-06-03,Deluxe,1,15186.0
6001,1102,Travel Agency,2025-06-02,2025-06-03,Deluxe,1,13922.0
6002,1125,Leisure,2025-06-02,2025-06-04,Deluxe,1,12155.0
6003,1062,Corporate,2025-06-02,2025-06-05,Deluxe,1,14029.0
6004,1119,Leisure,2025-06-02,2025-06-04,Deluxe,1,15897.0
6005,1016,Corporate,2025-06-02,2025-06-03,Family,1,21152.0
6006,1001,Leisure,2025-06-02,2025-06-04,Family,1,19416.0
6007,1112,Corporate,2025-06-02,2025-06-04,Standard,1,9976.0
6008,1050,Leisure,2025-06-02,2025-06-03,Standard,1,10826.0
6009,1076,Leisure,2025-06-02,2025-06-03,Standard,1,10753.0
6010,1052,Travel Agency,2025-06-02,2025-06-03,Deluxe,1,14401.0
6011,1058,Leisure,2025-06-02,2025-06-04,Standard,1,9108.0
6012,1063,Leisure,2025-06-02,2025-06-06,Standard,1,9412.0
6013,1031,Leisure,2025-06-02,2025-06-06,Standard,1,9390.0
6014,1051,Leisure,2025-06-02,2025-06-03,Standard,1,11163.0
6015,1047,Event Group,2025-06-02,2025-06-05,Standard,1,9758.0
6016,1119,Travel Agency,2025-06-02,2025-06-04,Standard,1,10064.0
6017,1086,Corporate,2025-06-02,2025-06-07,Standard,1,9959.0
6018,1011,Travel Agency,2025-06-02,2025-06-07,Standard,1,9245.0
6019,1109,Leisure,2025-06-02,2025-06-04,Suite,1,22288.0
6020,1080,Corporate,2025-06-02,2025-06-03,Deluxe,1,14370.0
6021,1087,Event Group,2025-06-03,2025-06-04,Deluxe,1,14435.0
6022,1025,Leisure,2025-06-03,2025-06-05,Deluxe,1,14355.0
6023,1098,Event Group,2025-06-03,2025-06-04,Deluxe,1,15196.0
6024,1105,Travel Agency,2025-06-03,2025-06-08,Deluxe,1,12998.0
6025,1008,Corporate,2025-06-03,2025-06-05,Deluxe,1,14028.0
6026,1087,Corporate,2025-06-03,2025-06-04,Standard,1,9407.0
6027,1110,Event Group,2025-06-03,2025-06-08,Family,1,19954.0
6028,1054,Corporate,2025-06-03,2025-06-05,Family,1,24711.0
6029,1018,Event Group,2025-06-03,2025-06-04,Standard,1,10035.0
6030,1011,Corporate,2025-06-03,2025-06-04,Family,1,17871.0
6031,1082,Travel Agency,2025-06-03,2025-06-08,Deluxe,1,15220.0
6032,1004,Corporate,2025-06-03,2025-06-08,Deluxe,1,15185.0
6033,1031,Travel Agency,2025-06-03,2025-06-05,Standard,1,9589.0
6034,1079,Travel Agency,2025-06-03,2025-06-04,Standard,1,9111.0
6035,1019,Leisure,2025-06-03,2025-06-05,Deluxe,1,14072.0
6036,1074,Corporate,2025-06-03,2025-06-05,Standard,1,11391.0
6037,1020,Event Group,2025-06-03,2025-06-06,Deluxe,1,15976.0
6038,1059,Leisure,2025-06-03,2025-06-05,Family,1,22416.0
6039,1078,Travel Agency,2025-06-03,2025-06-04,Family,1,19926.0
6040,1022,Travel Agency,2025-06-03,2025-06-05,Suite,1,27862.0
6041,1039,Travel Agency,2025-06-03,2025-06-04,Family,1,18751.0
6042,1103,Event Group,2025-06-03,2025-06-04,Deluxe,1,14855.0
6043,1015,Travel Agency,2025-06-03,2025-06-05,Family,1,19584.0
6044,1101,Corporate,2025-06-03,2025-06-07,Family,1,18121.0
6045,1004,Leisure,2025-06-03,2025-06-04,Family,1,22255.0
6046,1043,Corporate,2025-06-03,2025-06-05,Standard,1,10089.0
6047,1082,Leisure,2025-06-03,2025-06-04,Standard,1,9953.0
6048,1062,Corporate,2025-06-03,2025-06-06,Family,1,19274.0
6049,1089,Corporate,2025-06-03,2025-06-07,Deluxe,1,15735.0
6050,1050,Corporate,2025-06-03,2025-06-06,Standard,1,9413.0
6051,1051,Corporate,2025-06-03,2025-06-05,Family,1,20903.0
6052,1042,Corporate,2025-06-03,2025-06-04,Standard,1,11046.0
6053,1085,Travel Agency,2025-06-03,2025-06-04,Deluxe,1,14858.0
6054,1099,Leisure,2025-06-03,2025-06-05,Deluxe,1,15301.0
6055,1046,Travel Agency,2025-06-03,2025-06-05,Standard,1,8931.0
6056,1045,Corporate,2025-06-03,2025-06-07,Family,1,18870.0
6057,1088,Travel Agency,2025-06-03,2025-06-08,Standard,1,9874.0
6058,1051,Leisure,2025-06-03,2025-06-04,Standard,1,10768.0
6059,1046,Corporate,2025-06-03,2025-06-05,Family,1,18916.0
6060,1014,Travel Agency,2025-06-03,2025-06-06,Standard,1,9822.0
6061,1027,Leisure,2025-06-03,2025-06-05,Standard,1,9842.0
6062,1051,Corporate,2025-06-03,2025-06-04,Standard,1,9435.0
6063,1022,Event Group,2025-06-03,2025-06-04,Family,1,19150.0
6064,1066,Leisure,2025-06-03,2025-06-08,Deluxe,1,12962.0
6065,1114,Corporate,2025-06-04,2025-06-05,Suite,1,26280.0
6066,1030,Leisure,2025-06-04,2025-06-07,Standard,1,10876.0
6067,1038,Travel Agency,2025-06-04,2025-06-09,Deluxe,1,15219.0
6068,1058,Corporate,2025-06-04,2025-06-05,Deluxe,1,14680.0
6069,1061,Corporate,2025-06-04,2025-06-06,Suite,1,25746.0
6070,1090,Leisure,2025-06-04,2025-06-07,Standard,1,9708.0
6071,1042,Leisure,2025-06-04,2025-06-08,Standard,1,9001.0
6072,1091,Leisure,2025-06-04,2025-06-06,Standard,1,9690.0
6073,1005,Travel Agency,2025-06-04,2025-06-09,Standard,1,10176.0
6074,1017,Leisure,2025-06-04,2025-06-06,Deluxe,1,14611.0
6075,1002,Leisure,2025-06-04,2025-06-05,Standard,1,8662.0
6076,1020,Leisure,2025-06-04,2025-06-05,Standard,1,10381.0
6077,1116,Corporate,2025-06-04,2025-06-06,Deluxe,1,15136.0
6078,1059,Corporate,2025-06-04,2025-06-05,Standard,1,10168.0
6079,1056,Corporate,2025-06-04,2025-06-05,Standard,1,9324.0
6080,1112,Event Group,2025-06-04,2025-06-05,Deluxe,1,15945.0
6081,1108,Corporate,2025-06-04,2025-06-06,Standard,1,10103.0
6082,1040,Leisure,2025-06-04,2025-06-06,Family,1,17416.0
6083,1048,Corporate,2025-06-04,2025-06-05,Standard,1,9444.0
6084,1034,Event Group,2025-06-04,2025-06-05,Standard,1,9249.0
6085,1043,Leisure,2025-06-05,2025-06-06,Deluxe,1,13927.0
6086,1013,Leisure,2025-06-05,2025-06-06,Deluxe,1,16376.0
6087,1067,Leisure,2025-06-05,2025-06-06,Deluxe,1,12888.0
6088,1046,Corporate,2025-06-05,2025-06-06,Standard,1,10534.0
6089,1074,Leisure,2025-06-05,2025-06-08,Standard,1,10691.0
6090,1099,Leisure,2025-06-05,2025-06-07,Family,1,19439.0
6091,1032,Corporate,2025-06-05,2025-06-06,Standard,1,9671.0
6092,1071,Travel Agency,2025-06-05,2025-06-06,Deluxe,1,14993.0
6093,1057,Travel Agency,2025-06-05,2025-06-06,Family,1,20412.0
6094,1095,Event Group,2025-06-05,2025-06-06,Deluxe,1,15591.0
6095,1121,Leisure,2025-06-05,2025-06-08,Standard,1,9094.0
6096,1047,Corporate,2025-06-05,2025-06-09,Standard,1,9915.0
6097,1042,Corporate,2025-06-05,2025-06-06,Standard,1,9676.0
6098,1060,Travel Agency,2025-06-05,2025-06-08,Standard,1,10309.0
6099,1057,Leisure,2025-06-05,2025-06-07,Standard,1,9443.0
6100,1003,Event Group,2025-06-05,2025-06-07,Standard,1,10224.0
6101,1001,Travel Agency,2025-06-05,2025-06-10,Standard,1,8516.0
6102,1070,Corporate,2025-06-05,2025-06-07,Deluxe,1,13968.0
6103,1023,Travel Agency,2025-06-05,2025-06-08,Standard,1,9278.0
6104,1090,Leisure,2025-06-05,2025-06-09,Deluxe,1,16707.0
6105,1024,Corporate,2025-06-05,2025-06-08,Standard,1,9772.0
6106,1053,Leisure,2025-06-05,2025-06-08,Standard,1,8841.0
6107,1088,Leisure,2025-06-05,2025-06-07,Standard,1,10238.0
6108,1071,Leisure,2025-06-05,2025-06-07,Standard,1,9863.0
6109,1057,Travel Agency,2025-06-05,2025-06-08,Standard,1,8250.0
6110,1014,Travel Agency,2025-06-05,2025-06-06,Family,1,20651.0
6111,1124,Leisure,2025-06-05,2025-06-07,Standard,1,11426.0
6112,1103,Event Group,2025-06-05,2025-06-07,Deluxe,1,14104.0
6113,1100,Leisure,2025-06-05,2025-06-09,Deluxe,1,15111.0
6114,1100,Leisure,2025-06-05,2025-06-07,Standard,1,9788.0
6115,1096,Leisure,2025-06-05,2025-06-06,Standard,1,9782.0
6116,1114,Leisure,2025-06-05,2025-06-08,Standard,1,10735.0
6117,1036,Corporate,2025-06-05,2025-06-07,Deluxe,1,13398.0
6118,1032,Corporate,2025-06-05,2025-06-06,Standard,1,8255.0
6119,1109,Travel Agency,2025-06-05,2025-06-07,Deluxe,1,12030.0
6120,1119,Leisure,2025-06-05,2025-06-07,Deluxe,1,14712.0
6121,1028,Corporate,2025-06-05,2025-06-07,Standard,1,10218.0
6122,1067,Leisure,2025-06-05,2025-06-07,Deluxe,1,12209.0
6123,1121,Leisure,2025-06-06,2025-06-08,Standard,1,8432.0
6124,1099,Leisure,2025-06-06,2025-06-08,Deluxe,1,13563.0
6125,1051,Leisure,2025-06-06,2025-06-07,Standard,1,9088.0
6126,1061,Travel Agency,2025-06-06,2025-06-07,Deluxe,1,12893.0
6127,1079,Leisure,2025-06-06,2025-06-08,Standard,1,9425.0
6128,1060,Leisure,2025-06-06,2025-06-10,Suite,1,24726.0
6129,1103,Corporate,2025-06-06,2025-06-08,Deluxe,1,15287.0
6130,1107,Event Group,2025-06-06,2025-06-07,Standard,1,8902.0
6131,1099,Leisure,2025-06-06,2025-06-08,Standard,1,10211.0
6132,1073,Corporate,2025-06-06,2025-06-07,Family,1,20148.0
6133,1094,Event Group,2025-06-06,2025-06-08,Standard,1,8418.0
6134,1067,Leisure,2025-06-06,2025-06-07,Standard,1,8250.0
6135,1073,Leisure,2025-06-06,2025-06-08,Standard,1,9728.0
6136,1047,Leisure,2025-06-06,2025-06-08,Deluxe,1,15014.0
6137,1029,Leisure,2025-06-06,2025-06-07,Deluxe,1,12000.0
6138,1049,Leisure,2025-06-06,2025-06-08,Family,1,21800.0
6139,1040,Travel Agency,2025-06-06,2025-06-07,Standard,1,9813.0
6140,1084,Event Group,2025-06-06,2025-06-08,Deluxe,1,15342.0
6141,1060,Travel Agency,2025-06-06,2025-06-09,Deluxe,1,18118.0
6142,1085,Event Group,2025-06-06,2025-06-07,Family,1,19122.0
6143,1069,Leisure,2025-06-06,2025-06-08,Standard,1,9507.0
6144,1042,Corporate,2025-06-06,2025-06-08,Standard,1,10306.0
6145,1075,Corporate,2025-06-06,2025-06-07,Standard,1,11081.0
6146,1094,Event Group,2025-06-06,2025-06-07,Deluxe,1,13422.0
6147,1018,Event Group,2025-06-06,2025-06-07,Standard,1,11070.0
6148,1041,Leisure,2025-06-06,2025-06-09,Family,1,20389.0
6149,1037,Travel Agency,2025-06-06,2025-06-09,Deluxe,1,15602.0
6150,1017,Leisure,2025-06-06,2025-06-07,Deluxe,1,14996.0
6151,1114,Corporate,2025-06-07,2025-06-09,Standard,1,8932.0
6152,1048,Leisure,2025-06-07,2025-06-08,Standard,1,10402.0
6153,1006,Event Group,2025-06-07,2025-06-09,Standard,1,10284.0
6154,1054,Corporate,2025-06-07,2025-06-09,Standard,1,9667.0
6155,1061,Event Group,2025-06-07,2025-06-08,Family,1,18989.0
6156,1071,Corporate,2025-06-07,2025-06-08,Suite,1,26440.0
6157,1087,Leisure,2025-06-07,2025-06-11,Deluxe,1,15027.0
6158,1042,Travel Agency,2025-06-07,2025-06-10,Deluxe,1,14225.0
6159,1117,Corporate,2025-06-07,2025-06-10,Standard,1,10808.0
6160,1081,Leisure,2025-06-07,2025-06-09,Family,1,22430.0
6161,1086,Corporate,2025-06-07,2025-06-09,Standard,1,9209.0
6162,1104,Leisure,2025-06-07,2025-06-08,Standard,1,9639.0
6163,1043,Corporate,2025-06-07,2025-06-09,Family,1,20874.0
6164,1069,Leisure,2025-06-07,2025-06-09,Standard,1,9796.0
6165,1063,Event Group,2025-06-07,2025-06-10,Deluxe,1,14748.0
6166,1077,Leisure,2025-06-07,2025-06-12,Standard,1,11016.0
6167,1095,Leisure,2025-06-07,2025-06-10,Standard,1,10387.0
6168,1085,Leisure,2025-06-07,2025-06-09,Suite,1,25430.0
6169,1003,Event Group,2025-06-07,2025-06-10,Family,1,16562.0
6170,1073,Corporate,2025-06-07,2025-06-10,Standard,1,10737.0
6171,1078,Leisure,2025-06-07,2025-06-11,Standard,1,9190.0
6172,1004,Travel Agency,2025-06-07,2025-06-09,Standard,1,10413.0
6173,1027,Leisure,2025-06-07,2025-06-08,Family,1,20147.0
6174,1005,Corporate,2025-06-07,2025-06-08,Deluxe,1,14603.0
6175,1094,Travel Agency,2025-06-07,2025-06-09,Standard,1,10563.0
6176,1097,Leisure,2025-06-07,2025-06-09,Standard,1,9493.0
6177,1077,Leisure,2025-06-07,2025-06-08,Deluxe,1,14674.0
6178,1079,Travel Agency,2025-06-07,2025-06-11,Standard,1,9657.0
6179,1023,Leisure,2025-06-07,2025-06-08,Standard,1,10230.0
6180,1072,Corporate,2025-06-07,2025-06-08,Family,1,19904.0
6181,1024,Corporate,2025-06-07,2025-06-08,Standard,1,8619.0
6182,1072,Corporate,2025-06-07,2025-06-08,Standard,1,10201.0
6183,1071,Leisure,2025-06-07,2025-06-10,Standard,1,9450.0
6184,1021,Corporate,2025-06-07,2025-06-08,Family,1,20124.0
6185,1022,Leisure,2025-06-07,2025-06-09,Deluxe,1,14262.0
6186,1054,Corporate,2025-06-08,2025-06-10,Standard,1,9690.0
6187,1113,Corporate,2025-06-08,2025-06-10,Standard,1,10694.0
6188,1003,Travel Agency,2025-06-08,2025-06-10,Standard,1,8845.0
6189,1057,Event Group,2025-06-08,2025-06-12,Deluxe,1,15282.0
6190,1060,Travel Agency,2025-06-08,2025-06-10,Standard,1,10394.0
6191,1061,Leisure,2025-06-08,2025-06-10,Standard,1,9898.0
6192,1090,Corporate,2025-06-08,2025-06-12,Deluxe,1,12439.0
6193,1059,Leisure,2025-06-08,2025-06-10,Deluxe,1,15155.0
6194,1065,Leisure,2025-06-08,2025-06-09,Suite,1,26944.0
6195,1040,Corporate,2025-06-08,2025-06-13,Deluxe,1,15641.0
6196,1019,Travel Agency,2025-06-08,2025-06-10,Standard,1,10826.0
6197,1083,Corporate,2025-06-08,2025-06-11,Family,1,21936.0
6198,1064,Leisure,2025-06-08,2025-06-09,Deluxe,1,15161.0
6199,1043,Leisure,2025-06-08,2025-06-10,Standard,1,9904.0
6200,1089,Leisure,2025-06-08,2025-06-11,Standard,1,10430.0
6201,1061,Leisure,2025-06-08,2025-06-10,Suite,1,25290.0
6202,1068,Leisure,2025-06-08,2025-06-10,Family,1,21433.0
6203,1098,Corporate,2025-06-08,2025-06-09,Standard,1,10248.0
6204,1088,Leisure,2025-06-08,2025-06-09,Family,1,19913.0
6205,1011,Travel Agency,2025-06-08,2025-06-11,Standard,1,10663.0
6206,1067,Leisure,2025-06-09,2025-06-12,Deluxe,1,14174.0
6207,1093,Corporate,2025-06-09,2025-06-13,Standard,1,10852.0
6208,1047,Travel Agency,2025-06-09,2025-06-11,Deluxe,1,14410.0
6209,1106,Leisure,2025-06-09,2025-06-11,Standard,1,9858.0
6210,1125,Corporate,2025-06-09,2025-06-10,Standard,1,9637.0
6211,1083,Leisure,2025-06-09,2025-06-11,Deluxe,1,13103.0
6212,1042,Leisure,2025-06-09,2025-06-11,Family,1,21489.0
6213,1087,Event Group,2025-06-09,2025-06-10,Family,1,19755.0
6214,1095,Leisure,2025-06-09,2025-06-12,Standard,1,9889.0
6215,1037,Corporate,2025-06-09,2025-06-12,Standard,1,10599.0
6216,1081,Travel Agency,2025-06-09,2025-06-10,Deluxe,1,14717.0
6217,1023,Corporate,2025-06-09,2025-06-12,Standard,1,11987.0
6218,1080,Leisure,2025-06-09,2025-06-13,Deluxe,1,16116.0
6219,1111,Leisure,2025-06-09,2025-06-11,Suite,1,23857.0
6220,1055,Travel Agency,2025-06-09,2025-06-11,Family,1,17748.0
6221,1098,Event Group,2025-06-09,2025-06-13,Standard,1,9893.0
6222,1088,Leisure,2025-06-09,2025-06-10,Standard,1,9293.0
6223,1052,Leisure,2025-06-09,2025-06-12,Deluxe,1,14873.0
6224,1057,Leisure,2025-06-09,2025-06-10,Standard,1,10456.0
6225,1115,Travel Agency,2025-06-09,2025-06-13,Standard,1,10107.0
6226,1079,Event Group,2025-06-09,2025-06-10,Family,1,19236.0
6227,1074,Travel Agency,2025-06-09,2025-06-13,Deluxe,1,14731.0
6228,1069,Leisure,2025-06-09,2025-06-12,Suite,1,23262.0
6229,1041,Leisure,2025-06-09,2025-06-12,Standard,1,11210.0
6230,1059,Travel Agency,2025-06-09,2025-06-12,Standard,1,9150.0
6231,1051,Travel Agency,2025-06-09,2025-06-12,Standard,1,8815.0
6232,1079,Corporate,2025-06-09,2025-06-10,Deluxe,1,14191.0
6233,1022,Event Group,2025-06-09,2025-06-10,Standard,1,10172.0
6234,1033,Leisure,2025-06-09,2025-06-10,Standard,1,9004.0
6235,1034,Leisure,2025-06-09,2025-06-10,Standard,1,9393.0
6236,1057,Corporate,2025-06-09,2025-06-10,Standard,1,9707.0
6237,1117,Event Group,2025-06-10,2025-06-11,Family,1,19041.0
6238,1053,Leisure,2025-06-10,2025-06-12,Deluxe,1,15685.0
6239,1086,Leisure,2025-06-10,2025-06-14,Deluxe,1,15013.0
6240,1106,Corporate,2025-06-10,2025-06-11,Family,1,20395.0
6241,1007,Leisure,2025-06-10,2025-06-11,Deluxe,1,15142.0
6242,1109,Leisure,2025-06-10,2025-06-12,Suite,1,23392.0
6243,1020,Corporate,2025-06-10,2025-06-14,Deluxe,1,12962.0
6244,1064,Corporate,2025-06-10,2025-06-14,Standard,1,8720.0
6245,1043,Leisure,2025-06-10,2025-06-11,Deluxe,1,16885.0
6246,1062,Travel Agency,2025-06-10,2025-06-13,Standard,1,8264.0
6247,1079,Corporate,2025-06-10,2025-06-12,Family,1,19448.0
6248,1033,Travel Agency,2025-06-10,2025-06-11,Standard,1,9479.0
6249,1050,Leisure,2025-06-10,2025-06-12,Deluxe,1,17415.0
6250,1093,Corporate,2025-06-10,2025-06-11,Standard,1,9544.0
6251,1102,Leisure,2025-06-10,2025-06-11,Deluxe,1,14548.0
6252,1069,Leisure,2025-06-10,2025-06-11,Family,1,18002.0
6253,1080,Travel Agency,2025-06-10,2025-06-11,Standard,1,10143.0
6254,1118,Leisure,2025-06-10,2025-06-11,Suite,1,27194.0
6255,1070,Leisure,2025-06-10,2025-06-12,Deluxe,1,13971.0
6256,1114,Leisure,2025-06-10,2025-06-14,Deluxe,1,14152.0
6257,1036,Corporate,2025-06-10,2025-06-11,Standard,1,10834.0
6258,1089,Event Group,2025-06-10,2025-06-14,Standard,1,11116.0
6259,1001,Travel Agency,2025-06-10,2025-06-12,Family,1,22601.0
6260,1009,Leisure,2025-06-10,2025-06-15,Deluxe,1,14051.0
6261,1115,Corporate,2025-06-10,2025-06-12,Family,1,18458.0
6262,1068,Corporate,2025-06-10,2025-06-12,Standard,1,10717.0
6263,1055,Leisure,2025-06-10,2025-06-11,Standard,1,8618.0
6264,1047,Leisure,2025-06-10,2025-06-13,Deluxe,1,14786.0
6265,1017,Corporate,2025-06-10,2025-06-13,Standard,1,9757.0
6266,1004,Travel Agency,2025-06-10,2025-06-11,Deluxe,1,16457.0
6267,1004,Corporate,2025-06-10,2025-06-11,Deluxe,1,13955.0
6268,1058,Corporate,2025-06-10,2025-06-15,Family,1,22220.0
6269,1028,Corporate,2025-06-10,2025-06-11,Deluxe,1,14795.0
6270,1097,Leisure,2025-06-11,2025-06-15,Standard,1,8250.0
6271,1059,Leisure,2025-06-11,2025-06-12,Family,1,19030.0
6272,1009,Corporate,2025-06-11,2025-06-13,Family,1,18758.0
6273,1063,Leisure,2025-06-11,2025-06-12,Suite,1,25982.0
6274,1070,Travel Agency,2025-06-11,2025-06-12,Deluxe,1,16127.0
6275,1039,Leisure,2025-06-11,2025-06-12,Deluxe,1,15973.0
6276,1052,Leisure,2025-06-11,2025-06-15,Standard,1,10473.0
6277,1120,Leisure,2025-06-11,2025-06-13,Standard,1,10062.0
6278,1067,Leisure,2025-06-11,2025-06-13,Standard,1,9620.0
6279,1070,Event Group,2025-06-11,2025-06-12,Standard,1,10729.0
6280,1041,Travel Agency,2025-06-11,2025-06-13,Standard,1,9409.0
6281,1098,Leisure,2025-06-11,2025-06-13,Suite,1,27630.0
6282,1089,Travel Agency,2025-06-11,2025-06-13,Standard,1,9393.0
6283,1032,Leisure,2025-06-11,2025-06-16,Suite,1,26337.0
6284,1105,Leisure,2025-06-11,2025-06-12,Standard,1,10003.0
6285,1111,Travel Agency,2025-06-11,2025-06-13,Deluxe,1,15975.0
6286,1027,Travel Agency,2025-06-11,2025-06-14,Standard,1,10598.0
6287,1057,Leisure,2025-06-11,2025-06-15,Family,1,20618.0
6288,1018,Leisure,2025-06-11,2025-06-14,Family,1,19697.0
6289,1068,Leisure,2025-06-11,2025-06-13,Standard,1,9431.0
6290,1032,Corporate,2025-06-11,2025-06-13,Standard,1,10661.0
6291,1035,Travel Agency,2025-06-11,2025-06-13,Standard,1,9361.0
6292,1053,Travel Agency,2025-06-11,2025-06-12,Standard,1,10079.0
6293,1105,Travel Agency,2025-06-11,2025-06-13,Standard,1,9788.0
6294,1091,Event Group,2025-06-11,2025-06-14,Family,1,22032.0
6295,1017,Travel Agency,2025-06-11,2025-06-12,Standard,1,10809.0
6296,1083,Leisure,2025-06-11,2025-06-15,Family,1,23286.0
6297,1091,Corporate,2025-06-11,2025-06-12,Deluxe,1,14727.0
6298,1100,Event Group,2025-06-11,2025-06-12,Deluxe,1,15779.0
6299,1105,Leisure,2025-06-11,2025-06-14,Standard,1,10601.0
6300,1040,Travel Agency,2025-06-11,2025-06-13,Family,1,21231.0
6301,1044,Corporate,2025-06-11,2025-06-14,Deluxe,1,14304.0
6302,1093,Leisure,2025-06-11,2025-06-15,Standard,1,9449.0
6303,1059,Event Group,2025-06-11,2025-06-14,Suite,1,26407.0
6304,1062,Corporate,2025-06-11,2025-06-12,Deluxe,1,12067.0
6305,1082,Event Group,2025-06-11,2025-06-13,Family,1,18466.0
6306,1059,Travel Agency,2025-06-11,2025-06-12,Suite,1,27260.0
6307,1002,Travel Agency,2025-06-11,2025-06-13,Standard,1,10443.0
6308,1119,Leisure,2025-06-11,2025-06-16,Standard,1,9348.0
6309,1092,Leisure,2025-06-11,2025-06-14,Family,1,19774.0
6310,1021,Event Group,2025-06-11,2025-06-14,Standard,1,9360.0
6311,1004,Leisure,2025-06-12,2025-06-14,Standard,1,10952.0
6312,1121,Travel Agency,2025-06-12,2025-06-15,Standard,1,9975.0
6313,1036,Leisure,2025-06-12,2025-06-15,Standard,1,10992.0
6314,1077,Corporate,2025-06-12,2025-06-14,Family,1,17879.0
6315,1092,Corporate,2025-06-12,2025-06-13,Standard,1,10488.0
6316,1031,Corporate,2025-06-12,2025-06-16,Standard,1,8685.0
6317,1098,Corporate,2025-06-12,2025-06-14,Deluxe,1,14270.0
6318,1042,Corporate,2025-06-12,2025-06-14,Standard,1,8914.0
6319,1005,Event Group,2025-06-12,2025-06-14,Family,1,20815.0
6320,1036,Corporate,2025-06-12,2025-06-13,Deluxe,1,14728.0
6321,1003,Leisure,2025-06-12,2025-06-13,Suite,1,23954.0
6322,1041,Leisure,2025-06-12,2025-06-15,Standard,1,9022.0
6323,1080,Leisure,2025-06-12,2025-06-14,Family,1,19673.0
6324,1064,Leisure,2025-06-12,2025-06-15,Standard,1,10493.0
6325,1125,Leisure,2025-06-12,2025-06-13,Standard,1,9458.0
6326,1050,Leisure,2025-06-12,2025-06-16,Standard,1,9180.0
6327,1015,Corporate,2025-06-12,2025-06-15,Standard,1,8928.0
6328,1072,Travel Agency,2025-06-12,2025-06-14,Standard,1,10805.0
6329,1041,Corporate,2025-06-12,2025-06-13,Standard,1,8472.0
6330,1121,Travel Agency,2025-06-12,2025-06-16,Standard,1,11043.0
6331,1125,Leisure,2025-06-12,2025-06-15,Standard,1,11344.0
6332,1009,Corporate,2025-06-12,2025-06-15,Deluxe,1,14096.0
6333,1107,Corporate,2025-06-12,2025-06-15,Deluxe,1,13980.0
6334,1027,Leisure,2025-06-12,2025-06-14,Family,1,19564.0
6335,1081,Corporate,2025-06-12,2025-06-15,Standard,1,10152.0
6336,1100,Corporate,2025-06-12,2025-06-14,Standard,1,10179.0
6337,1106,Corporate,2025-06-12,2025-06-13,Deluxe,1,15721.0
6338,1022,Corporate,2025-06-12,2025-06-15,Deluxe,1,14316.0
6339,1002,Event Group,2025-06-12,2025-06-13,Deluxe,1,13902.0
6340,1083,Corporate,2025-06-12,2025-06-13,Deluxe,1,14520.0
6341,1012,Leisure,2025-06-12,2025-06-15,Suite,1,23745.0
6342,1107,Travel Agency,2025-06-12,2025-06-15,Standard,1,10510.0
6343,1004,Leisure,2025-06-13,2025-06-15,Deluxe,1,14045.0
6344,1033,Leisure,2025-06-13,2025-06-16,Standard,1,9760.0
6345,1053,Leisure,2025-06-13,2025-06-16,Standard,1,10479.0
6346,1123,Leisure,2025-06-13,2025-06-15,Standard,1,9503.0
6347,1030,Travel Agency,2025-06-13,2025-06-14,Family,1,19655.0
6348,1009,Leisure,2025-06-13,2025-06-15,Standard,1,8621.0
6349,1060,Leisure,2025-06-13,2025-06-15,Standard,1,9451.0
6350,1031,Corporate,2025-06-13,2025-06-15,Standard,1,10103.0
6351,1080,Travel Agency,2025-06-13,2025-06-14,Standard,1,10697.0
6352,1011,Corporate,2025-06-13,2025-06-16,Standard,1,11008.0
6353,1021,Corporate,2025-06-13,2025-06-14,Family,1,21088.0
6354,1070,Corporate,2025-06-13,2025-06-18,Deluxe,1,13258.0
6355,1047,Leisure,2025-06-13,2025-06-16,Deluxe,1,13970.0
6356,1087,Leisure,2025-06-13,2025-06-14,Standard,1,9297.0
6357,1042,Leisure,2025-06-13,2025-06-15,Deluxe,1,15129.0
6358,1027,Travel Agency,2025-06-13,2025-06-15,Standard,1,10136.0
6359,1052,Corporate,2025-06-13,2025-06-18,Standard,1,8468.0
6360,1092,Event Group,2025-06-13,2025-06-18,Deluxe,1,15364.0
6361,1028,Travel Agency,2025-06-13,2025-06-18,Family,1,22494.0
6362,1015,Corporate,2025-06-13,2025-06-17,Deluxe,1,15560.0
6363,1004,Leisure,2025-06-13,2025-06-16,Family,1,22628.0
6364,1003,Travel Agency,2025-06-13,2025-06-16,Standard,1,10223.0
6365,1056,Corporate,2025-06-13,2025-06-18,Deluxe,1,14868.0
6366,1067,Corporate,2025-06-13,2025-06-15,Standard,1,8889.0
6367,1097,Corporate,2025-06-13,2025-06-15,Standard,1,9713.0
6368,1059,Travel Agency,2025-06-13,2025-06-15,Deluxe,1,13163.0
6369,1004,Leisure,2025-06-13,2025-06-14,Standard,1,9891.0
6370,1065,Event Group,2025-06-13,2025-06-16,Suite,1,24191.0
6371,1008,Event Group,2025-06-13,2025-06-14,Deluxe,1,12911.0
6372,1125,Travel Agency,2025-06-13,2025-06-17,Standard,1,8250.0
6373,1111,Leisure,2025-06-14,2025-06-18,Standard,1,9737.0
6374,1077,Leisure,2025-06-14,2025-06-15,Suite,1,24875.0
6375,1108,Leisure,2025-06-14,2025-06-16,Deluxe,1,14446.0
6376,1099,Leisure,2025-06-14,2025-06-16,Family,1,20353.0
6377,1064,Corporate,2025-06-14,2025-06-17,Standard,1,9571.0
6378,1064,Leisure,2025-06-14,2025-06-17,Standard,1,10083.0
6379,1072,Leisure,2025-06-14,2025-06-15,Family,1,19820.0
6380,1097,Corporate,2025-06-14,2025-06-15,Standard,1,9942.0
6381,1038,Travel Agency,2025-06-14,2025-06-18,Standard,1,10093.0
6382,1084,Leisure,2025-06-14,2025-06-17,Standard,1,8852.0
6383,1001,Leisure,2025-06-14,2025-06-16,Standard,1,9545.0
6384,1070,Corporate,2025-06-14,2025-06-16,Suite,1,26259.0
6385,1122,Leisure,2025-06-14,2025-06-15,Suite,1,23760.0
6386,1099,Corporate,2025-06-14,2025-06-15,Standard,1,10274.0
6387,1004,Leisure,2025-06-14,2025-06-16,Standard,1,9503.0
6388,1055,Leisure,2025-06-14,2025-06-18,Family,1,21143.0
6389,1091,Corporate,2025-06-14,2025-06-16,Deluxe,1,16054.0
6390,1031,Leisure,2025-06-14,2025-06-16,Deluxe,1,13973.0
6391,1053,Leisure,2025-06-14,2025-06-15,Deluxe,1,13916.0
6392,1067,Corporate,2025-06-14,2025-06-16,Standard,1,8651.0
6393,1013,Leisure,2025-06-14,2025-06-16,Standard,1,10576.0
6394,1059,Corporate,2025-06-14,2025-06-16,Standard,1,10453.0
6395,1062,Leisure,2025-06-14,2025-06-18,Standard,1,10037.0
6396,1015,Leisure,2025-06-14,2025-06-15,Standard,1,9596.0
6397,1048,Travel Agency,2025-06-14,2025-06-15,Deluxe,1,15709.0
6398,1115,Leisure,2025-06-14,2025-06-16,Standard,1,9603.0
6399,1014,Leisure,2025-06-14,2025-06-16,Standard,1,8702.0
6400,1067,Travel Agency,2025-06-14,2025-06-18,Standard,1,10126.0
6401,1101,Travel Agency,2025-06-14,2025-06-16,Deluxe,1,14081.0
6402,1034,Leisure,2025-06-14,2025-06-15,Standard,1,9366.0
6403,1049,Event Group,2025-06-14,2025-06-16,Standard,1,10407.0
6404,1030,Travel Agency,2025-06-14,2025-06-15,Deluxe,1,14801.0
6405,1004,Corporate,2025-06-14,2025-06-15,Deluxe,1,12210.0
6406,1044,Leisure,2025-06-14,2025-06-18,Standard,1,9435.0
6407,1001,Leisure,2025-06-15,2025-06-17,Suite,1,24961.0
6408,1083,Event Group,2025-06-15,2025-06-16,Family,1,19897.0
6409,1049,Travel Agency,2025-06-15,2025-06-16,Family,1,23814.0
6410,1017,Corporate,2025-06-15,2025-06-17,Suite,1,23767.0
6411,1103,Leisure,2025-06-15,2025-06-18,Deluxe,1,14590.0
6412,1048,Corporate,2025-06-15,2025-06-18,Standard,1,8600.0
6413,1058,Event Group,2025-06-15,2025-06-19,Deluxe,1,13613.0
6414,1004,Corporate,2025-06-15,2025-06-18,Standard,1,10965.0
6415,1005,Corporate,2025-06-15,2025-06-17,Suite,1,23404.0
6416,1089,Leisure,2025-06-15,2025-06-16,Deluxe,1,12109.0
6417,1105,Travel Agency,2025-06-15,2025-06-19,Suite,1,26614.0
6418,1112,Corporate,2025-06-15,2025-06-16,Deluxe,1,14122.0
6419,1104,Leisure,2025-06-15,2025-06-17,Deluxe,1,15597.0
6420,1074,Leisure,2025-06-15,2025-06-17,Deluxe,1,14518.0
6421,1033,Corporate,2025-06-15,2025-06-18,Standard,1,10725.0
6422,1043,Leisure,2025-06-15,2025-06-18,Standard,1,11689.0
6423,1090,Event Group,2025-06-15,2025-06-18,Standard,1,9909.0
6424,1061,Leisure,2025-06-15,2025-06-17,Deluxe,1,13090.0
6425,1096,Event Group,2025-06-15,2025-06-17,Standard,1,11474.0
6426,1009,Leisure,2025-06-15,2025-06-19,Family,1,22480.0
6427,1037,Corporate,2025-06-15,2025-06-17,Deluxe,1,12753.0
6428,1041,Corporate,2025-06-15,2025-06-16,Deluxe,1,14812.0
6429,1055,Leisure,2025-06-15,2025-06-18,Deluxe,1,12363.0
6430,1092,Leisure,2025-06-15,2025-06-18,Standard,1,9437.0
6431,1060,Travel Agency,2025-06-15,2025-06-20,Standard,1,10712.0
6432,1092,Corporate,2025-06-15,2025-06-19,Deluxe,1,14809.0
6433,1095,Leisure,2025-06-15,2025-06-17,Deluxe,1,14024.0
6434,1100,Travel Agency,2025-06-15,2025-06-19,Standard,1,10076.0
6435,1037,Leisure,2025-06-15,2025-06-17,Family,1,22815.0
6436,1114,Leisure,2025-06-15,2025-06-18,Standard,1,10855.0
6437,1105,Event Group,2025-06-16,2025-06-17,Standard,1,9247.0
6438,1061,Corporate,2025-06-16,2025-06-17,Family,1,20755.0
6439,1074,Leisure,2025-06-16,2025-06-20,Deluxe,1,15645.0
6440,1042,Corporate,2025-06-16,2025-06-17,Family,1,21228.0
6441,1061,Event Group,2025-06-16,2025-06-18,Standard,1,9498.0
6442,1009,Leisure,2025-06-16,2025-06-17,Standard,1,10776.0
6443,1123,Event Group,2025-06-16,2025-06-20,Suite,1,27573.0
6444,1120,Travel Agency,2025-06-16,2025-06-20,Standard,1,9583.0
6445,1054,Corporate,2025-06-16,2025-06-19,Standard,1,11711.0
6446,1011,Leisure,2025-06-16,2025-06-17,Standard,1,9864.0
6447,1031,Travel Agency,2025-06-16,2025-06-21,Family,1,22300.0
6448,1039,Leisure,2025-06-16,2025-06-18,Standard,1,9477.0
6449,1105,Event Group,2025-06-16,2025-06-18,Family,1,22225.0
6450,1091,Leisure,2025-06-16,2025-06-18,Deluxe,1,13795.0
6451,1062,Leisure,2025-06-16,2025-06-18,Standard,1,9316.0
6452,1008,Travel Agency,2025-06-16,2025-06-18,Family,1,19558.0
6453,1019,Corporate,2025-06-16,2025-06-18,Standard,1,9031.0
6454,1094,Event Group,2025-06-16,2025-06-17,Standard,1,10630.0
6455,1021,Leisure,2025-06-16,2025-06-19,Suite,1,28002.0
6456,1086,Leisure,2025-06-16,2025-06-18,Deluxe,1,13034.0
6457,1056,Corporate,2025-06-16,2025-06-19,Standard,1,9340.0
6458,1083,Corporate,2025-06-16,2025-06-19,Standard,1,11387.0
6459,1052,Leisure,2025-06-16,2025-06-18,Family,1,19664.0
6460,1107,Corporate,2025-06-16,2025-06-19,Deluxe,1,15822.0
6461,1002,Travel Agency,2025-06-16,2025-06-19,Standard,1,10693.0
6462,1032,Travel Agency,2025-06-16,2025-06-19,Suite,1,25818.0
6463,1066,Leisure,2025-06-16,2025-06-19,Deluxe,1,14447.0
6464,1121,Leisure,2025-06-16,2025-06-18,Deluxe,1,14565.0
6465,1108,Leisure,2025-06-16,2025-06-17,Deluxe,1,12485.0
6466,1035,Leisure,2025-06-16,2025-06-19,Suite,1,27061.0
6467,1089,Leisure,2025-06-16,2025-06-18,Deluxe,1,13512.0
6468,1023,Leisure,2025-06-16,2025-06-19,Standard,1,11123.0
6469,1103,Travel Agency,2025-06-16,2025-06-17,Deluxe,1,12389.0
6470,1055,Travel Agency,2025-06-16,2025-06-20,Standard,1,9224.0
6471,1099,Corporate,2025-06-16,2025-06-18,Standard,1,10424.0
6472,1062,Corporate,2025-06-17,2025-06-22,Standard,1,9630.0
6473,1098,Travel Agency,2025-06-17,2025-06-18,Deluxe,1,15356.0
6474,1125,Corporate,2025-06-17,2025-06-18,Standard,1,10070.0
6475,1096,Event Group,2025-06-17,2025-06-19,Standard,1,10282.0
6476,1022,Corporate,2025-06-17,2025-06-22,Standard,1,10047.0
6477,1092,Leisure,2025-06-17,2025-06-19,Family,1,19916.0
6478,1100,Leisure,2025-06-17,2025-06-22,Deluxe,1,15982.0
6479,1056,Corporate,2025-06-17,2025-06-20,Suite,1,23864.0
6480,1060,Corporate,2025-06-17,2025-06-18,Deluxe,1,15107.0
6481,1062,Corporate,2025-06-17,2025-06-19,Standard,1,9344.0
6482,1008,Event Group,2025-06-17,2025-06-19,Deluxe,1,15630.0
6483,1099,Travel Agency,2025-06-17,2025-06-19,Deluxe,1,14860.0
6484,1064,Corporate,2025-06-17,2025-06-21,Standard,1,11130.0
6485,1090,Corporate,2025-06-17,2025-06-18,Standard,1,11022.0
6486,1030,Travel Agency,2025-06-17,2025-06-20,Standard,1,11433.0
6487,1023,Travel Agency,2025-06-17,2025-06-21,Standard,1,10262.0
6488,1005,Corporate,2025-06-17,2025-06-20,Standard,1,9045.0
6489,1114,Leisure,2025-06-17,2025-06-18,Standard,1,10029.0
6490,1019,Leisure,2025-06-17,2025-06-19,Standard,1,8680.0
6491,1035,Travel Agency,2025-06-17,2025-06-18,Deluxe,1,14754.0
6492,1088,Travel Agency,2025-06-17,2025-06-18,Standard,1,10725.0
6493,1047,Travel Agency,2025-06-17,2025-06-19,Standard,1,8926.0
6494,1047,Corporate,2025-06-17,2025-06-20,Standard,1,9810.0
6495,1057,Leisure,2025-06-17,2025-06-21,Deluxe,1,15684.0
6496,1081,Leisure,2025-06-17,2025-06-19,Standard,1,9970.0
6497,1085,Leisure,2025-06-17,2025-06-21,Standard,1,9080.0
6498,1081,Event Group,2025-06-17,2025-06-18,Standard,1,10017.0
6499,1089,Leisure,2025-06-17,2025-06-19,Standard,1,9451.0
6500,1070,Leisure,2025-06-17,2025-06-19,Standard,1,11096.0
6501,1027,Leisure,2025-06-17,2025-06-19,Suite,1,24742.0
6502,1083,Leisure,2025-06-17,2025-06-19,Deluxe,1,14513.0
6503,1034,Leisure,2025-06-18,2025-06-20,Standard,1,9507.0
6504,1005,Event Group,2025-06-18,2025-06-19,Deluxe,1,14873.0
6505,1060,Travel Agency,2025-06-18,2025-06-20,Standard,1,11290.0
6506,1089,Leisure,2025-06-18,2025-06-21,Family,1,20020.0
6507,1066,Corporate,2025-06-18,2025-06-19,Standard,1,10434.0
6508,1100,Leisure,2025-06-18,2025-06-20,Standard,1,11280.0
6509,1043,Corporate,2025-06-18,2025-06-21,Standard,1,9582.0
6510,1082,Travel Agency,2025-06-18,2025-06-20,Standard,1,9818.0
6511,1029,Leisure,2025-06-18,2025-06-19,Deluxe,1,13001.0
6512,1074,Leisure,2025-06-18,2025-06-20,Family,1,21849.0
6513,1075,Corporate,2025-06-18,2025-06-20,Deluxe,1,12830.0
6514,1024,Travel Agency,2025-06-18,2025-06-20,Standard,1,10870.0
6515,1020,Leisure,2025-06-18,2025-06-22,Standard,1,9906.0
6516,1038,Travel Agency,2025-06-18,2025-06-20,Standard,1,9960.0
6517,1077,Leisure,2025-06-18,2025-06-21,Standard,1,11089.0
6518,1073,Travel Agency,2025-06-18,2025-06-20,Deluxe,1,14213.0
6519,1047,Corporate,2025-06-18,2025-06-21,Standard,1,10415.0
6520,1063,Leisure,2025-06-18,2025-06-21,Standard,1,10145.0
6521,1012,Leisure,2025-06-18,2025-06-19,Standard,1,10024.0
6522,1086,Travel Agency,2025-06-18,2025-06-19,Standard,1,9376.0
6523,1045,Event Group,2025-06-18,2025-06-21,Standard,1,10008.0
6524,1022,Leisure,2025-06-18,2025-06-21,Deluxe,1,13993.0
6525,1058,Travel Agency,2025-06-18,2025-06-19,Family,1,16887.0
6526,1103,Event Group,2025-06-18,2025-06-19,Standard,1,9194.0
6527,1039,Leisure,2025-06-18,2025-06-19,Standard,1,10254.0
6528,1027,Leisure,2025-06-18,2025-06-20,Deluxe,1,14128.0
6529,1039,Leisure,2025-06-18,2025-06-21,Family,1,17198.0
6530,1026,Travel Agency,2025-06-18,2025-06-20,Family,1,21485.0
6531,1081,Leisure,2025-06-18,2025-06-20,Deluxe,1,13341.0
6532,1079,Event Group,2025-06-18,2025-06-19,Family,1,20576.0
6533,1118,Leisure,2025-06-18,2025-06-20,Deluxe,1,12455.0
6534,1122,Travel Agency,2025-06-18,2025-06-22,Standard,1,9483.0
6535,1063,Leisure,2025-06-18,2025-06-19,Deluxe,1,13483.0
6536,1033,Leisure,2025-06-18,2025-06-21,Suite,1,28917.0
6537,1124,Leisure,2025-06-18,2025-06-21,Family,1,19077.0
6538,1115,Leisure,2025-06-18,2025-06-20,Standard,1,11174.0
6539,1074,Leisure,2025-06-18,2025-06-19,Family,1,20753.0
6540,1025,Leisure,2025-06-18,2025-06-19,Standard,1,10196.0
6541,1058,Corporate,2025-06-18,2025-06-21,Standard,1,9733.0
6542,1057,Event Group,2025-06-18,2025-06-20,Standard,1,9336.0
6543,1078,Leisure,2025-06-18,2025-06-21,Standard,1,9756.0
6544,1096,Leisure,2025-06-18,2025-06-20,Suite,1,23179.0
6545,1111,Corporate,2025-06-18,2025-06-19,Standard,1,9883.0
6546,1122,Leisure,2025-06-18,2025-06-20,Deluxe,1,14006.0
6547,1100,Corporate,2025-06-18,2025-06-19,Deluxe,1,16436.0
6548,1015,Leisure,2025-06-18,2025-06-20,Family,1,18982.0
6549,1005,Leisure,2025-06-18,2025-06-19,Standard,1,9623.0
6550,1043,Corporate,2025-06-18,2025-06-20,Suite,1,24594.0
6551,1055,Corporate,2025-06-18,2025-06-20,Family,1,19736.0
6552,1057,Leisure,2025-06-19,2025-06-20,Suite,1,25207.0
6553,1011,Travel Agency,2025-06-19,2025-06-21,Standard,1,10836.0
6554,1044,Corporate,2025-06-19,2025-06-20,Standard,1,10807.0
6555,1041,Leisure,2025-06-19,2025-06-22,Standard,1,10226.0
6556,1065,Leisure,2025-06-19,2025-06-21,Family,1,18323.0
6557,1101,Leisure,2025-06-19,2025-06-22,Deluxe,1,14685.0
6558,1029,Leisure,2025-06-19,2025-06-20,Suite,1,24852.0
6559,1052,Travel Agency,2025-06-19,2025-06-21,Standard,1,8816.0
6560,1041,Leisure,2025-06-19,2025-06-22,Standard,1,10532.0
6561,1062,Corporate,2025-06-19,2025-06-22,Deluxe,1,12668.0
6562,1113,Corporate,2025-06-19,2025-06-21,Standard,1,9184.0
6563,1013,Travel Agency,2025-06-19,2025-06-20,Family,1,20960.0
6564,1008,Leisure,2025-06-19,2025-06-20,Family,1,16904.0
6565,1099,Travel Agency,2025-06-19,2025-06-23,Standard,1,9015.0
6566,1101,Leisure,2025-06-19,2025-06-20,Deluxe,1,13492.0
6567,1105,Leisure,2025-06-19,2025-06-20,Deluxe,1,14773.0
6568,1074,Travel Agency,2025-06-19,2025-06-21,Deluxe,1,14754.0
6569,1062,Leisure,2025-06-19,2025-06-21,Standard,1,10157.0
6570,1122,Corporate,2025-06-19,2025-06-20,Standard,1,9014.0
6571,1109,Leisure,2025-06-19,2025-06-23,Standard,1,9915.0
6572,1120,Travel Agency,2025-06-19,2025-06-22,Deluxe,1,12000.0
6573,1011,Travel Agency,2025-06-19,2025-06-20,Family,1,19163.0
6574,1018,Corporate,2025-06-19,2025-06-21,Standard,1,8876.0
6575,1073,Leisure,2025-06-19,2025-06-20,Standard,1,10121.0
6576,1006,Travel Agency,2025-06-19,2025-06-23,Family,1,20529.0
6577,1120,Travel Agency,2025-06-19,2025-06-23,Deluxe,1,12686.0
6578,1045,Leisure,2025-06-19,2025-06-21,Family,1,20128.0
6579,1009,Corporate,2025-06-19,2025-06-22,Standard,1,10699.0
6580,1116,Event Group,2025-06-19,2025-06-23,Deluxe,1,14450.0
6581,1008,Corporate,2025-06-19,2025-06-24,Standard,1,10460.0
6582,1121,Travel Agency,2025-06-19,2025-06-21,Family,1,20034.0
6583,1056,Leisure,2025-06-19,2025-06-20,Standard,1,10095.0
6584,1116,Leisure,2025-06-19,2025-06-21,Standard,1,10245.0
6585,1112,Travel Agency,2025-06-19,2025-06-22,Standard,1,9561.0
6586,1026,Event Group,2025-06-19,2025-06-22,Deluxe,1,12457.0
6587,1075,Leisure,2025-06-19,2025-06-20,Standard,1,9862.0
6588,1020,Leisure,2025-06-19,2025-06-20,Deluxe,1,12429.0
6589,1085,Travel Agency,2025-06-19,2025-06-22,Standard,1,9446.0
6590,1105,Event Group,2025-06-19,2025-06-22,Deluxe,1,15429.0
6591,1098,Corporate,2025-06-20,2025-06-22,Deluxe,1,14543.0
6592,1012,Event Group,2025-06-20,2025-06-22,Standard,1,9439.0
6593,1102,Travel Agency,2025-06-20,2025-06-23,Standard,1,10462.0
6594,1089,Leisure,2025-06-20,2025-06-22,Standard,1,9844.0
6595,1096,Corporate,2025-06-20,2025-06-23,Family,1,20531.0
6596,1079,Corporate,2025-06-20,2025-06-22,Suite,1,24428.0
6597,1100,Corporate,2025-06-20,2025-06-21,Deluxe,1,14283.0
6598,1113,Leisure,2025-06-20,2025-06-21,Deluxe,1,13972.0
6599,1088,Corporate,2025-06-20,2025-06-23,Standard,1,10471.0
6600,1106,Travel Agency,2025-06-20,2025-06-23,Suite,1,25656.0
6601,1051,Corporate,2025-06-20,2025-06-24,Standard,1,9789.0
6602,1045,Leisure,2025-06-20,2025-06-22,Standard,1,8761.0
6603,1078,Corporate,2025-06-20,2025-06-21,Deluxe,1,12455.0
6604,1080,Corporate,2025-06-20,2025-06-21,Family,1,19590.0
6605,1057,Event Group,2025-06-20,2025-06-24,Standard,1,9803.0
6606,1037,Travel Agency,2025-06-20,2025-06-21,Family,1,18783.0
6607,1113,Leisure,2025-06-20,2025-06-23,Standard,1,8910.0
6608,1037,Corporate,2025-06-20,2025-06-21,Deluxe,1,12644.0
6609,1016,Leisure,2025-06-20,2025-06-22,Deluxe,1,15839.0
6610,1117,Leisure,2025-06-20,2025-06-21,Standard,1,10437.0
6611,1050,Event Group,2025-06-20,2025-06-25,Standard,1,9457.0
6612,1050,Event Group,2025-06-20,2025-06-23,Standard,1,11050.0
6613,1002,Leisure,2025-06-20,2025-06-23,Standard,1,10578.0
6614,1113,Leisure,2025-06-20,2025-06-21,Deluxe,1,14055.0
6615,1087,Event Group,2025-06-20,2025-06-24,Deluxe,1,17121.0
6616,1064,Corporate,2025-06-20,2025-06-23,Standard,1,9584.0
6617,1021,Corporate,2025-06-20,2025-06-23,Deluxe,1,14893.0
6618,1092,Event Group,2025-06-20,2025-06-22,Standard,1,10414.0
6619,1124,Corporate,2025-06-20,2025-06-21,Family,1,19479.0
6620,1067,Travel Agency,2025-06-20,2025-06-21,Standard,1,9740.0
6621,1040,Travel Agency,2025-06-20,2025-06-23,Standard,1,10032.0
6622,1008,Leisure,2025-06-20,2025-06-24,Deluxe,1,16640.0
6623,1117,Leisure,2025-06-20,2025-06-21,Standard,1,11142.0
6624,1066,Corporate,2025-06-20,2025-06-21,Deluxe,1,15964.0
6625,1030,Corporate,2025-06-21,2025-06-25,Standard,1,8768.0
6626,1093,Corporate,2025-06-21,2025-06-22,Standard,1,8932.0
6627,1075,Leisure,2025-06-21,2025-06-22,Deluxe,1,16329.0
6628,1093,Travel Agency,2025-06-21,2025-06-22,Standard,1,8704.0
6629,1111,Travel Agency,2025-06-21,2025-06-24,Standard,1,9702.0
6630,1063,Event Group,2025-06-21,2025-06-25,Standard,1,9658.0
6631,1082,Travel Agency,2025-06-21,2025-06-22,Deluxe,1,15494.0
6632,1070,Leisure,2025-06-21,2025-06-24,Standard,1,8969.0
6633,1055,Corporate,2025-06-21,2025-06-25,Standard,1,10981.0
6634,1063,Corporate,2025-06-21,2025-06-22,Family,1,22720.0
6635,1014,Leisure,2025-06-21,2025-06-23,Deluxe,1,14388.0
6636,1073,Travel Agency,2025-06-21,2025-06-26,Deluxe,1,13927.0
6637,1067,Corporate,2025-06-21,2025-06-25,Standard,1,8250.0
6638,1028,Leisure,2025-06-21,2025-06-24,Suite,1,28676.0
6639,1112,Leisure,2025-06-21,2025-06-23,Deluxe,1,16364.0
6640,1090,Corporate,2025-06-21,2025-06-22,Standard,1,9664.0
6641,1064,Leisure,2025-06-21,2025-06-23,Standard,1,10348.0
6642,1096,Corporate,2025-06-21,2025-06-22,Suite,1,28395.0
6643,1125,Corporate,2025-06-21,2025-06-23,Standard,1,11160.0
6644,1004,Corporate,2025-06-21,2025-06-23,Deluxe,1,16052.0
6645,1068,Corporate,2025-06-21,2025-06-26,Standard,1,9232.0
6646,1034,Corporate,2025-06-21,2025-06-26,Standard,1,10653.0
6647,1017,Leisure,2025-06-21,2025-06-23,Standard,1,9727.0
6648,1091,Corporate,2025-06-21,2025-06-26,Deluxe,1,14639.0
6649,1061,Corporate,2025-06-21,2025-06-23,Deluxe,1,14202.0
6650,1028,Travel Agency,2025-06-21,2025-06-22,Standard,1,9669.0
6651,1097,Leisure,2025-06-21,2025-06-23,Deluxe,1,14811.0
6652,1084,Corporate,2025-06-21,2025-06-23,Deluxe,1,15431.0
6653,1123,Leisure,2025-06-21,2025-06-24,Standard,1,10468.0
6654,1002,Travel Agency,2025-06-21,2025-06-22,Standard,1,9677.0
6655,1112,Event Group,2025-06-21,2025-06-22,Suite,1,23542.0
6656,1060,Leisure,2025-06-21,2025-06-25,Deluxe,1,15614.0
6657,1062,Corporate,2025-06-21,2025-06-25,Standard,1,8999.0
6658,1030,Travel Agency,2025-06-21,2025-06-22,Standard,1,9286.0
6659,1080,Corporate,2025-06-21,2025-06-22,Standard,1,9142.0
6660,1004,Corporate,2025-06-21,2025-06-23,Standard,1,9479.0
6661,1077,Travel Agency,2025-06-21,2025-06-24,Deluxe,1,14088.0
6662,1090,Leisure,2025-06-21,2025-06-23,Deluxe,1,15310.0
6663,1065,Leisure,2025-06-21,2025-06-23,Standard,1,10785.0
6664,1120,Leisure,2025-06-22,2025-06-26,Standard,1,11077.0
6665,1076,Leisure,2025-06-22,2025-06-23,Suite,1,26251.0
6666,1066,Corporate,2025-06-22,2025-06-24,Standard,1,8264.0
6667,1006,Leisure,2025-06-22,2025-06-26,Standard,1,10582.0
6668,1078,Corporate,2025-06-22,2025-06-23,Family,1,20367.0
6669,1057,Event Group,2025-06-22,2025-06-24,Standard,1,10396.0
6670,1113,Leisure,2025-06-22,2025-06-24,Standard,1,11175.0
6671,1051,Corporate,2025-06-22,2025-06-26,Deluxe,1,14172.0
6672,1059,Leisure,2025-06-22,2025-06-23,Deluxe,1,14958.0
6673,1098,Leisure,2025-06-22,2025-06-24,Standard,1,9427.0
6674,1018,Leisure,2025-06-22,2025-06-23,Standard,1,8250.0
6675,1016,Travel Agency,2025-06-22,2025-06-27,Standard,1,10536.0
6676,1107,Leisure,2025-06-22,2025-06-23,Family,1,19020.0
6677,1111,Leisure,2025-06-22,2025-06-26,Family,1,19606.0
6678,1055,Leisure,2025-06-22,2025-06-23,Family,1,19676.0
6679,1026,Leisure,2025-06-22,2025-06-25,Standard,1,10751.0
6680,1108,Leisure,2025-06-22,2025-06-26,Family,1,18457.0
6681,1116,Travel Agency,2025-06-22,2025-06-23,Standard,1,10710.0
6682,1030,Leisure,2025-06-22,2025-06-25,Standard,1,10654.0
6683,1034,Leisure,2025-06-22,2025-06-23,Standard,1,9256.0
6684,1072,Travel Agency,2025-06-22,2025-06-23,Standard,1,9624.0
6685,1111,Leisure,2025-06-22,2025-06-27,Standard,1,11502.0
6686,1112,Corporate,2025-06-22,2025-06-24,Suite,1,25128.0
6687,1012,Leisure,2025-06-22,2025-06-23,Standard,1,10297.0
6688,1102,Corporate,2025-06-22,2025-06-25,Standard,1,9439.0
6689,1011,Leisure,2025-06-22,2025-06-24,Standard,1,8250.0
6690,1105,Leisure,2025-06-22,2025-06-25,Deluxe,1,16084.0
6691,1120,Leisure,2025-06-22,2025-06-24,Deluxe,1,13551.0
6692,1014,Corporate,2025-06-22,2025-06-23,Standard,1,9430.0
6693,1089,Corporate,2025-06-22,2025-06-26,Standard,1,9665.0
6694,1064,Corporate,2025-06-22,2025-06-24,Standard,1,9224.0
6695,1101,Corporate,2025-06-22,2025-06-24,Standard,1,10393.0
6696,1077,Travel Agency,2025-06-22,2025-06-23,Deluxe,1,13922.0
6697,1072,Travel Agency,2025-06-22,2025-06-23,Standard,1,10752.0
6698,1063,Leisure,2025-06-22,2025-06-24,Standard,1,9651.0
6699,1002,Leisure,2025-06-22,2025-06-23,Family,1,21410.0
6700,1013,Leisure,2025-06-22,2025-06-24,Deluxe,1,14222.0
6701,1040,Corporate,2025-06-23,2025-06-24,Standard,1,9163.0
6702,1033,Leisure,2025-06-23,2025-06-26,Standard,1,11833.0
6703,1012,Corporate,2025-06-23,2025-06-24,Deluxe,1,15966.0
6704,1013,Event Group,2025-06-23,2025-06-26,Standard,1,9851.0
6705,1091,Travel Agency,2025-06-23,2025-06-25,Suite,1,26875.0
6706,1103,Leisure,2025-06-23,2025-06-24,Deluxe,1,12472.0
6707,1068,Corporate,2025-06-23,2025-06-25,Deluxe,1,15711.0
6708,1121,Leisure,2025-06-23,2025-06-24,Deluxe,1,14245.0
6709,1075,Corporate,2025-06-23,2025-06-25,Deluxe,1,12000.0
6710,1098,Travel Agency,2025-06-23,2025-06-24,Deluxe,1,15343.0
6711,1066,Corporate,2025-06-23,2025-06-24,Standard,1,9776.0
6712,1021,Leisure,2025-06-23,2025-06-25,Suite,1,24585.0
6713,1097,Leisure,2025-06-23,2025-06-27,Family,1,17503.0
6714,1080,Leisure,2025-06-23,2025-06-25,Deluxe,1,14730.0
6715,1043,Leisure,2025-06-23,2025-06-26,Standard,1,10292.0
6716,1060,Travel Agency,2025-06-23,2025-06-25,Standard,1,9918.0
6717,1001,Travel Agency,2025-06-23,2025-06-24,Deluxe,1,14121.0
6718,1053,Leisure,2025-06-23,2025-06-25,Suite,1,21303.0
6719,1009,Travel Agency,2025-06-23,2025-06-26,Deluxe,1,13934.0
6720,1078,Leisure,2025-06-23,2025-06-26,Standard,1,9138.0
6721,1107,Leisure,2025-06-23,2025-06-27,Standard,1,10801.0
6722,1028,Corporate,2025-06-23,2025-06-26,Suite,1,25002.0
6723,1064,Event Group,2025-06-23,2025-06-27,Family,1,18732.0
6724,1051,Corporate,2025-06-23,2025-06-25,Standard,1,10235.0
6725,1051,Travel Agency,2025-06-23,2025-06-26,Suite,1,25379.0
6726,1067,Leisure,2025-06-23,2025-06-26,Suite,1,23335.0
6727,1034,Leisure,2025-06-23,2025-06-26,Standard,1,9839.0
6728,1108,Leisure,2025-06-23,2025-06-26,Family,1,21893.0
6729,1041,Corporate,2025-06-23,2025-06-26,Deluxe,1,13576.0
6730,1004,Corporate,2025-06-23,2025-06-26,Deluxe,1,14706.0
6731,1093,Leisure,2025-06-23,2025-06-24,Suite,1,25028.0
6732,1051,Leisure,2025-06-23,2025-06-26,Standard,1,9851.0
6733,1057,Leisure,2025-06-23,2025-06-24,Standard,1,9808.0
6734,1121,Leisure,2025-06-23,2025-06-24,Suite,1,25609.0
6735,1026,Leisure,2025-06-23,2025-06-28,Standard,1,9212.0
6736,1016,Leisure,2025-06-24,2025-06-26,Deluxe,1,15094.0
6737,1095,Corporate,2025-06-24,2025-06-26,Standard,1,11073.0
6738,1059,Corporate,2025-06-24,2025-06-27,Deluxe,1,14651.0
6739,1012,Travel Agency,2025-06-24,2025-06-29,Standard,1,9018.0
6740,1033,Leisure,2025-06-24,2025-06-27,Standard,1,10962.0
6741,1095,Corporate,2025-06-24,2025-06-25,Suite,1,30648.0
6742,1075,Leisure,2025-06-24,2025-06-26,Family,1,20984.0
6743,1051,Corporate,2025-06-24,2025-06-25,Standard,1,9264.0
6744,1116,Corporate,2025-06-24,2025-06-26,Standard,1,11289.0
6745,1028,Corporate,2025-06-24,2025-06-26,Standard,1,9755.0
6746,1080,Travel Agency,2025-06-24,2025-06-29,Family,1,20713.0
6747,1101,Leisure,2025-06-24,2025-06-25,Standard,1,11209.0
6748,1113,Leisure,2025-06-24,2025-06-29,Standard,1,10025.0
6749,1006,Leisure,2025-06-24,2025-06-25,Standard,1,9626.0
6750,1039,Leisure,2025-06-24,2025-06-26,Deluxe,1,13932.0
6751,1061,Travel Agency,2025-06-24,2025-06-25,Family,1,19355.0
6752,1003,Leisure,2025-06-24,2025-06-26,Deluxe,1,16696.0
6753,1042,Corporate,2025-06-24,2025-06-25,Standard,1,9859.0
6754,1027,Corporate,2025-06-24,2025-06-27,Standard,1,10816.0
6755,1045,Travel Agency,2025-06-24,2025-06-25,Family,1,19159.0
6756,1060,Leisure,2025-06-24,2025-06-27,Deluxe,1,13777.0
6757,1043,Leisure,2025-06-24,2025-06-26,Standard,1,10172.0
6758,1070,Leisure,2025-06-24,2025-06-26,Standard,1,8752.0
6759,1024,Corporate,2025-06-24,2025-06-25,Deluxe,1,12469.0
6760,1017,Event Group,2025-06-24,2025-06-27,Standard,1,10569.0
6761,1083,Leisure,2025-06-24,2025-06-26,Standard,1,9118.0
6762,1027,Event Group,2025-06-24,2025-06-29,Deluxe,1,15905.0
6763,1065,Leisure,2025-06-24,2025-06-25,Family,1,21353.0
6764,1075,Leisure,2025-06-24,2025-06-25,Standard,1,9922.0
6765,1052,Travel Agency,2025-06-24,2025-06-25,Standard,1,9780.0
6766,1064,Travel Agency,2025-06-24,2025-06-26,Suite,1,25865.0
6767,1069,Corporate,2025-06-24,2025-06-26,Standard,1,9333.0
6768,1104,Leisure,2025-06-24,2025-06-25,Deluxe,1,14040.0
6769,1045,Travel Agency,2025-06-24,2025-06-25,Standard,1,11973.0
6770,1001,Travel Agency,2025-06-24,2025-06-26,Standard,1,9250.0
6771,1062,Leisure,2025-06-24,2025-06-28,Family,1,17753.0
6772,1112,Corporate,2025-06-24,2025-06-25,Standard,1,10542.0
6773,1050,Leisure,2025-06-24,2025-06-25,Suite,1,26689.0
6774,1067,Leisure,2025-06-24,2025-06-25,Suite,1,27238.0
6775,1114,Travel Agency,2025-06-25,2025-06-27,Standard,1,12294.0
6776,1041,Leisure,2025-06-25,2025-06-27,Standard,1,9091.0
6777,1005,Corporate,2025-06-25,2025-06-27,Family,1,24028.0
6778,1109,Leisure,2025-06-25,2025-06-29,Standard,1,9845.0
6779,1096,Leisure,2025-06-25,2025-06-26,Deluxe,1,14128.0
6780,1005,Travel Agency,2025-06-25,2025-06-26,Standard,1,9713.0
6781,1029,Leisure,2025-06-25,2025-06-27,Family,1,18685.0
6782,1117,Travel Agency,2025-06-25,2025-06-27,Standard,1,9360.0
6783,1032,Leisure,2025-06-25,2025-06-28,Standard,1,9894.0
6784,1103,Leisure,2025-06-25,2025-06-27,Standard,1,9963.0
6785,1027,Travel Agency,2025-06-25,2025-06-28,Standard,1,10302.0
6786,1125,Corporate,2025-06-25,2025-06-26,Family,1,17539.0
6787,1003,Corporate,2025-06-25,2025-06-27,Deluxe,1,15413.0
6788,1069,Leisure,2025-06-25,2025-06-26,Standard,1,9796.0
6789,1017,Event Group,2025-06-25,2025-06-26,Standard,1,11023.0
6790,1016,Leisure,2025-06-25,2025-06-26,Suite,1,21481.0
6791,1045,Corporate,2025-06-25,2025-06-26,Suite,1,29529.0
6792,1118,Leisure,2025-06-25,2025-06-26,Standard,1,9550.0
6793,1076,Travel Agency,2025-06-25,2025-06-27,Deluxe,1,12462.0
6794,1107,Corporate,2025-06-25,2025-06-29,Suite,1,22736.0
6795,1110,Leisure,2025-06-25,2025-06-27,Deluxe,1,13865.0
6796,1087,Corporate,2025-06-25,2025-06-26,Standard,1,9839.0
6797,1076,Corporate,2025-06-25,2025-06-27,Standard,1,11308.0
6798,1024,Leisure,2025-06-25,2025-06-30,Standard,1,9257.0
6799,1068,Leisure,2025-06-25,2025-06-27,Family,1,18106.0
6800,1076,Travel Agency,2025-06-25,2025-06-26,Deluxe,1,15089.0
6801,1110,Leisure,2025-06-25,2025-06-26,Standard,1,8762.0
6802,1095,Corporate,2025-06-25,2025-06-26,Suite,1,23720.0
6803,1098,Leisure,2025-06-25,2025-06-27,Deluxe,1,13265.0
6804,1015,Leisure,2025-06-25,2025-06-27,Standard,1,11155.0
6805,1033,Leisure,2025-06-25,2025-06-28,Family,1,18945.0
6806,1118,Corporate,2025-06-25,2025-06-28,Standard,1,9872.0
6807,1101,Travel Agency,2025-06-25,2025-06-27,Standard,1,9282.0
6808,1027,Travel Agency,2025-06-25,2025-06-28,Standard,1,9476.0
6809,1092,Leisure,2025-06-25,2025-06-26,Standard,1,10496.0
6810,1043,Leisure,2025-06-25,2025-06-26,Standard,1,9169.0
6811,1048,Leisure,2025-06-25,2025-06-28,Standard,1,8977.0
6812,1066,Corporate,2025-06-26,2025-06-27,Deluxe,1,14244.0
6813,1104,Leisure,2025-06-26,2025-06-30,Standard,1,9503.0
6814,1091,Leisure,2025-06-26,2025-06-28,Suite,1,27483.0
6815,1037,Leisure,2025-06-26,2025-06-27,Standard,1,10121.0
6816,1119,Leisure,2025-06-26,2025-06-27,Deluxe,1,12280.0
6817,1017,Leisure,2025-06-26,2025-06-30,Deluxe,1,15635.0
6818,1020,Travel Agency,2025-06-26,2025-06-28,Standard,1,9404.0
6819,1004,Leisure,2025-06-26,2025-06-28,Standard,1,9129.0
6820,1003,Leisure,2025-06-26,2025-06-29,Family,1,19581.0
6821,1100,Corporate,2025-06-26,2025-06-27,Standard,1,11185.0
6822,1009,Leisure,2025-06-26,2025-06-28,Family,1,18961.0
6823,1089,Event Group,2025-06-26,2025-06-29,Family,1,20432.0
6824,1008,Leisure,2025-06-26,2025-06-27,Deluxe,1,16321.0
6825,1031,Leisure,2025-06-26,2025-07-01,Standard,1,9267.0
6826,1119,Leisure,2025-06-26,2025-06-28,Suite,1,23241.0
6827,1072,Corporate,2025-06-26,2025-06-27,Standard,1,11179.0
6828,1062,Corporate,2025-06-26,2025-06-29,Family,1,20799.0
6829,1066,Leisure,2025-06-26,2025-06-30,Deluxe,1,12000.0
6830,1103,Leisure,2025-06-26,2025-06-29,Standard,1,9936.0
6831,1098,Leisure,2025-06-26,2025-06-27,Deluxe,1,13425.0
6832,1088,Corporate,2025-06-26,2025-06-27,Deluxe,1,16548.0
6833,1081,Corporate,2025-06-26,2025-06-27,Standard,1,10822.0
6834,1006,Corporate,2025-06-26,2025-06-28,Deluxe,1,13522.0
6835,1112,Event Group,2025-06-26,2025-06-28,Suite,1,26455.0
6836,1067,Corporate,2025-06-26,2025-06-29,Standard,1,8250.0
6837,1004,Leisure,2025-06-26,2025-06-28,Family,1,17932.0
6838,1011,Leisure,2025-06-26,2025-06-27,Family,1,19882.0
6839,1006,Corporate,2025-06-26,2025-06-28,Standard,1,9377.0
6840,1094,Corporate,2025-06-26,2025-06-27,Standard,1,9587.0
6841,1032,Leisure,2025-06-26,2025-06-27,Standard,1,8736.0
6842,1070,Travel Agency,2025-06-26,2025-06-27,Deluxe,1,13178.0
6843,1084,Corporate,2025-06-26,2025-06-28,Deluxe,1,12314.0
6844,1122,Leisure,2025-06-26,2025-06-27,Family,1,20121.0
6845,1053,Travel Agency,2025-06-26,2025-06-28,Family,1,21091.0
6846,1103,Travel Agency,2025-06-27,2025-07-01,Standard,1,9066.0
6847,1038,Corporate,2025-06-27,2025-06-28,Standard,1,9552.0
6848,1062,Leisure,2025-06-27,2025-06-30,Standard,1,9873.0
6849,1060,Leisure,2025-06-27,2025-06-30,Standard,1,9870.0
6850,1022,Leisure,2025-06-27,2025-06-28,Deluxe,1,14681.0
6851,1084,Leisure,2025-06-27,2025-06-29,Deluxe,1,14501.0
6852,1061,Leisure,2025-06-27,2025-06-28,Standard,1,10961.0
6853,1068,Corporate,2025-06-27,2025-07-01,Standard,1,9275.0
6854,1033,Event Group,2025-06-27,2025-06-28,Standard,1,9623.0
6855,1032,Event Group,2025-06-27,2025-06-29,Standard,1,8780.0
6856,1052,Travel Agency,2025-06-27,2025-06-28,Standard,1,9381.0
6857,1049,Leisure,2025-06-27,2025-06-28,Standard,1,10355.0
6858,1072,Corporate,2025-06-27,2025-06-29,Suite,1,25275.0
6859,1054,Corporate,2025-06-27,2025-06-30,Family,1,21309.0
6860,1115,Corporate,2025-06-27,2025-06-30,Deluxe,1,14082.0
6861,1019,Corporate,2025-06-27,2025-07-02,Standard,1,10786.0
6862,1113,Leisure,2025-06-27,2025-06-30,Standard,1,10959.0
6863,1029,Leisure,2025-06-27,2025-06-28,Deluxe,1,16019.0
6864,1100,Leisure,2025-06-27,2025-06-28,Standard,1,11201.0
6865,1063,Leisure,2025-06-27,2025-07-02,Standard,1,10776.0
6866,1124,Event Group,2025-06-27,2025-06-30,Family,1,20549.0
6867,1075,Corporate,2025-06-27,2025-06-29,Standard,1,9831.0
6868,1087,Travel Agency,2025-06-27,2025-06-30,Standard,1,10605.0
6869,1048,Leisure,2025-06-27,2025-06-30,Suite,1,23406.0
6870,1087,Leisure,2025-06-27,2025-06-29,Suite,1,22118.0
6871,1051,Leisure,2025-06-27,2025-07-01,Standard,1,10147.0
6872,1082,Leisure,2025-06-27,2025-06-29,Deluxe,1,13904.0
6873,1060,Corporate,2025-06-27,2025-06-29,Standard,1,9416.0
6874,1056,Corporate,2025-06-27,2025-06-29,Standard,1,10190.0
6875,1020,Travel Agency,2025-06-27,2025-07-01,Standard,1,10024.0
6876,1033,Leisure,2025-06-27,2025-06-30,Standard,1,10153.0
6877,1081,Leisure,2025-06-27,2025-06-28,Standard,1,10568.0
6878,1086,Leisure,2025-06-27,2025-06-29,Deluxe,1,14720.0
6879,1029,Leisure,2025-06-27,2025-06-28,Family,1,19285.0
6880,1025,Corporate,2025-06-28,2025-07-02,Standard,1,8830.0
6881,1065,Leisure,2025-06-28,2025-07-01,Family,1,19201.0
6882,1110,Leisure,2025-06-28,2025-06-30,Family,1,19535.0
6883,1100,Leisure,2025-06-28,2025-06-30,Deluxe,1,13644.0
6884,1096,Leisure,2025-06-28,2025-06-29,Standard,1,10128.0
6885,1106,Corporate,2025-06-28,2025-06-30,Suite,1,25206.0
6886,1045,Corporate,2025-06-28,2025-06-29,Deluxe,1,13273.0
6887,1118,Travel Agency,2025-06-28,2025-07-01,Standard,1,9314.0
6888,1109,Leisure,2025-06-28,2025-07-01,Standard,1,9780.0
6889,1079,Corporate,2025-06-28,2025-06-29,Standard,1,9790.0
6890,1065,Corporate,2025-06-28,2025-06-29,Deluxe,1,14150.0
6891,1001,Event Group,2025-06-28,2025-06-29,Suite,1,26904.0
6892,1006,Travel Agency,2025-06-28,2025-06-30,Deluxe,1,14288.0
6893,1115,Travel Agency,2025-06-28,2025-06-29,Standard,1,9501.0
6894,1103,Leisure,2025-06-28,2025-06-29,Family,1,18689.0
6895,1058,Corporate,2025-06-28,2025-07-01,Family,1,19117.0
6896,1057,Corporate,2025-06-28,2025-07-01,Standard,1,9928.0
6897,1055,Corporate,2025-06-28,2025-07-01,Standard,1,10986.0
6898,1116,Corporate,2025-06-28,2025-06-30,Standard,1,10042.0
6899,1054,Leisure,2025-06-28,2025-06-30,Standard,1,10690.0
6900,1121,Leisure,2025-06-28,2025-06-29,Deluxe,1,13765.0
6901,1081,Corporate,2025-06-28,2025-06-29,Standard,1,10604.0
6902,1001,Corporate,2025-06-28,2025-07-01,Family,1,19674.0
6903,1108,Travel Agency,2025-06-28,2025-06-30,Family,1,19036.0
6904,1041,Leisure,2025-06-28,2025-07-02,Family,1,21813.0
6905,1023,Corporate,2025-06-28,2025-06-29,Standard,1,10170.0
6906,1026,Travel Agency,2025-06-28,2025-06-30,Standard,1,8742.0
6907,1102,Leisure,2025-06-28,2025-07-03,Suite,1,26084.0
6908,1111,Travel Agency,2025-06-28,2025-07-01,Standard,1,10027.0
6909,1090,Leisure,2025-06-28,2025-06-30,Standard,1,9829.0
6910,1115,Travel Agency,2025-06-28,2025-06-29,Standard,1,9189.0
6911,1014,Corporate,2025-06-28,2025-06-29,Standard,1,11177.0
6912,1053,Corporate,2025-06-28,2025-06-29,Deluxe,1,15177.0
6913,1088,Leisure,2025-06-28,2025-07-01,Deluxe,1,15965.0
6914,1110,Corporate,2025-06-28,2025-06-29,Standard,1,9777.0
6915,1100,Leisure,2025-06-29,2025-07-03,Suite,1,24394.0
6916,1037,Corporate,2025-06-29,2025-06-30,Standard,1,10783.0
6917,1031,Corporate,2025-06-29,2025-07-01,Standard,1,10430.0
6918,1090,Travel Agency,2025-06-29,2025-07-01,Standard,1,9835.0
6919,1116,Travel Agency,2025-06-29,2025-07-01,Standard,1,11366.0
6920,1030,Event Group,2025-06-29,2025-07-01,Standard,1,9927.0
6921,1002,Leisure,2025-06-29,2025-07-01,Standard,1,10741.0
6922,1015,Leisure,2025-06-29,2025-07-02,Suite,1,28022.0
6923,1088,Leisure,2025-06-29,2025-06-30,Suite,1,23365.0
6924,1117,Corporate,2025-06-29,2025-06-30,Suite,1,23424.0
6925,1070,Leisure,2025-06-29,2025-07-01,Deluxe,1,12304.0
6926,1078,Leisure,2025-06-29,2025-07-01,Standard,1,10377.0
6927,1124,Leisure,2025-06-29,2025-06-30,Standard,1,8602.0
6928,1090,Corporate,2025-06-29,2025-07-01,Deluxe,1,14476.0
6929,1011,Leisure,2025-06-29,2025-06-30,Standard,1,8935.0
6930,1032,Leisure,2025-06-29,2025-07-01,Suite,1,28055.0
6931,1083,Leisure,2025-06-29,2025-06-30,Deluxe,1,15518.0
6932,1033,Leisure,2025-06-29,2025-07-01,Deluxe,1,14365.0
6933,1119,Leisure,2025-06-29,2025-06-30,Deluxe,1,14070.0
6934,1095,Corporate,2025-06-29,2025-07-01,Family,1,17615.0
6935,1110,Travel Agency,2025-06-29,2025-06-30,Standard,1,8755.0
6936,1074,Leisure,2025-06-29,2025-07-01,Family,1,20280.0
6937,1055,Corporate,2025-06-29,2025-06-30,Standard,1,8788.0
6938,1015,Corporate,2025-06-29,2025-07-03,Standard,1,9629.0
6939,1107,Leisure,2025-06-29,2025-07-02,Deluxe,1,14602.0
6940,1123,Leisure,2025-06-29,2025-07-01,Deluxe,1,12000.0
6941,1004,Leisure,2025-06-29,2025-07-01,Standard,1,10760.0
6942,1056,Travel Agency,2025-06-29,2025-07-03,Family,1,17852.0
6943,1105,Leisure,2025-06-30,2025-07-01,Standard,1,9004.0
6944,1064,Corporate,2025-06-30,2025-07-03,Deluxe,1,16991.0
6945,1045,Leisure,2025-06-30,2025-07-03,Deluxe,1,12000.0
6946,1063,Leisure,2025-06-30,2025-07-03,Family,1,18048.0
6947,1086,Corporate,2025-06-30,2025-07-03,Family,1,19535.0
6948,1014,Leisure,2025-06-30,2025-07-01,Deluxe,1,16399.0
6949,1095,Leisure,2025-06-30,2025-07-02,Deluxe,1,16514.0
6950,1082,Leisure,2025-06-30,2025-07-02,Deluxe,1,15627.0
6951,1103,Leisure,2025-06-30,2025-07-02,Standard,1,9707.0
6952,1111,Leisure,2025-06-30,2025-07-01,Deluxe,1,14557.0
6953,1048,Event Group,2025-06-30,2025-07-03,Suite,1,25680.0
6954,1059,Leisure,2025-06-30,2025-07-04,Standard,1,8723.0
6955,1079,Travel Agency,2025-06-30,2025-07-03,Suite,1,23814.0
6956,1035,Leisure,2025-06-30,2025-07-01,Standard,1,10599.0
6957,1061,Leisure,2025-06-30,2025-07-03,Family,1,20896.0
6958,1064,Leisure,2025-06-30,2025-07-02,Standard,1,9790.0
6959,1064,Event Group,2025-06-30,2025-07-02,Standard,1,8987.0
6960,1087,Travel Agency,2025-06-30,2025-07-01,Standard,1,9067.0
6961,1069,Corporate,2025-06-30,2025-07-03,Family,1,18345.0
6962,1045,Leisure,2025-06-30,2025-07-02,Standard,1,9500.0
6963,1026,Corporate,2025-06-30,2025-07-01,Standard,1,9977.0
6964,1049,Corporate,2025-06-30,2025-07-02,Standard,1,9642.0
6965,1054,Corporate,2025-06-30,2025-07-01,Suite,1,24402.0
6966,1081,Corporate,2025-06-30,2025-07-02,Family,1,19830.0
6967,1028,Leisure,2025-06-30,2025-07-03,Standard,1,10119.0
6968,1101,Leisure,2025-06-30,2025-07-02,Standard,1,8610.0
6969,1043,Leisure,2025-06-30,2025-07-01,Standard,1,9773.0
6970,1071,Corporate,2025-06-30,2025-07-03,Standard,1,9380.0
6971,1015,Leisure,2025-06-30,2025-07-01,Family,1,19062.0
6972,1096,Leisure,2025-06-30,2025-07-01,Standard,1,9631.0
6973,1022,Leisure,2025-06-30,2025-07-02,Standard,1,9449.0
6974,1056,Corporate,2025-06-30,2025-07-01,Suite,1,23116.0
6975,1073,Travel Agency,2025-06-30,2025-07-04,Standard,1,10221.0
6976,1083,Travel Agency,2025-06-30,2025-07-03,Deluxe,1,12365.0
6977,1089,Event Group,2025-06-30,2025-07-01,Deluxe,1,15215.0
6978,1027,Travel Agency,2025-06-30,2025-07-03,Deluxe,1,13221.0
6979,1039,Corporate,2025-06-30,2025-07-01,Standard,1,9564.0
6980,1089,Corporate,2025-06-30,2025-07-01,Deluxe,1,14809.0
6981,1021,Travel Agency,2025-07-01,2025-07-03,Standard,1,16832.0
6982,1101,Corporate,2025-07-01,2025-07-02,Standard,1,17268.0
6983,1054,Travel Agency,2025-07-01,2025-07-03,Standard,1,13795.0
6984,1074,Corporate,2025-07-01,2025-07-03,Standard,1,15187.0
6985,1104,Travel Agency,2025-07-01,2025-07-03,Standard,1,15679.0
6986,1074,Corporate,2025-07-01,2025-07-02,Deluxe,1,17024.0
6987,1103,Event Group,2025-07-01,2025-07-02,Deluxe,1,20743.0
6988,1039,Corporate,2025-07-01,2025-07-04,Standard,1,14108.0
6989,1045,Travel Agency,2025-07-01,2025-07-03,Standard,1,13215.0
6990,1123,Corporate,2025-07-01,2025-07-03,Standard,1,15120.0
6991,1079,Travel Agency,2025-07-01,2025-07-05,Standard,1,12418.0
6992,1015,Leisure,2025-07-01,2025-07-05,Standard,1,14775.0
6993,1058,Travel Agency,2025-07-01,2025-07-02,Standard,1,14230.0
6994,1102,Leisure,2025-07-01,2025-07-02,Family,1,28418.0
6995,1110,Corporate,2025-07-01,2025-07-03,Deluxe,1,20678.0
6996,1083,Leisure,2025-07-01,2025-07-03,Standard,1,16096.0
6997,1021,Leisure,2025-07-01,2025-07-06,Standard,1,16178.0
6998,1117,Event Group,2025-07-01,2025-07-02,Standard,1,12802.0
6999,1107,Corporate,2025-07-01,2025-07-03,Standard,1,17431.0
7000,1080,Travel Agency,2025-07-01,2025-07-04,Standard,1,13258.0
7001,1108,Leisure,2025-07-01,2025-07-02,Deluxe,1,21460.0
7002,1038,Corporate,2025-07-01,2025-07-04,Family,1,29610.0
7003,1119,Travel Agency,2025-07-01,2025-07-03,Standard,1,16711.0
7004,1007,Leisure,2025-07-01,2025-07-05,Standard,1,13801.0
7005,1068,Corporate,2025-07-01,2025-07-02,Deluxe,1,22615.0
7006,1100,Leisure,2025-07-01,2025-07-02,Family,1,24456.0
7007,1095,Leisure,2025-07-01,2025-07-03,Standard,1,16350.0
7008,1022,Travel Agency,2025-07-01,2025-07-02,Standard,1,15609.0
7009,1116,Leisure,2025-07-01,2025-07-02,Standard,1,16152.0
7010,1011,Leisure,2025-07-01,2025-07-03,Deluxe,1,22453.0
7011,1026,Leisure,2025-07-01,2025-07-06,Deluxe,1,22474.0
7012,1018,Travel Agency,2025-07-01,2025-07-03,Standard,1,15428.0
7013,1056,Leisure,2025-07-01,2025-07-06,Deluxe,1,22957.0
7014,1057,Leisure,2025-07-01,2025-07-05,Deluxe,1,20865.0
7015,1008,Leisure,2025-07-01,2025-07-02,Deluxe,1,20558.0
7016,1076,Travel Agency,2025-07-01,2025-07-02,Deluxe,1,21775.0
7017,1084,Leisure,2025-07-01,2025-07-02,Standard,1,16197.0
7018,1035,Travel Agency,2025-07-01,2025-07-03,Standard,1,16055.0
7019,1066,Corporate,2025-07-01,2025-07-02,Deluxe,1,21608.0
7020,1074,Leisure,2025-07-01,2025-07-04,Family,1,28041.0
7021,1001,Corporate,2025-07-01,2025-07-03,Deluxe,1,22346.0
7022,1004,Travel Agency,2025-07-01,2025-07-04,Family,1,31523.0
7023,1083,Corporate,2025-07-01,2025-07-02,Standard,1,17278.0
7024,1065,Leisure,2025-07-01,2025-07-02,Standard,1,15667.0
7025,1089,Leisure,2025-07-01,2025-07-03,Deluxe,1,20062.0
7026,1077,Event Group,2025-07-01,2025-07-03,Deluxe,1,20077.0
7027,1122,Leisure,2025-07-01,2025-07-04,Standard,1,13420.0
7028,1089,Event Group,2025-07-01,2025-07-03,Standard,1,12324.0
7029,1093,Travel Agency,2025-07-01,2025-07-02,Deluxe,1,20406.0
7030,1041,Travel Agency,2025-07-02,2025-07-05,Standard,1,15195.0
7031,1107,Leisure,2025-07-02,2025-07-03,Family,1,30191.0
7032,1033,Travel Agency,2025-07-02,2025-07-05,Family,1,29834.0
7033,1019,Leisure,2025-07-02,2025-07-07,Family,1,31205.0
7034,1062,Event Group,2025-07-02,2025-07-06,Family,1,25221.0
7035,1021,Event Group,2025-07-02,2025-07-04,Suite,1,42249.0
7036,1033,Corporate,2025-07-02,2025-07-03,Standard,1,15868.0
7037,1006,Leisure,2025-07-02,2025-07-04,Standard,1,13129.0
7038,1094,Corporate,2025-07-02,2025-07-04,Suite,1,38399.0
7039,1085,Event Group,2025-07-02,2025-07-07,Standard,1,13216.0
7040,1051,Leisure,2025-07-02,2025-07-04,Deluxe,1,23138.0
7041,1090,Event Group,2025-07-02,2025-07-03,Family,1,28356.0
7042,1084,Leisure,2025-07-02,2025-07-06,Family,1,30150.0
7043,1007,Travel Agency,2025-07-02,2025-07-05,Standard,1,15102.0
7044,1010,Leisure,2025-07-02,2025-07-05,Standard,1,15695.0
7045,1077,Travel Agency,2025-07-02,2025-07-05,Standard,1,14081.0
7046,1125,Travel Agency,2025-07-02,2025-07-04,Deluxe,1,21196.0
7047,1038,Leisure,2025-07-02,2025-07-03,Standard,1,16143.0
7048,1027,Travel Agency,2025-07-02,2025-07-04,Family,1,32876.0
7049,1097,Travel Agency,2025-07-02,2025-07-04,Deluxe,1,21437.0
7050,1024,Leisure,2025-07-02,2025-07-05,Deluxe,1,20277.0
7051,1022,Travel Agency,2025-07-02,2025-07-05,Standard,1,14343.0
7052,1086,Corporate,2025-07-02,2025-07-04,Suite,1,36351.0
7053,1084,Leisure,2025-07-02,2025-07-05,Deluxe,1,22365.0
7054,1024,Travel Agency,2025-07-02,2025-07-03,Standard,1,14824.0
7055,1059,Travel Agency,2025-07-02,2025-07-03,Deluxe,1,21109.0
7056,1010,Leisure,2025-07-02,2025-07-03,Suite,1,34614.0
7057,1076,Leisure,2025-07-02,2025-07-05,Suite,1,35421.0
7058,1093,Corporate,2025-07-02,2025-07-03,Standard,1,14856.0
7059,1110,Leisure,2025-07-02,2025-07-03,Standard,1,16712.0
7060,1118,Leisure,2025-07-02,2025-07-03,Family,1,32736.0
7061,1074,Corporate,2025-07-02,2025-07-03,Suite,1,37949.0
7062,1065,Leisure,2025-07-02,2025-07-05,Deluxe,1,21984.0
7063,1010,Corporate,2025-07-02,2025-07-07,Standard,1,13566.0
7064,1079,Travel Agency,2025-07-02,2025-07-06,Standard,1,15802.0
7065,1046,Corporate,2025-07-02,2025-07-03,Suite,1,36303.0
7066,1026,Travel Agency,2025-07-02,2025-07-03,Standard,1,13916.0
7067,1096,Leisure,2025-07-02,2025-07-05,Suite,1,36440.0
7068,1089,Corporate,2025-07-02,2025-07-03,Standard,1,14143.0
7069,1118,Leisure,2025-07-02,2025-07-06,Standard,1,14451.0
7070,1111,Leisure,2025-07-02,2025-07-04,Standard,1,13874.0
7071,1046,Leisure,2025-07-02,2025-07-04,Suite,1,41575.0
7072,1063,Travel Agency,2025-07-02,2025-07-03,Deluxe,1,21468.0
7073,1019,Travel Agency,2025-07-02,2025-07-06,Standard,1,13950.0
7074,1104,Travel Agency,2025-07-02,2025-07-03,Standard,1,13451.0
7075,1091,Corporate,2025-07-02,2025-07-07,Standard,1,14966.0
7076,1015,Leisure,2025-07-02,2025-07-07,Standard,1,15314.0
7077,1102,Corporate,2025-07-02,2025-07-03,Standard,1,17021.0
7078,1121,Leisure,2025-07-02,2025-07-05,Family,1,28146.0
7079,1110,Travel Agency,2025-07-02,2025-07-05,Family,1,28966.0
7080,1057,Event Group,2025-07-02,2025-07-06,Deluxe,1,24322.0
7081,1097,Leisure,2025-07-02,2025-07-06,Deluxe,1,24156.0
7082,1123,Corporate,2025-07-02,2025-07-06,Family,1,32464.0
7083,1003,Corporate,2025-07-02,2025-07-07,Standard,1,15699.0
7084,1094,Corporate,2025-07-02,2025-07-04,Family,1,29954.0
7085,1034,Leisure,2025-07-02,2025-07-05,Deluxe,1,24776.0
7086,1103,Corporate,2025-07-02,2025-07-03,Deluxe,1,22296.0
7087,1122,Corporate,2025-07-02,2025-07-05,Standard,1,14617.0
7088,1020,Corporate,2025-07-02,2025-07-03,Standard,1,15278.0
7089,1012,Corporate,2025-07-02,2025-07-05,Standard,1,14973.0
7090,1071,Leisure,2025-07-03,2025-07-05,Standard,1,15056.0
7091,1037,Travel Agency,2025-07-03,2025-07-05,Standard,1,15570.0
7092,1110,Travel Agency,2025-07-03,2025-07-05,Deluxe,1,24323.0
7093,1086,Event Group,2025-07-03,2025-07-06,Standard,1,14529.0
7094,1040,Corporate,2025-07-03,2025-07-04,Deluxe,1,24040.0
7095,1038,Leisure,2025-07-03,2025-07-04,Standard,1,16328.0
7096,1038,Corporate,2025-07-03,2025-07-04,Suite,1,33834.0
7097,1074,Leisure,2025-07-03,2025-07-04,Standard,1,13861.0
7098,1125,Leisure,2025-07-03,2025-07-04,Standard,1,16547.0
7099,1055,Corporate,2025-07-03,2025-07-06,Family,1,30380.0
7100,1085,Leisure,2025-07-03,2025-07-08,Deluxe,1,25958.0
7101,1077,Travel Agency,2025-07-03,2025-07-05,Standard,1,14329.0
7102,1064,Leisure,2025-07-03,2025-07-05,Family,1,25561.0
7103,1057,Travel Agency,2025-07-03,2025-07-07,Deluxe,1,19638.0
7104,1062,Corporate,2025-07-03,2025-07-07,Family,1,29851.0
7105,1125,Travel Agency,2025-07-03,2025-07-04,Standard,1,14460.0
7106,1103,Leisure,2025-07-03,2025-07-05,Deluxe,1,21151.0
7107,1076,Leisure,2025-07-03,2025-07-04,Standard,1,15942.0
7108,1119,Leisure,2025-07-03,2025-07-04,Standard,1,15122.0
7109,1029,Leisure,2025-07-03,2025-07-06,Deluxe,1,22414.0
7110,1004,Travel Agency,2025-07-03,2025-07-05,Standard,1,12691.0
7111,1006,Leisure,2025-07-03,2025-07-08,Deluxe,1,22103.0
7112,1113,Corporate,2025-07-03,2025-07-05,Standard,1,12965.0
7113,1099,Leisure,2025-07-03,2025-07-04,Deluxe,1,22389.0
7114,1051,Corporate,2025-07-03,2025-07-05,Family,1,32584.0
7115,1099,Travel Agency,2025-07-03,2025-07-04,Deluxe,1,22693.0
7116,1073,Corporate,2025-07-03,2025-07-04,Standard,1,13426.0
7117,1115,Leisure,2025-07-03,2025-07-04,Standard,1,12559.0
7118,1060,Corporate,2025-07-03,2025-07-04,Standard,1,14611.0
7119,1024,Leisure,2025-07-03,2025-07-04,Family,1,26342.0
7120,1084,Leisure,2025-07-03,2025-07-07,Standard,1,15296.0
7121,1098,Corporate,2025-07-03,2025-07-04,Standard,1,14440.0
7122,1067,Event Group,2025-07-03,2025-07-05,Suite,1,40032.0
7123,1068,Leisure,2025-07-03,2025-07-06,Deluxe,1,20950.0
7124,1022,Event Group,2025-07-03,2025-07-06,Deluxe,1,19662.0
7125,1119,Corporate,2025-07-03,2025-07-07,Deluxe,1,22406.0
7126,1087,Travel Agency,2025-07-03,2025-07-04,Standard,1,14757.0
7127,1098,Corporate,2025-07-03,2025-07-07,Deluxe,1,21657.0
7128,1038,Travel Agency,2025-07-03,2025-07-08,Family,1,27653.0
7129,1115,Leisure,2025-07-03,2025-07-06,Standard,1,13027.0
7130,1122,Travel Agency,2025-07-03,2025-07-04,Family,1,29888.0
7131,1033,Leisure,2025-07-03,2025-07-04,Deluxe,1,19512.0
7132,1099,Leisure,2025-07-03,2025-07-04,Family,1,29999.0
7133,1071,Event Group,2025-07-03,2025-07-06,Standard,1,15706.0
7134,1016,Travel Agency,2025-07-03,2025-07-04,Standard,1,15185.0
7135,1100,Corporate,2025-07-03,2025-07-05,Deluxe,1,21675.0
7136,1101,Corporate,2025-07-03,2025-07-04,Standard,1,15905.0
7137,1099,Leisure,2025-07-04,2025-07-07,Standard,1,13525.0
7138,1104,Travel Agency,2025-07-04,2025-07-09,Deluxe,1,20868.0
7139,1100,Corporate,2025-07-04,2025-07-05,Suite,1,35856.0
7140,1057,Corporate,2025-07-04,2025-07-07,Standard,1,16978.0
7141,1076,Leisure,2025-07-04,2025-07-08,Deluxe,1,21260.0
7142,1037,Travel Agency,2025-07-04,2025-07-05,Deluxe,1,22630.0
7143,1088,Event Group,2025-07-04,2025-07-05,Family,1,31958.0
7144,1032,Leisure,2025-07-04,2025-07-05,Standard,1,15732.0
7145,1049,Leisure,2025-07-04,2025-07-05,Standard,1,14725.0
7146,1011,Travel Agency,2025-07-04,2025-07-05,Suite,1,39256.0
7147,1035,Corporate,2025-07-04,2025-07-06,Family,1,31664.0
7148,1114,Corporate,2025-07-04,2025-07-07,Standard,1,14759.0
7149,1125,Corporate,2025-07-04,2025-07-07,Standard,1,14168.0
7150,1012,Leisure,2025-07-04,2025-07-09,Suite,1,38210.0
7151,1010,Corporate,2025-07-04,2025-07-07,Family,1,30955.0
7152,1116,Leisure,2025-07-04,2025-07-05,Suite,1,42148.0
7153,1063,Leisure,2025-07-04,2025-07-05,Standard,1,16328.0
7154,1047,Leisure,2025-07-04,2025-07-07,Standard,1,15444.0
7155,1040,Event Group,2025-07-04,2025-07-05,Family,1,33687.0
7156,1122,Leisure,2025-07-04,2025-07-06,Standard,1,16404.0
7157,1072,Travel Agency,2025-07-04,2025-07-07,Standard,1,14088.0
7158,1014,Travel Agency,2025-07-04,2025-07-05,Standard,1,16488.0
7159,1074,Travel Agency,2025-07-04,2025-07-05,Family,1,32773.0
7160,1069,Leisure,2025-07-04,2025-07-05,Deluxe,1,19303.0
7161,1057,Corporate,2025-07-04,2025-07-07,Standard,1,15810.0
7162,1017,Corporate,2025-07-04,2025-07-09,Deluxe,1,23322.0
7163,1014,Corporate,2025-07-04,2025-07-06,Deluxe,1,21285.0
7164,1024,Travel Agency,2025-07-04,2025-07-06,Standard,1,13133.0
7165,1048,Leisure,2025-07-04,2025-07-05,Suite,1,31200.0
7166,1095,Leisure,2025-07-04,2025-07-07,Deluxe,1,20139.0
7167,1066,Leisure,2025-07-04,2025-07-05,Family,1,24263.0
7168,1064,Event Group,2025-07-04,2025-07-05,Deluxe,1,21072.0
7169,1113,Leisure,2025-07-04,2025-07-06,Deluxe,1,21614.0
7170,1106,Travel Agency,2025-07-04,2025-07-07,Family,1,27017.0
7171,1091,Corporate,2025-07-04,2025-07-05,Standard,1,16457.0
7172,1073,Leisure,2025-07-04,2025-07-06,Deluxe,1,20767.0
7173,1040,Corporate,2025-07-04,2025-07-07,Standard,1,17392.0
7174,1112,Corporate,2025-07-04,2025-07-07,Standard,1,16388.0
7175,1056,Corporate,2025-07-04,2025-07-05,Deluxe,1,21723.0
7176,1064,Leisure,2025-07-04,2025-07-07,Standard,1,15590.0
7177,1072,Travel Agency,2025-07-04,2025-07-05,Standard,1,12843.0
7178,1013,Corporate,2025-07-04,2025-07-07,Standard,1,14932.0
7179,1004,Travel Agency,2025-07-04,2025-07-05,Standard,1,14621.0
7180,1078,Corporate,2025-07-04,2025-07-08,Standard,1,16757.0
7181,1074,Leisure,2025-07-04,2025-07-05,Standard,1,14582.0
7182,1096,Event Group,2025-07-04,2025-07-06,Suite,1,38798.0
7183,1051,Leisure,2025-07-04,2025-07-05,Standard,1,17100.0
7184,1038,Event Group,2025-07-04,2025-07-06,Family,1,30716.0
7185,1028,Travel Agency,2025-07-04,2025-07-07,Standard,1,13060.0
7186,1100,Travel Agency,2025-07-04,2025-07-05,Standard,1,14840.0
7187,1066,Leisure,2025-07-04,2025-07-05,Deluxe,1,16811.0
7188,1046,Leisure,2025-07-05,2025-07-06,Standard,1,14482.0
7189,1117,Leisure,2025-07-05,2025-07-09,Standard,1,15166.0
7190,1119,Corporate,2025-07-05,2025-07-07,Standard,1,13489.0
7191,1108,Travel Agency,2025-07-05,2025-07-07,Suite,1,35224.0
7192,1058,Corporate,2025-07-05,2025-07-07,Standard,1,16166.0
7193,1111,Leisure,2025-07-05,2025-07-08,Deluxe,1,23437.0
7194,1068,Leisure,2025-07-05,2025-07-06,Deluxe,1,19742.0
7195,1028,Event Group,2025-07-05,2025-07-09,Standard,1,14802.0
7196,1118,Travel Agency,2025-07-05,2025-07-06,Deluxe,1,21972.0
7197,1004,Leisure,2025-07-05,2025-07-07,Standard,1,15672.0
7198,1094,Corporate,2025-07-05,2025-07-06,Deluxe,1,20925.0
7199,1030,Leisure,2025-07-05,2025-07-06,Family,1,32333.0
7200,1045,Event Group,2025-07-05,2025-07-10,Deluxe,1,22665.0
7201,1021,Travel Agency,2025-07-05,2025-07-06,Standard,1,16134.0
7202,1082,Corporate,2025-07-05,2025-07-08,Standard,1,16239.0
7203,1122,Travel Agency,2025-07-05,2025-07-07,Standard,1,17826.0
7204,1063,Travel Agency,2025-07-05,2025-07-08,Standard,1,13497.0
7205,1028,Corporate,2025-07-05,2025-07-06,Deluxe,1,22263.0
7206,1113,Leisure,2025-07-05,2025-07-06,Family,1,33268.0
7207,1078,Corporate,2025-07-05,2025-07-08,Standard,1,12006.0
7208,1106,Corporate,2025-07-05,2025-07-08,Standard,1,15966.0
7209,1097,Corporate,2025-07-05,2025-07-06,Family,1,27699.0
7210,1081,Travel Agency,2025-07-05,2025-07-06,Standard,1,15797.0
7211,1101,Leisure,2025-07-05,2025-07-10,Standard,1,16334.0
7212,1028,Travel Agency,2025-07-05,2025-07-08,Standard,1,14433.0
7213,1004,Travel Agency,2025-07-05,2025-07-06,Family,1,28558.0
7214,1025,Leisure,2025-07-05,2025-07-06,Standard,1,14935.0
7215,1007,Corporate,2025-07-05,2025-07-07,Standard,1,16150.0
7216,1058,Corporate,2025-07-05,2025-07-06,Standard,1,11560.0
7217,1025,Corporate,2025-07-05,2025-07-09,Suite,1,40152.0
7218,1040,Corporate,2025-07-05,2025-07-06,Family,1,31672.0
7219,1086,Event Group,2025-07-05,2025-07-06,Deluxe,1,23019.0
7220,1115,Leisure,2025-07-05,2025-07-07,Family,1,32771.0
7221,1008,Leisure,2025-07-05,2025-07-07,Deluxe,1,21592.0
7222,1081,Leisure,2025-07-05,2025-07-06,Standard,1,14824.0
7223,1097,Event Group,2025-07-05,2025-07-09,Standard,1,15989.0
7224,1083,Corporate,2025-07-05,2025-07-06,Family,1,31873.0
7225,1105,Travel Agency,2025-07-05,2025-07-07,Deluxe,1,22404.0
7226,1080,Travel Agency,2025-07-05,2025-07-07,Standard,1,15449.0
7227,1080,Leisure,2025-07-05,2025-07-07,Deluxe,1,19782.0
7228,1120,Corporate,2025-07-05,2025-07-06,Standard,1,15169.0
7229,1037,Travel Agency,2025-07-05,2025-07-07,Deluxe,1,23960.0
7230,1123,Corporate,2025-07-05,2025-07-07,Family,1,25960.0
7231,1066,Event Group,2025-07-05,2025-07-06,Suite,1,38657.0
7232,1067,Leisure,2025-07-05,2025-07-07,Deluxe,1,21380.0
7233,1001,Leisure,2025-07-05,2025-07-07,Deluxe,1,17518.0
7234,1043,Corporate,2025-07-05,2025-07-07,Deluxe,1,20519.0
7235,1053,Travel Agency,2025-07-05,2025-07-07,Standard,1,15252.0
7236,1023,Corporate,2025-07-05,2025-07-08,Deluxe,1,22766.0
7237,1089,Corporate,2025-07-05,2025-07-10,Deluxe,1,22809.0
7238,1029,Event Group,2025-07-05,2025-07-06,Standard,1,14332.0
7239,1089,Leisure,2025-07-05,2025-07-06,Deluxe,1,23837.0
7240,1113,Corporate,2025-07-05,2025-07-07,Standard,1,13918.0
7241,1074,Event Group,2025-07-05,2025-07-08,Standard,1,14220.0
7242,1118,Travel Agency,2025-07-05,2025-07-06,Family,1,28726.0
7243,1072,Corporate,2025-07-06,2025-07-07,Standard,1,14208.0
7244,1107,Travel Agency,2025-07-06,2025-07-08,Family,1,27215.0
7245,1047,Travel Agency,2025-07-06,2025-07-09,Family,1,31077.0
7246,1051,Leisure,2025-07-06,2025-07-08,Deluxe,1,22307.0
7247,1020,Leisure,2025-07-06,2025-07-10,Deluxe,1,21408.0
7248,1075,Corporate,2025-07-06,2025-07-07,Family,1,28050.0
7249,1059,Corporate,2025-07-06,2025-07-08,Standard,1,15132.0
7250,1015,Corporate,2025-07-06,2025-07-07,Standard,1,12675.0
7251,1077,Leisure,2025-07-06,2025-07-07,Standard,1,13742.0
7252,1057,Travel Agency,2025-07-06,2025-07-07,Deluxe,1,26642.0
7253,1006,Corporate,2025-07-06,2025-07-07,Deluxe,1,21033.0
7254,1058,Leisure,2025-07-06,2025-07-08,Deluxe,1,23474.0
7255,1056,Corporate,2025-07-06,2025-07-09,Standard,1,15439.0
7256,1100,Corporate,2025-07-06,2025-07-10,Family,1,35704.0
7257,1093,Event Group,2025-07-06,2025-07-07,Family,1,31658.0
7258,1047,Event Group,2025-07-06,2025-07-11,Standard,1,14948.0
7259,1010,Corporate,2025-07-06,2025-07-08,Standard,1,14263.0
7260,1065,Corporate,2025-07-06,2025-07-07,Standard,1,15100.0
7261,1048,Leisure,2025-07-06,2025-07-07,Family,1,27119.0
7262,1001,Corporate,2025-07-06,2025-07-09,Standard,1,15036.0
7263,1113,Travel Agency,2025-07-06,2025-07-09,Deluxe,1,19930.0
7264,1006,Travel Agency,2025-07-06,2025-07-10,Family,1,30500.0
7265,1117,Corporate,2025-07-06,2025-07-07,Deluxe,1,24047.0
7266,1084,Event Group,2025-07-06,2025-07-09,Standard,1,15378.0
7267,1094,Leisure,2025-07-06,2025-07-08,Standard,1,13759.0
7268,1111,Travel Agency,2025-07-06,2025-07-07,Family,1,25931.0
7269,1095,Event Group,2025-07-06,2025-07-08,Deluxe,1,19553.0
7270,1013,Corporate,2025-07-06,2025-07-07,Deluxe,1,17518.0
7271,1057,Corporate,2025-07-06,2025-07-09,Suite,1,37857.0
7272,1085,Corporate,2025-07-06,2025-07-07,Standard,1,13236.0
7273,1026,Event Group,2025-07-06,2025-07-07,Deluxe,1,20084.0
7274,1049,Leisure,2025-07-06,2025-07-08,Standard,1,13347.0
7275,1024,Leisure,2025-07-06,2025-07-10,Standard,1,13103.0
7276,1107,Travel Agency,2025-07-06,2025-07-10,Family,1,28585.0
7277,1107,Event Group,2025-07-06,2025-07-07,Standard,1,12793.0
7278,1064,Leisure,2025-07-06,2025-07-08,Deluxe,1,21059.0
7279,1047,Leisure,2025-07-06,2025-07-07,Standard,1,16281.0
7280,1065,Corporate,2025-07-06,2025-07-08,Family,1,29210.0
7281,1088,Leisure,2025-07-06,2025-07-08,Standard,1,13251.0
7282,1112,Corporate,2025-07-06,2025-07-07,Deluxe,1,21939.0
7283,1105,Travel Agency,2025-07-06,2025-07-09,Deluxe,1,22766.0
7284,1106,Leisure,2025-07-06,2025-07-07,Family,1,32312.0
7285,1090,Corporate,2025-07-06,2025-07-10,Standard,1,15047.0
7286,1054,Event Group,2025-07-06,2025-07-09,Standard,1,14739.0
7287,1107,Corporate,2025-07-06,2025-07-09,Standard,1,16916.0
7288,1050,Leisure,2025-07-06,2025-07-07,Suite,1,33250.0
7289,1108,Leisure,2025-07-06,2025-07-07,Standard,1,15254.0
7290,1048,Corporate,2025-07-06,2025-07-07,Standard,1,14084.0
7291,1105,Event Group,2025-07-06,2025-07-08,Standard,1,13061.0
7292,1093,Travel Agency,2025-07-06,2025-07-08,Deluxe,1,24497.0
7293,1125,Corporate,2025-07-06,2025-07-08,Standard,1,13946.0
7294,1044,Corporate,2025-07-06,2025-07-08,Standard,1,12907.0
7295,1043,Leisure,2025-07-06,2025-07-07,Suite,1,37796.0
7296,1080,Corporate,2025-07-06,2025-07-10,Family,1,28418.0
7297,1072,Corporate,2025-07-06,2025-07-08,Deluxe,1,22675.0
7298,1022,Leisure,2025-07-06,2025-07-11,Deluxe,1,21179.0
7299,1047,Leisure,2025-07-06,2025-07-07,Standard,1,15759.0
7300,1101,Leisure,2025-07-06,2025-07-08,Deluxe,1,19828.0
7301,1088,Leisure,2025-07-06,2025-07-08,Deluxe,1,20397.0
7302,1123,Travel Agency,2025-07-06,2025-07-07,Standard,1,15636.0
7303,1032,Corporate,2025-07-07,2025-07-09,Standard,1,15008.0
7304,1073,Leisure,2025-07-07,2025-07-08,Standard,1,14366.0
7305,1015,Travel Agency,2025-07-07,2025-07-08,Suite,1,38955.0
7306,1052,Leisure,2025-07-07,2025-07-09,Suite,1,36925.0
7307,1018,Leisure,2025-07-07,2025-07-09,Standard,1,13818.0
7308,1014,Leisure,2025-07-07,2025-07-09,Deluxe,1,21381.0
7309,1059,Leisure,2025-07-07,2025-07-08,Standard,1,13975.0
7310,1120,Corporate,2025-07-07,2025-07-09,Deluxe,1,21949.0
7311,1119,Leisure,2025-07-07,2025-07-09,Standard,1,14080.0
7312,1051,Leisure,2025-07-07,2025-07-08,Standard,1,13788.0
7313,1027,Leisure,2025-07-07,2025-07-11,Family,1,32185.0
7314,1046,Travel Agency,2025-07-07,2025-07-09,Suite,1,34707.0
7315,1069,Leisure,2025-07-07,2025-07-10,Deluxe,1,21596.0
7316,1116,Leisure,2025-07-07,2025-07-08,Family,1,32353.0
7317,1106,Leisure,2025-07-07,2025-07-08,Standard,1,14351.0
7318,1055,Corporate,2025-07-07,2025-07-09,Family,1,29125.0
7319,1026,Leisure,2025-07-07,2025-07-08,Family,1,29286.0
7320,1037,Event Group,2025-07-07,2025-07-11,Standard,1,14160.0
7321,1059,Leisure,2025-07-07,2025-07-09,Standard,1,17144.0
7322,1078,Leisure,2025-07-07,2025-07-09,Standard,1,16922.0
7323,1120,Travel Agency,2025-07-07,2025-07-08,Family,1,33165.0
7324,1098,Corporate,2025-07-07,2025-07-09,Suite,1,37909.0
7325,1111,Leisure,2025-07-07,2025-07-10,Standard,1,16057.0
7326,1085,Leisure,2025-07-07,2025-07-08,Standard,1,13315.0
7327,1082,Corporate,2025-07-07,2025-07-08,Standard,1,15195.0
7328,1046,Corporate,2025-07-07,2025-07-08,Standard,1,12741.0
7329,1054,Travel Agency,2025-07-07,2025-07-09,Deluxe,1,22708.0
7330,1044,Corporate,2025-07-07,2025-07-08,Deluxe,1,19062.0
7331,1046,Travel Agency,2025-07-07,2025-07-08,Standard,1,12076.0
7332,1017,Corporate,2025-07-07,2025-07-08,Standard,1,12791.0
7333,1031,Leisure,2025-07-07,2025-07-08,Standard,1,15653.0
7334,1110,Corporate,2025-07-07,2025-07-09,Standard,1,15369.0
7335,1008,Corporate,2025-07-07,2025-07-09,Deluxe,1,19888.0
7336,1097,Corporate,2025-07-07,2025-07-08,Standard,1,12625.0
7337,1077,Corporate,2025-07-07,2025-07-08,Family,1,35588.0
7338,1066,Event Group,2025-07-07,2025-07-11,Standard,1,15119.0
7339,1004,Event Group,2025-07-07,2025-07-09,Standard,1,12920.0
7340,1101,Corporate,2025-07-07,2025-07-08,Standard,1,14015.0
7341,1072,Leisure,2025-07-07,2025-07-08,Standard,1,14326.0
7342,1031,Leisure,2025-07-07,2025-07-10,Standard,1,14957.0
7343,1063,Travel Agency,2025-07-07,2025-07-08,Family,1,26332.0
7344,1009,Leisure,2025-07-07,2025-07-08,Standard,1,15120.0
7345,1072,Leisure,2025-07-07,2025-07-09,Standard,1,15012.0
7346,1024,Event Group,2025-07-07,2025-07-08,Family,1,31763.0
7347,1028,Corporate,2025-07-07,2025-07-09,Family,1,31089.0
7348,1078,Travel Agency,2025-07-07,2025-07-09,Suite,1,36362.0
7349,1008,Corporate,2025-07-07,2025-07-09,Standard,1,15139.0
7350,1107,Travel Agency,2025-07-07,2025-07-08,Family,1,30388.0
7351,1110,Leisure,2025-07-07,2025-07-09,Family,1,27223.0
7352,1043,Leisure,2025-07-07,2025-07-12,Deluxe,1,22357.0
7353,1114,Travel Agency,2025-07-07,2025-07-11,Deluxe,1,20414.0
7354,1111,Corporate,2025-07-07,2025-07-08,Suite,1,38153.0
7355,1019,Leisure,2025-07-07,2025-07-08,Deluxe,1,23386.0
7356,1090,Corporate,2025-07-07,2025-07-08,Family,1,31781.0
7357,1024,Leisure,2025-07-07,2025-07-08,Suite,1,39924.0
7358,1005,Leisure,2025-07-08,2025-07-11,Standard,1,13279.0
7359,1093,Travel Agency,2025-07-08,2025-07-11,Suite,1,30148.0
7360,1025,Corporate,2025-07-08,2025-07-10,Deluxe,1,20929.0
7361,1038,Leisure,2025-07-08,2025-07-12,Standard,1,12646.0
7362,1076,Travel Agency,2025-07-08,2025-07-11,Standard,1,12903.0
7363,1119,Leisure,2025-07-08,2025-07-09,Standard,1,14030.0
7364,1123,Leisure,2025-07-08,2025-07-10,Deluxe,1,23877.0
7365,1021,Corporate,2025-07-08,2025-07-11,Standard,1,17012.0
7366,1118,Leisure,2025-07-08,2025-07-09,Standard,1,17035.0
7367,1078,Corporate,2025-07-08,2025-07-11,Deluxe,1,19366.0
7368,1076,Travel Agency,2025-07-08,2025-07-09,Family,1,29780.0
7369,1082,Leisure,2025-07-08,2025-07-09,Standard,1,15047.0
7370,1120,Leisure,2025-07-08,2025-07-09,Family,1,24397.0
7371,1071,Leisure,2025-07-08,2025-07-09,Standard,1,16219.0
7372,1004,Leisure,2025-07-08,2025-07-10,Standard,1,14370.0
7373,1028,Leisure,2025-07-08,2025-07-09,Standard,1,16084.0
7374,1098,Travel Agency,2025-07-08,2025-07-11,Standard,1,13579.0
7375,1121,Leisure,2025-07-08,2025-07-12,Deluxe,1,24024.0
7376,1016,Corporate,2025-07-08,2025-07-09,Suite,1,36085.0
7377,1097,Corporate,2025-07-08,2025-07-10,Standard,1,15273.0
7378,1064,Leisure,2025-07-08,2025-07-13,Standard,1,15385.0
7379,1105,Leisure,2025-07-08,2025-07-11,Standard,1,12627.0
7380,1101,Leisure,2025-07-08,2025-07-12,Deluxe,1,21667.0
7381,1030,Travel Agency,2025-07-08,2025-07-12,Family,1,29333.0
7382,1095,Corporate,2025-07-08,2025-07-10,Deluxe,1,22971.0
7383,1002,Corporate,2025-07-08,2025-07-09,Standard,1,16933.0
7384,1044,Travel Agency,2025-07-08,2025-07-09,Deluxe,1,20310.0
7385,1108,Leisure,2025-07-08,2025-07-12,Standard,1,16563.0
7386,1035,Corporate,2025-07-08,2025-07-10,Deluxe,1,19824.0
7387,1028,Leisure,2025-07-08,2025-07-09,Standard,1,14968.0
7388,1063,Leisure,2025-07-08,2025-07-10,Standard,1,14045.0
7389,1003,Corporate,2025-07-08,2025-07-10,Standard,1,14615.0
7390,1086,Leisure,2025-07-08,2025-07-09,Deluxe,1,23771.0
7391,1048,Leisure,2025-07-08,2025-07-09,Standard,1,16867.0
7392,1051,Leisure,2025-07-08,2025-07-11,Standard,1,15803.0
7393,1104,Corporate,2025-07-08,2025-07-10,Family,1,29003.0
7394,1118,Leisure,2025-07-08,2025-07-10,Standard,1,14086.0
7395,1085,Corporate,2025-07-08,2025-07-10,Deluxe,1,23671.0
7396,1057,Leisure,2025-07-08,2025-07-10,Standard,1,14578.0
7397,1051,Leisure,2025-07-08,2025-07-09,Deluxe,1,21211.0
7398,1001,Leisure,2025-07-08,2025-07-09,Standard,1,13211.0
7399,1067,Corporate,2025-07-08,2025-07-10,Deluxe,1,22696.0
7400,1068,Leisure,2025-07-08,2025-07-09,Standard,1,13664.0
7401,1082,Leisure,2025-07-08,2025-07-10,Standard,1,16359.0
7402,1109,Travel Agency,2025-07-08,2025-07-10,Standard,1,13752.0
7403,1042,Travel Agency,2025-07-08,2025-07-11,Standard,1,15921.0
7404,1106,Leisure,2025-07-08,2025-07-11,Standard,1,14167.0
7405,1078,Travel Agency,2025-07-08,2025-07-12,Family,1,28208.0
7406,1025,Corporate,2025-07-08,2025-07-10,Deluxe,1,20796.0
7407,1033,Corporate,2025-07-08,2025-07-11,Suite,1,34710.0
7408,1120,Leisure,2025-07-08,2025-07-13,Family,1,31450.0
7409,1012,Travel Agency,2025-07-08,2025-07-10,Family,1,31064.0
7410,1071,Travel Agency,2025-07-08,2025-07-13,Deluxe,1,19981.0
7411,1079,Leisure,2025-07-09,2025-07-12,Standard,1,13522.0
7412,1115,Corporate,2025-07-09,2025-07-10,Family,1,29334.0
7413,1084,Travel Agency,2025-07-09,2025-07-13,Family,1,27900.0
7414,1123,Corporate,2025-07-09,2025-07-11,Deluxe,1,18809.0
7415,1035,Leisure,2025-07-09,2025-07-12,Standard,1,16357.0
7416,1090,Leisure,2025-07-09,2025-07-11,Standard,1,15763.0
7417,1075,Leisure,2025-07-09,2025-07-13,Deluxe,1,20755.0
7418,1009,Leisure,2025-07-09,2025-07-10,Deluxe,1,21358.0
7419,1078,Travel Agency,2025-07-09,2025-07-11,Suite,1,40061.0
7420,1071,Event Group,2025-07-09,2025-07-10,Family,1,35606.0
7421,1004,Leisure,2025-07-09,2025-07-10,Suite,1,41624.0
7422,1047,Leisure,2025-07-09,2025-07-10,Standard,1,17145.0
7423,1028,Corporate,2025-07-09,2025-07-10,Standard,1,13860.0
7424,1051,Travel Agency,2025-07-09,2025-07-10,Standard,1,14306.0
7425,1071,Leisure,2025-07-09,2025-07-12,Deluxe,1,21556.0
7426,1032,Corporate,2025-07-09,2025-07-10,Standard,1,14964.0
7427,1024,Leisure,2025-07-09,2025-07-11,Standard,1,15714.0
7428,1122,Travel Agency,2025-07-09,2025-07-11,Deluxe,1,24623.0
7429,1074,Leisure,2025-07-09,2025-07-12,Standard,1,14061.0
7430,1089,Leisure,2025-07-09,2025-07-10,Deluxe,1,20288.0
7431,1049,Event Group,2025-07-09,2025-07-11,Standard,1,14826.0
7432,1106,Travel Agency,2025-07-09,2025-07-12,Family,1,23860.0
7433,1028,Travel Agency,2025-07-09,2025-07-13,Deluxe,1,20291.0
7434,1015,Travel Agency,2025-07-09,2025-07-11,Suite,1,37369.0
7435,1015,Corporate,2025-07-09,2025-07-10,Standard,1,13581.0
7436,1092,Corporate,2025-07-09,2025-07-14,Standard,1,14907.0
7437,1116,Corporate,2025-07-09,2025-07-11,Deluxe,1,24468.0
7438,1031,Corporate,2025-07-09,2025-07-10,Standard,1,17253.0
7439,1094,Leisure,2025-07-09,2025-07-12,Deluxe,1,22994.0
7440,1015,Leisure,2025-07-09,2025-07-11,Standard,1,13707.0
7441,1048,Corporate,2025-07-09,2025-07-10,Standard,1,14755.0
7442,1034,Corporate,2025-07-09,2025-07-13,Family,1,29373.0
7443,1092,Corporate,2025-07-09,2025-07-11,Deluxe,1,21459.0
7444,1112,Corporate,2025-07-09,2025-07-10,Standard,1,13751.0
7445,1045,Corporate,2025-07-09,2025-07-10,Standard,1,15935.0
7446,1096,Event Group,2025-07-09,2025-07-10,Deluxe,1,22727.0
7447,1011,Leisure,2025-07-09,2025-07-13,Standard,1,16799.0
7448,1056,Corporate,2025-07-09,2025-07-11,Standard,1,15178.0
7449,1122,Travel Agency,2025-07-09,2025-07-11,Family,1,25922.0
7450,1025,Corporate,2025-07-09,2025-07-10,Deluxe,1,20949.0
7451,1003,Travel Agency,2025-07-09,2025-07-13,Deluxe,1,20451.0
7452,1011,Leisure,2025-07-09,2025-07-10,Standard,1,15208.0
7453,1037,Event Group,2025-07-09,2025-07-12,Deluxe,1,22474.0
7454,1010,Travel Agency,2025-07-09,2025-07-10,Family,1,34230.0
7455,1042,Corporate,2025-07-09,2025-07-10,Deluxe,1,21392.0
7456,1041,Corporate,2025-07-09,2025-07-10,Suite,1,37186.0
7457,1064,Event Group,2025-07-09,2025-07-10,Standard,1,14034.0
7458,1007,Leisure,2025-07-09,2025-07-11,Deluxe,1,22014.0
7459,1051,Leisure,2025-07-09,2025-07-11,Deluxe,1,24105.0
7460,1120,Corporate,2025-07-09,2025-07-10,Standard,1,14809.0
7461,1021,Leisure,2025-07-09,2025-07-10,Deluxe,1,23625.0
7462,1057,Leisure,2025-07-09,2025-07-11,Standard,1,14918.0
7463,1089,Leisure,2025-07-09,2025-07-12,Standard,1,14304.0
7464,1014,Corporate,2025-07-09,2025-07-10,Deluxe,1,21258.0
7465,1026,Travel Agency,2025-07-09,2025-07-10,Standard,1,14806.0
7466,1004,Corporate,2025-07-10,2025-07-12,Suite,1,37166.0
7467,1009,Corporate,2025-07-10,2025-07-11,Standard,1,14622.0
7468,1010,Travel Agency,2025-07-10,2025-07-12,Deluxe,1,22810.0
7469,1035,Leisure,2025-07-10,2025-07-12,Deluxe,1,20057.0
7470,1072,Travel Agency,2025-07-10,2025-07-14,Deluxe,1,18117.0
7471,1021,Leisure,2025-07-10,2025-07-11,Standard,1,13783.0
7472,1078,Corporate,2025-07-10,2025-07-13,Family,1,33352.0
7473,1011,Leisure,2025-07-10,2025-07-12,Standard,1,15521.0
7474,1016,Leisure,2025-07-10,2025-07-12,Family,1,30320.0
7475,1106,Travel Agency,2025-07-10,2025-07-13,Standard,1,15143.0
7476,1054,Leisure,2025-07-10,2025-07-13,Family,1,28803.0
7477,1035,Leisure,2025-07-10,2025-07-12,Family,1,27200.0
7478,1013,Corporate,2025-07-10,2025-07-13,Deluxe,1,22567.0
7479,1116,Corporate,2025-07-10,2025-07-11,Standard,1,15016.0
7480,1086,Travel Agency,2025-07-10,2025-07-14,Deluxe,1,25076.0
7481,1045,Leisure,2025-07-10,2025-07-11,Standard,1,15465.0
7482,1018,Leisure,2025-07-10,2025-07-11,Family,1,31084.0
7483,1080,Corporate,2025-07-10,2025-07-11,Standard,1,15974.0
7484,1073,Leisure,2025-07-10,2025-07-12,Family,1,30471.0
7485,1065,Leisure,2025-07-10,2025-07-13,Deluxe,1,22844.0
7486,1025,Event Group,2025-07-10,2025-07-15,Deluxe,1,19015.0
7487,1115,Leisure,2025-07-10,2025-07-13,Standard,1,13194.0
7488,1079,Leisure,2025-07-10,2025-07-11,Deluxe,1,21486.0
7489,1026,Leisure,2025-07-10,2025-07-12,Standard,1,17367.0
7490,1035,Corporate,2025-07-10,2025-07-13,Deluxe,1,20007.0
7491,1030,Leisure,2025-07-10,2025-07-12,Standard,1,15827.0
7492,1078,Travel Agency,2025-07-10,2025-07-13,Standard,1,13782.0
7493,1059,Leisure,2025-07-10,2025-07-13,Standard,1,16384.0
7494,1111,Corporate,2025-07-10,2025-07-13,Standard,1,14872.0
7495,1001,Corporate,2025-07-10,2025-07-11,Standard,1,18048.0
7496,1032,Corporate,2025-07-10,2025-07-12,Family,1,31679.0
7497,1113,Corporate,2025-07-10,2025-07-11,Standard,1,15611.0
7498,1044,Leisure,2025-07-10,2025-07-12,Standard,1,14788.0
7499,1022,Corporate,2025-07-10,2025-07-14,Standard,1,16665.0
7500,1059,Leisure,2025-07-10,2025-07-12,Suite,1,39309.0
7501,1103,Leisure,2025-07-10,2025-07-11,Standard,1,14340.0
7502,1112,Travel Agency,2025-07-10,2025-07-13,Deluxe,1,22692.0
7503,1060,Corporate,2025-07-10,2025-07-11,Standard,1,14571.0
7504,1083,Corporate,2025-07-10,2025-07-14,Standard,1,15917.0
7505,1071,Corporate,2025-07-10,2025-07-13,Standard,1,14794.0
7506,1065,Travel Agency,2025-07-10,2025-07-11,Deluxe,1,21793.0
7507,1015,Corporate,2025-07-10,2025-07-12,Standard,1,13699.0
7508,1116,Corporate,2025-07-10,2025-07-14,Standard,1,13221.0
7509,1077,Corporate,2025-07-10,2025-07-12,Standard,1,14941.0
7510,1028,Corporate,2025-07-10,2025-07-15,Family,1,28203.0
7511,1064,Leisure,2025-07-10,2025-07-12,Deluxe,1,22024.0
7512,1008,Travel Agency,2025-07-10,2025-07-12,Standard,1,13363.0
7513,1121,Corporate,2025-07-10,2025-07-13,Standard,1,16645.0
7514,1023,Corporate,2025-07-10,2025-07-13,Deluxe,1,20974.0
7515,1123,Corporate,2025-07-10,2025-07-14,Family,1,34550.0
7516,1010,Corporate,2025-07-10,2025-07-14,Standard,1,14496.0
7517,1052,Corporate,2025-07-10,2025-07-12,Standard,1,15552.0
7518,1106,Corporate,2025-07-10,2025-07-14,Family,1,26335.0
7519,1096,Corporate,2025-07-10,2025-07-14,Family,1,30159.0
7520,1055,Corporate,2025-07-10,2025-07-13,Standard,1,14706.0
7521,1093,Leisure,2025-07-10,2025-07-13,Standard,1,16073.0
7522,1117,Leisure,2025-07-10,2025-07-13,Standard,1,13159.0
7523,1067,Travel Agency,2025-07-11,2025-07-12,Standard,1,15491.0
7524,1005,Leisure,2025-07-11,2025-07-13,Family,1,25664.0
7525,1045,Corporate,2025-07-11,2025-07-12,Standard,1,15032.0
7526,1041,Travel Agency,2025-07-11,2025-07-12,Deluxe,1,19764.0
7527,1033,Corporate,2025-07-11,2025-07-14,Standard,1,14791.0
7528,1022,Event Group,2025-07-11,2025-07-12,Deluxe,1,21650.0
7529,1066,Leisure,2025-07-11,2025-07-14,Deluxe,1,22679.0
7530,1023,Corporate,2025-07-11,2025-07-13,Family,1,23801.0
7531,1038,Corporate,2025-07-11,2025-07-13,Standard,1,14824.0
7532,1051,Leisure,2025-07-11,2025-07-12,Standard,1,13204.0
7533,1113,Travel Agency,2025-07-11,2025-07-13,Deluxe,1,21629.0
7534,1009,Corporate,2025-07-11,2025-07-12,Standard,1,13546.0
7535,1061,Corporate,2025-07-11,2025-07-12,Standard,1,14841.0
7536,1109,Corporate,2025-07-11,2025-07-13,Standard,1,15048.0
7537,1067,Leisure,2025-07-11,2025-07-13,Deluxe,1,20594.0
7538,1091,Leisure,2025-07-11,2025-07-14,Deluxe,1,22915.0
7539,1028,Event Group,2025-07-11,2025-07-12,Family,1,27725.0
7540,1078,Leisure,2025-07-11,2025-07-15,Family,1,26601.0
7541,1061,Corporate,2025-07-11,2025-07-13,Deluxe,1,20825.0
7542,1107,Leisure,2025-07-11,2025-07-13,Deluxe,1,23411.0
7543,1006,Corporate,2025-07-11,2025-07-13,Standard,1,14219.0
7544,1087,Corporate,2025-07-11,2025-07-12,Standard,1,16391.0
7545,1008,Travel Agency,2025-07-11,2025-07-12,Deluxe,1,22113.0
7546,1095,Travel Agency,2025-07-11,2025-07-12,Family,1,28134.0
7547,1081,Leisure,2025-07-11,2025-07-12,Standard,1,13693.0
7548,1080,Corporate,2025-07-11,2025-07-13,Family,1,28924.0
7549,1117,Leisure,2025-07-11,2025-07-13,Standard,1,15841.0
7550,1012,Travel Agency,2025-07-11,2025-07-14,Deluxe,1,20650.0
7551,1040,Corporate,2025-07-11,2025-07-13,Standard,1,15177.0
7552,1003,Corporate,2025-07-11,2025-07-12,Suite,1,39213.0
7553,1045,Corporate,2025-07-11,2025-07-12,Family,1,28968.0
7554,1052,Corporate,2025-07-11,2025-07-13,Family,1,29283.0
7555,1059,Travel Agency,2025-07-11,2025-07-12,Standard,1,14002.0
7556,1106,Leisure,2025-07-11,2025-07-15,Deluxe,1,20091.0
7557,1042,Event Group,2025-07-11,2025-07-15,Standard,1,16683.0
7558,1033,Travel Agency,2025-07-11,2025-07-12,Standard,1,13938.0
7559,1043,Leisure,2025-07-11,2025-07-14,Deluxe,1,21193.0
7560,1105,Leisure,2025-07-11,2025-07-12,Standard,1,12892.0
7561,1007,Leisure,2025-07-11,2025-07-14,Deluxe,1,22494.0
7562,1022,Leisure,2025-07-11,2025-07-13,Standard,1,12637.0
7563,1036,Leisure,2025-07-11,2025-07-15,Family,1,28722.0
7564,1042,Event Group,2025-07-11,2025-07-14,Deluxe,1,20798.0
7565,1075,Leisure,2025-07-11,2025-07-12,Family,1,26121.0
7566,1008,Corporate,2025-07-11,2025-07-13,Family,1,29782.0
7567,1072,Leisure,2025-07-11,2025-07-14,Suite,1,37926.0
7568,1011,Leisure,2025-07-11,2025-07-12,Standard,1,14862.0
7569,1041,Leisure,2025-07-11,2025-07-12,Family,1,29529.0
7570,1091,Leisure,2025-07-11,2025-07-14,Standard,1,13514.0
7571,1043,Leisure,2025-07-11,2025-07-14,Family,1,26009.0
7572,1017,Corporate,2025-07-11,2025-07-12,Standard,1,15059.0
7573,1003,Corporate,2025-07-11,2025-07-14,Deluxe,1,23104.0
7574,1053,Corporate,2025-07-11,2025-07-12,Standard,1,15256.0
7575,1067,Leisure,2025-07-11,2025-07-13,Standard,1,13554.0
7576,1078,Leisure,2025-07-11,2025-07-13,Standard,1,14882.0
7577,1092,Corporate,2025-07-11,2025-07-12,Family,1,27748.0
7578,1114,Corporate,2025-07-11,2025-07-12,Family,1,29607.0
7579,1087,Leisure,2025-07-12,2025-07-17,Standard,1,14499.0
7580,1039,Leisure,2025-07-12,2025-07-14,Standard,1,14564.0
7581,1007,Travel Agency,2025-07-12,2025-07-15,Standard,1,16280.0
7582,1061,Leisure,2025-07-12,2025-07-15,Deluxe,1,22242.0
7583,1088,Leisure,2025-07-12,2025-07-14,Family,1,29200.0
7584,1093,Corporate,2025-07-12,2025-07-13,Family,1,26408.0
7585,1060,Leisure,2025-07-12,2025-07-14,Family,1,31633.0
7586,1046,Leisure,2025-07-12,2025-07-16,Standard,1,15959.0
7587,1027,Travel Agency,2025-07-12,2025-07-13,Standard,1,14521.0
7588,1033,Corporate,2025-07-12,2025-07-17,Standard,1,13703.0
7589,1014,Leisure,2025-07-12,2025-07-15,Standard,1,16912.0
7590,1031,Leisure,2025-07-12,2025-07-13,Family,1,27655.0
7591,1018,Leisure,2025-07-12,2025-07-14,Suite,1,36490.0
7592,1087,Leisure,2025-07-12,2025-07-13,Standard,1,15434.0
7593,1067,Event Group,2025-07-12,2025-07-13,Deluxe,1,20791.0
7594,1003,Corporate,2025-07-12,2025-07-15,Standard,1,15993.0
7595,1050,Leisure,2025-07-12,2025-07-15,Standard,1,15015.0
7596,1039,Corporate,2025-07-12,2025-07-15,Standard,1,16818.0
7597,1014,Leisure,2025-07-12,2025-07-14,Standard,1,14839.0
7598,1095,Leisure,2025-07-12,2025-07-16,Family,1,28181.0
7599,1113,Leisure,2025-07-12,2025-07-15,Family,1,36366.0
7600,1056,Corporate,2025-07-12,2025-07-14,Suite,1,38927.0
7601,1045,Travel Agency,2025-07-12,2025-07-15,Deluxe,1,22850.0
7602,1065,Corporate,2025-07-12,2025-07-13,Standard,1,15731.0
7603,1021,Travel Agency,2025-07-12,2025-07-14,Deluxe,1,17446.0
7604,1115,Corporate,2025-07-12,2025-07-13,Standard,1,16365.0
7605,1076,Travel Agency,2025-07-12,2025-07-15,Standard,1,14720.0
7606,1093,Leisure,2025-07-12,2025-07-13,Family,1,31932.0
7607,1090,Travel Agency,2025-07-12,2025-07-14,Standard,1,14500.0
7608,1039,Travel Agency,2025-07-12,2025-07-13,Deluxe,1,20804.0
7609,1106,Corporate,2025-07-12,2025-07-15,Standard,1,14025.0
7610,1020,Corporate,2025-07-12,2025-07-13,Deluxe,1,20592.0
7611,1049,Leisure,2025-07-12,2025-07-16,Family,1,31169.0
7612,1065,Corporate,2025-07-12,2025-07-14,Deluxe,1,23950.0
7613,1045,Leisure,2025-07-12,2025-07-15,Deluxe,1,19670.0
7614,1096,Leisure,2025-07-12,2025-07-13,Deluxe,1,18697.0
7615,1063,Corporate,2025-07-12,2025-07-15,Family,1,33653.0
7616,1065,Leisure,2025-07-12,2025-07-14,Standard,1,15448.0
7617,1086,Leisure,2025-07-12,2025-07-13,Deluxe,1,21850.0
7618,1035,Leisure,2025-07-12,2025-07-14,Standard,1,15509.0
7619,1014,Leisure,2025-07-12,2025-07-14,Deluxe,1,19821.0
7620,1017,Corporate,2025-07-12,2025-07-13,Standard,1,14816.0
7621,1035,Leisure,2025-07-12,2025-07-15,Suite,1,33777.0
7622,1092,Corporate,2025-07-12,2025-07-13,Standard,1,13883.0
7623,1112,Travel Agency,2025-07-12,2025-07-16,Deluxe,1,23661.0
7624,1118,Leisure,2025-07-12,2025-07-14,Standard,1,14311.0
7625,1117,Corporate,2025-07-12,2025-07-14,Standard,1,13555.0
7626,1015,Leisure,2025-07-12,2025-07-14,Family,1,27448.0
7627,1054,Leisure,2025-07-12,2025-07-14,Deluxe,1,23929.0
7628,1006,Leisure,2025-07-12,2025-07-14,Standard,1,13975.0
7629,1050,Travel Agency,2025-07-12,2025-07-14,Deluxe,1,20877.0
7630,1090,Corporate,2025-07-13,2025-07-17,Standard,1,16546.0
7631,1025,Corporate,2025-07-13,2025-07-17,Standard,1,15136.0
7632,1010,Leisure,2025-07-13,2025-07-14,Standard,1,15883.0
7633,1122,Leisure,2025-07-13,2025-07-15,Deluxe,1,22427.0
7634,1058,Travel Agency,2025-07-13,2025-07-16,Standard,1,15106.0
7635,1075,Leisure,2025-07-13,2025-07-17,Suite,1,38182.0
7636,1097,Leisure,2025-07-13,2025-07-14,Deluxe,1,18067.0
7637,1055,Event Group,2025-07-13,2025-07-15,Suite,1,37716.0
7638,1081,Corporate,2025-07-13,2025-07-14,Family,1,28699.0
7639,1024,Leisure,2025-07-13,2025-07-16,Standard,1,17380.0
7640,1055,Leisure,2025-07-13,2025-07-16,Deluxe,1,17923.0
7641,1076,Event Group,2025-07-13,2025-07-14,Standard,1,15493.0
7642,1050,Corporate,2025-07-13,2025-07-16,Family,1,31143.0
7643,1055,Leisure,2025-07-13,2025-07-14,Standard,1,13582.0
7644,1108,Leisure,2025-07-13,2025-07-18,Standard,1,14247.0
7645,1020,Corporate,2025-07-13,2025-07-16,Deluxe,1,20222.0
7646,1054,Corporate,2025-07-13,2025-07-14,Standard,1,15651.0
7647,1094,Leisure,2025-07-13,2025-07-15,Standard,1,13713.0
7648,1103,Leisure,2025-07-13,2025-07-16,Standard,1,15182.0
7649,1028,Travel Agency,2025-07-13,2025-07-16,Standard,1,15833.0
7650,1028,Corporate,2025-07-13,2025-07-14,Family,1,26520.0
7651,1089,Leisure,2025-07-13,2025-07-14,Deluxe,1,21229.0
7652,1017,Travel Agency,2025-07-13,2025-07-14,Family,1,27740.0
7653,1066,Leisure,2025-07-13,2025-07-14,Deluxe,1,20867.0
7654,1107,Event Group,2025-07-13,2025-07-14,Deluxe,1,22045.0
7655,1093,Travel Agency,2025-07-13,2025-07-14,Family,1,31910.0
7656,1124,Event Group,2025-07-13,2025-07-15,Deluxe,1,19579.0
7657,1112,Leisure,2025-07-13,2025-07-14,Standard,1,17564.0
7658,1021,Leisure,2025-07-13,2025-07-14,Standard,1,13324.0
7659,1027,Leisure,2025-07-13,2025-07-14,Deluxe,1,19088.0
7660,1051,Leisure,2025-07-13,2025-07-15,Deluxe,1,19704.0
7661,1032,Corporate,2025-07-13,2025-07-17,Deluxe,1,21906.0
7662,1066,Leisure,2025-07-13,2025-07-18,Standard,1,15264.0
7663,1092,Corporate,2025-07-13,2025-07-14,Standard,1,14191.0
7664,1004,Corporate,2025-07-13,2025-07-16,Standard,1,13356.0
7665,1096,Corporate,2025-07-13,2025-07-15,Suite,1,36452.0
7666,1095,Leisure,2025-07-13,2025-07-14,Standard,1,14265.0
7667,1107,Leisure,2025-07-13,2025-07-16,Standard,1,14388.0
7668,1104,Corporate,2025-07-13,2025-07-15,Standard,1,13711.0
7669,1008,Corporate,2025-07-13,2025-07-16,Suite,1,35071.0
7670,1099,Leisure,2025-07-13,2025-07-14,Standard,1,15600.0
7671,1078,Travel Agency,2025-07-13,2025-07-14,Standard,1,13331.0
7672,1077,Travel Agency,2025-07-13,2025-07-15,Standard,1,13376.0
7673,1092,Leisure,2025-07-13,2025-07-14,Family,1,29803.0
7674,1057,Leisure,2025-07-13,2025-07-14,Standard,1,14943.0
7675,1110,Corporate,2025-07-13,2025-07-14,Deluxe,1,21011.0
7676,1066,Leisure,2025-07-13,2025-07-15,Standard,1,15144.0
7677,1014,Corporate,2025-07-13,2025-07-14,Family,1,33441.0
7678,1091,Leisure,2025-07-13,2025-07-16,Suite,1,36142.0
7679,1040,Corporate,2025-07-13,2025-07-16,Family,1,30487.0
7680,1105,Travel Agency,2025-07-14,2025-07-15,Deluxe,1,22850.0
7681,1107,Leisure,2025-07-14,2025-07-18,Standard,1,17009.0
7682,1070,Leisure,2025-07-14,2025-07-16,Suite,1,37408.0
7683,1003,Leisure,2025-07-14,2025-07-16,Deluxe,1,20347.0
7684,1012,Travel Agency,2025-07-14,2025-07-19,Suite,1,36734.0
7685,1096,Leisure,2025-07-14,2025-07-16,Deluxe,1,19398.0
7686,1095,Event Group,2025-07-14,2025-07-15,Standard,1,13265.0
7687,1076,Event Group,2025-07-14,2025-07-16,Suite,1,36074.0
7688,1012,Corporate,2025-07-14,2025-07-16,Deluxe,1,23831.0
7689,1014,Leisure,2025-07-14,2025-07-16,Standard,1,16237.0
7690,1069,Corporate,2025-07-14,2025-07-15,Deluxe,1,23677.0
7691,1086,Corporate,2025-07-14,2025-07-18,Standard,1,15163.0
7692,1071,Travel Agency,2025-07-14,2025-07-18,Standard,1,16528.0
7693,1002,Corporate,2025-07-14,2025-07-15,Family,1,28028.0
7694,1029,Leisure,2025-07-14,2025-07-16,Deluxe,1,22697.0
7695,1057,Corporate,2025-07-14,2025-07-18,Standard,1,13845.0
7696,1054,Leisure,2025-07-14,2025-07-17,Standard,1,15999.0
7697,1081,Corporate,2025-07-14,2025-07-16,Deluxe,1,21462.0
7698,1108,Leisure,2025-07-14,2025-07-15,Deluxe,1,20163.0
7699,1062,Leisure,2025-07-14,2025-07-15,Family,1,33519.0
7700,1051,Travel Agency,2025-07-14,2025-07-15,Standard,1,15118.0
7701,1096,Leisure,2025-07-14,2025-07-16,Standard,1,15697.0
7702,1096,Leisure,2025-07-14,2025-07-15,Family,1,26911.0
7703,1046,Corporate,2025-07-14,2025-07-17,Family,1,28799.0
7704,1028,Leisure,2025-07-14,2025-07-16,Deluxe,1,22556.0
7705,1023,Leisure,2025-07-14,2025-07-15,Family,1,30203.0
7706,1066,Corporate,2025-07-14,2025-07-18,Standard,1,14658.0
7707,1067,Leisure,2025-07-14,2025-07-17,Family,1,32452.0
7708,1041,Corporate,2025-07-14,2025-07-15,Standard,1,14685.0
7709,1006,Leisure,2025-07-14,2025-07-16,Deluxe,1,22449.0
7710,1058,Leisure,2025-07-14,2025-07-18,Standard,1,17495.0
7711,1051,Leisure,2025-07-14,2025-07-16,Standard,1,14279.0
7712,1032,Corporate,2025-07-14,2025-07-17,Standard,1,14346.0
7713,1074,Corporate,2025-07-14,2025-07-17,Suite,1,41100.0
7714,1068,Leisure,2025-07-14,2025-07-15,Deluxe,1,22252.0
7715,1068,Leisure,2025-07-14,2025-07-16,Standard,1,15196.0
7716,1085,Event Group,2025-07-14,2025-07-15,Standard,1,14487.0
7717,1023,Travel Agency,2025-07-14,2025-07-15,Deluxe,1,22325.0
7718,1026,Corporate,2025-07-14,2025-07-15,Standard,1,16273.0
7719,1002,Travel Agency,2025-07-14,2025-07-16,Deluxe,1,20154.0
7720,1073,Leisure,2025-07-14,2025-07-15,Deluxe,1,22609.0
7721,1005,Travel Agency,2025-07-14,2025-07-16,Standard,1,15140.0
7722,1058,Travel Agency,2025-07-14,2025-07-15,Deluxe,1,21642.0
7723,1056,Leisure,2025-07-14,2025-07-19,Deluxe,1,23760.0
7724,1121,Travel Agency,2025-07-14,2025-07-16,Standard,1,15637.0
7725,1026,Corporate,2025-07-14,2025-07-19,Standard,1,13636.0
7726,1125,Corporate,2025-07-14,2025-07-17,Suite,1,38772.0
7727,1038,Leisure,2025-07-14,2025-07-15,Standard,1,16439.0
7728,1031,Corporate,2025-07-15,2025-07-16,Standard,1,13341.0
7729,1105,Leisure,2025-07-15,2025-07-18,Standard,1,13240.0
7730,1049,Leisure,2025-07-15,2025-07-16,Standard,1,13055.0
7731,1072,Corporate,2025-07-15,2025-07-16,Standard,1,16837.0
7732,1106,Corporate,2025-07-15,2025-07-16,Standard,1,16773.0
7733,1107,Leisure,2025-07-15,2025-07-16,Family,1,27832.0
7734,1076,Leisure,2025-07-15,2025-07-18,Standard,1,15403.0
7735,1018,Travel Agency,2025-07-15,2025-07-18,Standard,1,14082.0
7736,1020,Corporate,2025-07-15,2025-07-19,Deluxe,1,19714.0
7737,1046,Leisure,2025-07-15,2025-07-20,Deluxe,1,22055.0
7738,1087,Corporate,2025-07-15,2025-07-18,Deluxe,1,20307.0
7739,1015,Corporate,2025-07-15,2025-07-16,Suite,1,34364.0
7740,1077,Corporate,2025-07-15,2025-07-17,Deluxe,1,22407.0
7741,1009,Leisure,2025-07-15,2025-07-19,Standard,1,13517.0
7742,1054,Leisure,2025-07-15,2025-07-17,Standard,1,16904.0
7743,1030,Leisure,2025-07-15,2025-07-16,Standard,1,14500.0
7744,1093,Leisure,2025-07-15,2025-07-18,Standard,1,13890.0
7745,1019,Leisure,2025-07-15,2025-07-18,Standard,1,16213.0
7746,1084,Leisure,2025-07-15,2025-07-16,Family,1,28798.0
7747,1047,Event Group,2025-07-15,2025-07-17,Suite,1,36321.0
7748,1015,Corporate,2025-07-15,2025-07-18,Family,1,25483.0
7749,1045,Travel Agency,2025-07-15,2025-07-17,Standard,1,15196.0
7750,1054,Corporate,2025-07-15,2025-07-17,Standard,1,13403.0
7751,1109,Leisure,2025-07-15,2025-07-16,Deluxe,1,20072.0
7752,1026,Leisure,2025-07-15,2025-07-16,Family,1,26342.0
7753,1042,Corporate,2025-07-15,2025-07-16,Deluxe,1,20439.0
7754,1066,Leisure,2025-07-15,2025-07-16,Deluxe,1,20934.0
7755,1045,Event Group,2025-07-15,2025-07-16,Family,1,28504.0
7756,1100,Travel Agency,2025-07-15,2025-07-18,Standard,1,16722.0
7757,1036,Corporate,2025-07-15,2025-07-16,Deluxe,1,23205.0
7758,1041,Leisure,2025-07-15,2025-07-17,Deluxe,1,21310.0
7759,1082,Leisure,2025-07-15,2025-07-19,Family,1,33090.0
7760,1106,Leisure,2025-07-15,2025-07-16,Standard,1,12614.0
7761,1117,Event Group,2025-07-15,2025-07-18,Deluxe,1,24431.0
7762,1068,Corporate,2025-07-15,2025-07-16,Standard,1,14793.0
7763,1081,Corporate,2025-07-15,2025-07-17,Deluxe,1,23469.0
7764,1033,Event Group,2025-07-15,2025-07-19,Standard,1,14242.0
7765,1061,Corporate,2025-07-15,2025-07-18,Deluxe,1,22539.0
7766,1036,Leisure,2025-07-15,2025-07-18,Standard,1,14331.0
7767,1013,Travel Agency,2025-07-15,2025-07-18,Standard,1,14435.0
7768,1102,Travel Agency,2025-07-15,2025-07-19,Deluxe,1,19921.0
7769,1092,Leisure,2025-07-15,2025-07-16,Deluxe,1,21034.0
7770,1018,Leisure,2025-07-15,2025-07-19,Family,1,33710.0
7771,1024,Travel Agency,2025-07-15,2025-07-18,Deluxe,1,21905.0
7772,1094,Corporate,2025-07-15,2025-07-18,Standard,1,12524.0
7773,1070,Corporate,2025-07-15,2025-07-17,Standard,1,14557.0
7774,1011,Travel Agency,2025-07-16,2025-07-17,Deluxe,1,24532.0
7775,1045,Travel Agency,2025-07-16,2025-07-17,Standard,1,13135.0
7776,1061,Travel Agency,2025-07-16,2025-07-17,Standard,1,15219.0
7777,1002,Travel Agency,2025-07-16,2025-07-19,Standard,1,15420.0
7778,1057,Travel Agency,2025-07-16,2025-07-18,Standard,1,13737.0
7779,1092,Leisure,2025-07-16,2025-07-19,Standard,1,14514.0
7780,1008,Corporate,2025-07-16,2025-07-17,Standard,1,15239.0
7781,1117,Leisure,2025-07-16,2025-07-17,Deluxe,1,18582.0
7782,1007,Event Group,2025-07-16,2025-07-18,Deluxe,1,22058.0
7783,1069,Travel Agency,2025-07-16,2025-07-18,Deluxe,1,23398.0
7784,1067,Corporate,2025-07-16,2025-07-17,Standard,1,14026.0
7785,1060,Corporate,2025-07-16,2025-07-19,Deluxe,1,23021.0
7786,1003,Leisure,2025-07-16,2025-07-19,Family,1,31110.0
7787,1061,Corporate,2025-07-16,2025-07-17,Family,1,30452.0
7788,1121,Travel Agency,2025-07-16,2025-07-18,Standard,1,14649.0
7789,1007,Corporate,2025-07-16,2025-07-20,Standard,1,14832.0
7790,1011,Travel Agency,2025-07-16,2025-07-19,Deluxe,1,20904.0
7791,1033,Event Group,2025-07-16,2025-07-18,Deluxe,1,20380.0
7792,1013,Travel Agency,2025-07-16,2025-07-19,Family,1,28969.0
7793,1053,Corporate,2025-07-16,2025-07-21,Standard,1,14076.0
7794,1036,Corporate,2025-07-16,2025-07-18,Standard,1,14857.0
7795,1097,Corporate,2025-07-16,2025-07-17,Standard,1,14188.0
7796,1049,Leisure,2025-07-16,2025-07-18,Standard,1,16845.0
7797,1098,Leisure,2025-07-16,2025-07-20,Standard,1,13649.0
7798,1049,Leisure,2025-07-16,2025-07-18,Suite,1,36584.0
7799,1095,Travel Agency,2025-07-16,2025-07-19,Deluxe,1,21481.0
7800,1076,Travel Agency,2025-07-16,2025-07-17,Deluxe,1,22722.0
7801,1085,Corporate,2025-07-16,2025-07-17,Standard,1,14220.0
7802,1049,Leisure,2025-07-16,2025-07-18,Standard,1,16588.0
7803,1010,Corporate,2025-07-16,2025-07-17,Family,1,32430.0
7804,1061,Leisure,2025-07-16,2025-07-18,Family,1,27822.0
7805,1117,Travel Agency,2025-07-16,2025-07-17,Family,1,29146.0
7806,1115,Travel Agency,2025-07-16,2025-07-17,Standard,1,15656.0
7807,1035,Corporate,2025-07-16,2025-07-18,Standard,1,14347.0
7808,1119,Corporate,2025-07-16,2025-07-19,Deluxe,1,22174.0
7809,1067,Corporate,2025-07-16,2025-07-18,Standard,1,15055.0
7810,1120,Leisure,2025-07-16,2025-07-17,Standard,1,15931.0
7811,1013,Leisure,2025-07-16,2025-07-19,Deluxe,1,21854.0
7812,1064,Event Group,2025-07-16,2025-07-17,Standard,1,13717.0
7813,1041,Leisure,2025-07-16,2025-07-17,Deluxe,1,19105.0
7814,1071,Corporate,2025-07-16,2025-07-19,Standard,1,12884.0
7815,1023,Travel Agency,2025-07-16,2025-07-17,Deluxe,1,20407.0
7816,1010,Corporate,2025-07-16,2025-07-19,Standard,1,17315.0
7817,1076,Corporate,2025-07-16,2025-07-19,Standard,1,14188.0
7818,1071,Corporate,2025-07-16,2025-07-19,Family,1,32406.0
7819,1078,Corporate,2025-07-16,2025-07-21,Standard,1,12852.0
7820,1095,Corporate,2025-07-16,2025-07-17,Standard,1,14659.0
7821,1118,Corporate,2025-07-16,2025-07-19,Standard,1,15210.0
7822,1124,Leisure,2025-07-16,2025-07-17,Deluxe,1,21693.0
7823,1097,Corporate,2025-07-16,2025-07-17,Deluxe,1,22898.0
7824,1072,Leisure,2025-07-16,2025-07-17,Standard,1,16697.0
7825,1098,Corporate,2025-07-16,2025-07-21,Standard,1,17458.0
7826,1051,Leisure,2025-07-17,2025-07-20,Family,1,26676.0
7827,1072,Leisure,2025-07-17,2025-07-18,Standard,1,14620.0
7828,1029,Corporate,2025-07-17,2025-07-20,Deluxe,1,24908.0
7829,1053,Leisure,2025-07-17,2025-07-19,Family,1,30545.0
7830,1006,Leisure,2025-07-17,2025-07-20,Deluxe,1,20317.0
7831,1120,Leisure,2025-07-17,2025-07-20,Deluxe,1,24644.0
7832,1043,Leisure,2025-07-17,2025-07-21,Deluxe,1,22744.0
7833,1063,Corporate,2025-07-17,2025-07-20,Deluxe,1,22441.0
7834,1033,Corporate,2025-07-17,2025-07-18,Standard,1,15430.0
7835,1061,Leisure,2025-07-17,2025-07-19,Standard,1,13191.0
7836,1002,Travel Agency,2025-07-17,2025-07-21,Standard,1,14095.0
7837,1089,Leisure,2025-07-17,2025-07-20,Standard,1,12394.0
7838,1087,Leisure,2025-07-17,2025-07-21,Standard,1,14415.0
7839,1052,Leisure,2025-07-17,2025-07-20,Family,1,30316.0
7840,1051,Corporate,2025-07-17,2025-07-18,Standard,1,13274.0
7841,1014,Corporate,2025-07-17,2025-07-18,Standard,1,15835.0
7842,1025,Leisure,2025-07-17,2025-07-19,Standard,1,13944.0
7843,1017,Leisure,2025-07-17,2025-07-19,Standard,1,16142.0
7844,1037,Leisure,2025-07-17,2025-07-20,Suite,1,42566.0
7845,1018,Corporate,2025-07-17,2025-07-18,Standard,1,14053.0
7846,1125,Leisure,2025-07-17,2025-07-20,Standard,1,15754.0
7847,1072,Travel Agency,2025-07-17,2025-07-18,Standard,1,13993.0
7848,1055,Travel Agency,2025-07-17,2025-07-18,Family,1,30660.0
7849,1083,Corporate,2025-07-17,2025-07-19,Standard,1,14482.0
7850,1050,Corporate,2025-07-17,2025-07-18,Deluxe,1,22835.0
7851,1079,Travel Agency,2025-07-17,2025-07-18,Family,1,31323.0
7852,1046,Leisure,2025-07-17,2025-07-18,Standard,1,14568.0
7853,1067,Travel Agency,2025-07-17,2025-07-19,Standard,1,15734.0
7854,1077,Corporate,2025-07-17,2025-07-22,Deluxe,1,20430.0
7855,1012,Travel Agency,2025-07-17,2025-07-20,Suite,1,36284.0
7856,1107,Leisure,2025-07-17,2025-07-19,Standard,1,17152.0
7857,1112,Leisure,2025-07-17,2025-07-19,Deluxe,1,21437.0
7858,1098,Corporate,2025-07-17,2025-07-21,Deluxe,1,20452.0
7859,1078,Leisure,2025-07-17,2025-07-19,Deluxe,1,19748.0
7860,1111,Leisure,2025-07-17,2025-07-20,Standard,1,15581.0
7861,1119,Leisure,2025-07-17,2025-07-19,Standard,1,14442.0
7862,1003,Leisure,2025-07-17,2025-07-18,Standard,1,14514.0
7863,1075,Travel Agency,2025-07-17,2025-07-18,Standard,1,12618.0
7864,1003,Travel Agency,2025-07-17,2025-07-18,Standard,1,14255.0
7865,1080,Leisure,2025-07-17,2025-07-18,Standard,1,15858.0
7866,1110,Corporate,2025-07-17,2025-07-21,Deluxe,1,21286.0
7867,1065,Corporate,2025-07-17,2025-07-18,Deluxe,1,20587.0
7868,1093,Corporate,2025-07-17,2025-07-19,Standard,1,13249.0
7869,1024,Leisure,2025-07-17,2025-07-21,Standard,1,13778.0
7870,1016,Travel Agency,2025-07-17,2025-07-18,Standard,1,15769.0
7871,1054,Leisure,2025-07-17,2025-07-19,Standard,1,17501.0
7872,1050,Event Group,2025-07-17,2025-07-21,Standard,1,14795.0
7873,1019,Corporate,2025-07-17,2025-07-19,Standard,1,15592.0
7874,1109,Corporate,2025-07-17,2025-07-19,Suite,1,34459.0
7875,1084,Leisure,2025-07-17,2025-07-19,Deluxe,1,19985.0
7876,1009,Leisure,2025-07-17,2025-07-19,Standard,1,14609.0
7877,1045,Leisure,2025-07-17,2025-07-19,Deluxe,1,20878.0
7878,1048,Leisure,2025-07-17,2025-07-19,Deluxe,1,24257.0
7879,1116,Corporate,2025-07-17,2025-07-20,Standard,1,15079.0
7880,1073,Leisure,2025-07-17,2025-07-18,Standard,1,14057.0
7881,1107,Leisure,2025-07-17,2025-07-19,Standard,1,16267.0
7882,1013,Event Group,2025-07-17,2025-07-19,Standard,1,16236.0
7883,1101,Corporate,2025-07-17,2025-07-18,Standard,1,14828.0
7884,1100,Corporate,2025-07-17,2025-07-19,Standard,1,13904.0
7885,1057,Leisure,2025-07-17,2025-07-18,Family,1,28132.0
7886,1053,Corporate,2025-07-17,2025-07-19,Deluxe,1,24361.0
7887,1096,Leisure,2025-07-17,2025-07-18,Deluxe,1,17906.0
7888,1096,Event Group,2025-07-17,2025-07-18,Suite,1,37666.0
7889,1020,Travel Agency,2025-07-18,2025-07-20,Deluxe,1,27180.0
7890,1089,Travel Agency,2025-07-18,2025-07-20,Family,1,27692.0
7891,1113,Leisure,2025-07-18,2025-07-20,Standard,1,13603.0
7892,1060,Leisure,2025-07-18,2025-07-19,Standard,1,13144.0
7893,1124,Event Group,2025-07-18,2025-07-21,Suite,1,42649.0
7894,1090,Leisure,2025-07-18,2025-07-23,Deluxe,1,22154.0
7895,1019,Travel Agency,2025-07-18,2025-07-23,Standard,1,15020.0
7896,1059,Corporate,2025-07-18,2025-07-21,Standard,1,12901.0
7897,1001,Leisure,2025-07-18,2025-07-19,Standard,1,15765.0
7898,1008,Corporate,2025-07-18,2025-07-19,Deluxe,1,21656.0
7899,1102,Leisure,2025-07-18,2025-07-19,Family,1,30172.0
7900,1109,Corporate,2025-07-18,2025-07-19,Standard,1,16308.0
7901,1001,Leisure,2025-07-18,2025-07-20,Deluxe,1,23132.0
7902,1089,Travel Agency,2025-07-18,2025-07-23,Standard,1,13196.0
7903,1123,Corporate,2025-07-18,2025-07-20,Standard,1,13999.0
7904,1059,Travel Agency,2025-07-18,2025-07-20,Standard,1,13525.0
7905,1089,Travel Agency,2025-07-18,2025-07-21,Standard,1,19344.0
7906,1060,Leisure,2025-07-18,2025-07-20,Standard,1,12963.0
7907,1114,Corporate,2025-07-18,2025-07-22,Standard,1,15004.0
7908,1082,Leisure,2025-07-18,2025-07-19,Standard,1,14860.0
7909,1066,Corporate,2025-07-18,2025-07-19,Family,1,30617.0
7910,1106,Travel Agency,2025-07-18,2025-07-20,Standard,1,15719.0
7911,1066,Event Group,2025-07-18,2025-07-21,Standard,1,15731.0
7912,1089,Leisure,2025-07-18,2025-07-21,Standard,1,14622.0
7913,1045,Travel Agency,2025-07-18,2025-07-19,Family,1,29894.0
7914,1090,Leisure,2025-07-18,2025-07-21,Standard,1,15692.0
7915,1111,Corporate,2025-07-18,2025-07-23,Deluxe,1,22127.0
7916,1050,Leisure,2025-07-18,2025-07-21,Standard,1,15600.0
7917,1084,Leisure,2025-07-18,2025-07-20,Standard,1,13132.0
7918,1084,Leisure,2025-07-18,2025-07-19,Standard,1,14561.0
7919,1036,Event Group,2025-07-18,2025-07-22,Standard,1,16494.0
7920,1117,Corporate,2025-07-18,2025-07-19,Standard,1,16771.0
7921,1071,Corporate,2025-07-18,2025-07-20,Standard,1,14437.0
7922,1029,Event Group,2025-07-18,2025-07-19,Family,1,31795.0
7923,1057,Travel Agency,2025-07-18,2025-07-19,Standard,1,15064.0
7924,1043,Travel Agency,2025-07-18,2025-07-21,Family,1,27847.0
7925,1016,Corporate,2025-07-18,2025-07-19,Suite,1,36865.0
7926,1002,Leisure,2025-07-18,2025-07-19,Standard,1,13149.0
7927,1048,Leisure,2025-07-18,2025-07-23,Standard,1,11950.0
7928,1017,Leisure,2025-07-18,2025-07-20,Standard,1,15141.0
7929,1075,Leisure,2025-07-18,2025-07-19,Suite,1,35413.0
7930,1120,Leisure,2025-07-18,2025-07-23,Suite,1,36092.0
7931,1052,Corporate,2025-07-18,2025-07-20,Standard,1,15145.0
7932,1045,Corporate,2025-07-18,2025-07-20,Standard,1,14210.0
7933,1122,Travel Agency,2025-07-18,2025-07-19,Standard,1,13990.0
7934,1026,Leisure,2025-07-18,2025-07-21,Deluxe,1,19338.0
7935,1028,Leisure,2025-07-18,2025-07-20,Standard,1,16654.0
7936,1033,Leisure,2025-07-18,2025-07-23,Standard,1,15500.0
7937,1064,Leisure,2025-07-19,2025-07-20,Suite,1,35739.0
7938,1035,Corporate,2025-07-19,2025-07-20,Standard,1,13398.0
7939,1121,Corporate,2025-07-19,2025-07-20,Standard,1,14105.0
7940,1032,Travel Agency,2025-07-19,2025-07-23,Deluxe,1,22661.0
7941,1100,Travel Agency,2025-07-19,2025-07-20,Standard,1,15502.0
7942,1001,Leisure,2025-07-19,2025-07-22,Standard,1,12368.0
7943,1079,Corporate,2025-07-19,2025-07-21,Standard,1,13736.0
7944,1072,Travel Agency,2025-07-19,2025-07-20,Deluxe,1,20671.0
7945,1039,Corporate,2025-07-19,2025-07-24,Deluxe,1,18708.0
7946,1094,Travel Agency,2025-07-19,2025-07-22,Deluxe,1,22591.0
7947,1063,Travel Agency,2025-07-19,2025-07-23,Suite,1,40665.0
7948,1002,Corporate,2025-07-19,2025-07-21,Deluxe,1,20317.0
7949,1002,Leisure,2025-07-19,2025-07-20,Deluxe,1,22421.0
7950,1006,Event Group,2025-07-19,2025-07-22,Standard,1,13325.0
7951,1044,Corporate,2025-07-19,2025-07-20,Deluxe,1,20927.0
7952,1089,Travel Agency,2025-07-19,2025-07-21,Family,1,34149.0
7953,1123,Leisure,2025-07-19,2025-07-20,Deluxe,1,22760.0
7954,1104,Leisure,2025-07-19,2025-07-22,Deluxe,1,21214.0
7955,1009,Leisure,2025-07-19,2025-07-21,Suite,1,42892.0
7956,1054,Leisure,2025-07-19,2025-07-22,Standard,1,14355.0
7957,1038,Leisure,2025-07-19,2025-07-20,Standard,1,16429.0
7958,1100,Travel Agency,2025-07-19,2025-07-24,Family,1,34730.0
7959,1073,Corporate,2025-07-19,2025-07-21,Standard,1,14094.0
7960,1007,Travel Agency,2025-07-19,2025-07-20,Deluxe,1,19041.0
7961,1034,Leisure,2025-07-19,2025-07-22,Standard,1,15777.0
7962,1010,Leisure,2025-07-19,2025-07-22,Deluxe,1,18895.0
7963,1011,Travel Agency,2025-07-19,2025-07-21,Suite,1,39147.0
7964,1054,Leisure,2025-07-19,2025-07-20,Deluxe,1,22641.0
7965,1051,Leisure,2025-07-19,2025-07-21,Family,1,32475.0
7966,1081,Travel Agency,2025-07-19,2025-07-23,Standard,1,13404.0
7967,1039,Event Group,2025-07-19,2025-07-20,Standard,1,13201.0
7968,1051,Leisure,2025-07-19,2025-07-21,Standard,1,13230.0
7969,1113,Corporate,2025-07-19,2025-07-20,Standard,1,15987.0
7970,1025,Travel Agency,2025-07-19,2025-07-23,Deluxe,1,22019.0
7971,1019,Corporate,2025-07-19,2025-07-20,Suite,1,38311.0
7972,1071,Event Group,2025-07-19,2025-07-23,Family,1,32354.0
7973,1028,Corporate,2025-07-19,2025-07-21,Family,1,30122.0
7974,1120,Travel Agency,2025-07-19,2025-07-21,Deluxe,1,22326.0
7975,1002,Leisure,2025-07-19,2025-07-21,Suite,1,34945.0
7976,1032,Corporate,2025-07-19,2025-07-23,Deluxe,1,22835.0
7977,1119,Leisure,2025-07-19,2025-07-24,Standard,1,13706.0
7978,1066,Leisure,2025-07-19,2025-07-20,Standard,1,16084.0
7979,1056,Event Group,2025-07-19,2025-07-21,Deluxe,1,22351.0
7980,1023,Leisure,2025-07-19,2025-07-21,Deluxe,1,22351.0
7981,1089,Leisure,2025-07-19,2025-07-23,Standard,1,15675.0
7982,1011,Leisure,2025-07-19,2025-07-20,Standard,1,15875.0
7983,1079,Corporate,2025-07-19,2025-07-21,Suite,1,37699.0
7984,1124,Event Group,2025-07-19,2025-07-22,Deluxe,1,23730.0
7985,1005,Travel Agency,2025-07-19,2025-07-24,Standard,1,15743.0
7986,1109,Event Group,2025-07-19,2025-07-24,Standard,1,12989.0
7987,1087,Corporate,2025-07-19,2025-07-23,Suite,1,40075.0
7988,1047,Leisure,2025-07-19,2025-07-21,Family,1,27563.0
7989,1035,Travel Agency,2025-07-19,2025-07-20,Family,1,28052.0
7990,1036,Leisure,2025-07-19,2025-07-22,Standard,1,13542.0
7991,1004,Leisure,2025-07-19,2025-07-23,Standard,1,14304.0
7992,1090,Corporate,2025-07-19,2025-07-20,Deluxe,1,19327.0
7993,1110,Travel Agency,2025-07-19,2025-07-21,Standard,1,14819.0
7994,1082,Leisure,2025-07-19,2025-07-20,Deluxe,1,17100.0
7995,1007,Leisure,2025-07-19,2025-07-22,Deluxe,1,21032.0
7996,1008,Leisure,2025-07-19,2025-07-20,Deluxe,1,20859.0
7997,1072,Leisure,2025-07-20,2025-07-21,Deluxe,1,23700.0
7998,1061,Corporate,2025-07-20,2025-07-21,Standard,1,13570.0
7999,1025,Leisure,2025-07-20,2025-07-23,Suite,1,36825.0
8000,1029,Corporate,2025-07-20,2025-07-23,Family,1,30797.0
8001,1047,Corporate,2025-07-20,2025-07-21,Family,1,30917.0
8002,1047,Leisure,2025-07-20,2025-07-22,Family,1,30795.0
8003,1014,Corporate,2025-07-20,2025-07-21,Standard,1,16042.0
8004,1119,Travel Agency,2025-07-20,2025-07-22,Deluxe,1,21907.0
8005,1030,Event Group,2025-07-20,2025-07-21,Standard,1,15352.0
8006,1069,Corporate,2025-07-20,2025-07-21,Deluxe,1,22869.0
8007,1023,Travel Agency,2025-07-20,2025-07-23,Deluxe,1,19189.0
8008,1116,Travel Agency,2025-07-20,2025-07-21,Suite,1,36125.0
8009,1072,Leisure,2025-07-20,2025-07-23,Deluxe,1,19930.0
8010,1008,Travel Agency,2025-07-20,2025-07-23,Standard,1,14106.0
8011,1107,Event Group,2025-07-20,2025-07-22,Family,1,33384.0
8012,1007,Leisure,2025-07-20,2025-07-22,Standard,1,14943.0
8013,1053,Corporate,2025-07-20,2025-07-25,Standard,1,16558.0
8014,1038,Leisure,2025-07-20,2025-07-22,Standard,1,13878.0
8015,1068,Leisure,2025-07-20,2025-07-25,Standard,1,13590.0
8016,1028,Event Group,2025-07-20,2025-07-21,Deluxe,1,18845.0
8017,1029,Corporate,2025-07-20,2025-07-23,Deluxe,1,20314.0
8018,1101,Leisure,2025-07-20,2025-07-21,Family,1,30100.0
8019,1092,Corporate,2025-07-20,2025-07-23,Deluxe,1,20087.0
8020,1081,Corporate,2025-07-20,2025-07-23,Deluxe,1,23085.0
8021,1064,Leisure,2025-07-20,2025-07-22,Standard,1,14538.0
8022,1075,Leisure,2025-07-20,2025-07-22,Deluxe,1,22862.0
8023,1123,Corporate,2025-07-20,2025-07-23,Standard,1,17343.0
8024,1062,Leisure,2025-07-20,2025-07-22,Deluxe,1,20886.0
8025,1102,Travel Agency,2025-07-20,2025-07-22,Deluxe,1,21761.0
8026,1013,Leisure,2025-07-20,2025-07-21,Standard,1,16347.0
8027,1086,Travel Agency,2025-07-20,2025-07-21,Deluxe,1,23733.0
8028,1076,Corporate,2025-07-20,2025-07-21,Standard,1,16030.0
8029,1097,Leisure,2025-07-20,2025-07-21,Standard,1,15556.0
8030,1086,Leisure,2025-07-20,2025-07-22,Deluxe,1,23779.0
8031,1001,Leisure,2025-07-20,2025-07-21,Family,1,31824.0
8032,1035,Leisure,2025-07-20,2025-07-22,Deluxe,1,20335.0
8033,1116,Travel Agency,2025-07-20,2025-07-21,Standard,1,12452.0
8034,1045,Leisure,2025-07-20,2025-07-24,Deluxe,1,20134.0
8035,1067,Corporate,2025-07-20,2025-07-21,Deluxe,1,20681.0
8036,1060,Event Group,2025-07-20,2025-07-21,Standard,1,15309.0
8037,1028,Corporate,2025-07-20,2025-07-21,Standard,1,15255.0
8038,1056,Travel Agency,2025-07-20,2025-07-21,Family,1,29862.0
8039,1064,Leisure,2025-07-20,2025-07-23,Standard,1,15709.0
8040,1107,Leisure,2025-07-20,2025-07-21,Standard,1,15356.0
8041,1007,Leisure,2025-07-20,2025-07-22,Deluxe,1,20054.0
8042,1012,Corporate,2025-07-20,2025-07-21,Standard,1,14082.0
8043,1081,Leisure,2025-07-20,2025-07-22,Standard,1,13833.0
8044,1011,Travel Agency,2025-07-20,2025-07-22,Family,1,33815.0
8045,1051,Leisure,2025-07-21,2025-07-26,Family,1,27852.0
8046,1098,Leisure,2025-07-21,2025-07-24,Standard,1,14959.0
8047,1096,Leisure,2025-07-21,2025-07-24,Deluxe,1,22600.0
8048,1038,Event Group,2025-07-21,2025-07-22,Standard,1,12407.0
8049,1095,Leisure,2025-07-21,2025-07-23,Deluxe,1,20882.0
8050,1050,Travel Agency,2025-07-21,2025-07-22,Standard,1,14109.0
8051,1042,Leisure,2025-07-21,2025-07-24,Family,1,28629.0
8052,1063,Travel Agency,2025-07-21,2025-07-24,Deluxe,1,18102.0
8053,1008,Leisure,2025-07-21,2025-07-24,Standard,1,14361.0
8054,1084,Leisure,2025-07-21,2025-07-22,Deluxe,1,21317.0
8055,1096,Travel Agency,2025-07-21,2025-07-24,Deluxe,1,21286.0
8056,1049,Corporate,2025-07-21,2025-07-25,Deluxe,1,24363.0
8057,1086,Leisure,2025-07-21,2025-07-23,Standard,1,13495.0
8058,1023,Leisure,2025-07-21,2025-07-22,Family,1,27529.0
8059,1075,Leisure,2025-07-21,2025-07-25,Family,1,29114.0
8060,1081,Corporate,2025-07-21,2025-07-22,Family,1,27971.0
8061,1008,Travel Agency,2025-07-21,2025-07-22,Deluxe,1,16440.0
8062,1119,Corporate,2025-07-21,2025-07-22,Deluxe,1,25305.0
8063,1058,Leisure,2025-07-21,2025-07-26,Standard,1,15664.0
8064,1104,Event Group,2025-07-21,2025-07-25,Deluxe,1,22224.0
8065,1012,Travel Agency,2025-07-21,2025-07-23,Deluxe,1,22685.0
8066,1115,Travel Agency,2025-07-21,2025-07-24,Standard,1,13663.0
8067,1086,Leisure,2025-07-21,2025-07-25,Deluxe,1,19184.0
8068,1021,Leisure,2025-07-21,2025-07-23,Deluxe,1,21961.0
8069,1096,Corporate,2025-07-21,2025-07-23,Deluxe,1,22083.0
8070,1008,Leisure,2025-07-21,2025-07-23,Deluxe,1,20171.0
8071,1012,Leisure,2025-07-21,2025-07-22,Standard,1,14777.0
8072,1050,Travel Agency,2025-07-21,2025-07-24,Family,1,29065.0
8073,1125,Corporate,2025-07-21,2025-07-23,Deluxe,1,21025.0
8074,1017,Corporate,2025-07-21,2025-07-23,Suite,1,41482.0
8075,1051,Leisure,2025-07-21,2025-07-22,Deluxe,1,25437.0
8076,1054,Travel Agency,2025-07-21,2025-07-22,Deluxe,1,24571.0
8077,1010,Leisure,2025-07-21,2025-07-22,Standard,1,13437.0
8078,1095,Leisure,2025-07-21,2025-07-23,Standard,1,14439.0
8079,1009,Corporate,2025-07-21,2025-07-22,Deluxe,1,20836.0
8080,1011,Leisure,2025-07-21,2025-07-23,Deluxe,1,19229.0
8081,1020,Travel Agency,2025-07-21,2025-07-24,Standard,1,14023.0
8082,1089,Travel Agency,2025-07-21,2025-07-23,Standard,1,16229.0
8083,1025,Leisure,2025-07-21,2025-07-23,Deluxe,1,24123.0
8084,1071,Travel Agency,2025-07-21,2025-07-24,Standard,1,12995.0
8085,1122,Leisure,2025-07-21,2025-07-24,Suite,1,38177.0
8086,1064,Leisure,2025-07-21,2025-07-25,Standard,1,15708.0
8087,1053,Corporate,2025-07-21,2025-07-24,Standard,1,15373.0
8088,1086,Leisure,2025-07-21,2025-07-25,Standard,1,13332.0
8089,1005,Corporate,2025-07-21,2025-07-24,Standard,1,14661.0
8090,1014,Leisure,2025-07-21,2025-07-22,Standard,1,15956.0
8091,1088,Corporate,2025-07-21,2025-07-25,Deluxe,1,20067.0
8092,1062,Event Group,2025-07-21,2025-07-23,Standard,1,14503.0
8093,1096,Travel Agency,2025-07-21,2025-07-24,Standard,1,16699.0
8094,1041,Leisure,2025-07-21,2025-07-23,Deluxe,1,20574.0
8095,1106,Leisure,2025-07-21,2025-07-22,Deluxe,1,19318.0
8096,1034,Travel Agency,2025-07-21,2025-07-23,Standard,1,12911.0
8097,1094,Travel Agency,2025-07-22,2025-07-24,Deluxe,1,23447.0
8098,1050,Corporate,2025-07-22,2025-07-24,Deluxe,1,19771.0
8099,1039,Corporate,2025-07-22,2025-07-23,Deluxe,1,23231.0
8100,1122,Travel Agency,2025-07-22,2025-07-24,Suite,1,35971.0
8101,1102,Corporate,2025-07-22,2025-07-26,Standard,1,15316.0
8102,1119,Travel Agency,2025-07-22,2025-07-25,Family,1,30263.0
8103,1038,Corporate,2025-07-22,2025-07-23,Standard,1,15364.0
8104,1042,Leisure,2025-07-22,2025-07-26,Standard,1,14605.0
8105,1041,Corporate,2025-07-22,2025-07-23,Family,1,31700.0
8106,1062,Leisure,2025-07-22,2025-07-23,Family,1,29705.0
8107,1077,Leisure,2025-07-22,2025-07-24,Family,1,29150.0
8108,1053,Leisure,2025-07-22,2025-07-24,Standard,1,11750.0
8109,1120,Travel Agency,2025-07-22,2025-07-24,Standard,1,15838.0
8110,1093,Leisure,2025-07-22,2025-07-23,Standard,1,13923.0
8111,1057,Corporate,2025-07-22,2025-07-24,Standard,1,15223.0
8112,1077,Leisure,2025-07-22,2025-07-24,Deluxe,1,22310.0
8113,1047,Leisure,2025-07-22,2025-07-23,Deluxe,1,19675.0
8114,1034,Travel Agency,2025-07-22,2025-07-23,Standard,1,14158.0
8115,1050,Leisure,2025-07-22,2025-07-25,Standard,1,14262.0
8116,1033,Travel Agency,2025-07-22,2025-07-24,Standard,1,14389.0
8117,1082,Corporate,2025-07-22,2025-07-24,Standard,1,15828.0
8118,1050,Leisure,2025-07-22,2025-07-23,Standard,1,13568.0
8119,1080,Travel Agency,2025-07-22,2025-07-23,Family,1,29454.0
8120,1064,Leisure,2025-07-22,2025-07-24,Standard,1,13790.0
8121,1029,Travel Agency,2025-07-22,2025-07-25,Deluxe,1,21414.0
8122,1008,Leisure,2025-07-22,2025-07-23,Standard,1,14667.0
8123,1095,Corporate,2025-07-22,2025-07-23,Standard,1,14631.0
8124,1094,Leisure,2025-07-22,2025-07-23,Standard,1,14649.0
8125,1119,Corporate,2025-07-22,2025-07-24,Deluxe,1,21934.0
8126,1018,Travel Agency,2025-07-22,2025-07-24,Standard,1,14761.0
8127,1117,Event Group,2025-07-22,2025-07-23,Standard,1,13516.0
8128,1102,Leisure,2025-07-22,2025-07-27,Standard,1,14945.0
8129,1061,Leisure,2025-07-22,2025-07-25,Standard,1,15992.0
8130,1104,Leisure,2025-07-22,2025-07-26,Standard,1,13359.0
8131,1077,Leisure,2025-07-22,2025-07-23,Standard,1,14450.0
8132,1082,Leisure,2025-07-22,2025-07-23,Standard,1,13181.0
8133,1100,Leisure,2025-07-22,2025-07-25,Standard,1,14968.0
8134,1007,Corporate,2025-07-22,2025-07-24,Deluxe,1,22686.0
8135,1083,Corporate,2025-07-22,2025-07-24,Deluxe,1,20143.0
8136,1073,Travel Agency,2025-07-22,2025-07-25,Suite,1,39560.0
8137,1104,Leisure,2025-07-22,2025-07-24,Deluxe,1,20131.0
8138,1083,Corporate,2025-07-22,2025-07-23,Standard,1,15141.0
8139,1057,Leisure,2025-07-22,2025-07-27,Standard,1,14575.0
8140,1125,Corporate,2025-07-22,2025-07-24,Deluxe,1,18017.0
8141,1119,Corporate,2025-07-22,2025-07-23,Suite,1,32627.0
8142,1019,Corporate,2025-07-22,2025-07-23,Standard,1,16000.0
8143,1031,Corporate,2025-07-22,2025-07-23,Standard,1,14473.0
8144,1016,Leisure,2025-07-22,2025-07-24,Standard,1,14755.0
8145,1071,Corporate,2025-07-22,2025-07-24,Standard,1,13603.0
8146,1082,Event Group,2025-07-22,2025-07-27,Suite,1,35518.0
8147,1059,Travel Agency,2025-07-23,2025-07-24,Standard,1,15374.0
8148,1039,Leisure,2025-07-23,2025-07-28,Deluxe,1,18337.0
8149,1001,Corporate,2025-07-23,2025-07-24,Standard,1,15310.0
8150,1081,Leisure,2025-07-23,2025-07-26,Standard,1,16280.0
8151,1099,Corporate,2025-07-23,2025-07-25,Standard,1,14012.0
8152,1011,Corporate,2025-07-23,2025-07-26,Standard,1,14071.0
8153,1100,Leisure,2025-07-23,2025-07-27,Suite,1,36149.0
8154,1032,Leisure,2025-07-23,2025-07-24,Standard,1,15231.0
8155,1067,Travel Agency,2025-07-23,2025-07-26,Deluxe,1,23010.0
8156,1105,Leisure,2025-07-23,2025-07-24,Family,1,34042.0
8157,1040,Corporate,2025-07-23,2025-07-24,Deluxe,1,23786.0
8158,1001,Leisure,2025-07-23,2025-07-25,Standard,1,14468.0
8159,1048,Corporate,2025-07-23,2025-07-25,Family,1,35523.0
8160,1088,Leisure,2025-07-23,2025-07-24,Deluxe,1,22556.0
8161,1119,Travel Agency,2025-07-23,2025-07-24,Family,1,30415.0
8162,1051,Corporate,2025-07-23,2025-07-25,Standard,1,12866.0
8163,1120,Corporate,2025-07-23,2025-07-26,Standard,1,13754.0
8164,1095,Travel Agency,2025-07-23,2025-07-25,Standard,1,15656.0
8165,1096,Corporate,2025-07-23,2025-07-26,Family,1,30477.0
8166,1116,Leisure,2025-07-23,2025-07-26,Deluxe,1,20196.0
8167,1106,Corporate,2025-07-23,2025-07-25,Deluxe,1,23095.0
8168,1065,Leisure,2025-07-23,2025-07-25,Suite,1,38456.0
8169,1058,Leisure,2025-07-23,2025-07-24,Deluxe,1,20946.0
8170,1097,Leisure,2025-07-23,2025-07-24,Standard,1,15803.0
8171,1121,Corporate,2025-07-23,2025-07-25,Standard,1,14175.0
8172,1008,Corporate,2025-07-23,2025-07-26,Standard,1,14737.0
8173,1052,Event Group,2025-07-23,2025-07-26,Suite,1,37060.0
8174,1099,Corporate,2025-07-23,2025-07-25,Standard,1,15691.0
8175,1056,Leisure,2025-07-23,2025-07-24,Deluxe,1,20464.0
8176,1036,Corporate,2025-07-23,2025-07-25,Standard,1,15716.0
8177,1043,Corporate,2025-07-23,2025-07-26,Standard,1,17008.0
8178,1076,Leisure,2025-07-23,2025-07-24,Deluxe,1,22436.0
8179,1088,Corporate,2025-07-23,2025-07-25,Standard,1,15936.0
8180,1102,Corporate,2025-07-23,2025-07-26,Standard,1,13752.0
8181,1115,Leisure,2025-07-23,2025-07-24,Standard,1,13788.0
8182,1087,Corporate,2025-07-23,2025-07-25,Deluxe,1,23774.0
8183,1018,Corporate,2025-07-23,2025-07-26,Standard,1,15050.0
8184,1066,Leisure,2025-07-23,2025-07-24,Family,1,31637.0
8185,1009,Corporate,2025-07-23,2025-07-24,Family,1,29477.0
8186,1086,Travel Agency,2025-07-23,2025-07-26,Suite,1,35601.0
8187,1091,Leisure,2025-07-23,2025-07-24,Standard,1,15200.0
8188,1005,Leisure,2025-07-23,2025-07-26,Standard,1,13210.0
8189,1091,Corporate,2025-07-23,2025-07-26,Suite,1,39371.0
8190,1116,Event Group,2025-07-23,2025-07-24,Deluxe,1,25259.0
8191,1022,Leisure,2025-07-23,2025-07-27,Deluxe,1,21430.0
8192,1074,Corporate,2025-07-23,2025-07-24,Suite,1,34273.0
8193,1027,Corporate,2025-07-23,2025-07-26,Standard,1,12337.0
8194,1065,Event Group,2025-07-23,2025-07-26,Standard,1,13478.0
8195,1014,Event Group,2025-07-23,2025-07-27,Family,1,34756.0
8196,1070,Travel Agency,2025-07-23,2025-07-24,Standard,1,14188.0
8197,1013,Leisure,2025-07-23,2025-07-25,Standard,1,13772.0
8198,1050,Event Group,2025-07-23,2025-07-24,Standard,1,14504.0
8199,1054,Leisure,2025-07-24,2025-07-25,Standard,1,14816.0
8200,1111,Leisure,2025-07-24,2025-07-26,Standard,1,14152.0
8201,1046,Travel Agency,2025-07-24,2025-07-27,Standard,1,15065.0
8202,1047,Leisure,2025-07-24,2025-07-27,Family,1,32269.0
8203,1065,Leisure,2025-07-24,2025-07-25,Standard,1,14358.0
8204,1098,Leisure,2025-07-24,2025-07-26,Deluxe,1,21741.0
8205,1005,Event Group,2025-07-24,2025-07-26,Standard,1,15683.0
8206,1117,Event Group,2025-07-24,2025-07-25,Family,1,30567.0
8207,1043,Travel Agency,2025-07-24,2025-07-26,Deluxe,1,20399.0
8208,1037,Travel Agency,2025-07-24,2025-07-25,Standard,1,13988.0
8209,1082,Leisure,2025-07-24,2025-07-27,Family,1,31537.0
8210,1048,Leisure,2025-07-24,2025-07-28,Standard,1,13271.0
8211,1103,Travel Agency,2025-07-24,2025-07-27,Standard,1,13761.0
8212,1033,Event Group,2025-07-24,2025-07-27,Family,1,30954.0
8213,1003,Leisure,2025-07-24,2025-07-26,Deluxe,1,19590.0
8214,1120,Travel Agency,2025-07-24,2025-07-27,Deluxe,1,19420.0
8215,1105,Travel Agency,2025-07-24,2025-07-25,Standard,1,15398.0
8216,1016,Leisure,2025-07-24,2025-07-26,Standard,1,13112.0
8217,1035,Travel Agency,2025-07-24,2025-07-25,Standard,1,15005.0
8218,1020,Leisure,2025-07-24,2025-07-25,Standard,1,15133.0
8219,1026,Corporate,2025-07-24,2025-07-25,Standard,1,15570.0
8220,1033,Leisure,2025-07-24,2025-07-28,Standard,1,15246.0
8221,1010,Leisure,2025-07-24,2025-07-28,Family,1,28284.0
8222,1081,Leisure,2025-07-24,2025-07-26,Suite,1,43330.0
8223,1001,Leisure,2025-07-24,2025-07-25,Standard,1,13823.0
8224,1083,Leisure,2025-07-24,2025-07-28,Standard,1,17235.0
8225,1057,Leisure,2025-07-24,2025-07-28,Family,1,31650.0
8226,1085,Leisure,2025-07-24,2025-07-25,Standard,1,14934.0
8227,1120,Leisure,2025-07-24,2025-07-26,Standard,1,15144.0
8228,1032,Corporate,2025-07-24,2025-07-27,Standard,1,13572.0
8229,1118,Leisure,2025-07-24,2025-07-26,Standard,1,15095.0
8230,1102,Leisure,2025-07-24,2025-07-26,Deluxe,1,18736.0
8231,1038,Leisure,2025-07-24,2025-07-25,Deluxe,1,19094.0
8232,1075,Leisure,2025-07-24,2025-07-26,Deluxe,1,20818.0
8233,1078,Corporate,2025-07-24,2025-07-29,Deluxe,1,18820.0
8234,1064,Corporate,2025-07-24,2025-07-27,Deluxe,1,19145.0
8235,1114,Leisure,2025-07-24,2025-07-28,Standard,1,14967.0
8236,1117,Leisure,2025-07-24,2025-07-26,Standard,1,12916.0
8237,1115,Leisure,2025-07-24,2025-07-25,Deluxe,1,19459.0
8238,1016,Travel Agency,2025-07-24,2025-07-26,Standard,1,15312.0
8239,1014,Corporate,2025-07-24,2025-07-27,Family,1,29887.0
8240,1071,Leisure,2025-07-24,2025-07-26,Deluxe,1,20359.0
8241,1084,Corporate,2025-07-24,2025-07-25,Deluxe,1,25232.0
8242,1014,Event Group,2025-07-24,2025-07-29,Standard,1,14655.0
8243,1021,Travel Agency,2025-07-24,2025-07-25,Standard,1,13440.0
8244,1065,Corporate,2025-07-24,2025-07-25,Standard,1,16023.0
8245,1083,Travel Agency,2025-07-24,2025-07-27,Deluxe,1,23187.0
8246,1086,Corporate,2025-07-24,2025-07-29,Family,1,27213.0
8247,1013,Leisure,2025-07-24,2025-07-26,Family,1,32964.0
8248,1011,Travel Agency,2025-07-24,2025-07-25,Standard,1,15849.0
8249,1065,Leisure,2025-07-24,2025-07-26,Standard,1,13646.0
8250,1005,Leisure,2025-07-24,2025-07-25,Standard,1,14256.0
8251,1023,Event Group,2025-07-24,2025-07-26,Family,1,31266.0
8252,1019,Event Group,2025-07-24,2025-07-25,Suite,1,33897.0
8253,1101,Corporate,2025-07-24,2025-07-29,Family,1,28657.0
8254,1013,Travel Agency,2025-07-24,2025-07-27,Deluxe,1,25066.0
8255,1008,Leisure,2025-07-25,2025-07-28,Family,1,30882.0
8256,1062,Leisure,2025-07-25,2025-07-26,Deluxe,1,21353.0
8257,1091,Leisure,2025-07-25,2025-07-29,Suite,1,36044.0
8258,1079,Corporate,2025-07-25,2025-07-27,Deluxe,1,20189.0
8259,1120,Travel Agency,2025-07-25,2025-07-27,Standard,1,13796.0
8260,1071,Corporate,2025-07-25,2025-07-30,Standard,1,15407.0
8261,1038,Event Group,2025-07-25,2025-07-27,Standard,1,14522.0
8262,1026,Leisure,2025-07-25,2025-07-30,Standard,1,14219.0
8263,1075,Leisure,2025-07-25,2025-07-28,Standard,1,16615.0
8264,1123,Leisure,2025-07-25,2025-07-27,Standard,1,13930.0
8265,1023,Leisure,2025-07-25,2025-07-29,Standard,1,15292.0
8266,1023,Corporate,2025-07-25,2025-07-26,Standard,1,13150.0
8267,1084,Leisure,2025-07-25,2025-07-29,Family,1,27596.0
8268,1068,Leisure,2025-07-25,2025-07-27,Standard,1,14759.0
8269,1043,Corporate,2025-07-25,2025-07-26,Deluxe,1,21717.0
8270,1027,Travel Agency,2025-07-25,2025-07-26,Family,1,30875.0
8271,1033,Leisure,2025-07-25,2025-07-27,Standard,1,15780.0
8272,1087,Leisure,2025-07-25,2025-07-26,Standard,1,16665.0
8273,1048,Travel Agency,2025-07-25,2025-07-28,Standard,1,14272.0
8274,1052,Leisure,2025-07-25,2025-07-27,Standard,1,16806.0
8275,1105,Corporate,2025-07-25,2025-07-27,Suite,1,36803.0
8276,1035,Corporate,2025-07-25,2025-07-28,Deluxe,1,21430.0
8277,1062,Leisure,2025-07-25,2025-07-26,Deluxe,1,19888.0
8278,1047,Leisure,2025-07-25,2025-07-27,Suite,1,35662.0
8279,1047,Travel Agency,2025-07-25,2025-07-26,Deluxe,1,19530.0
8280,1060,Leisure,2025-07-25,2025-07-29,Standard,1,14445.0
8281,1019,Corporate,2025-07-25,2025-07-27,Family,1,30673.0
8282,1099,Travel Agency,2025-07-25,2025-07-29,Standard,1,16041.0
8283,1015,Leisure,2025-07-25,2025-07-27,Standard,1,14684.0
8284,1054,Leisure,2025-07-25,2025-07-27,Suite,1,39830.0
8285,1080,Corporate,2025-07-25,2025-07-26,Standard,1,14420.0
8286,1042,Travel Agency,2025-07-25,2025-07-30,Deluxe,1,22021.0
8287,1050,Leisure,2025-07-25,2025-07-28,Standard,1,17005.0
8288,1050,Corporate,2025-07-25,2025-07-27,Standard,1,14663.0
8289,1015,Leisure,2025-07-25,2025-07-26,Deluxe,1,22250.0
8290,1123,Travel Agency,2025-07-25,2025-07-26,Standard,1,14125.0
8291,1078,Corporate,2025-07-25,2025-07-26,Standard,1,15963.0
8292,1095,Leisure,2025-07-25,2025-07-26,Suite,1,39493.0
8293,1004,Corporate,2025-07-25,2025-07-26,Standard,1,14069.0
8294,1001,Leisure,2025-07-25,2025-07-27,Deluxe,1,19654.0
8295,1030,Leisure,2025-07-25,2025-07-28,Suite,1,38523.0
8296,1012,Leisure,2025-07-26,2025-07-27,Deluxe,1,21953.0
8297,1034,Leisure,2025-07-26,2025-07-28,Standard,1,16436.0
8298,1125,Corporate,2025-07-26,2025-07-29,Standard,1,14243.0
8299,1013,Leisure,2025-07-26,2025-07-29,Deluxe,1,18596.0
8300,1022,Travel Agency,2025-07-26,2025-07-28,Standard,1,15834.0
8301,1057,Leisure,2025-07-26,2025-07-28,Family,1,29970.0
8302,1044,Leisure,2025-07-26,2025-07-29,Standard,1,14513.0
8303,1088,Leisure,2025-07-26,2025-07-27,Standard,1,15222.0
8304,1045,Travel Agency,2025-07-26,2025-07-28,Deluxe,1,20705.0
8305,1060,Corporate,2025-07-26,2025-07-31,Standard,1,13171.0
8306,1104,Leisure,2025-07-26,2025-07-28,Family,1,31312.0
8307,1111,Leisure,2025-07-26,2025-07-28,Deluxe,1,19851.0
8308,1009,Corporate,2025-07-26,2025-07-28,Standard,1,15237.0
8309,1038,Corporate,2025-07-26,2025-07-29,Standard,1,14415.0
8310,1057,Event Group,2025-07-26,2025-07-28,Deluxe,1,25007.0
8311,1057,Event Group,2025-07-26,2025-07-30,Standard,1,12832.0
8312,1074,Travel Agency,2025-07-26,2025-07-29,Standard,1,15546.0
8313,1077,Leisure,2025-07-26,2025-07-27,Family,1,28469.0
8314,1095,Corporate,2025-07-26,2025-07-30,Standard,1,15894.0
8315,1016,Corporate,2025-07-26,2025-07-27,Suite,1,38729.0
8316,1060,Event Group,2025-07-26,2025-07-29,Deluxe,1,18512.0
8317,1005,Leisure,2025-07-26,2025-07-27,Standard,1,16326.0
8318,1086,Leisure,2025-07-26,2025-07-29,Standard,1,12555.0
8319,1059,Leisure,2025-07-26,2025-07-28,Family,1,28757.0
8320,1123,Event Group,2025-07-26,2025-07-30,Standard,1,13707.0
8321,1073,Corporate,2025-07-26,2025-07-27,Suite,1,38352.0
8322,1110,Leisure,2025-07-26,2025-07-29,Standard,1,14758.0
8323,1115,Corporate,2025-07-26,2025-07-28,Standard,1,13816.0
8324,1054,Event Group,2025-07-26,2025-07-28,Family,1,30260.0
8325,1023,Travel Agency,2025-07-26,2025-07-27,Family,1,28947.0
8326,1113,Event Group,2025-07-26,2025-07-29,Standard,1,15399.0
8327,1051,Corporate,2025-07-26,2025-07-27,Family,1,30214.0
8328,1122,Travel Agency,2025-07-26,2025-07-27,Family,1,28481.0
8329,1113,Travel Agency,2025-07-26,2025-07-28,Suite,1,37523.0
8330,1052,Travel Agency,2025-07-26,2025-07-29,Standard,1,13593.0
8331,1077,Event Group,2025-07-26,2025-07-28,Standard,1,15513.0
8332,1118,Leisure,2025-07-26,2025-07-27,Suite,1,36112.0
8333,1109,Corporate,2025-07-26,2025-07-28,Deluxe,1,20767.0
8334,1013,Corporate,2025-07-26,2025-07-27,Deluxe,1,23088.0
8335,1102,Corporate,2025-07-26,2025-07-29,Family,1,34713.0
8336,1013,Corporate,2025-07-27,2025-07-29,Suite,1,40748.0
8337,1029,Event Group,2025-07-27,2025-07-28,Deluxe,1,22330.0
8338,1114,Leisure,2025-07-27,2025-07-28,Deluxe,1,21248.0
8339,1077,Travel Agency,2025-07-27,2025-07-29,Suite,1,41332.0
8340,1055,Leisure,2025-07-27,2025-07-28,Suite,1,38064.0
8341,1072,Leisure,2025-07-27,2025-07-30,Deluxe,1,21592.0
8342,1036,Event Group,2025-07-27,2025-07-29,Suite,1,36797.0
8343,1063,Leisure,2025-07-27,2025-07-30,Standard,1,16509.0
8344,1090,Corporate,2025-07-27,2025-07-29,Standard,1,14500.0
8345,1056,Travel Agency,2025-07-27,2025-08-01,Standard,1,15679.0
8346,1055,Corporate,2025-07-27,2025-07-29,Deluxe,1,20076.0
8347,1086,Travel Agency,2025-07-27,2025-07-29,Deluxe,1,20764.0
8348,1041,Travel Agency,2025-07-27,2025-07-30,Suite,1,39507.0
8349,1117,Travel Agency,2025-07-27,2025-08-01,Standard,1,14901.0
8350,1072,Leisure,2025-07-27,2025-07-29,Deluxe,1,21926.0
8351,1073,Leisure,2025-07-27,2025-07-29,Deluxe,1,21475.0
8352,1046,Leisure,2025-07-27,2025-07-30,Standard,1,13734.0
8353,1035,Event Group,2025-07-27,2025-07-29,Standard,1,15104.0
8354,1007,Leisure,2025-07-27,2025-07-28,Standard,1,15214.0
8355,1037,Travel Agency,2025-07-27,2025-07-28,Standard,1,12876.0
8356,1077,Corporate,2025-07-27,2025-07-31,Standard,1,13307.0
8357,1082,Travel Agency,2025-07-27,2025-07-28,Standard,1,14364.0
8358,1063,Corporate,2025-07-27,2025-07-30,Suite,1,31078.0
8359,1095,Leisure,2025-07-27,2025-07-31,Deluxe,1,19473.0
8360,1026,Leisure,2025-07-27,2025-07-28,Deluxe,1,21459.0
8361,1075,Event Group,2025-07-27,2025-07-28,Standard,1,15424.0
8362,1100,Leisure,2025-07-27,2025-07-28,Standard,1,13662.0
8363,1063,Corporate,2025-07-27,2025-07-28,Suite,1,40158.0
8364,1091,Travel Agency,2025-07-27,2025-07-28,Deluxe,1,22355.0
8365,1055,Leisure,2025-07-27,2025-07-29,Suite,1,37934.0
8366,1124,Corporate,2025-07-27,2025-07-29,Standard,1,13594.0
8367,1025,Travel Agency,2025-07-27,2025-07-28,Standard,1,12985.0
8368,1090,Leisure,2025-07-27,2025-07-28,Standard,1,14887.0
8369,1093,Travel Agency,2025-07-27,2025-07-28,Deluxe,1,24557.0
8370,1057,Corporate,2025-07-27,2025-07-29,Standard,1,16351.0
8371,1009,Corporate,2025-07-27,2025-07-31,Deluxe,1,20194.0
8372,1007,Corporate,2025-07-27,2025-07-29,Deluxe,1,23104.0
8373,1102,Event Group,2025-07-27,2025-07-30,Family,1,33649.0
8374,1104,Travel Agency,2025-07-27,2025-08-01,Standard,1,17116.0
8375,1088,Leisure,2025-07-27,2025-07-31,Family,1,26783.0
8376,1091,Travel Agency,2025-07-27,2025-07-29,Deluxe,1,24201.0
8377,1075,Leisure,2025-07-27,2025-07-29,Deluxe,1,22092.0
8378,1081,Leisure,2025-07-27,2025-07-28,Standard,1,15594.0
8379,1011,Travel Agency,2025-07-27,2025-08-01,Standard,1,16266.0
8380,1082,Leisure,2025-07-27,2025-07-28,Standard,1,15532.0
8381,1048,Corporate,2025-07-27,2025-07-30,Standard,1,15892.0
8382,1034,Corporate,2025-07-27,2025-07-30,Family,1,30089.0
8383,1092,Event Group,2025-07-27,2025-07-29,Standard,1,15924.0
8384,1030,Corporate,2025-07-28,2025-07-29,Deluxe,1,21996.0
8385,1101,Leisure,2025-07-28,2025-08-01,Family,1,28593.0
8386,1121,Travel Agency,2025-07-28,2025-07-31,Standard,1,15710.0
8387,1027,Leisure,2025-07-28,2025-07-31,Deluxe,1,20090.0
8388,1046,Corporate,2025-07-28,2025-07-31,Deluxe,1,23708.0
8389,1062,Leisure,2025-07-28,2025-07-30,Deluxe,1,21758.0
8390,1095,Event Group,2025-07-28,2025-07-29,Deluxe,1,24028.0
8391,1067,Leisure,2025-07-28,2025-07-29,Deluxe,1,23651.0
8392,1080,Leisure,2025-07-28,2025-08-02,Standard,1,13768.0
8393,1039,Travel Agency,2025-07-28,2025-08-01,Standard,1,15229.0
8394,1001,Leisure,2025-07-28,2025-07-30,Standard,1,14976.0
8395,1057,Event Group,2025-07-28,2025-07-30,Standard,1,13965.0
8396,1058,Leisure,2025-07-28,2025-07-31,Family,1,33177.0
8397,1022,Corporate,2025-07-28,2025-07-29,Standard,1,16043.0
8398,1002,Corporate,2025-07-28,2025-07-30,Standard,1,13573.0
8399,1042,Travel Agency,2025-07-28,2025-08-01,Standard,1,15359.0
8400,1093,Corporate,2025-07-28,2025-07-30,Deluxe,1,21982.0
8401,1086,Leisure,2025-07-28,2025-07-29,Standard,1,15742.0
8402,1008,Leisure,2025-07-28,2025-07-29,Deluxe,1,22198.0
8403,1036,Travel Agency,2025-07-28,2025-07-29,Suite,1,47193.0
8404,1063,Leisure,2025-07-28,2025-07-30,Deluxe,1,22394.0
8405,1048,Corporate,2025-07-28,2025-07-29,Deluxe,1,22962.0
8406,1028,Leisure,2025-07-28,2025-07-29,Standard,1,16541.0
8407,1053,Corporate,2025-07-28,2025-07-30,Deluxe,1,18207.0
8408,1028,Corporate,2025-07-28,2025-08-01,Standard,1,16268.0
8409,1101,Corporate,2025-07-28,2025-07-29,Deluxe,1,19897.0
8410,1076,Leisure,2025-07-28,2025-07-31,Family,1,36851.0
8411,1032,Corporate,2025-07-28,2025-07-31,Standard,1,14825.0
8412,1063,Travel Agency,2025-07-28,2025-07-31,Deluxe,1,21579.0
8413,1100,Leisure,2025-07-28,2025-07-29,Deluxe,1,22192.0
8414,1104,Leisure,2025-07-28,2025-07-30,Family,1,30293.0
8415,1002,Corporate,2025-07-28,2025-07-29,Deluxe,1,23334.0
8416,1013,Leisure,2025-07-28,2025-08-01,Standard,1,15486.0
8417,1089,Leisure,2025-07-28,2025-07-31,Standard,1,15035.0
8418,1047,Leisure,2025-07-28,2025-07-29,Standard,1,15658.0
8419,1055,Corporate,2025-07-28,2025-08-01,Family,1,28961.0
8420,1115,Leisure,2025-07-28,2025-07-31,Family,1,28011.0
8421,1080,Event Group,2025-07-28,2025-07-31,Standard,1,14187.0
8422,1096,Travel Agency,2025-07-28,2025-07-29,Deluxe,1,25349.0
8423,1105,Leisure,2025-07-28,2025-07-30,Deluxe,1,21284.0
8424,1042,Travel Agency,2025-07-28,2025-07-30,Deluxe,1,19766.0
8425,1124,Corporate,2025-07-29,2025-08-03,Standard,1,13156.0
8426,1120,Travel Agency,2025-07-29,2025-07-31,Suite,1,34477.0
8427,1096,Leisure,2025-07-29,2025-07-30,Deluxe,1,23393.0
8428,1094,Corporate,2025-07-29,2025-07-31,Deluxe,1,21035.0
8429,1119,Corporate,2025-07-29,2025-07-30,Standard,1,15756.0
8430,1115,Corporate,2025-07-29,2025-07-31,Family,1,29351.0
8431,1036,Leisure,2025-07-29,2025-08-02,Family,1,25981.0
8432,1094,Corporate,2025-07-29,2025-08-01,Standard,1,15875.0
8433,1005,Corporate,2025-07-29,2025-07-31,Standard,1,14696.0
8434,1033,Corporate,2025-07-29,2025-07-30,Family,1,26129.0
8435,1007,Travel Agency,2025-07-29,2025-07-30,Family,1,27748.0
8436,1108,Leisure,2025-07-29,2025-07-31,Standard,1,16209.0
8437,1001,Event Group,2025-07-29,2025-08-01,Standard,1,13938.0
8438,1005,Travel Agency,2025-07-29,2025-07-30,Family,1,31923.0
8439,1050,Corporate,2025-07-29,2025-08-01,Standard,1,13802.0
8440,1069,Leisure,2025-07-29,2025-07-30,Deluxe,1,23472.0
8441,1071,Leisure,2025-07-29,2025-07-31,Suite,1,47333.0
8442,1055,Corporate,2025-07-29,2025-07-30,Deluxe,1,22251.0
8443,1090,Corporate,2025-07-29,2025-07-31,Standard,1,16278.0
8444,1065,Corporate,2025-07-29,2025-07-30,Standard,1,14542.0
8445,1088,Corporate,2025-07-29,2025-08-01,Standard,1,15287.0
8446,1048,Leisure,2025-07-29,2025-07-30,Deluxe,1,20118.0
8447,1057,Corporate,2025-07-29,2025-07-31,Deluxe,1,24778.0
8448,1064,Corporate,2025-07-29,2025-08-02,Family,1,33262.0
8449,1110,Leisure,2025-07-29,2025-07-31,Standard,1,12721.0
8450,1025,Leisure,2025-07-29,2025-08-01,Deluxe,1,21971.0
8451,1030,Corporate,2025-07-29,2025-08-01,Suite,1,45305.0
8452,1075,Corporate,2025-07-29,2025-07-30,Suite,1,39720.0
8453,1053,Corporate,2025-07-29,2025-07-31,Standard,1,14444.0
8454,1076,Corporate,2025-07-29,2025-08-02,Deluxe,1,23170.0
8455,1024,Event Group,2025-07-29,2025-07-31,Standard,1,12288.0
8456,1070,Event Group,2025-07-29,2025-07-30,Standard,1,14768.0
8457,1102,Travel Agency,2025-07-29,2025-07-31,Standard,1,16417.0
8458,1121,Corporate,2025-07-29,2025-07-31,Standard,1,13113.0
8459,1091,Travel Agency,2025-07-29,2025-08-01,Deluxe,1,23726.0
8460,1042,Travel Agency,2025-07-29,2025-07-31,Standard,1,14202.0
8461,1068,Travel Agency,2025-07-29,2025-07-30,Family,1,31428.0
8462,1114,Corporate,2025-07-29,2025-07-31,Family,1,28685.0
8463,1033,Leisure,2025-07-29,2025-08-01,Standard,1,16254.0
8464,1075,Event Group,2025-07-29,2025-07-30,Family,1,25874.0
8465,1072,Leisure,2025-07-29,2025-08-01,Standard,1,15625.0
8466,1062,Travel Agency,2025-07-29,2025-08-03,Standard,1,13678.0
8467,1074,Travel Agency,2025-07-29,2025-07-31,Standard,1,14057.0
8468,1042,Leisure,2025-07-29,2025-07-30,Standard,1,15298.0
8469,1059,Leisure,2025-07-29,2025-08-02,Standard,1,12695.0
8470,1058,Leisure,2025-07-29,2025-07-30,Standard,1,13951.0
8471,1097,Leisure,2025-07-29,2025-07-31,Standard,1,12255.0
8472,1077,Leisure,2025-07-29,2025-07-31,Standard,1,16170.0
8473,1085,Leisure,2025-07-29,2025-07-31,Standard,1,14829.0
8474,1111,Leisure,2025-07-29,2025-07-30,Deluxe,1,23182.0
8475,1097,Travel Agency,2025-07-29,2025-08-01,Deluxe,1,20012.0
8476,1081,Corporate,2025-07-29,2025-07-30,Family,1,29270.0
8477,1076,Leisure,2025-07-29,2025-08-01,Standard,1,15433.0
8478,1006,Leisure,2025-07-29,2025-08-01,Deluxe,1,25138.0
8479,1106,Travel Agency,2025-07-29,2025-08-02,Deluxe,1,19640.0
8480,1058,Leisure,2025-07-29,2025-07-30,Family,1,30084.0
8481,1122,Event Group,2025-07-29,2025-07-31,Suite,1,39710.0
8482,1124,Leisure,2025-07-29,2025-08-01,Deluxe,1,22834.0
8483,1080,Corporate,2025-07-29,2025-07-31,Standard,1,15654.0
8484,1017,Travel Agency,2025-07-29,2025-07-30,Family,1,26807.0
8485,1120,Corporate,2025-07-29,2025-08-03,Standard,1,14715.0
8486,1044,Leisure,2025-07-29,2025-07-30,Deluxe,1,25356.0
8487,1053,Leisure,2025-07-29,2025-08-01,Deluxe,1,23046.0
8488,1125,Leisure,2025-07-29,2025-08-01,Standard,1,13131.0
8489,1044,Event Group,2025-07-29,2025-08-01,Standard,1,16362.0
8490,1021,Leisure,2025-07-29,2025-08-01,Family,1,30206.0
8491,1019,Leisure,2025-07-30,2025-08-01,Standard,1,15207.0
8492,1122,Leisure,2025-07-30,2025-08-01,Standard,1,15871.0
8493,1121,Corporate,2025-07-30,2025-08-01,Deluxe,1,20218.0
8494,1031,Leisure,2025-07-30,2025-08-02,Family,1,27540.0
8495,1004,Leisure,2025-07-30,2025-08-01,Standard,1,15389.0
8496,1070,Leisure,2025-07-30,2025-07-31,Suite,1,36719.0
8497,1106,Leisure,2025-07-30,2025-08-03,Standard,1,13927.0
8498,1078,Leisure,2025-07-30,2025-07-31,Suite,1,45166.0
8499,1029,Leisure,2025-07-30,2025-08-02,Suite,1,40000.0
8500,1063,Leisure,2025-07-30,2025-08-03,Standard,1,14207.0
8501,1009,Leisure,2025-07-30,2025-08-04,Standard,1,14746.0
8502,1110,Event Group,2025-07-30,2025-08-01,Deluxe,1,20198.0
8503,1078,Corporate,2025-07-30,2025-08-01,Suite,1,38986.0
8504,1061,Leisure,2025-07-30,2025-07-31,Standard,1,15971.0
8505,1027,Leisure,2025-07-30,2025-08-01,Deluxe,1,22417.0
8506,1109,Corporate,2025-07-30,2025-08-02,Standard,1,15614.0
8507,1019,Leisure,2025-07-30,2025-08-02,Deluxe,1,22067.0
8508,1074,Corporate,2025-07-30,2025-08-02,Standard,1,16386.0
8509,1080,Travel Agency,2025-07-30,2025-07-31,Family,1,36008.0
8510,1046,Corporate,2025-07-30,2025-08-01,Standard,1,13718.0
8511,1089,Corporate,2025-07-30,2025-08-01,Family,1,31844.0
8512,1014,Leisure,2025-07-30,2025-08-02,Standard,1,14778.0
8513,1116,Event Group,2025-07-30,2025-08-01,Deluxe,1,22898.0
8514,1084,Leisure,2025-07-30,2025-08-01,Standard,1,12948.0
8515,1073,Travel Agency,2025-07-30,2025-08-02,Standard,1,17508.0
8516,1056,Corporate,2025-07-30,2025-08-02,Suite,1,32786.0
8517,1028,Corporate,2025-07-30,2025-08-01,Deluxe,1,24751.0
8518,1062,Travel Agency,2025-07-30,2025-08-03,Deluxe,1,20497.0
8519,1037,Travel Agency,2025-07-30,2025-08-03,Standard,1,14563.0
8520,1031,Corporate,2025-07-30,2025-08-01,Family,1,29882.0
8521,1007,Travel Agency,2025-07-30,2025-08-01,Standard,1,16742.0
8522,1102,Event Group,2025-07-30,2025-07-31,Deluxe,1,22410.0
8523,1074,Event Group,2025-07-30,2025-08-02,Standard,1,16020.0
8524,1046,Corporate,2025-07-30,2025-07-31,Standard,1,17033.0
8525,1019,Leisure,2025-07-30,2025-08-01,Standard,1,15508.0
8526,1032,Leisure,2025-07-30,2025-08-02,Standard,1,14016.0
8527,1092,Event Group,2025-07-30,2025-07-31,Deluxe,1,19197.0
8528,1086,Leisure,2025-07-30,2025-08-02,Standard,1,14934.0
8529,1011,Travel Agency,2025-07-30,2025-08-02,Deluxe,1,23661.0
8530,1062,Event Group,2025-07-30,2025-08-03,Suite,1,34439.0
8531,1079,Leisure,2025-07-30,2025-08-02,Standard,1,15349.0
8532,1022,Travel Agency,2025-07-31,2025-08-03,Standard,1,15347.0
8533,1096,Event Group,2025-07-31,2025-08-04,Deluxe,1,20796.0
8534,1010,Leisure,2025-07-31,2025-08-03,Standard,1,15363.0
8535,1115,Corporate,2025-07-31,2025-08-01,Deluxe,1,22288.0
8536,1018,Leisure,2025-07-31,2025-08-03,Standard,1,14910.0
8537,1119,Corporate,2025-07-31,2025-08-03,Deluxe,1,20881.0
8538,1013,Leisure,2025-07-31,2025-08-02,Standard,1,13635.0
8539,1027,Travel Agency,2025-07-31,2025-08-02,Standard,1,14651.0
8540,1004,Leisure,2025-07-31,2025-08-04,Standard,1,15289.0
8541,1029,Leisure,2025-07-31,2025-08-03,Family,1,27948.0
8542,1008,Corporate,2025-07-31,2025-08-01,Family,1,31580.0
8543,1036,Leisure,2025-07-31,2025-08-03,Deluxe,1,24247.0
8544,1047,Event Group,2025-07-31,2025-08-01,Deluxe,1,21385.0
8545,1014,Leisure,2025-07-31,2025-08-01,Standard,1,14930.0
8546,1125,Event Group,2025-07-31,2025-08-03,Deluxe,1,22699.0
8547,1085,Corporate,2025-07-31,2025-08-02,Standard,1,13060.0
8548,1013,Travel Agency,2025-07-31,2025-08-03,Standard,1,13624.0
8549,1103,Leisure,2025-07-31,2025-08-04,Deluxe,1,21008.0
8550,1111,Corporate,2025-07-31,2025-08-02,Family,1,30190.0
8551,1010,Travel Agency,2025-07-31,2025-08-03,Standard,1,14866.0
8552,1089,Corporate,2025-07-31,2025-08-02,Standard,1,14852.0
8553,1011,Corporate,2025-07-31,2025-08-04,Deluxe,1,22892.0
8554,1093,Leisure,2025-07-31,2025-08-01,Family,1,28658.0
8555,1110,Leisure,2025-07-31,2025-08-01,Standard,1,16245.0
8556,1044,Event Group,2025-07-31,2025-08-03,Standard,1,15445.0
8557,1074,Travel Agency,2025-07-31,2025-08-04,Standard,1,16498.0
8558,1124,Travel Agency,2025-07-31,2025-08-02,Family,1,27961.0
8559,1077,Corporate,2025-07-31,2025-08-02,Family,1,32356.0
8560,1036,Leisure,2025-07-31,2025-08-03,Suite,1,37025.0
8561,1007,Leisure,2025-07-31,2025-08-05,Suite,1,34573.0
8562,1115,Leisure,2025-07-31,2025-08-01,Suite,1,38110.0
8563,1023,Leisure,2025-07-31,2025-08-01,Standard,1,15798.0
8564,1050,Travel Agency,2025-07-31,2025-08-04,Standard,1,14899.0
8565,1100,Travel Agency,2025-07-31,2025-08-01,Deluxe,1,18694.0
8566,1113,Travel Agency,2025-07-31,2025-08-02,Deluxe,1,21596.0
8567,1039,Leisure,2025-07-31,2025-08-02,Standard,1,12740.0
8568,1008,Corporate,2025-07-31,2025-08-03,Deluxe,1,21619.0
8569,1111,Event Group,2025-07-31,2025-08-02,Standard,1,13235.0
8570,1022,Corporate,2025-07-31,2025-08-04,Standard,1,14121.0
8571,1034,Leisure,2025-07-31,2025-08-03,Standard,1,17246.0
8572,1116,Travel Agency,2025-07-31,2025-08-01,Standard,1,14194.0
8573,1096,Leisure,2025-07-31,2025-08-03,Family,1,33299.0
8574,1069,Corporate,2025-07-31,2025-08-03,Standard,1,13924.0
8575,1057,Corporate,2025-07-31,2025-08-01,Standard,1,14561.0
8576,1113,Event Group,2025-07-31,2025-08-03,Deluxe,1,22383.0
8577,1038,Travel Agency,2025-07-31,2025-08-02,Standard,1,16068.0
8578,1086,Leisure,2025-07-31,2025-08-01,Standard,1,14432.0
8579,1049,Travel Agency,2025-07-31,2025-08-01,Deluxe,1,23282.0
8580,1006,Leisure,2025-07-31,2025-08-01,Deluxe,1,20768.0
8581,1020,Corporate,2025-07-31,2025-08-01,Standard,1,13458.0
8582,1101,Travel Agency,2025-07-31,2025-08-01,Deluxe,1,22617.0
8583,1111,Corporate,2025-07-31,2025-08-02,Standard,1,15715.0
8584,1102,Corporate,2025-07-31,2025-08-01,Standard,1,15115.0
8585,1124,Leisure,2025-07-31,2025-08-01,Deluxe,1,22699.0
8586,1001,Travel Agency,2025-07-31,2025-08-03,Standard,1,14053.0
8587,1048,Corporate,2025-08-01,2025-08-02,Deluxe,1,19341.0
8588,1103,Leisure,2025-08-01,2025-08-03,Standard,1,13623.0
8589,1012,Corporate,2025-08-01,2025-08-03,Standard,1,15447.0
8590,1076,Travel Agency,2025-08-01,2025-08-02,Deluxe,1,20412.0
8591,1082,Corporate,2025-08-01,2025-08-02,Family,1,29132.0
8592,1047,Leisure,2025-08-01,2025-08-02,Deluxe,1,20570.0
8593,1123,Corporate,2025-08-01,2025-08-03,Deluxe,1,21917.0
8594,1087,Corporate,2025-08-01,2025-08-05,Suite,1,35364.0
8595,1045,Travel Agency,2025-08-01,2025-08-02,Deluxe,1,18203.0
8596,1099,Travel Agency,2025-08-01,2025-08-04,Deluxe,1,20678.0
8597,1111,Leisure,2025-08-01,2025-08-04,Standard,1,13304.0
8598,1103,Leisure,2025-08-01,2025-08-02,Deluxe,1,23073.0
8599,1096,Leisure,2025-08-01,2025-08-03,Standard,1,16567.0
8600,1005,Corporate,2025-08-01,2025-08-03,Standard,1,13464.0
8601,1022,Travel Agency,2025-08-01,2025-08-04,Suite,1,42194.0
8602,1116,Leisure,2025-08-01,2025-08-04,Deluxe,1,21635.0
8603,1114,Leisure,2025-08-01,2025-08-02,Standard,1,15275.0
8604,1056,Leisure,2025-08-01,2025-08-02,Deluxe,1,23928.0
8605,1113,Leisure,2025-08-01,2025-08-02,Deluxe,1,19886.0
8606,1050,Travel Agency,2025-08-01,2025-08-02,Suite,1,42243.0
8607,1032,Travel Agency,2025-08-01,2025-08-02,Family,1,27885.0
8608,1080,Leisure,2025-08-01,2025-08-03,Family,1,33568.0
8609,1006,Corporate,2025-08-01,2025-08-02,Standard,1,13882.0
8610,1079,Travel Agency,2025-08-01,2025-08-06,Suite,1,35986.0
8611,1027,Leisure,2025-08-01,2025-08-04,Standard,1,15461.0
8612,1108,Travel Agency,2025-08-01,2025-08-05,Suite,1,36435.0
8613,1115,Travel Agency,2025-08-01,2025-08-02,Deluxe,1,21610.0
8614,1070,Corporate,2025-08-01,2025-08-02,Standard,1,16030.0
8615,1124,Event Group,2025-08-01,2025-08-02,Standard,1,14883.0
8616,1097,Travel Agency,2025-08-01,2025-08-04,Standard,1,12128.0
8617,1104,Corporate,2025-08-01,2025-08-03,Standard,1,13701.0
8618,1110,Leisure,2025-08-01,2025-08-04,Standard,1,14434.0
8619,1036,Corporate,2025-08-01,2025-08-03,Family,1,26551.0
8620,1037,Corporate,2025-08-01,2025-08-04,Deluxe,1,19447.0
8621,1082,Event Group,2025-08-01,2025-08-05,Standard,1,16369.0
8622,1002,Leisure,2025-08-01,2025-08-02,Suite,1,37910.0
8623,1021,Leisure,2025-08-01,2025-08-04,Standard,1,15777.0
8624,1121,Leisure,2025-08-01,2025-08-03,Suite,1,38083.0
8625,1007,Leisure,2025-08-01,2025-08-02,Deluxe,1,21598.0
8626,1063,Leisure,2025-08-01,2025-08-02,Family,1,31602.0
8627,1066,Travel Agency,2025-08-01,2025-08-03,Standard,1,14385.0
8628,1066,Corporate,2025-08-01,2025-08-03,Suite,1,36751.0
8629,1021,Corporate,2025-08-01,2025-08-02,Standard,1,15942.0
8630,1047,Corporate,2025-08-01,2025-08-02,Standard,1,13793.0
8631,1015,Travel Agency,2025-08-01,2025-08-04,Standard,1,12001.0
8632,1066,Leisure,2025-08-01,2025-08-02,Standard,1,15918.0
8633,1002,Travel Agency,2025-08-01,2025-08-04,Standard,1,15546.0
8634,1113,Event Group,2025-08-01,2025-08-02,Deluxe,1,19695.0
8635,1046,Leisure,2025-08-01,2025-08-02,Deluxe,1,19757.0
8636,1106,Corporate,2025-08-01,2025-08-04,Deluxe,1,24305.0
8637,1036,Event Group,2025-08-01,2025-08-02,Standard,1,15109.0
8638,1028,Leisure,2025-08-01,2025-08-03,Deluxe,1,18250.0
8639,1090,Leisure,2025-08-01,2025-08-04,Standard,1,13575.0
8640,1034,Leisure,2025-08-01,2025-08-04,Deluxe,1,18127.0
8641,1026,Travel Agency,2025-08-01,2025-08-03,Standard,1,13694.0
8642,1007,Leisure,2025-08-01,2025-08-05,Standard,1,15200.0
8643,1053,Leisure,2025-08-01,2025-08-02,Standard,1,15571.0
8644,1027,Corporate,2025-08-01,2025-08-03,Suite,1,40608.0
8645,1012,Corporate,2025-08-01,2025-08-03,Standard,1,12827.0
8646,1056,Event Group,2025-08-01,2025-08-02,Standard,1,15612.0
8647,1039,Corporate,2025-08-01,2025-08-02,Standard,1,15206.0
8648,1116,Leisure,2025-08-02,2025-08-03,Deluxe,1,23361.0
8649,1122,Event Group,2025-08-02,2025-08-03,Deluxe,1,22983.0
8650,1097,Leisure,2025-08-02,2025-08-05,Standard,1,14699.0
8651,1102,Corporate,2025-08-02,2025-08-03,Deluxe,1,20874.0
8652,1080,Leisure,2025-08-02,2025-08-07,Deluxe,1,24186.0
8653,1098,Leisure,2025-08-02,2025-08-04,Deluxe,1,22242.0
8654,1104,Corporate,2025-08-02,2025-08-03,Standard,1,18060.0
8655,1031,Corporate,2025-08-02,2025-08-03,Suite,1,33556.0
8656,1019,Corporate,2025-08-02,2025-08-04,Standard,1,14659.0
8657,1001,Leisure,2025-08-02,2025-08-04,Standard,1,14972.0
8658,1070,Travel Agency,2025-08-02,2025-08-03,Standard,1,15026.0
8659,1064,Leisure,2025-08-02,2025-08-06,Family,1,29477.0
8660,1060,Leisure,2025-08-02,2025-08-04,Deluxe,1,22067.0
8661,1065,Leisure,2025-08-02,2025-08-05,Standard,1,15614.0
8662,1025,Event Group,2025-08-02,2025-08-03,Standard,1,14614.0
8663,1025,Travel Agency,2025-08-02,2025-08-05,Deluxe,1,22564.0
8664,1012,Leisure,2025-08-02,2025-08-03,Family,1,29499.0
8665,1081,Leisure,2025-08-02,2025-08-07,Deluxe,1,21037.0
8666,1119,Leisure,2025-08-02,2025-08-04,Deluxe,1,23555.0
8667,1084,Leisure,2025-08-02,2025-08-03,Standard,1,13552.0
8668,1059,Corporate,2025-08-02,2025-08-04,Suite,1,32576.0
8669,1055,Corporate,2025-08-02,2025-08-07,Deluxe,1,21215.0
8670,1049,Corporate,2025-08-02,2025-08-04,Deluxe,1,21078.0
8671,1009,Travel Agency,2025-08-02,2025-08-06,Suite,1,31195.0
8672,1040,Leisure,2025-08-02,2025-08-03,Family,1,29563.0
8673,1065,Corporate,2025-08-02,2025-08-03,Deluxe,1,20808.0
8674,1087,Travel Agency,2025-08-02,2025-08-04,Family,1,27659.0
8675,1101,Leisure,2025-08-02,2025-08-03,Standard,1,16166.0
8676,1016,Corporate,2025-08-02,2025-08-04,Standard,1,15817.0
8677,1070,Corporate,2025-08-02,2025-08-03,Standard,1,14746.0
8678,1033,Leisure,2025-08-02,2025-08-03,Family,1,29620.0
8679,1122,Leisure,2025-08-02,2025-08-07,Family,1,33929.0
8680,1033,Corporate,2025-08-02,2025-08-06,Standard,1,15457.0
8681,1095,Leisure,2025-08-02,2025-08-05,Standard,1,15994.0
8682,1028,Corporate,2025-08-02,2025-08-04,Deluxe,1,20657.0
8683,1094,Leisure,2025-08-02,2025-08-07,Standard,1,13750.0
8684,1078,Event Group,2025-08-02,2025-08-03,Standard,1,15434.0
8685,1064,Leisure,2025-08-02,2025-08-04,Family,1,29790.0
8686,1057,Leisure,2025-08-02,2025-08-03,Deluxe,1,21978.0
8687,1031,Leisure,2025-08-02,2025-08-06,Deluxe,1,19625.0
8688,1112,Leisure,2025-08-02,2025-08-03,Standard,1,17164.0
8689,1123,Corporate,2025-08-02,2025-08-04,Deluxe,1,22832.0
8690,1031,Leisure,2025-08-02,2025-08-04,Standard,1,14196.0
8691,1125,Leisure,2025-08-02,2025-08-04,Deluxe,1,21380.0
8692,1018,Leisure,2025-08-02,2025-08-04,Standard,1,15552.0
8693,1107,Corporate,2025-08-02,2025-08-04,Standard,1,14697.0
8694,1029,Corporate,2025-08-02,2025-08-07,Standard,1,13970.0
8695,1018,Leisure,2025-08-02,2025-08-03,Deluxe,1,20284.0
8696,1117,Corporate,2025-08-02,2025-08-03,Standard,1,14035.0
8697,1015,Travel Agency,2025-08-02,2025-08-03,Standard,1,14846.0
8698,1050,Leisure,2025-08-02,2025-08-04,Standard,1,15046.0
8699,1055,Leisure,2025-08-02,2025-08-04,Standard,1,13816.0
8700,1034,Travel Agency,2025-08-03,2025-08-04,Standard,1,14333.0
8701,1023,Leisure,2025-08-03,2025-08-06,Standard,1,13988.0
8702,1092,Corporate,2025-08-03,2025-08-05,Deluxe,1,20693.0
8703,1086,Corporate,2025-08-03,2025-08-05,Standard,1,14997.0
8704,1057,Travel Agency,2025-08-03,2025-08-04,Standard,1,15986.0
8705,1086,Leisure,2025-08-03,2025-08-07,Deluxe,1,22869.0
8706,1069,Corporate,2025-08-03,2025-08-04,Deluxe,1,22370.0
8707,1020,Leisure,2025-08-03,2025-08-05,Deluxe,1,22473.0
8708,1073,Leisure,2025-08-03,2025-08-07,Standard,1,13608.0
8709,1030,Corporate,2025-08-03,2025-08-05,Standard,1,14842.0
8710,1040,Corporate,2025-08-03,2025-08-05,Standard,1,13417.0
8711,1040,Corporate,2025-08-03,2025-08-06,Standard,1,14338.0
8712,1001,Leisure,2025-08-03,2025-08-05,Suite,1,33584.0
8713,1020,Leisure,2025-08-03,2025-08-04,Deluxe,1,21888.0
8714,1075,Corporate,2025-08-03,2025-08-05,Suite,1,33420.0
8715,1005,Leisure,2025-08-03,2025-08-04,Suite,1,41407.0
8716,1046,Corporate,2025-08-03,2025-08-07,Deluxe,1,20100.0
8717,1044,Leisure,2025-08-03,2025-08-05,Suite,1,35961.0
8718,1067,Corporate,2025-08-03,2025-08-07,Family,1,32238.0
8719,1095,Corporate,2025-08-03,2025-08-07,Family,1,30608.0
8720,1106,Travel Agency,2025-08-03,2025-08-06,Family,1,28892.0
8721,1092,Corporate,2025-08-03,2025-08-05,Standard,1,14288.0
8722,1088,Leisure,2025-08-03,2025-08-06,Standard,1,12341.0
8723,1123,Leisure,2025-08-03,2025-08-04,Family,1,29497.0
8724,1052,Event Group,2025-08-03,2025-08-04,Standard,1,13415.0
8725,1008,Travel Agency,2025-08-03,2025-08-04,Deluxe,1,23727.0
8726,1105,Leisure,2025-08-03,2025-08-06,Deluxe,1,24490.0
8727,1001,Travel Agency,2025-08-03,2025-08-04,Deluxe,1,19706.0
8728,1059,Event Group,2025-08-03,2025-08-05,Deluxe,1,20702.0
8729,1040,Corporate,2025-08-03,2025-08-07,Family,1,30515.0
8730,1056,Travel Agency,2025-08-03,2025-08-05,Suite,1,36376.0
8731,1041,Corporate,2025-08-03,2025-08-07,Deluxe,1,22089.0
8732,1011,Travel Agency,2025-08-03,2025-08-04,Family,1,28825.0
8733,1090,Leisure,2025-08-03,2025-08-04,Family,1,28061.0
8734,1069,Leisure,2025-08-03,2025-08-05,Deluxe,1,25861.0
8735,1116,Leisure,2025-08-03,2025-08-04,Deluxe,1,21124.0
8736,1093,Leisure,2025-08-03,2025-08-07,Deluxe,1,21557.0
8737,1124,Leisure,2025-08-03,2025-08-04,Standard,1,14436.0
8738,1007,Travel Agency,2025-08-03,2025-08-05,Suite,1,42246.0
8739,1036,Event Group,2025-08-03,2025-08-04,Suite,1,35242.0
8740,1078,Leisure,2025-08-03,2025-08-04,Deluxe,1,17569.0
8741,1083,Corporate,2025-08-03,2025-08-05,Family,1,24004.0
8742,1040,Travel Agency,2025-08-03,2025-08-04,Suite,1,41807.0
8743,1118,Leisure,2025-08-03,2025-08-05,Standard,1,14603.0
8744,1110,Leisure,2025-08-03,2025-08-06,Family,1,30270.0
8745,1082,Corporate,2025-08-03,2025-08-07,Family,1,29152.0
8746,1112,Corporate,2025-08-03,2025-08-05,Deluxe,1,20882.0
8747,1100,Corporate,2025-08-03,2025-08-06,Suite,1,36616.0
8748,1085,Corporate,2025-08-03,2025-08-05,Standard,1,12433.0
8749,1057,Leisure,2025-08-03,2025-08-04,Family,1,31248.0
8750,1032,Leisure,2025-08-04,2025-08-06,Standard,1,14492.0
8751,1046,Corporate,2025-08-04,2025-08-06,Standard,1,15277.0
8752,1100,Leisure,2025-08-04,2025-08-09,Deluxe,1,22250.0
8753,1001,Travel Agency,2025-08-04,2025-08-08,Standard,1,14511.0
8754,1073,Leisure,2025-08-04,2025-08-06,Standard,1,16404.0
8755,1087,Travel Agency,2025-08-04,2025-08-07,Standard,1,14814.0
8756,1015,Leisure,2025-08-04,2025-08-08,Family,1,27990.0
8757,1008,Corporate,2025-08-04,2025-08-09,Deluxe,1,21982.0
8758,1099,Corporate,2025-08-04,2025-08-06,Deluxe,1,22902.0
8759,1043,Corporate,2025-08-04,2025-08-08,Standard,1,15667.0
8760,1058,Leisure,2025-08-04,2025-08-05,Deluxe,1,21129.0
8761,1096,Travel Agency,2025-08-04,2025-08-07,Deluxe,1,23094.0
8762,1016,Leisure,2025-08-04,2025-08-09,Standard,1,13557.0
8763,1040,Leisure,2025-08-04,2025-08-05,Standard,1,15057.0
8764,1011,Leisure,2025-08-04,2025-08-05,Deluxe,1,20545.0
8765,1099,Leisure,2025-08-04,2025-08-05,Standard,1,13366.0
8766,1008,Corporate,2025-08-04,2025-08-09,Standard,1,14330.0
8767,1003,Corporate,2025-08-04,2025-08-05,Standard,1,13671.0
8768,1028,Leisure,2025-08-04,2025-08-08,Deluxe,1,23403.0
8769,1113,Event Group,2025-08-04,2025-08-06,Standard,1,14305.0
8770,1020,Leisure,2025-08-04,2025-08-05,Family,1,24993.0
8771,1006,Leisure,2025-08-04,2025-08-07,Standard,1,16691.0
8772,1109,Travel Agency,2025-08-04,2025-08-06,Deluxe,1,22518.0
8773,1021,Event Group,2025-08-04,2025-08-06,Deluxe,1,19049.0
8774,1080,Leisure,2025-08-04,2025-08-07,Deluxe,1,21620.0
8775,1039,Leisure,2025-08-04,2025-08-07,Standard,1,15591.0
8776,1104,Travel Agency,2025-08-04,2025-08-05,Standard,1,12813.0
8777,1092,Event Group,2025-08-04,2025-08-07,Deluxe,1,23229.0
8778,1104,Corporate,2025-08-04,2025-08-05,Family,1,28365.0
8779,1041,Corporate,2025-08-04,2025-08-06,Standard,1,15213.0
8780,1119,Corporate,2025-08-04,2025-08-06,Deluxe,1,20080.0
8781,1013,Leisure,2025-08-04,2025-08-08,Standard,1,14771.0
8782,1124,Corporate,2025-08-04,2025-08-05,Standard,1,13465.0
8783,1102,Leisure,2025-08-04,2025-08-09,Standard,1,15646.0
8784,1043,Travel Agency,2025-08-04,2025-08-06,Deluxe,1,21148.0
8785,1060,Leisure,2025-08-04,2025-08-08,Family,1,28761.0
8786,1103,Corporate,2025-08-04,2025-08-06,Standard,1,15097.0
8787,1085,Corporate,2025-08-04,2025-08-05,Standard,1,13602.0
8788,1106,Travel Agency,2025-08-04,2025-08-06,Deluxe,1,21615.0
8789,1045,Travel Agency,2025-08-04,2025-08-08,Deluxe,1,18719.0
8790,1066,Leisure,2025-08-04,2025-08-05,Standard,1,15305.0
8791,1090,Leisure,2025-08-04,2025-08-05,Family,1,28761.0
8792,1107,Travel Agency,2025-08-04,2025-08-08,Standard,1,15101.0
8793,1074,Corporate,2025-08-04,2025-08-09,Family,1,29369.0
8794,1119,Leisure,2025-08-04,2025-08-07,Family,1,27053.0
8795,1051,Travel Agency,2025-08-04,2025-08-05,Family,1,28553.0
8796,1113,Leisure,2025-08-05,2025-08-08,Family,1,30025.0
8797,1027,Travel Agency,2025-08-05,2025-08-08,Standard,1,15296.0
8798,1025,Leisure,2025-08-05,2025-08-06,Deluxe,1,19835.0
8799,1033,Leisure,2025-08-05,2025-08-06,Deluxe,1,22242.0
8800,1049,Travel Agency,2025-08-05,2025-08-06,Deluxe,1,23629.0
8801,1125,Leisure,2025-08-05,2025-08-06,Deluxe,1,23390.0
8802,1071,Leisure,2025-08-05,2025-08-08,Family,1,27330.0
8803,1092,Event Group,2025-08-05,2025-08-10,Standard,1,13539.0
8804,1058,Leisure,2025-08-05,2025-08-08,Suite,1,34828.0
8805,1068,Leisure,2025-08-05,2025-08-06,Family,1,25762.0
8806,1020,Corporate,2025-08-05,2025-08-07,Standard,1,13688.0
8807,1004,Corporate,2025-08-05,2025-08-07,Standard,1,12607.0
8808,1062,Leisure,2025-08-05,2025-08-06,Family,1,21903.0
8809,1095,Corporate,2025-08-05,2025-08-06,Standard,1,16038.0
8810,1094,Travel Agency,2025-08-05,2025-08-07,Standard,1,13275.0
8811,1012,Corporate,2025-08-05,2025-08-07,Standard,1,13385.0
8812,1011,Corporate,2025-08-05,2025-08-06,Deluxe,1,21587.0
8813,1044,Leisure,2025-08-05,2025-08-06,Standard,1,14914.0
8814,1099,Leisure,2025-08-05,2025-08-08,Standard,1,13361.0
8815,1113,Travel Agency,2025-08-05,2025-08-07,Suite,1,39907.0
8816,1098,Leisure,2025-08-05,2025-08-06,Standard,1,13853.0
8817,1079,Leisure,2025-08-05,2025-08-06,Standard,1,14978.0
8818,1101,Leisure,2025-08-05,2025-08-08,Standard,1,14872.0
8819,1024,Travel Agency,2025-08-05,2025-08-09,Standard,1,15247.0
8820,1108,Leisure,2025-08-05,2025-08-08,Standard,1,16336.0
8821,1108,Corporate,2025-08-05,2025-08-08,Standard,1,13139.0
8822,1113,Travel Agency,2025-08-05,2025-08-06,Family,1,31299.0
8823,1122,Leisure,2025-08-05,2025-08-06,Family,1,29828.0
8824,1026,Leisure,2025-08-05,2025-08-07,Deluxe,1,22084.0
8825,1015,Leisure,2025-08-05,2025-08-07,Standard,1,14263.0
8826,1016,Corporate,2025-08-05,2025-08-06,Standard,1,15542.0
8827,1112,Leisure,2025-08-05,2025-08-06,Standard,1,13793.0
8828,1108,Corporate,2025-08-05,2025-08-06,Standard,1,15821.0
8829,1078,Leisure,2025-08-05,2025-08-09,Deluxe,1,22899.0
8830,1005,Leisure,2025-08-05,2025-08-06,Standard,1,16064.0
8831,1071,Leisure,2025-08-05,2025-08-07,Deluxe,1,21363.0
8832,1111,Travel Agency,2025-08-05,2025-08-07,Standard,1,15291.0
8833,1097,Leisure,2025-08-05,2025-08-06,Family,1,28674.0
8834,1066,Leisure,2025-08-05,2025-08-07,Deluxe,1,19475.0
8835,1059,Travel Agency,2025-08-05,2025-08-06,Family,1,30603.0
8836,1023,Leisure,2025-08-05,2025-08-07,Standard,1,13443.0
8837,1121,Leisure,2025-08-05,2025-08-06,Standard,1,15988.0
8838,1009,Travel Agency,2025-08-05,2025-08-06,Deluxe,1,24262.0
8839,1076,Travel Agency,2025-08-05,2025-08-06,Family,1,30536.0
8840,1121,Travel Agency,2025-08-05,2025-08-06,Family,1,31076.0
8841,1085,Corporate,2025-08-05,2025-08-07,Standard,1,16739.0
8842,1009,Leisure,2025-08-05,2025-08-08,Standard,1,14983.0
8843,1024,Travel Agency,2025-08-05,2025-08-07,Standard,1,13413.0
8844,1107,Leisure,2025-08-05,2025-08-08,Family,1,32854.0
8845,1058,Leisure,2025-08-05,2025-08-08,Suite,1,36158.0
8846,1085,Corporate,2025-08-05,2025-08-08,Standard,1,14547.0
8847,1117,Corporate,2025-08-05,2025-08-06,Suite,1,42053.0
8848,1016,Leisure,2025-08-05,2025-08-07,Deluxe,1,18608.0
8849,1091,Corporate,2025-08-06,2025-08-09,Family,1,32708.0
8850,1004,Travel Agency,2025-08-06,2025-08-09,Standard,1,16035.0
8851,1077,Corporate,2025-08-06,2025-08-08,Standard,1,13927.0
8852,1070,Leisure,2025-08-06,2025-08-09,Standard,1,15269.0
8853,1064,Travel Agency,2025-08-06,2025-08-07,Standard,1,12918.0
8854,1091,Event Group,2025-08-06,2025-08-10,Deluxe,1,19083.0
8855,1069,Event Group,2025-08-06,2025-08-07,Deluxe,1,23226.0
8856,1055,Leisure,2025-08-06,2025-08-07,Deluxe,1,24182.0
8857,1124,Leisure,2025-08-06,2025-08-07,Family,1,30514.0
8858,1115,Corporate,2025-08-06,2025-08-07,Suite,1,37248.0
8859,1088,Leisure,2025-08-06,2025-08-10,Deluxe,1,23928.0
8860,1001,Corporate,2025-08-06,2025-08-08,Standard,1,16057.0
8861,1067,Corporate,2025-08-06,2025-08-10,Standard,1,15917.0
8862,1087,Corporate,2025-08-06,2025-08-07,Deluxe,1,21295.0
8863,1090,Leisure,2025-08-06,2025-08-08,Standard,1,14472.0
8864,1001,Corporate,2025-08-06,2025-08-08,Standard,1,13311.0
8865,1111,Corporate,2025-08-06,2025-08-07,Standard,1,16768.0
8866,1078,Leisure,2025-08-06,2025-08-08,Standard,1,15673.0
8867,1060,Leisure,2025-08-06,2025-08-09,Standard,1,13558.0
8868,1035,Corporate,2025-08-06,2025-08-08,Standard,1,13771.0
8869,1047,Travel Agency,2025-08-06,2025-08-09,Deluxe,1,22595.0
8870,1018,Corporate,2025-08-06,2025-08-08,Standard,1,14540.0
8871,1018,Corporate,2025-08-06,2025-08-09,Family,1,29443.0
8872,1090,Travel Agency,2025-08-06,2025-08-08,Family,1,33008.0
8873,1055,Leisure,2025-08-06,2025-08-07,Deluxe,1,20703.0
8874,1047,Leisure,2025-08-06,2025-08-07,Deluxe,1,24046.0
8875,1012,Leisure,2025-08-06,2025-08-07,Deluxe,1,21484.0
8876,1041,Corporate,2025-08-06,2025-08-08,Standard,1,16940.0
8877,1124,Leisure,2025-08-06,2025-08-07,Deluxe,1,21469.0
8878,1070,Corporate,2025-08-06,2025-08-11,Standard,1,15387.0
8879,1120,Leisure,2025-08-06,2025-08-08,Deluxe,1,22599.0
8880,1028,Leisure,2025-08-06,2025-08-08,Standard,1,14747.0
8881,1020,Leisure,2025-08-06,2025-08-07,Deluxe,1,24139.0
8882,1031,Corporate,2025-08-06,2025-08-09,Deluxe,1,19687.0
8883,1062,Leisure,2025-08-06,2025-08-07,Standard,1,12922.0
8884,1056,Leisure,2025-08-06,2025-08-10,Suite,1,35531.0
8885,1054,Corporate,2025-08-06,2025-08-07,Standard,1,14890.0
8886,1042,Leisure,2025-08-06,2025-08-10,Deluxe,1,21934.0
8887,1115,Travel Agency,2025-08-06,2025-08-07,Deluxe,1,21811.0
8888,1021,Leisure,2025-08-06,2025-08-08,Standard,1,14138.0
8889,1074,Leisure,2025-08-06,2025-08-07,Deluxe,1,18755.0
8890,1099,Leisure,2025-08-06,2025-08-09,Standard,1,14583.0
8891,1060,Leisure,2025-08-06,2025-08-09,Standard,1,13942.0
8892,1048,Leisure,2025-08-06,2025-08-08,Deluxe,1,23173.0
8893,1120,Leisure,2025-08-06,2025-08-07,Standard,1,13114.0
8894,1059,Leisure,2025-08-06,2025-08-07,Deluxe,1,23029.0
8895,1121,Corporate,2025-08-06,2025-08-07,Standard,1,15056.0
8896,1107,Travel Agency,2025-08-06,2025-08-07,Standard,1,15458.0
8897,1062,Event Group,2025-08-07,2025-08-08,Family,1,30711.0
8898,1054,Travel Agency,2025-08-07,2025-08-10,Family,1,26175.0
8899,1057,Corporate,2025-08-07,2025-08-09,Standard,1,14340.0
8900,1089,Leisure,2025-08-07,2025-08-09,Family,1,25032.0
8901,1070,Leisure,2025-08-07,2025-08-08,Family,1,28960.0
8902,1084,Event Group,2025-08-07,2025-08-09,Family,1,30804.0
8903,1079,Leisure,2025-08-07,2025-08-08,Suite,1,33292.0
8904,1098,Leisure,2025-08-07,2025-08-10,Standard,1,14818.0
8905,1104,Leisure,2025-08-07,2025-08-10,Deluxe,1,18263.0
8906,1022,Leisure,2025-08-07,2025-08-08,Standard,1,15467.0
8907,1027,Travel Agency,2025-08-07,2025-08-09,Standard,1,14544.0
8908,1017,Travel Agency,2025-08-07,2025-08-10,Suite,1,35386.0
8909,1027,Leisure,2025-08-07,2025-08-10,Deluxe,1,18824.0
8910,1118,Leisure,2025-08-07,2025-08-09,Deluxe,1,22841.0
8911,1026,Travel Agency,2025-08-07,2025-08-09,Deluxe,1,20470.0
8912,1068,Corporate,2025-08-07,2025-08-08,Deluxe,1,24013.0
8913,1010,Leisure,2025-08-07,2025-08-10,Standard,1,14324.0
8914,1089,Leisure,2025-08-07,2025-08-12,Standard,1,14825.0
8915,1102,Leisure,2025-08-07,2025-08-09,Standard,1,14647.0
8916,1047,Corporate,2025-08-07,2025-08-10,Suite,1,35300.0
8917,1097,Event Group,2025-08-07,2025-08-08,Standard,1,13482.0
8918,1039,Leisure,2025-08-07,2025-08-08,Standard,1,14397.0
8919,1068,Corporate,2025-08-07,2025-08-08,Standard,1,13773.0
8920,1071,Travel Agency,2025-08-07,2025-08-09,Deluxe,1,26098.0
8921,1050,Leisure,2025-08-07,2025-08-10,Family,1,29765.0
8922,1037,Corporate,2025-08-07,2025-08-09,Deluxe,1,23123.0
8923,1091,Event Group,2025-08-07,2025-08-08,Deluxe,1,20432.0
8924,1043,Event Group,2025-08-07,2025-08-08,Standard,1,13439.0
8925,1101,Corporate,2025-08-07,2025-08-10,Family,1,29499.0
8926,1026,Travel Agency,2025-08-07,2025-08-08,Deluxe,1,22162.0
8927,1064,Leisure,2025-08-07,2025-08-11,Standard,1,15285.0
8928,1100,Corporate,2025-08-07,2025-08-11,Family,1,24228.0
8929,1119,Corporate,2025-08-07,2025-08-10,Family,1,27571.0
8930,1006,Corporate,2025-08-07,2025-08-10,Deluxe,1,23682.0
8931,1063,Leisure,2025-08-07,2025-08-12,Suite,1,34859.0
8932,1072,Leisure,2025-08-07,2025-08-10,Standard,1,15021.0
8933,1104,Corporate,2025-08-07,2025-08-10,Standard,1,14129.0
8934,1123,Corporate,2025-08-07,2025-08-10,Deluxe,1,21981.0
8935,1124,Corporate,2025-08-07,2025-08-08,Deluxe,1,22254.0
8936,1017,Leisure,2025-08-07,2025-08-09,Standard,1,14217.0
8937,1068,Corporate,2025-08-07,2025-08-08,Deluxe,1,22385.0
8938,1018,Corporate,2025-08-07,2025-08-10,Standard,1,15240.0
8939,1012,Leisure,2025-08-07,2025-08-08,Deluxe,1,22763.0
8940,1004,Leisure,2025-08-07,2025-08-09,Family,1,30928.0
8941,1111,Leisure,2025-08-07,2025-08-08,Family,1,31830.0
8942,1074,Corporate,2025-08-07,2025-08-11,Standard,1,15273.0
8943,1125,Corporate,2025-08-07,2025-08-08,Standard,1,14492.0
8944,1009,Leisure,2025-08-07,2025-08-08,Family,1,31821.0
8945,1025,Corporate,2025-08-07,2025-08-11,Standard,1,13154.0
8946,1004,Corporate,2025-08-07,2025-08-08,Deluxe,1,21182.0
8947,1040,Leisure,2025-08-08,2025-08-11,Family,1,32277.0
8948,1050,Travel Agency,2025-08-08,2025-08-12,Standard,1,13011.0
8949,1060,Leisure,2025-08-08,2025-08-09,Deluxe,1,21788.0
8950,1081,Corporate,2025-08-08,2025-08-12,Deluxe,1,21173.0
8951,1056,Leisure,2025-08-08,2025-08-10,Deluxe,1,19629.0
8952,1114,Leisure,2025-08-08,2025-08-12,Deluxe,1,20651.0
8953,1052,Event Group,2025-08-08,2025-08-09,Family,1,28948.0
8954,1009,Leisure,2025-08-08,2025-08-10,Deluxe,1,22241.0
8955,1032,Leisure,2025-08-08,2025-08-11,Standard,1,14419.0
8956,1104,Leisure,2025-08-08,2025-08-12,Standard,1,15266.0
8957,1051,Corporate,2025-08-08,2025-08-09,Deluxe,1,21369.0
8958,1076,Travel Agency,2025-08-08,2025-08-09,Standard,1,14608.0
8959,1012,Corporate,2025-08-08,2025-08-11,Suite,1,41206.0
8960,1088,Leisure,2025-08-08,2025-08-09,Deluxe,1,21298.0
8961,1029,Corporate,2025-08-08,2025-08-09,Standard,1,16863.0
8962,1062,Event Group,2025-08-08,2025-08-10,Deluxe,1,22549.0
8963,1090,Corporate,2025-08-08,2025-08-09,Standard,1,14250.0
8964,1051,Corporate,2025-08-08,2025-08-11,Standard,1,16123.0
8965,1067,Leisure,2025-08-08,2025-08-10,Standard,1,15705.0
8966,1001,Leisure,2025-08-08,2025-08-09,Standard,1,15412.0
8967,1048,Corporate,2025-08-08,2025-08-11,Family,1,29580.0
8968,1093,Leisure,2025-08-08,2025-08-10,Family,1,33063.0
8969,1013,Travel Agency,2025-08-08,2025-08-09,Deluxe,1,21360.0
8970,1003,Travel Agency,2025-08-08,2025-08-11,Deluxe,1,22597.0
8971,1067,Corporate,2025-08-08,2025-08-09,Standard,1,15404.0
8972,1003,Leisure,2025-08-08,2025-08-10,Deluxe,1,21485.0
8973,1044,Leisure,2025-08-08,2025-08-09,Suite,1,35853.0
8974,1021,Leisure,2025-08-08,2025-08-13,Standard,1,15916.0
8975,1052,Leisure,2025-08-08,2025-08-12,Standard,1,14701.0
8976,1019,Corporate,2025-08-08,2025-08-10,Standard,1,15044.0
8977,1078,Leisure,2025-08-08,2025-08-12,Deluxe,1,21359.0
8978,1096,Leisure,2025-08-08,2025-08-09,Deluxe,1,22717.0
8979,1002,Travel Agency,2025-08-08,2025-08-10,Family,1,23744.0
8980,1122,Travel Agency,2025-08-08,2025-08-09,Standard,1,14868.0
8981,1087,Travel Agency,2025-08-08,2025-08-10,Deluxe,1,22404.0
8982,1038,Leisure,2025-08-08,2025-08-09,Standard,1,13821.0
8983,1061,Corporate,2025-08-08,2025-08-09,Standard,1,17147.0
8984,1121,Event Group,2025-08-08,2025-08-12,Standard,1,14319.0
8985,1002,Travel Agency,2025-08-08,2025-08-09,Standard,1,14106.0
8986,1081,Corporate,2025-08-08,2025-08-13,Family,1,31424.0
8987,1026,Leisure,2025-08-08,2025-08-09,Deluxe,1,20321.0
8988,1018,Travel Agency,2025-08-08,2025-08-10,Family,1,28693.0
8989,1005,Leisure,2025-08-08,2025-08-11,Suite,1,39036.0
8990,1121,Leisure,2025-08-08,2025-08-10,Family,1,32903.0
8991,1086,Leisure,2025-08-08,2025-08-09,Standard,1,16241.0
8992,1054,Travel Agency,2025-08-08,2025-08-09,Standard,1,16098.0
8993,1023,Leisure,2025-08-08,2025-08-09,Standard,1,14891.0
8994,1026,Travel Agency,2025-08-08,2025-08-09,Standard,1,14664.0
8995,1024,Corporate,2025-08-08,2025-08-09,Deluxe,1,23105.0
8996,1119,Leisure,2025-08-08,2025-08-12,Deluxe,1,22600.0
8997,1058,Leisure,2025-08-08,2025-08-10,Standard,1,15587.0
8998,1058,Leisure,2025-08-09,2025-08-11,Deluxe,1,19532.0
8999,1079,Travel Agency,2025-08-09,2025-08-10,Standard,1,14344.0
9000,1098,Travel Agency,2025-08-09,2025-08-11,Deluxe,1,25404.0
9001,1055,Travel Agency,2025-08-09,2025-08-11,Family,1,30572.0
9002,1101,Leisure,2025-08-09,2025-08-14,Deluxe,1,24046.0
9003,1093,Leisure,2025-08-09,2025-08-11,Suite,1,41301.0
9004,1046,Leisure,2025-08-09,2025-08-13,Standard,1,14758.0
9005,1034,Corporate,2025-08-09,2025-08-10,Standard,1,16359.0
9006,1121,Leisure,2025-08-09,2025-08-10,Family,1,24543.0
9007,1074,Travel Agency,2025-08-09,2025-08-12,Standard,1,11358.0
9008,1114,Leisure,2025-08-09,2025-08-10,Deluxe,1,23866.0
9009,1067,Corporate,2025-08-09,2025-08-11,Standard,1,15003.0
9010,1110,Travel Agency,2025-08-09,2025-08-10,Standard,1,14842.0
9011,1032,Corporate,2025-08-09,2025-08-12,Standard,1,16307.0
9012,1107,Travel Agency,2025-08-09,2025-08-13,Standard,1,13672.0
9013,1111,Event Group,2025-08-09,2025-08-11,Deluxe,1,21143.0
9014,1110,Leisure,2025-08-09,2025-08-12,Suite,1,38151.0
9015,1006,Event Group,2025-08-09,2025-08-11,Standard,1,14101.0
9016,1002,Corporate,2025-08-09,2025-08-10,Family,1,28174.0
9017,1030,Travel Agency,2025-08-09,2025-08-11,Deluxe,1,22096.0
9018,1060,Corporate,2025-08-09,2025-08-11,Deluxe,1,21409.0
9019,1112,Leisure,2025-08-09,2025-08-11,Suite,1,33506.0
9020,1063,Corporate,2025-08-09,2025-08-13,Standard,1,15039.0
9021,1046,Corporate,2025-08-09,2025-08-11,Family,1,29741.0
9022,1036,Travel Agency,2025-08-09,2025-08-10,Family,1,27761.0
9023,1015,Event Group,2025-08-09,2025-08-11,Standard,1,17463.0
9024,1083,Leisure,2025-08-09,2025-08-10,Family,1,28218.0
9025,1082,Leisure,2025-08-09,2025-08-10,Standard,1,15176.0
9026,1118,Leisure,2025-08-09,2025-08-12,Standard,1,13931.0
9027,1095,Leisure,2025-08-09,2025-08-10,Standard,1,15321.0
9028,1030,Leisure,2025-08-09,2025-08-10,Standard,1,15312.0
9029,1082,Leisure,2025-08-09,2025-08-10,Deluxe,1,22776.0
9030,1042,Event Group,2025-08-09,2025-08-11,Deluxe,1,20786.0
9031,1034,Event Group,2025-08-09,2025-08-14,Deluxe,1,23163.0
9032,1084,Corporate,2025-08-09,2025-08-10,Standard,1,15784.0
9033,1065,Leisure,2025-08-09,2025-08-10,Family,1,28209.0
9034,1005,Leisure,2025-08-09,2025-08-12,Standard,1,13601.0
9035,1075,Leisure,2025-08-09,2025-08-12,Family,1,26643.0
9036,1055,Corporate,2025-08-09,2025-08-12,Standard,1,14581.0
9037,1028,Leisure,2025-08-09,2025-08-11,Deluxe,1,25040.0
9038,1034,Corporate,2025-08-09,2025-08-11,Standard,1,16275.0
9039,1087,Leisure,2025-08-09,2025-08-10,Standard,1,14578.0
9040,1009,Leisure,2025-08-09,2025-08-10,Deluxe,1,19945.0
9041,1119,Leisure,2025-08-09,2025-08-14,Standard,1,14387.0
9042,1102,Corporate,2025-08-09,2025-08-10,Family,1,27057.0
9043,1036,Corporate,2025-08-09,2025-08-12,Deluxe,1,22077.0
9044,1058,Leisure,2025-08-09,2025-08-10,Suite,1,43405.0
9045,1013,Corporate,2025-08-09,2025-08-14,Family,1,27773.0
9046,1061,Leisure,2025-08-09,2025-08-11,Suite,1,39174.0
9047,1083,Leisure,2025-08-09,2025-08-10,Deluxe,1,23168.0
9048,1071,Corporate,2025-08-09,2025-08-11,Deluxe,1,21905.0
9049,1114,Leisure,2025-08-09,2025-08-11,Deluxe,1,22437.0
9050,1114,Leisure,2025-08-09,2025-08-11,Standard,1,11756.0
9051,1097,Travel Agency,2025-08-10,2025-08-14,Deluxe,1,19197.0
9052,1052,Corporate,2025-08-10,2025-08-11,Family,1,29528.0
9053,1027,Leisure,2025-08-10,2025-08-11,Suite,1,38334.0
9054,1104,Event Group,2025-08-10,2025-08-12,Standard,1,15234.0
9055,1073,Travel Agency,2025-08-10,2025-08-11,Deluxe,1,21953.0
9056,1058,Corporate,2025-08-10,2025-08-11,Standard,1,14437.0
9057,1001,Leisure,2025-08-10,2025-08-13,Family,1,30879.0
9058,1100,Corporate,2025-08-10,2025-08-11,Standard,1,16722.0
9059,1011,Leisure,2025-08-10,2025-08-12,Family,1,29503.0
9060,1024,Corporate,2025-08-10,2025-08-12,Standard,1,15420.0
9061,1027,Leisure,2025-08-10,2025-08-11,Deluxe,1,18972.0
9062,1017,Leisure,2025-08-10,2025-08-14,Family,1,32086.0
9063,1072,Leisure,2025-08-10,2025-08-11,Family,1,28682.0
9064,1075,Corporate,2025-08-10,2025-08-11,Standard,1,13419.0
9065,1026,Leisure,2025-08-10,2025-08-13,Standard,1,15570.0
9066,1031,Corporate,2025-08-10,2025-08-11,Standard,1,15007.0
9067,1052,Travel Agency,2025-08-10,2025-08-11,Standard,1,13428.0
9068,1002,Corporate,2025-08-10,2025-08-12,Standard,1,15088.0
9069,1001,Leisure,2025-08-10,2025-08-12,Standard,1,14842.0
9070,1054,Leisure,2025-08-10,2025-08-11,Standard,1,16267.0
9071,1082,Leisure,2025-08-10,2025-08-11,Deluxe,1,20689.0
9072,1082,Leisure,2025-08-10,2025-08-12,Standard,1,13725.0
9073,1124,Event Group,2025-08-10,2025-08-14,Deluxe,1,22219.0
9074,1123,Leisure,2025-08-10,2025-08-11,Family,1,24752.0
9075,1106,Leisure,2025-08-10,2025-08-11,Deluxe,1,21601.0
9076,1032,Leisure,2025-08-10,2025-08-12,Suite,1,40439.0
9077,1066,Corporate,2025-08-10,2025-08-13,Family,1,30696.0
9078,1056,Corporate,2025-08-10,2025-08-14,Standard,1,15722.0
9079,1007,Travel Agency,2025-08-10,2025-08-13,Suite,1,37834.0
9080,1009,Leisure,2025-08-10,2025-08-12,Suite,1,35607.0
9081,1010,Leisure,2025-08-10,2025-08-11,Deluxe,1,22991.0
9082,1033,Event Group,2025-08-10,2025-08-12,Suite,1,37723.0
9083,1072,Event Group,2025-08-10,2025-08-11,Standard,1,15065.0
9084,1058,Corporate,2025-08-10,2025-08-12,Standard,1,14603.0
9085,1125,Corporate,2025-08-10,2025-08-11,Standard,1,15453.0
9086,1029,Leisure,2025-08-10,2025-08-13,Deluxe,1,19618.0
9087,1054,Leisure,2025-08-10,2025-08-11,Suite,1,38472.0
9088,1088,Travel Agency,2025-08-10,2025-08-11,Family,1,29595.0
9089,1007,Corporate,2025-08-10,2025-08-11,Standard,1,12646.0
9090,1090,Corporate,2025-08-10,2025-08-13,Standard,1,14020.0
9091,1120,Leisure,2025-08-10,2025-08-12,Standard,1,16038.0
9092,1107,Leisure,2025-08-10,2025-08-13,Deluxe,1,21134.0
9093,1029,Corporate,2025-08-10,2025-08-12,Suite,1,39344.0
9094,1114,Leisure,2025-08-10,2025-08-12,Standard,1,14122.0
9095,1030,Leisure,2025-08-10,2025-08-12,Deluxe,1,21339.0
9096,1103,Leisure,2025-08-10,2025-08-12,Standard,1,15916.0
9097,1116,Leisure,2025-08-10,2025-08-13,Deluxe,1,20258.0
9098,1049,Travel Agency,2025-08-10,2025-08-13,Standard,1,17096.0
9099,1109,Corporate,2025-08-10,2025-08-11,Standard,1,15955.0
9100,1023,Corporate,2025-08-11,2025-08-13,Standard,1,17014.0
9101,1070,Leisure,2025-08-11,2025-08-14,Deluxe,1,21324.0
9102,1057,Travel Agency,2025-08-11,2025-08-15,Family,1,28683.0
9103,1038,Corporate,2025-08-11,2025-08-12,Deluxe,1,17233.0
9104,1039,Leisure,2025-08-11,2025-08-14,Standard,1,16109.0
9105,1056,Leisure,2025-08-11,2025-08-12,Standard,1,12150.0
9106,1041,Event Group,2025-08-11,2025-08-14,Deluxe,1,19929.0
9107,1110,Leisure,2025-08-11,2025-08-12,Family,1,29519.0
9108,1109,Leisure,2025-08-11,2025-08-14,Standard,1,17217.0
9109,1027,Leisure,2025-08-11,2025-08-13,Deluxe,1,21179.0
9110,1102,Leisure,2025-08-11,2025-08-12,Deluxe,1,24142.0
9111,1006,Leisure,2025-08-11,2025-08-12,Standard,1,15209.0
9112,1039,Leisure,2025-08-11,2025-08-15,Standard,1,14164.0
9113,1010,Corporate,2025-08-11,2025-08-12,Deluxe,1,22740.0
9114,1101,Leisure,2025-08-11,2025-08-14,Family,1,27774.0
9115,1041,Travel Agency,2025-08-11,2025-08-12,Standard,1,13107.0
9116,1007,Leisure,2025-08-11,2025-08-13,Standard,1,15785.0
9117,1056,Corporate,2025-08-11,2025-08-12,Deluxe,1,21220.0
9118,1009,Leisure,2025-08-11,2025-08-14,Family,1,33210.0
9119,1049,Corporate,2025-08-11,2025-08-12,Deluxe,1,21176.0
9120,1077,Corporate,2025-08-11,2025-08-14,Standard,1,14551.0
9121,1038,Leisure,2025-08-11,2025-08-13,Standard,1,15961.0
9122,1125,Travel Agency,2025-08-11,2025-08-14,Standard,1,15823.0
9123,1047,Travel Agency,2025-08-11,2025-08-13,Standard,1,12672.0
9124,1024,Leisure,2025-08-11,2025-08-14,Standard,1,15599.0
9125,1068,Corporate,2025-08-11,2025-08-13,Standard,1,16760.0
9126,1076,Corporate,2025-08-11,2025-08-14,Deluxe,1,20395.0
9127,1101,Leisure,2025-08-11,2025-08-14,Standard,1,12036.0
9128,1067,Leisure,2025-08-11,2025-08-14,Family,1,25714.0
9129,1003,Corporate,2025-08-11,2025-08-12,Deluxe,1,21346.0
9130,1014,Event Group,2025-08-11,2025-08-16,Standard,1,13941.0
9131,1073,Corporate,2025-08-11,2025-08-14,Standard,1,14697.0
9132,1096,Leisure,2025-08-11,2025-08-15,Family,1,30628.0
9133,1083,Corporate,2025-08-11,2025-08-12,Family,1,28660.0
9134,1102,Event Group,2025-08-11,2025-08-12,Deluxe,1,22533.0
9135,1043,Leisure,2025-08-11,2025-08-16,Standard,1,15153.0
9136,1044,Leisure,2025-08-11,2025-08-13,Suite,1,40807.0
9137,1072,Travel Agency,2025-08-11,2025-08-14,Standard,1,14198.0
9138,1045,Corporate,2025-08-11,2025-08-15,Deluxe,1,18991.0
9139,1090,Corporate,2025-08-11,2025-08-13,Standard,1,12664.0
9140,1031,Corporate,2025-08-11,2025-08-14,Standard,1,15077.0
9141,1063,Event Group,2025-08-11,2025-08-13,Standard,1,13904.0
9142,1093,Leisure,2025-08-11,2025-08-14,Deluxe,1,19836.0
9143,1062,Leisure,2025-08-11,2025-08-12,Family,1,26622.0
9144,1075,Leisure,2025-08-11,2025-08-12,Standard,1,14046.0
9145,1078,Corporate,2025-08-11,2025-08-14,Family,1,33506.0
9146,1114,Corporate,2025-08-11,2025-08-12,Standard,1,15812.0
9147,1119,Corporate,2025-08-11,2025-08-15,Deluxe,1,23908.0
9148,1123,Travel Agency,2025-08-11,2025-08-12,Deluxe,1,19475.0
9149,1035,Leisure,2025-08-11,2025-08-14,Standard,1,15357.0
9150,1078,Travel Agency,2025-08-11,2025-08-13,Deluxe,1,19788.0
9151,1011,Leisure,2025-08-12,2025-08-14,Family,1,26979.0
9152,1031,Leisure,2025-08-12,2025-08-13,Family,1,31111.0
9153,1088,Leisure,2025-08-12,2025-08-13,Standard,1,13685.0
9154,1024,Leisure,2025-08-12,2025-08-13,Standard,1,13710.0
9155,1062,Leisure,2025-08-12,2025-08-14,Standard,1,14578.0
9156,1033,Leisure,2025-08-12,2025-08-13,Deluxe,1,24354.0
9157,1041,Leisure,2025-08-12,2025-08-14,Standard,1,14782.0
9158,1016,Corporate,2025-08-12,2025-08-16,Family,1,30486.0
9159,1072,Corporate,2025-08-12,2025-08-14,Family,1,28331.0
9160,1067,Corporate,2025-08-12,2025-08-13,Family,1,30156.0
9161,1083,Corporate,2025-08-12,2025-08-14,Family,1,32207.0
9162,1115,Leisure,2025-08-12,2025-08-14,Standard,1,13987.0
9163,1028,Corporate,2025-08-12,2025-08-14,Deluxe,1,19305.0
9164,1042,Corporate,2025-08-12,2025-08-14,Suite,1,35731.0
9165,1062,Travel Agency,2025-08-12,2025-08-16,Standard,1,19314.0
9166,1051,Leisure,2025-08-12,2025-08-13,Deluxe,1,18561.0
9167,1052,Event Group,2025-08-12,2025-08-13,Suite,1,37995.0
9168,1098,Leisure,2025-08-12,2025-08-14,Standard,1,14414.0
9169,1072,Leisure,2025-08-12,2025-08-14,Family,1,29888.0
9170,1002,Corporate,2025-08-12,2025-08-15,Standard,1,15696.0
9171,1079,Travel Agency,2025-08-12,2025-08-13,Family,1,32175.0
9172,1052,Leisure,2025-08-12,2025-08-13,Deluxe,1,23512.0
9173,1041,Corporate,2025-08-12,2025-08-15,Standard,1,14556.0
9174,1103,Event Group,2025-08-12,2025-08-13,Standard,1,14875.0
9175,1014,Leisure,2025-08-12,2025-08-13,Standard,1,14563.0
9176,1070,Corporate,2025-08-12,2025-08-14,Deluxe,1,22290.0
9177,1115,Leisure,2025-08-12,2025-08-15,Deluxe,1,23170.0
9178,1118,Leisure,2025-08-12,2025-08-14,Standard,1,13611.0
9179,1050,Corporate,2025-08-12,2025-08-15,Standard,1,15737.0
9180,1068,Leisure,2025-08-12,2025-08-13,Standard,1,14955.0
9181,1113,Corporate,2025-08-12,2025-08-14,Standard,1,16296.0
9182,1018,Travel Agency,2025-08-12,2025-08-13,Standard,1,14140.0
9183,1082,Corporate,2025-08-12,2025-08-13,Suite,1,44433.0
9184,1103,Corporate,2025-08-12,2025-08-14,Standard,1,14056.0
9185,1023,Leisure,2025-08-12,2025-08-14,Standard,1,15825.0
9186,1108,Leisure,2025-08-12,2025-08-15,Deluxe,1,19530.0
9187,1056,Travel Agency,2025-08-12,2025-08-16,Deluxe,1,22084.0
9188,1003,Travel Agency,2025-08-12,2025-08-14,Family,1,34115.0
9189,1011,Travel Agency,2025-08-12,2025-08-13,Standard,1,11961.0
9190,1023,Leisure,2025-08-12,2025-08-15,Standard,1,15834.0
9191,1054,Travel Agency,2025-08-12,2025-08-15,Family,1,29805.0
9192,1040,Corporate,2025-08-12,2025-08-13,Standard,1,14461.0
9193,1024,Travel Agency,2025-08-12,2025-08-15,Standard,1,13961.0
9194,1033,Corporate,2025-08-12,2025-08-14,Deluxe,1,21707.0
9195,1096,Leisure,2025-08-12,2025-08-14,Deluxe,1,22723.0
9196,1029,Travel Agency,2025-08-12,2025-08-15,Standard,1,14270.0
9197,1056,Leisure,2025-08-13,2025-08-15,Deluxe,1,19447.0
9198,1066,Corporate,2025-08-13,2025-08-16,Standard,1,13080.0
9199,1078,Leisure,2025-08-13,2025-08-16,Deluxe,1,19680.0
9200,1113,Corporate,2025-08-13,2025-08-14,Standard,1,14437.0
9201,1081,Corporate,2025-08-13,2025-08-14,Suite,1,39604.0
9202,1055,Corporate,2025-08-13,2025-08-16,Deluxe,1,24157.0
9203,1066,Leisure,2025-08-13,2025-08-15,Suite,1,37390.0
9204,1092,Travel Agency,2025-08-13,2025-08-16,Standard,1,15821.0
9205,1095,Corporate,2025-08-13,2025-08-14,Standard,1,14845.0
9206,1112,Leisure,2025-08-13,2025-08-16,Deluxe,1,21492.0
9207,1069,Leisure,2025-08-13,2025-08-14,Deluxe,1,22335.0
9208,1041,Corporate,2025-08-13,2025-08-14,Family,1,29883.0
9209,1017,Leisure,2025-08-13,2025-08-15,Deluxe,1,19025.0
9210,1080,Leisure,2025-08-13,2025-08-15,Standard,1,14500.0
9211,1059,Travel Agency,2025-08-13,2025-08-16,Family,1,28801.0
9212,1041,Leisure,2025-08-13,2025-08-15,Standard,1,15068.0
9213,1098,Corporate,2025-08-13,2025-08-15,Deluxe,1,20385.0
9214,1089,Travel Agency,2025-08-13,2025-08-14,Deluxe,1,21715.0
9215,1022,Corporate,2025-08-13,2025-08-16,Standard,1,13357.0
9216,1007,Corporate,2025-08-13,2025-08-16,Suite,1,31516.0
9217,1113,Corporate,2025-08-13,2025-08-15,Family,1,27185.0
9218,1035,Leisure,2025-08-13,2025-08-16,Family,1,30727.0
9219,1024,Corporate,2025-08-13,2025-08-16,Deluxe,1,20560.0
9220,1047,Leisure,2025-08-13,2025-08-14,Deluxe,1,23130.0
9221,1119,Leisure,2025-08-13,2025-08-15,Deluxe,1,21843.0
9222,1048,Corporate,2025-08-13,2025-08-15,Deluxe,1,19239.0
9223,1070,Event Group,2025-08-13,2025-08-14,Standard,1,14799.0
9224,1099,Travel Agency,2025-08-13,2025-08-16,Deluxe,1,19653.0
9225,1045,Leisure,2025-08-13,2025-08-14,Standard,1,13949.0
9226,1068,Leisure,2025-08-13,2025-08-15,Standard,1,14961.0
9227,1110,Leisure,2025-08-13,2025-08-16,Family,1,26718.0
9228,1066,Leisure,2025-08-13,2025-08-16,Standard,1,15868.0
9229,1088,Corporate,2025-08-13,2025-08-15,Standard,1,17018.0
9230,1076,Leisure,2025-08-13,2025-08-15,Family,1,31006.0
9231,1097,Corporate,2025-08-13,2025-08-16,Family,1,26609.0
9232,1112,Corporate,2025-08-13,2025-08-16,Suite,1,35404.0
9233,1049,Leisure,2025-08-13,2025-08-16,Standard,1,15150.0
9234,1069,Corporate,2025-08-13,2025-08-14,Deluxe,1,22038.0
9235,1058,Leisure,2025-08-13,2025-08-15,Suite,1,38952.0
9236,1005,Leisure,2025-08-13,2025-08-14,Suite,1,40874.0
9237,1017,Leisure,2025-08-13,2025-08-17,Deluxe,1,19746.0
9238,1037,Travel Agency,2025-08-13,2025-08-15,Standard,1,16953.0
9239,1034,Leisure,2025-08-13,2025-08-14,Standard,1,13538.0
9240,1020,Event Group,2025-08-13,2025-08-14,Family,1,30229.0
9241,1100,Travel Agency,2025-08-13,2025-08-16,Standard,1,15520.0
9242,1117,Corporate,2025-08-13,2025-08-16,Standard,1,15949.0
9243,1016,Leisure,2025-08-13,2025-08-15,Deluxe,1,22781.0
9244,1079,Corporate,2025-08-13,2025-08-14,Standard,1,12766.0
9245,1080,Leisure,2025-08-13,2025-08-15,Deluxe,1,23875.0
9246,1100,Corporate,2025-08-13,2025-08-14,Suite,1,30126.0
9247,1062,Leisure,2025-08-13,2025-08-15,Family,1,32374.0
9248,1044,Corporate,2025-08-14,2025-08-15,Deluxe,1,21770.0
9249,1123,Leisure,2025-08-14,2025-08-15,Standard,1,15736.0
9250,1002,Travel Agency,2025-08-14,2025-08-18,Deluxe,1,21804.0
9251,1023,Leisure,2025-08-14,2025-08-15,Deluxe,1,20211.0
9252,1006,Leisure,2025-08-14,2025-08-15,Standard,1,13760.0
9253,1049,Corporate,2025-08-14,2025-08-19,Standard,1,15262.0
9254,1071,Event Group,2025-08-14,2025-08-15,Deluxe,1,20010.0
9255,1051,Corporate,2025-08-14,2025-08-17,Standard,1,15393.0
9256,1039,Travel Agency,2025-08-14,2025-08-15,Deluxe,1,20612.0
9257,1007,Event Group,2025-08-14,2025-08-17,Standard,1,14523.0
9258,1083,Leisure,2025-08-14,2025-08-15,Suite,1,37936.0
9259,1033,Leisure,2025-08-14,2025-08-18,Standard,1,15386.0
9260,1021,Corporate,2025-08-14,2025-08-15,Standard,1,14381.0
9261,1107,Leisure,2025-08-14,2025-08-15,Suite,1,32381.0
9262,1013,Corporate,2025-08-14,2025-08-15,Deluxe,1,22172.0
9263,1087,Travel Agency,2025-08-14,2025-08-17,Standard,1,14623.0
9264,1059,Leisure,2025-08-14,2025-08-15,Standard,1,16528.0
9265,1052,Corporate,2025-08-14,2025-08-16,Deluxe,1,22034.0
9266,1076,Leisure,2025-08-14,2025-08-18,Deluxe,1,24369.0
9267,1107,Travel Agency,2025-08-14,2025-08-18,Deluxe,1,25920.0
9268,1092,Travel Agency,2025-08-14,2025-08-17,Family,1,26981.0
9269,1037,Corporate,2025-08-14,2025-08-17,Deluxe,1,22497.0
9270,1028,Corporate,2025-08-14,2025-08-18,Deluxe,1,19829.0
9271,1113,Corporate,2025-08-14,2025-08-16,Suite,1,38857.0
9272,1023,Travel Agency,2025-08-14,2025-08-15,Standard,1,14190.0
9273,1099,Corporate,2025-08-14,2025-08-16,Standard,1,16024.0
9274,1026,Leisure,2025-08-14,2025-08-15,Standard,1,15024.0
9275,1122,Leisure,2025-08-14,2025-08-17,Suite,1,36597.0
9276,1014,Leisure,2025-08-14,2025-08-16,Standard,1,16662.0
9277,1108,Travel Agency,2025-08-14,2025-08-17,Standard,1,14591.0
9278,1103,Corporate,2025-08-14,2025-08-16,Suite,1,37055.0
9279,1070,Event Group,2025-08-14,2025-08-19,Family,1,27814.0
9280,1118,Event Group,2025-08-14,2025-08-15,Deluxe,1,18422.0
9281,1069,Travel Agency,2025-08-14,2025-08-18,Standard,1,13749.0
9282,1089,Leisure,2025-08-14,2025-08-16,Family,1,27129.0
9283,1113,Leisure,2025-08-14,2025-08-15,Standard,1,15854.0
9284,1107,Corporate,2025-08-14,2025-08-16,Standard,1,14981.0
9285,1090,Corporate,2025-08-14,2025-08-18,Suite,1,40457.0
9286,1116,Leisure,2025-08-14,2025-08-15,Standard,1,15608.0
9287,1055,Leisure,2025-08-14,2025-08-19,Standard,1,13670.0
9288,1043,Corporate,2025-08-14,2025-08-18,Family,1,30404.0
9289,1002,Corporate,2025-08-14,2025-08-16,Standard,1,14516.0
9290,1053,Leisure,2025-08-14,2025-08-15,Standard,1,14369.0
9291,1038,Leisure,2025-08-14,2025-08-16,Deluxe,1,21490.0
9292,1108,Travel Agency,2025-08-14,2025-08-15,Standard,1,13835.0
9293,1024,Leisure,2025-08-14,2025-08-16,Standard,1,14201.0
9294,1049,Leisure,2025-08-14,2025-08-15,Standard,1,14106.0
9295,1097,Leisure,2025-08-14,2025-08-17,Deluxe,1,19620.0
9296,1050,Leisure,2025-08-14,2025-08-17,Standard,1,14924.0
9297,1032,Corporate,2025-08-14,2025-08-16,Deluxe,1,22960.0
9298,1034,Corporate,2025-08-14,2025-08-17,Deluxe,1,23776.0
9299,1087,Leisure,2025-08-14,2025-08-15,Deluxe,1,20549.0
9300,1080,Corporate,2025-08-15,2025-08-17,Standard,1,13597.0
9301,1095,Leisure,2025-08-15,2025-08-17,Deluxe,1,19277.0
9302,1044,Leisure,2025-08-15,2025-08-16,Standard,1,13473.0
9303,1047,Leisure,2025-08-15,2025-08-17,Deluxe,1,21756.0
9304,1110,Event Group,2025-08-15,2025-08-17,Deluxe,1,20130.0
9305,1038,Leisure,2025-08-15,2025-08-18,Standard,1,16346.0
9306,1125,Travel Agency,2025-08-15,2025-08-16,Standard,1,14214.0
9307,1071,Leisure,2025-08-15,2025-08-18,Family,1,26842.0
9308,1007,Leisure,2025-08-15,2025-08-17,Deluxe,1,21006.0
9309,1125,Corporate,2025-08-15,2025-08-18,Deluxe,1,19931.0
9310,1034,Leisure,2025-08-15,2025-08-17,Family,1,32195.0
9311,1053,Leisure,2025-08-15,2025-08-16,Family,1,31151.0
9312,1057,Corporate,2025-08-15,2025-08-17,Standard,1,16294.0
9313,1032,Event Group,2025-08-15,2025-08-19,Deluxe,1,21550.0
9314,1060,Travel Agency,2025-08-15,2025-08-16,Standard,1,14727.0
9315,1096,Leisure,2025-08-15,2025-08-16,Standard,1,16699.0
9316,1082,Leisure,2025-08-15,2025-08-16,Standard,1,14222.0
9317,1039,Corporate,2025-08-15,2025-08-17,Standard,1,14851.0
9318,1043,Leisure,2025-08-15,2025-08-16,Deluxe,1,20124.0
9319,1076,Leisure,2025-08-15,2025-08-18,Standard,1,13648.0
9320,1057,Corporate,2025-08-15,2025-08-16,Standard,1,15135.0
9321,1119,Corporate,2025-08-15,2025-08-16,Standard,1,13729.0
9322,1117,Corporate,2025-08-15,2025-08-17,Standard,1,15115.0
9323,1001,Corporate,2025-08-15,2025-08-20,Standard,1,12586.0
9324,1118,Leisure,2025-08-15,2025-08-16,Standard,1,15458.0
9325,1109,Leisure,2025-08-15,2025-08-17,Family,1,28357.0
9326,1121,Travel Agency,2025-08-15,2025-08-16,Deluxe,1,19086.0
9327,1062,Corporate,2025-08-15,2025-08-17,Deluxe,1,23400.0
9328,1071,Corporate,2025-08-15,2025-08-17,Standard,1,14598.0
9329,1092,Leisure,2025-08-15,2025-08-16,Standard,1,14239.0
9330,1034,Leisure,2025-08-15,2025-08-16,Deluxe,1,19409.0
9331,1063,Event Group,2025-08-15,2025-08-18,Deluxe,1,24445.0
9332,1086,Leisure,2025-08-15,2025-08-16,Standard,1,14597.0
9333,1064,Leisure,2025-08-15,2025-08-16,Standard,1,15661.0
9334,1118,Leisure,2025-08-15,2025-08-16,Deluxe,1,21358.0
9335,1103,Corporate,2025-08-16,2025-08-17,Family,1,32807.0
9336,1002,Leisure,2025-08-16,2025-08-18,Deluxe,1,23911.0
9337,1090,Travel Agency,2025-08-16,2025-08-20,Deluxe,1,20874.0
9338,1034,Corporate,2025-08-16,2025-08-17,Suite,1,41056.0
9339,1038,Leisure,2025-08-16,2025-08-18,Standard,1,16189.0
9340,1083,Corporate,2025-08-16,2025-08-18,Deluxe,1,23195.0
9341,1084,Leisure,2025-08-16,2025-08-20,Deluxe,1,22570.0
9342,1037,Leisure,2025-08-16,2025-08-19,Standard,1,13606.0
9343,1010,Corporate,2025-08-16,2025-08-20,Deluxe,1,23156.0
9344,1014,Leisure,2025-08-16,2025-08-18,Standard,1,15617.0
9345,1078,Leisure,2025-08-16,2025-08-18,Family,1,27358.0
9346,1037,Leisure,2025-08-16,2025-08-18,Standard,1,16745.0
9347,1085,Event Group,2025-08-16,2025-08-18,Standard,1,16296.0
9348,1097,Event Group,2025-08-16,2025-08-19,Standard,1,14978.0
9349,1034,Corporate,2025-08-16,2025-08-19,Deluxe,1,19328.0
9350,1042,Travel Agency,2025-08-16,2025-08-18,Suite,1,33278.0
9351,1033,Corporate,2025-08-16,2025-08-17,Deluxe,1,19828.0
9352,1072,Leisure,2025-08-16,2025-08-19,Standard,1,14322.0
9353,1050,Corporate,2025-08-16,2025-08-17,Standard,1,15585.0
9354,1002,Leisure,2025-08-16,2025-08-17,Standard,1,16159.0
9355,1068,Leisure,2025-08-16,2025-08-18,Deluxe,1,21175.0
9356,1032,Corporate,2025-08-16,2025-08-18,Deluxe,1,20836.0
9357,1051,Corporate,2025-08-16,2025-08-17,Standard,1,13399.0
9358,1101,Leisure,2025-08-16,2025-08-19,Family,1,28992.0
9359,1002,Corporate,2025-08-16,2025-08-19,Deluxe,1,26844.0
9360,1009,Travel Agency,2025-08-16,2025-08-17,Standard,1,12509.0
9361,1091,Leisure,2025-08-16,2025-08-18,Family,1,31195.0
9362,1022,Leisure,2025-08-16,2025-08-18,Deluxe,1,21166.0
9363,1075,Leisure,2025-08-16,2025-08-17,Standard,1,15291.0
9364,1100,Corporate,2025-08-16,2025-08-17,Family,1,29577.0
9365,1106,Leisure,2025-08-16,2025-08-17,Deluxe,1,20838.0
9366,1020,Travel Agency,2025-08-16,2025-08-17,Deluxe,1,20887.0
9367,1075,Leisure,2025-08-16,2025-08-18,Deluxe,1,21751.0
9368,1075,Corporate,2025-08-16,2025-08-20,Standard,1,13981.0
9369,1042,Leisure,2025-08-16,2025-08-18,Suite,1,36330.0
9370,1099,Leisure,2025-08-16,2025-08-17,Standard,1,14107.0
9371,1045,Corporate,2025-08-16,2025-08-17,Suite,1,35392.0
9372,1084,Travel Agency,2025-08-16,2025-08-21,Standard,1,15947.0
9373,1114,Corporate,2025-08-16,2025-08-18,Standard,1,13230.0
9374,1042,Corporate,2025-08-16,2025-08-19,Standard,1,14690.0
9375,1076,Leisure,2025-08-16,2025-08-18,Family,1,33056.0
9376,1086,Leisure,2025-08-16,2025-08-17,Standard,1,15046.0
9377,1039,Travel Agency,2025-08-16,2025-08-21,Deluxe,1,24142.0
9378,1085,Leisure,2025-08-16,2025-08-18,Standard,1,12691.0
9379,1088,Leisure,2025-08-16,2025-08-17,Standard,1,15122.0
9380,1034,Leisure,2025-08-16,2025-08-17,Deluxe,1,19580.0
9381,1061,Corporate,2025-08-16,2025-08-17,Family,1,35426.0
9382,1067,Leisure,2025-08-16,2025-08-18,Deluxe,1,20316.0
9383,1074,Corporate,2025-08-16,2025-08-19,Standard,1,14743.0
9384,1100,Leisure,2025-08-16,2025-08-18,Family,1,34257.0
9385,1064,Leisure,2025-08-16,2025-08-18,Deluxe,1,24198.0
9386,1072,Travel Agency,2025-08-16,2025-08-21,Deluxe,1,17522.0
9387,1064,Leisure,2025-08-16,2025-08-17,Deluxe,1,23826.0
9388,1086,Travel Agency,2025-08-16,2025-08-17,Standard,1,15050.0
9389,1043,Leisure,2025-08-17,2025-08-20,Deluxe,1,21533.0
9390,1065,Leisure,2025-08-17,2025-08-20,Standard,1,13666.0
9391,1105,Corporate,2025-08-17,2025-08-20,Standard,1,16055.0
9392,1017,Corporate,2025-08-17,2025-08-18,Deluxe,1,20842.0
9393,1091,Corporate,2025-08-17,2025-08-19,Suite,1,34147.0
9394,1005,Event Group,2025-08-17,2025-08-19,Standard,1,14548.0
9395,1074,Leisure,2025-08-17,2025-08-22,Standard,1,16182.0
9396,1035,Leisure,2025-08-17,2025-08-19,Deluxe,1,22823.0
9397,1104,Event Group,2025-08-17,2025-08-18,Suite,1,36329.0
9398,1063,Travel Agency,2025-08-17,2025-08-20,Family,1,31233.0
9399,1123,Event Group,2025-08-17,2025-08-19,Standard,1,13601.0
9400,1078,Corporate,2025-08-17,2025-08-20,Standard,1,13209.0
9401,1087,Travel Agency,2025-08-17,2025-08-19,Standard,1,15506.0
9402,1040,Travel Agency,2025-08-17,2025-08-20,Standard,1,14852.0
9403,1105,Leisure,2025-08-17,2025-08-20,Deluxe,1,24073.0
9404,1041,Corporate,2025-08-17,2025-08-20,Standard,1,15294.0
9405,1059,Travel Agency,2025-08-17,2025-08-19,Suite,1,39439.0
9406,1097,Travel Agency,2025-08-17,2025-08-22,Standard,1,16899.0
9407,1045,Leisure,2025-08-17,2025-08-19,Standard,1,14755.0
9408,1072,Leisure,2025-08-17,2025-08-19,Family,1,31523.0
9409,1004,Leisure,2025-08-17,2025-08-19,Standard,1,15935.0
9410,1068,Leisure,2025-08-17,2025-08-19,Deluxe,1,23629.0
9411,1066,Travel Agency,2025-08-17,2025-08-19,Standard,1,14725.0
9412,1052,Corporate,2025-08-17,2025-08-18,Standard,1,15348.0
9413,1037,Corporate,2025-08-17,2025-08-18,Deluxe,1,23039.0
9414,1066,Corporate,2025-08-17,2025-08-19,Standard,1,14688.0
9415,1016,Corporate,2025-08-17,2025-08-19,Standard,1,16510.0
9416,1098,Corporate,2025-08-17,2025-08-18,Deluxe,1,20744.0
9417,1043,Leisure,2025-08-17,2025-08-18,Standard,1,13836.0
9418,1026,Leisure,2025-08-17,2025-08-21,Deluxe,1,19495.0
9419,1084,Travel Agency,2025-08-17,2025-08-19,Deluxe,1,20254.0
9420,1014,Corporate,2025-08-17,2025-08-18,Deluxe,1,22519.0
9421,1020,Event Group,2025-08-17,2025-08-18,Deluxe,1,23496.0
9422,1093,Leisure,2025-08-17,2025-08-19,Standard,1,16282.0
9423,1092,Travel Agency,2025-08-17,2025-08-19,Standard,1,12803.0
9424,1049,Travel Agency,2025-08-17,2025-08-19,Deluxe,1,20720.0
9425,1001,Leisure,2025-08-17,2025-08-18,Standard,1,16958.0
9426,1029,Leisure,2025-08-17,2025-08-19,Family,1,22566.0
9427,1033,Corporate,2025-08-17,2025-08-19,Deluxe,1,23711.0
9428,1122,Leisure,2025-08-17,2025-08-18,Family,1,30078.0
9429,1054,Leisure,2025-08-17,2025-08-19,Deluxe,1,19903.0
9430,1104,Corporate,2025-08-17,2025-08-19,Standard,1,16403.0
9431,1068,Leisure,2025-08-17,2025-08-18,Standard,1,14028.0
9432,1041,Corporate,2025-08-17,2025-08-19,Deluxe,1,22038.0
9433,1108,Leisure,2025-08-17,2025-08-18,Standard,1,13659.0
9434,1009,Travel Agency,2025-08-17,2025-08-18,Deluxe,1,22320.0
9435,1090,Leisure,2025-08-17,2025-08-19,Standard,1,14248.0
9436,1097,Corporate,2025-08-17,2025-08-18,Suite,1,34043.0
9437,1069,Leisure,2025-08-17,2025-08-21,Family,1,26626.0
9438,1108,Leisure,2025-08-17,2025-08-21,Deluxe,1,20638.0
9439,1030,Leisure,2025-08-17,2025-08-18,Standard,1,16233.0
9440,1089,Leisure,2025-08-17,2025-08-19,Standard,1,15369.0
9441,1014,Travel Agency,2025-08-17,2025-08-18,Deluxe,1,24517.0
9442,1023,Travel Agency,2025-08-17,2025-08-18,Standard,1,14735.0
9443,1008,Leisure,2025-08-17,2025-08-20,Standard,1,16417.0
9444,1014,Leisure,2025-08-17,2025-08-18,Family,1,30195.0
9445,1060,Travel Agency,2025-08-17,2025-08-22,Deluxe,1,21006.0
9446,1066,Leisure,2025-08-18,2025-08-21,Standard,1,15654.0
9447,1060,Leisure,2025-08-18,2025-08-19,Suite,1,39731.0
9448,1068,Corporate,2025-08-18,2025-08-22,Standard,1,15122.0
9449,1050,Leisure,2025-08-18,2025-08-19,Deluxe,1,22259.0
9450,1036,Corporate,2025-08-18,2025-08-19,Standard,1,12567.0
9451,1125,Leisure,2025-08-18,2025-08-19,Deluxe,1,24403.0
9452,1036,Leisure,2025-08-18,2025-08-19,Family,1,28875.0
9453,1064,Corporate,2025-08-18,2025-08-20,Standard,1,15441.0
9454,1047,Corporate,2025-08-18,2025-08-19,Standard,1,13198.0
9455,1122,Corporate,2025-08-18,2025-08-22,Deluxe,1,19821.0
9456,1084,Leisure,2025-08-18,2025-08-22,Standard,1,13375.0
9457,1102,Leisure,2025-08-18,2025-08-20,Standard,1,16701.0
9458,1007,Corporate,2025-08-18,2025-08-20,Deluxe,1,22356.0
9459,1084,Travel Agency,2025-08-18,2025-08-21,Deluxe,1,23155.0
9460,1115,Corporate,2025-08-18,2025-08-22,Standard,1,14794.0
9461,1098,Leisure,2025-08-18,2025-08-21,Standard,1,15188.0
9462,1029,Corporate,2025-08-18,2025-08-19,Standard,1,14044.0
9463,1061,Leisure,2025-08-18,2025-08-19,Deluxe,1,19291.0
9464,1007,Corporate,2025-08-18,2025-08-20,Standard,1,14539.0
9465,1086,Leisure,2025-08-18,2025-08-19,Deluxe,1,18154.0
9466,1052,Event Group,2025-08-18,2025-08-19,Standard,1,13870.0
9467,1034,Leisure,2025-08-18,2025-08-20,Standard,1,14172.0
9468,1039,Travel Agency,2025-08-18,2025-08-20,Family,1,29478.0
9469,1047,Leisure,2025-08-18,2025-08-20,Deluxe,1,23130.0
9470,1108,Travel Agency,2025-08-18,2025-08-23,Deluxe,1,22032.0
9471,1052,Leisure,2025-08-18,2025-08-20,Standard,1,17945.0
9472,1002,Leisure,2025-08-18,2025-08-19,Deluxe,1,20846.0
9473,1041,Travel Agency,2025-08-18,2025-08-20,Standard,1,16141.0
9474,1045,Travel Agency,2025-08-18,2025-08-20,Standard,1,15065.0
9475,1083,Travel Agency,2025-08-18,2025-08-20,Suite,1,34454.0
9476,1076,Leisure,2025-08-18,2025-08-20,Standard,1,13381.0
9477,1038,Leisure,2025-08-18,2025-08-21,Deluxe,1,22378.0
9478,1052,Corporate,2025-08-18,2025-08-19,Standard,1,15442.0
9479,1073,Corporate,2025-08-18,2025-08-19,Standard,1,16075.0
9480,1032,Leisure,2025-08-18,2025-08-21,Standard,1,15141.0
9481,1012,Leisure,2025-08-18,2025-08-19,Standard,1,15007.0
9482,1007,Corporate,2025-08-18,2025-08-23,Suite,1,32415.0
9483,1021,Leisure,2025-08-18,2025-08-19,Family,1,30586.0
9484,1098,Travel Agency,2025-08-18,2025-08-21,Deluxe,1,22318.0
9485,1039,Travel Agency,2025-08-18,2025-08-19,Standard,1,13052.0
9486,1022,Leisure,2025-08-18,2025-08-19,Standard,1,12784.0
9487,1002,Corporate,2025-08-18,2025-08-19,Standard,1,16103.0
9488,1121,Leisure,2025-08-18,2025-08-19,Standard,1,16210.0
9489,1008,Leisure,2025-08-18,2025-08-20,Deluxe,1,21483.0
9490,1092,Leisure,2025-08-18,2025-08-21,Deluxe,1,22862.0
9491,1015,Travel Agency,2025-08-18,2025-08-19,Family,1,24629.0
9492,1076,Leisure,2025-08-18,2025-08-20,Deluxe,1,18770.0
9493,1049,Leisure,2025-08-18,2025-08-21,Standard,1,13699.0
9494,1124,Leisure,2025-08-18,2025-08-22,Standard,1,15602.0
9495,1049,Leisure,2025-08-18,2025-08-20,Family,1,27723.0
9496,1077,Leisure,2025-08-19,2025-08-20,Standard,1,16179.0
9497,1049,Event Group,2025-08-19,2025-08-20,Standard,1,14852.0
9498,1055,Corporate,2025-08-19,2025-08-21,Standard,1,17112.0
9499,1063,Leisure,2025-08-19,2025-08-22,Standard,1,17028.0
9500,1042,Corporate,2025-08-19,2025-08-23,Deluxe,1,21974.0
9501,1091,Leisure,2025-08-19,2025-08-22,Suite,1,39365.0
9502,1025,Leisure,2025-08-19,2025-08-21,Standard,1,14750.0
9503,1022,Corporate,2025-08-19,2025-08-20,Family,1,26063.0
9504,1026,Event Group,2025-08-19,2025-08-20,Deluxe,1,24798.0
9505,1121,Corporate,2025-08-19,2025-08-22,Deluxe,1,20474.0
9506,1050,Corporate,2025-08-19,2025-08-20,Family,1,25688.0
9507,1111,Travel Agency,2025-08-19,2025-08-22,Standard,1,18107.0
9508,1013,Travel Agency,2025-08-19,2025-08-23,Deluxe,1,24257.0
9509,1044,Corporate,2025-08-19,2025-08-20,Family,1,30696.0
9510,1057,Event Group,2025-08-19,2025-08-20,Family,1,29676.0
9511,1073,Travel Agency,2025-08-19,2025-08-21,Deluxe,1,23260.0
9512,1036,Travel Agency,2025-08-19,2025-08-22,Standard,1,14493.0
9513,1089,Event Group,2025-08-19,2025-08-20,Standard,1,13810.0
9514,1110,Leisure,2025-08-19,2025-08-21,Standard,1,16892.0
9515,1119,Leisure,2025-08-19,2025-08-22,Standard,1,16603.0
9516,1047,Leisure,2025-08-19,2025-08-20,Family,1,24016.0
9517,1119,Travel Agency,2025-08-19,2025-08-20,Suite,1,37415.0
9518,1044,Travel Agency,2025-08-19,2025-08-20,Deluxe,1,19092.0
9519,1066,Leisure,2025-08-19,2025-08-21,Deluxe,1,20236.0
9520,1095,Travel Agency,2025-08-19,2025-08-20,Deluxe,1,20379.0
9521,1001,Corporate,2025-08-19,2025-08-20,Deluxe,1,21778.0
9522,1065,Corporate,2025-08-19,2025-08-23,Deluxe,1,18688.0
9523,1060,Leisure,2025-08-19,2025-08-21,Suite,1,39977.0
9524,1032,Corporate,2025-08-19,2025-08-22,Deluxe,1,20602.0
9525,1047,Leisure,2025-08-19,2025-08-24,Deluxe,1,20665.0
9526,1059,Leisure,2025-08-19,2025-08-21,Standard,1,16335.0
9527,1096,Leisure,2025-08-19,2025-08-23,Suite,1,42164.0
9528,1086,Leisure,2025-08-19,2025-08-22,Standard,1,13397.0
9529,1015,Corporate,2025-08-19,2025-08-23,Deluxe,1,23880.0
9530,1023,Travel Agency,2025-08-19,2025-08-20,Deluxe,1,19688.0
9531,1085,Corporate,2025-08-19,2025-08-24,Deluxe,1,23689.0
9532,1073,Leisure,2025-08-19,2025-08-21,Standard,1,16542.0
9533,1073,Leisure,2025-08-19,2025-08-23,Suite,1,38515.0
9534,1108,Corporate,2025-08-19,2025-08-21,Standard,1,14018.0
9535,1092,Travel Agency,2025-08-19,2025-08-22,Standard,1,15278.0
9536,1053,Corporate,2025-08-19,2025-08-21,Standard,1,14725.0
9537,1112,Corporate,2025-08-19,2025-08-20,Deluxe,1,20380.0
9538,1062,Travel Agency,2025-08-19,2025-08-22,Standard,1,15082.0
9539,1035,Travel Agency,2025-08-19,2025-08-20,Standard,1,12617.0
9540,1053,Leisure,2025-08-19,2025-08-20,Standard,1,13684.0
9541,1117,Corporate,2025-08-19,2025-08-22,Deluxe,1,24462.0
9542,1024,Leisure,2025-08-19,2025-08-21,Family,1,33435.0
9543,1099,Leisure,2025-08-19,2025-08-21,Standard,1,14220.0
9544,1057,Corporate,2025-08-20,2025-08-22,Standard,1,15763.0
9545,1120,Corporate,2025-08-20,2025-08-23,Deluxe,1,22525.0
9546,1095,Event Group,2025-08-20,2025-08-21,Family,1,31800.0
9547,1014,Leisure,2025-08-20,2025-08-22,Standard,1,14629.0
9548,1068,Event Group,2025-08-20,2025-08-25,Standard,1,12932.0
9549,1015,Leisure,2025-08-20,2025-08-22,Suite,1,37335.0
9550,1084,Leisure,2025-08-20,2025-08-22,Deluxe,1,22468.0
9551,1100,Leisure,2025-08-20,2025-08-21,Standard,1,15656.0
9552,1089,Leisure,2025-08-20,2025-08-22,Deluxe,1,19357.0
9553,1037,Corporate,2025-08-20,2025-08-23,Standard,1,10793.0
9554,1054,Leisure,2025-08-20,2025-08-21,Deluxe,1,18823.0
9555,1086,Corporate,2025-08-20,2025-08-24,Standard,1,16028.0
9556,1004,Corporate,2025-08-20,2025-08-23,Suite,1,39290.0
9557,1066,Corporate,2025-08-20,2025-08-22,Suite,1,41950.0
9558,1002,Leisure,2025-08-20,2025-08-21,Standard,1,15858.0
9559,1034,Travel Agency,2025-08-20,2025-08-22,Suite,1,36368.0
9560,1052,Corporate,2025-08-20,2025-08-21,Deluxe,1,20510.0
9561,1007,Corporate,2025-08-20,2025-08-22,Standard,1,15740.0
9562,1070,Travel Agency,2025-08-20,2025-08-21,Deluxe,1,23007.0
9563,1056,Leisure,2025-08-20,2025-08-21,Standard,1,16766.0
9564,1033,Travel Agency,2025-08-20,2025-08-23,Standard,1,16593.0
9565,1083,Corporate,2025-08-20,2025-08-22,Standard,1,15756.0
9566,1033,Corporate,2025-08-20,2025-08-25,Family,1,31234.0
9567,1109,Corporate,2025-08-20,2025-08-24,Family,1,29018.0
9568,1010,Leisure,2025-08-20,2025-08-22,Deluxe,1,22697.0
9569,1040,Corporate,2025-08-20,2025-08-21,Standard,1,14697.0
9570,1119,Corporate,2025-08-20,2025-08-23,Standard,1,13365.0
9571,1087,Leisure,2025-08-20,2025-08-22,Standard,1,16442.0
9572,1105,Event Group,2025-08-20,2025-08-21,Deluxe,1,22110.0
9573,1084,Leisure,2025-08-20,2025-08-21,Standard,1,16239.0
9574,1112,Corporate,2025-08-20,2025-08-21,Deluxe,1,20535.0
9575,1004,Travel Agency,2025-08-20,2025-08-21,Deluxe,1,23151.0
9576,1022,Leisure,2025-08-20,2025-08-22,Suite,1,33360.0
9577,1076,Leisure,2025-08-20,2025-08-24,Suite,1,35238.0
9578,1024,Travel Agency,2025-08-20,2025-08-23,Standard,1,11189.0
9579,1076,Travel Agency,2025-08-20,2025-08-22,Deluxe,1,21433.0
9580,1046,Corporate,2025-08-20,2025-08-21,Family,1,27564.0
9581,1055,Leisure,2025-08-20,2025-08-21,Standard,1,15140.0
9582,1120,Corporate,2025-08-20,2025-08-21,Standard,1,14242.0
9583,1071,Travel Agency,2025-08-20,2025-08-22,Deluxe,1,23560.0
9584,1122,Leisure,2025-08-20,2025-08-21,Standard,1,12723.0
9585,1105,Leisure,2025-08-20,2025-08-22,Deluxe,1,20986.0
9586,1061,Leisure,2025-08-20,2025-08-21,Standard,1,13583.0
9587,1002,Leisure,2025-08-20,2025-08-22,Deluxe,1,19623.0
9588,1079,Travel Agency,2025-08-21,2025-08-23,Deluxe,1,21595.0
9589,1089,Corporate,2025-08-21,2025-08-23,Suite,1,38806.0
9590,1074,Travel Agency,2025-08-21,2025-08-22,Family,1,31525.0
9591,1102,Leisure,2025-08-21,2025-08-23,Standard,1,15488.0
9592,1058,Leisure,2025-08-21,2025-08-22,Standard,1,14716.0
9593,1124,Leisure,2025-08-21,2025-08-25,Suite,1,37373.0
9594,1008,Corporate,2025-08-21,2025-08-22,Standard,1,13361.0
9595,1122,Travel Agency,2025-08-21,2025-08-23,Family,1,25891.0
9596,1035,Event Group,2025-08-21,2025-08-24,Deluxe,1,21805.0
9597,1073,Corporate,2025-08-21,2025-08-22,Standard,1,14658.0
9598,1028,Event Group,2025-08-21,2025-08-24,Standard,1,12336.0
9599,1030,Leisure,2025-08-21,2025-08-22,Deluxe,1,22120.0
9600,1006,Travel Agency,2025-08-21,2025-08-22,Family,1,24503.0
9601,1064,Leisure,2025-08-21,2025-08-24,Standard,1,13072.0
9602,1084,Leisure,2025-08-21,2025-08-24,Standard,1,16548.0
9603,1078,Corporate,2025-08-21,2025-08-24,Standard,1,15062.0
9604,1089,Leisure,2025-08-21,2025-08-22,Standard,1,14040.0
9605,1045,Travel Agency,2025-08-21,2025-08-24,Deluxe,1,20467.0
9606,1010,Travel Agency,2025-08-21,2025-08-26,Family,1,31548.0
9607,1109,Travel Agency,2025-08-21,2025-08-24,Deluxe,1,20948.0
9608,1024,Corporate,2025-08-21,2025-08-22,Standard,1,15032.0
9609,1124,Leisure,2025-08-21,2025-08-24,Deluxe,1,21683.0
9610,1095,Leisure,2025-08-21,2025-08-23,Standard,1,14959.0
9611,1027,Travel Agency,2025-08-21,2025-08-22,Family,1,26892.0
9612,1012,Leisure,2025-08-21,2025-08-23,Standard,1,15035.0
9613,1090,Travel Agency,2025-08-21,2025-08-22,Standard,1,17108.0
9614,1125,Leisure,2025-08-21,2025-08-22,Standard,1,13789.0
9615,1025,Corporate,2025-08-21,2025-08-24,Deluxe,1,22224.0
9616,1105,Travel Agency,2025-08-21,2025-08-22,Suite,1,37691.0
9617,1017,Leisure,2025-08-21,2025-08-23,Standard,1,14291.0
9618,1051,Corporate,2025-08-21,2025-08-23,Family,1,25405.0
9619,1028,Leisure,2025-08-21,2025-08-22,Standard,1,14322.0
9620,1061,Leisure,2025-08-21,2025-08-22,Standard,1,16299.0
9621,1042,Travel Agency,2025-08-21,2025-08-25,Family,1,25728.0
9622,1064,Corporate,2025-08-21,2025-08-25,Family,1,26166.0
9623,1001,Corporate,2025-08-21,2025-08-23,Standard,1,12011.0
9624,1004,Leisure,2025-08-21,2025-08-22,Deluxe,1,24707.0
9625,1015,Travel Agency,2025-08-21,2025-08-23,Standard,1,15467.0
9626,1031,Travel Agency,2025-08-21,2025-08-23,Standard,1,15532.0
9627,1002,Travel Agency,2025-08-21,2025-08-22,Standard,1,14874.0
9628,1069,Leisure,2025-08-21,2025-08-23,Deluxe,1,20049.0
9629,1052,Travel Agency,2025-08-21,2025-08-23,Suite,1,41662.0
9630,1077,Travel Agency,2025-08-21,2025-08-22,Standard,1,14787.0
9631,1096,Leisure,2025-08-21,2025-08-22,Standard,1,15782.0
9632,1019,Leisure,2025-08-21,2025-08-25,Deluxe,1,25487.0
9633,1108,Leisure,2025-08-21,2025-08-22,Standard,1,16209.0
9634,1102,Corporate,2025-08-21,2025-08-22,Family,1,27472.0
9635,1003,Leisure,2025-08-21,2025-08-22,Family,1,33187.0
9636,1093,Leisure,2025-08-21,2025-08-22,Deluxe,1,22660.0
9637,1068,Corporate,2025-08-21,2025-08-22,Standard,1,13866.0
9638,1080,Leisure,2025-08-21,2025-08-23,Deluxe,1,20536.0
9639,1075,Corporate,2025-08-21,2025-08-22,Deluxe,1,22366.0
9640,1006,Corporate,2025-08-22,2025-08-24,Standard,1,15145.0
9641,1039,Leisure,2025-08-22,2025-08-24,Standard,1,13087.0
9642,1029,Leisure,2025-08-22,2025-08-23,Standard,1,15959.0
9643,1005,Travel Agency,2025-08-22,2025-08-25,Deluxe,1,19814.0
9644,1057,Leisure,2025-08-22,2025-08-25,Deluxe,1,23326.0
9645,1028,Leisure,2025-08-22,2025-08-25,Standard,1,14442.0
9646,1024,Leisure,2025-08-22,2025-08-25,Standard,1,15963.0
9647,1063,Corporate,2025-08-22,2025-08-23,Deluxe,1,22549.0
9648,1026,Corporate,2025-08-22,2025-08-25,Deluxe,1,21172.0
9649,1115,Leisure,2025-08-22,2025-08-25,Standard,1,13989.0
9650,1063,Travel Agency,2025-08-22,2025-08-23,Family,1,33525.0
9651,1003,Leisure,2025-08-22,2025-08-23,Standard,1,14573.0
9652,1065,Travel Agency,2025-08-22,2025-08-26,Standard,1,14625.0
9653,1048,Leisure,2025-08-22,2025-08-24,Family,1,29356.0
9654,1074,Corporate,2025-08-22,2025-08-24,Suite,1,36269.0
9655,1085,Corporate,2025-08-22,2025-08-25,Standard,1,14627.0
9656,1089,Leisure,2025-08-22,2025-08-23,Standard,1,14585.0
9657,1096,Leisure,2025-08-22,2025-08-24,Standard,1,12308.0
9658,1078,Event Group,2025-08-22,2025-08-27,Standard,1,14415.0
9659,1006,Event Group,2025-08-22,2025-08-24,Deluxe,1,21017.0
9660,1029,Travel Agency,2025-08-22,2025-08-25,Standard,1,16256.0
9661,1120,Travel Agency,2025-08-22,2025-08-24,Standard,1,15576.0
9662,1077,Leisure,2025-08-22,2025-08-24,Standard,1,14034.0
9663,1064,Corporate,2025-08-22,2025-08-23,Suite,1,36847.0
9664,1008,Corporate,2025-08-22,2025-08-26,Deluxe,1,23643.0
9665,1036,Travel Agency,2025-08-22,2025-08-25,Deluxe,1,22686.0
9666,1020,Leisure,2025-08-22,2025-08-23,Suite,1,36627.0
9667,1027,Corporate,2025-08-22,2025-08-24,Deluxe,1,21492.0
9668,1039,Leisure,2025-08-22,2025-08-24,Standard,1,15351.0
9669,1059,Leisure,2025-08-22,2025-08-25,Deluxe,1,22586.0
9670,1018,Leisure,2025-08-22,2025-08-23,Suite,1,40015.0
9671,1103,Leisure,2025-08-22,2025-08-23,Standard,1,14052.0
9672,1111,Leisure,2025-08-22,2025-08-24,Standard,1,13324.0
9673,1062,Travel Agency,2025-08-22,2025-08-23,Standard,1,15577.0
9674,1105,Leisure,2025-08-22,2025-08-26,Suite,1,42482.0
9675,1050,Corporate,2025-08-22,2025-08-23,Standard,1,15363.0
9676,1036,Corporate,2025-08-22,2025-08-23,Standard,1,14219.0
9677,1020,Travel Agency,2025-08-22,2025-08-24,Standard,1,15793.0
9678,1083,Leisure,2025-08-22,2025-08-24,Deluxe,1,19142.0
9679,1034,Travel Agency,2025-08-22,2025-08-26,Standard,1,13746.0
9680,1010,Leisure,2025-08-22,2025-08-24,Deluxe,1,17507.0
9681,1026,Leisure,2025-08-22,2025-08-23,Standard,1,13953.0
9682,1117,Corporate,2025-08-22,2025-08-24,Standard,1,15911.0
9683,1040,Leisure,2025-08-22,2025-08-23,Standard,1,15009.0
9684,1094,Corporate,2025-08-22,2025-08-25,Standard,1,13260.0
9685,1087,Leisure,2025-08-22,2025-08-23,Deluxe,1,22534.0
9686,1032,Event Group,2025-08-23,2025-08-25,Standard,1,15465.0
9687,1062,Leisure,2025-08-23,2025-08-28,Deluxe,1,19948.0
9688,1098,Corporate,2025-08-23,2025-08-24,Standard,1,13640.0
9689,1058,Travel Agency,2025-08-23,2025-08-24,Standard,1,18770.0
9690,1054,Travel Agency,2025-08-23,2025-08-27,Standard,1,12818.0
9691,1056,Leisure,2025-08-23,2025-08-26,Suite,1,36756.0
9692,1050,Corporate,2025-08-23,2025-08-24,Family,1,28358.0
9693,1087,Corporate,2025-08-23,2025-08-25,Standard,1,13672.0
9694,1097,Travel Agency,2025-08-23,2025-08-24,Suite,1,30929.0
9695,1047,Leisure,2025-08-23,2025-08-25,Family,1,26546.0
9696,1024,Leisure,2025-08-23,2025-08-24,Deluxe,1,20376.0
9697,1005,Corporate,2025-08-23,2025-08-27,Deluxe,1,25501.0
9698,1091,Leisure,2025-08-23,2025-08-27,Standard,1,13723.0
9699,1091,Event Group,2025-08-23,2025-08-25,Deluxe,1,22827.0
9700,1099,Event Group,2025-08-23,2025-08-24,Family,1,29341.0
9701,1008,Travel Agency,2025-08-23,2025-08-25,Deluxe,1,19675.0
9702,1112,Leisure,2025-08-23,2025-08-24,Standard,1,15403.0
9703,1099,Travel Agency,2025-08-23,2025-08-24,Deluxe,1,21051.0
9704,1004,Leisure,2025-08-23,2025-08-24,Deluxe,1,20791.0
9705,1060,Leisure,2025-08-23,2025-08-25,Standard,1,14098.0
9706,1103,Corporate,2025-08-23,2025-08-24,Family,1,29114.0
9707,1099,Travel Agency,2025-08-23,2025-08-24,Standard,1,17134.0
9708,1068,Travel Agency,2025-08-23,2025-08-27,Standard,1,14453.0
9709,1092,Leisure,2025-08-23,2025-08-26,Standard,1,16034.0
9710,1114,Corporate,2025-08-23,2025-08-25,Family,1,29134.0
9711,1063,Leisure,2025-08-23,2025-08-24,Family,1,27364.0
9712,1059,Leisure,2025-08-23,2025-08-25,Standard,1,15837.0
9713,1044,Leisure,2025-08-23,2025-08-26,Standard,1,15681.0
9714,1028,Travel Agency,2025-08-23,2025-08-24,Family,1,31856.0
9715,1095,Corporate,2025-08-23,2025-08-25,Standard,1,16477.0
9716,1028,Corporate,2025-08-23,2025-08-25,Deluxe,1,24050.0
9717,1051,Travel Agency,2025-08-23,2025-08-25,Family,1,30127.0
9718,1087,Leisure,2025-08-23,2025-08-27,Standard,1,13939.0
9719,1093,Leisure,2025-08-23,2025-08-25,Deluxe,1,22283.0
9720,1095,Leisure,2025-08-23,2025-08-26,Deluxe,1,22539.0
9721,1073,Corporate,2025-08-23,2025-08-24,Standard,1,14508.0
9722,1114,Corporate,2025-08-23,2025-08-25,Family,1,26249.0
9723,1088,Corporate,2025-08-23,2025-08-25,Family,1,29829.0
9724,1074,Leisure,2025-08-24,2025-08-26,Standard,1,15175.0
9725,1025,Leisure,2025-08-24,2025-08-26,Standard,1,13076.0
9726,1008,Leisure,2025-08-24,2025-08-29,Family,1,28865.0
9727,1100,Leisure,2025-08-24,2025-08-25,Family,1,29462.0
9728,1037,Corporate,2025-08-24,2025-08-25,Standard,1,15287.0
9729,1041,Travel Agency,2025-08-24,2025-08-28,Standard,1,15917.0
9730,1009,Corporate,2025-08-24,2025-08-25,Deluxe,1,21244.0
9731,1124,Leisure,2025-08-24,2025-08-27,Deluxe,1,18764.0
9732,1061,Leisure,2025-08-24,2025-08-27,Standard,1,15557.0
9733,1013,Leisure,2025-08-24,2025-08-29,Deluxe,1,22000.0
9734,1041,Travel Agency,2025-08-24,2025-08-26,Suite,1,36463.0
9735,1002,Leisure,2025-08-24,2025-08-25,Standard,1,14536.0
9736,1089,Corporate,2025-08-24,2025-08-29,Family,1,31809.0
9737,1013,Event Group,2025-08-24,2025-08-27,Family,1,30108.0
9738,1058,Leisure,2025-08-24,2025-08-28,Standard,1,14381.0
9739,1046,Corporate,2025-08-24,2025-08-28,Standard,1,13299.0
9740,1061,Travel Agency,2025-08-24,2025-08-27,Suite,1,35652.0
9741,1085,Travel Agency,2025-08-24,2025-08-25,Standard,1,16107.0
9742,1006,Corporate,2025-08-24,2025-08-26,Deluxe,1,21621.0
9743,1103,Event Group,2025-08-24,2025-08-25,Standard,1,14301.0
9744,1061,Leisure,2025-08-24,2025-08-25,Family,1,31706.0
9745,1056,Travel Agency,2025-08-24,2025-08-26,Deluxe,1,23425.0
9746,1086,Travel Agency,2025-08-24,2025-08-26,Standard,1,14633.0
9747,1052,Leisure,2025-08-24,2025-08-25,Standard,1,15060.0
9748,1053,Corporate,2025-08-24,2025-08-25,Family,1,29286.0
9749,1091,Leisure,2025-08-24,2025-08-27,Family,1,28158.0
9750,1075,Travel Agency,2025-08-24,2025-08-25,Suite,1,35608.0
9751,1107,Travel Agency,2025-08-24,2025-08-26,Standard,1,14871.0
9752,1083,Event Group,2025-08-24,2025-08-26,Standard,1,14336.0
9753,1116,Corporate,2025-08-24,2025-08-26,Deluxe,1,20009.0
9754,1065,Leisure,2025-08-24,2025-08-26,Standard,1,14033.0
9755,1020,Corporate,2025-08-24,2025-08-28,Deluxe,1,22693.0
9756,1097,Corporate,2025-08-24,2025-08-26,Deluxe,1,21095.0
9757,1001,Travel Agency,2025-08-24,2025-08-26,Suite,1,40607.0
9758,1048,Leisure,2025-08-24,2025-08-29,Suite,1,38538.0
9759,1097,Leisure,2025-08-24,2025-08-28,Deluxe,1,19952.0
9760,1005,Leisure,2025-08-24,2025-08-26,Standard,1,15420.0
9761,1125,Leisure,2025-08-24,2025-08-25,Family,1,29861.0
9762,1054,Corporate,2025-08-24,2025-08-29,Standard,1,14746.0
9763,1116,Leisure,2025-08-24,2025-08-25,Deluxe,1,22578.0
9764,1118,Leisure,2025-08-24,2025-08-28,Standard,1,16945.0
9765,1117,Corporate,2025-08-24,2025-08-25,Standard,1,14798.0
9766,1081,Leisure,2025-08-24,2025-08-25,Family,1,28570.0
9767,1077,Corporate,2025-08-24,2025-08-26,Deluxe,1,23881.0
9768,1114,Leisure,2025-08-24,2025-08-25,Deluxe,1,22891.0
9769,1009,Leisure,2025-08-25,2025-08-26,Deluxe,1,19849.0
9770,1108,Event Group,2025-08-25,2025-08-27,Deluxe,1,21301.0
9771,1082,Corporate,2025-08-25,2025-08-30,Suite,1,37557.0
9772,1010,Travel Agency,2025-08-25,2025-08-27,Standard,1,17340.0
9773,1011,Corporate,2025-08-25,2025-08-27,Standard,1,14695.0
9774,1080,Leisure,2025-08-25,2025-08-30,Standard,1,16080.0
9775,1081,Corporate,2025-08-25,2025-08-26,Standard,1,14773.0
9776,1008,Corporate,2025-08-25,2025-08-26,Suite,1,36192.0
9777,1015,Corporate,2025-08-25,2025-08-27,Standard,1,14342.0
9778,1046,Travel Agency,2025-08-25,2025-08-26,Standard,1,16942.0
9779,1056,Leisure,2025-08-25,2025-08-28,Standard,1,14645.0
9780,1110,Leisure,2025-08-25,2025-08-29,Deluxe,1,23774.0
9781,1070,Travel Agency,2025-08-25,2025-08-30,Deluxe,1,21567.0
9782,1036,Event Group,2025-08-25,2025-08-28,Standard,1,13919.0
9783,1013,Leisure,2025-08-25,2025-08-28,Deluxe,1,21639.0
9784,1043,Corporate,2025-08-25,2025-08-27,Deluxe,1,21511.0
9785,1102,Leisure,2025-08-25,2025-08-27,Family,1,29110.0
9786,1048,Corporate,2025-08-25,2025-08-28,Deluxe,1,23497.0
9787,1066,Corporate,2025-08-25,2025-08-26,Standard,1,14041.0
9788,1057,Leisure,2025-08-25,2025-08-27,Deluxe,1,22287.0
9789,1047,Leisure,2025-08-25,2025-08-27,Deluxe,1,19993.0
9790,1125,Travel Agency,2025-08-25,2025-08-30,Standard,1,14154.0
9791,1089,Corporate,2025-08-25,2025-08-29,Standard,1,16074.0
9792,1066,Corporate,2025-08-25,2025-08-27,Family,1,37684.0
9793,1042,Event Group,2025-08-25,2025-08-27,Deluxe,1,22112.0
9794,1026,Travel Agency,2025-08-25,2025-08-28,Suite,1,36162.0
9795,1025,Leisure,2025-08-25,2025-08-28,Deluxe,1,23453.0
9796,1048,Leisure,2025-08-25,2025-08-26,Standard,1,14857.0
9797,1083,Leisure,2025-08-25,2025-08-28,Family,1,28329.0
9798,1059,Corporate,2025-08-25,2025-08-27,Deluxe,1,22820.0
9799,1125,Corporate,2025-08-25,2025-08-26,Family,1,30383.0
9800,1041,Leisure,2025-08-25,2025-08-27,Standard,1,15552.0
9801,1091,Corporate,2025-08-25,2025-08-26,Standard,1,15490.0
9802,1036,Leisure,2025-08-25,2025-08-27,Suite,1,38614.0
9803,1014,Leisure,2025-08-25,2025-08-27,Deluxe,1,21699.0
9804,1065,Travel Agency,2025-08-25,2025-08-28,Deluxe,1,20541.0
9805,1037,Leisure,2025-08-25,2025-08-26,Family,1,26500.0
9806,1019,Leisure,2025-08-25,2025-08-26,Deluxe,1,21614.0
9807,1035,Corporate,2025-08-25,2025-08-27,Standard,1,16398.0
9808,1073,Event Group,2025-08-25,2025-08-26,Standard,1,15021.0
9809,1008,Travel Agency,2025-08-25,2025-08-26,Deluxe,1,18605.0
9810,1064,Corporate,2025-08-25,2025-08-28,Deluxe,1,22410.0
9811,1109,Corporate,2025-08-25,2025-08-26,Suite,1,39642.0
9812,1052,Corporate,2025-08-25,2025-08-30,Standard,1,14850.0
9813,1017,Corporate,2025-08-26,2025-08-30,Deluxe,1,20194.0
9814,1092,Leisure,2025-08-26,2025-08-29,Standard,1,12900.0
9815,1010,Travel Agency,2025-08-26,2025-08-28,Deluxe,1,21944.0
9816,1090,Corporate,2025-08-26,2025-08-29,Standard,1,14504.0
9817,1081,Leisure,2025-08-26,2025-08-28,Standard,1,12377.0
9818,1024,Travel Agency,2025-08-26,2025-08-29,Family,1,34254.0
9819,1040,Travel Agency,2025-08-26,2025-08-29,Standard,1,16022.0
9820,1115,Corporate,2025-08-26,2025-08-27,Standard,1,14735.0
9821,1083,Corporate,2025-08-26,2025-08-29,Standard,1,13105.0
9822,1111,Leisure,2025-08-26,2025-08-31,Standard,1,14997.0
9823,1079,Corporate,2025-08-26,2025-08-29,Deluxe,1,21394.0
9824,1021,Event Group,2025-08-26,2025-08-30,Deluxe,1,19960.0
9825,1058,Leisure,2025-08-26,2025-08-27,Deluxe,1,20362.0
9826,1063,Leisure,2025-08-26,2025-08-27,Deluxe,1,22533.0
9827,1048,Event Group,2025-08-26,2025-08-27,Standard,1,17001.0
9828,1095,Travel Agency,2025-08-26,2025-08-30,Deluxe,1,20657.0
9829,1048,Leisure,2025-08-26,2025-08-30,Standard,1,16114.0
9830,1046,Corporate,2025-08-26,2025-08-27,Standard,1,12782.0
9831,1041,Corporate,2025-08-26,2025-08-29,Deluxe,1,20444.0
9832,1071,Corporate,2025-08-26,2025-08-27,Standard,1,15260.0
9833,1073,Leisure,2025-08-26,2025-08-27,Standard,1,16432.0
9834,1020,Corporate,2025-08-26,2025-08-29,Deluxe,1,20449.0
9835,1014,Leisure,2025-08-26,2025-08-28,Deluxe,1,22304.0
9836,1005,Corporate,2025-08-26,2025-08-27,Deluxe,1,22926.0
9837,1032,Leisure,2025-08-26,2025-08-27,Standard,1,14928.0
9838,1049,Travel Agency,2025-08-26,2025-08-28,Standard,1,11333.0
9839,1109,Corporate,2025-08-26,2025-08-28,Standard,1,15452.0
9840,1027,Corporate,2025-08-26,2025-08-27,Standard,1,15091.0
9841,1060,Travel Agency,2025-08-26,2025-08-28,Standard,1,15235.0
9842,1004,Travel Agency,2025-08-26,2025-08-28,Deluxe,1,22891.0
9843,1115,Leisure,2025-08-26,2025-08-28,Family,1,26814.0
9844,1017,Event Group,2025-08-26,2025-08-28,Standard,1,13543.0
9845,1061,Leisure,2025-08-26,2025-08-29,Standard,1,12608.0
9846,1058,Leisure,2025-08-26,2025-08-29,Deluxe,1,23985.0
9847,1010,Leisure,2025-08-26,2025-08-28,Deluxe,1,18833.0
9848,1089,Travel Agency,2025-08-26,2025-08-27,Standard,1,15658.0
9849,1091,Leisure,2025-08-26,2025-08-27,Standard,1,13089.0
9850,1004,Leisure,2025-08-26,2025-08-27,Standard,1,15401.0
9851,1041,Travel Agency,2025-08-26,2025-08-28,Family,1,28255.0
9852,1024,Leisure,2025-08-26,2025-08-30,Standard,1,14205.0
9853,1105,Corporate,2025-08-26,2025-08-27,Standard,1,16091.0
9854,1017,Corporate,2025-08-26,2025-08-27,Suite,1,33046.0
9855,1117,Leisure,2025-08-26,2025-08-28,Family,1,30272.0
9856,1039,Corporate,2025-08-26,2025-08-29,Standard,1,16545.0
9857,1052,Travel Agency,2025-08-26,2025-08-27,Standard,1,16051.0
9858,1040,Leisure,2025-08-26,2025-08-28,Deluxe,1,21033.0
9859,1015,Leisure,2025-08-26,2025-08-30,Deluxe,1,19608.0
9860,1043,Leisure,2025-08-26,2025-08-28,Deluxe,1,21769.0
9861,1017,Corporate,2025-08-26,2025-08-29,Family,1,24575.0
9862,1120,Corporate,2025-08-27,2025-08-28,Standard,1,16119.0
9863,1039,Corporate,2025-08-27,2025-08-29,Family,1,32007.0
9864,1066,Corporate,2025-08-27,2025-08-29,Standard,1,15432.0
9865,1095,Leisure,2025-08-27,2025-09-01,Deluxe,1,20275.0
9866,1064,Corporate,2025-08-27,2025-08-28,Deluxe,1,21115.0
9867,1046,Leisure,2025-08-27,2025-08-28,Standard,1,16532.0
9868,1064,Corporate,2025-08-27,2025-08-29,Deluxe,1,24049.0
9869,1008,Corporate,2025-08-27,2025-08-29,Deluxe,1,19547.0
9870,1036,Corporate,2025-08-27,2025-08-29,Standard,1,13939.0
9871,1027,Leisure,2025-08-27,2025-08-28,Standard,1,14799.0
9872,1101,Corporate,2025-08-27,2025-08-29,Standard,1,14121.0
9873,1068,Corporate,2025-08-27,2025-08-29,Family,1,33413.0
9874,1029,Corporate,2025-08-27,2025-08-28,Standard,1,13572.0
9875,1054,Corporate,2025-08-27,2025-08-29,Standard,1,14932.0
9876,1031,Corporate,2025-08-27,2025-08-29,Standard,1,14443.0
9877,1014,Leisure,2025-08-27,2025-08-28,Deluxe,1,19767.0
9878,1042,Travel Agency,2025-08-27,2025-08-30,Deluxe,1,23018.0
9879,1043,Corporate,2025-08-27,2025-08-28,Family,1,31203.0
9880,1059,Leisure,2025-08-27,2025-08-30,Standard,1,14143.0
9881,1101,Leisure,2025-08-27,2025-08-28,Deluxe,1,23144.0
9882,1082,Leisure,2025-08-27,2025-08-29,Deluxe,1,22996.0
9883,1003,Corporate,2025-08-27,2025-09-01,Standard,1,15197.0
9884,1023,Travel Agency,2025-08-27,2025-08-28,Standard,1,14798.0
9885,1024,Corporate,2025-08-27,2025-08-29,Family,1,31057.0
9886,1047,Leisure,2025-08-27,2025-08-29,Deluxe,1,21113.0
9887,1021,Travel Agency,2025-08-27,2025-08-30,Standard,1,13995.0
9888,1056,Leisure,2025-08-27,2025-08-30,Standard,1,14497.0
9889,1117,Leisure,2025-08-27,2025-08-31,Standard,1,16270.0
9890,1096,Corporate,2025-08-27,2025-08-31,Standard,1,14214.0
9891,1007,Corporate,2025-08-27,2025-08-28,Standard,1,15112.0
9892,1021,Corporate,2025-08-27,2025-08-28,Standard,1,14536.0
9893,1107,Corporate,2025-08-27,2025-08-28,Standard,1,14700.0
9894,1053,Corporate,2025-08-27,2025-08-28,Family,1,28984.0
9895,1005,Corporate,2025-08-27,2025-08-28,Standard,1,14939.0
9896,1050,Corporate,2025-08-27,2025-08-28,Standard,1,15998.0
9897,1023,Corporate,2025-08-27,2025-09-01,Deluxe,1,23114.0
9898,1073,Leisure,2025-08-27,2025-08-30,Standard,1,14164.0
9899,1099,Leisure,2025-08-27,2025-08-29,Standard,1,15828.0
9900,1028,Leisure,2025-08-27,2025-08-31,Family,1,29388.0
9901,1014,Corporate,2025-08-27,2025-08-29,Standard,1,15944.0
9902,1069,Corporate,2025-08-27,2025-08-28,Family,1,30812.0
9903,1039,Travel Agency,2025-08-27,2025-08-29,Deluxe,1,20919.0
9904,1047,Corporate,2025-08-27,2025-08-30,Standard,1,15354.0
9905,1016,Leisure,2025-08-27,2025-09-01,Standard,1,14670.0
9906,1044,Travel Agency,2025-08-27,2025-08-29,Deluxe,1,22967.0
9907,1035,Corporate,2025-08-27,2025-08-29,Deluxe,1,20478.0
9908,1006,Travel Agency,2025-08-27,2025-08-28,Deluxe,1,22466.0
9909,1006,Travel Agency,2025-08-27,2025-08-28,Family,1,32210.0
9910,1120,Corporate,2025-08-27,2025-08-29,Family,1,28015.0
9911,1073,Travel Agency,2025-08-27,2025-08-31,Family,1,29016.0
9912,1005,Event Group,2025-08-27,2025-08-29,Standard,1,15832.0
9913,1111,Event Group,2025-08-28,2025-08-31,Standard,1,14364.0
9914,1098,Travel Agency,2025-08-28,2025-09-02,Deluxe,1,19782.0
9915,1045,Corporate,2025-08-28,2025-08-29,Family,1,29914.0
9916,1027,Corporate,2025-08-28,2025-09-01,Standard,1,14561.0
9917,1043,Event Group,2025-08-28,2025-08-30,Deluxe,1,22757.0
9918,1004,Leisure,2025-08-28,2025-08-29,Standard,1,15916.0
9919,1052,Corporate,2025-08-28,2025-08-29,Standard,1,14528.0
9920,1015,Corporate,2025-08-28,2025-08-30,Deluxe,1,24171.0
9921,1042,Leisure,2025-08-28,2025-08-31,Family,1,26587.0
9922,1026,Leisure,2025-08-28,2025-08-29,Deluxe,1,23333.0
9923,1086,Corporate,2025-08-28,2025-08-30,Deluxe,1,24202.0
9924,1096,Leisure,2025-08-28,2025-08-31,Standard,1,16546.0
9925,1079,Leisure,2025-08-28,2025-08-29,Deluxe,1,22480.0
9926,1047,Leisure,2025-08-28,2025-08-31,Family,1,30296.0
9927,1063,Travel Agency,2025-08-28,2025-08-29,Standard,1,14894.0
9928,1054,Leisure,2025-08-28,2025-08-29,Standard,1,13918.0
9929,1106,Leisure,2025-08-28,2025-09-01,Standard,1,15188.0
9930,1024,Leisure,2025-08-28,2025-08-29,Suite,1,40803.0
9931,1104,Leisure,2025-08-28,2025-08-29,Family,1,30613.0
9932,1114,Travel Agency,2025-08-28,2025-08-29,Standard,1,11510.0
9933,1097,Leisure,2025-08-28,2025-08-29,Standard,1,16036.0
9934,1087,Travel Agency,2025-08-28,2025-08-29,Standard,1,15087.0
9935,1044,Travel Agency,2025-08-28,2025-08-30,Standard,1,16073.0
9936,1088,Leisure,2025-08-28,2025-08-29,Standard,1,15492.0
9937,1018,Leisure,2025-08-28,2025-08-31,Standard,1,14033.0
9938,1019,Travel Agency,2025-08-28,2025-08-29,Deluxe,1,22403.0
9939,1111,Corporate,2025-08-28,2025-08-29,Family,1,27685.0
9940,1052,Corporate,2025-08-28,2025-09-01,Standard,1,14509.0
9941,1047,Corporate,2025-08-28,2025-08-30,Standard,1,14712.0
9942,1111,Leisure,2025-08-28,2025-09-01,Suite,1,44485.0
9943,1085,Corporate,2025-08-28,2025-08-30,Family,1,28274.0
9944,1103,Leisure,2025-08-28,2025-08-30,Standard,1,14426.0
9945,1082,Leisure,2025-08-28,2025-08-30,Standard,1,14121.0
9946,1052,Leisure,2025-08-28,2025-09-01,Deluxe,1,20390.0
9947,1054,Leisure,2025-08-28,2025-08-30,Standard,1,16419.0
9948,1104,Corporate,2025-08-28,2025-08-29,Standard,1,15070.0
9949,1105,Corporate,2025-08-28,2025-09-02,Standard,1,15214.0
9950,1020,Corporate,2025-08-28,2025-08-30,Standard,1,16013.0
9951,1088,Corporate,2025-08-28,2025-08-29,Deluxe,1,22033.0
9952,1106,Corporate,2025-08-28,2025-08-31,Standard,1,13967.0
9953,1053,Corporate,2025-08-28,2025-08-31,Standard,1,15149.0
9954,1112,Leisure,2025-08-28,2025-08-31,Family,1,30882.0
9955,1079,Leisure,2025-08-28,2025-08-29,Deluxe,1,18543.0
9956,1051,Corporate,2025-08-28,2025-08-31,Standard,1,16065.0
9957,1087,Leisure,2025-08-28,2025-09-01,Deluxe,1,22538.0
9958,1101,Leisure,2025-08-28,2025-08-31,Standard,1,15643.0
9959,1054,Leisure,2025-08-28,2025-08-31,Family,1,33823.0
9960,1103,Corporate,2025-08-28,2025-08-31,Family,1,32891.0
9961,1003,Leisure,2025-08-28,2025-08-31,Deluxe,1,21025.0
9962,1057,Leisure,2025-08-28,2025-08-29,Deluxe,1,21367.0
9963,1047,Corporate,2025-08-28,2025-08-29,Standard,1,15213.0
9964,1103,Leisure,2025-08-28,2025-08-29,Deluxe,1,20626.0
9965,1014,Leisure,2025-08-28,2025-08-31,Standard,1,15933.0
9966,1041,Corporate,2025-08-28,2025-09-02,Suite,1,43608.0
9967,1024,Leisure,2025-08-28,2025-08-29,Standard,1,13036.0
9968,1013,Corporate,2025-08-28,2025-09-01,Deluxe,1,20182.0
9969,1009,Leisure,2025-08-28,2025-08-31,Standard,1,14239.0
9970,1123,Corporate,2025-08-28,2025-08-30,Standard,1,12873.0
9971,1055,Leisure,2025-08-28,2025-08-30,Standard,1,15472.0
9972,1042,Event Group,2025-08-29,2025-09-01,Standard,1,16971.0
9973,1096,Leisure,2025-08-29,2025-08-31,Suite,1,36059.0
9974,1028,Corporate,2025-08-29,2025-09-03,Standard,1,14246.0
9975,1020,Corporate,2025-08-29,2025-08-30,Family,1,27123.0
9976,1052,Leisure,2025-08-29,2025-08-31,Standard,1,15642.0
9977,1053,Corporate,2025-08-29,2025-08-31,Standard,1,15334.0
9978,1116,Leisure,2025-08-29,2025-08-31,Family,1,31057.0
9979,1095,Leisure,2025-08-29,2025-09-03,Suite,1,35650.0
9980,1075,Leisure,2025-08-29,2025-08-31,Family,1,25604.0
9981,1106,Leisure,2025-08-29,2025-09-03,Standard,1,12926.0
9982,1036,Corporate,2025-08-29,2025-08-31,Standard,1,15168.0
9983,1103,Leisure,2025-08-29,2025-08-31,Family,1,31141.0
9984,1035,Corporate,2025-08-29,2025-08-30,Standard,1,14742.0
9985,1038,Event Group,2025-08-29,2025-09-01,Standard,1,14885.0
9986,1061,Corporate,2025-08-29,2025-09-02,Deluxe,1,22256.0
9987,1024,Corporate,2025-08-29,2025-09-01,Deluxe,1,23518.0
9988,1104,Leisure,2025-08-29,2025-09-02,Standard,1,16012.0
9989,1125,Leisure,2025-08-29,2025-08-31,Deluxe,1,23427.0
9990,1030,Travel Agency,2025-08-29,2025-09-01,Deluxe,1,21430.0
9991,1013,Leisure,2025-08-29,2025-08-30,Standard,1,14591.0
9992,1042,Event Group,2025-08-29,2025-08-30,Standard,1,12993.0
9993,1061,Corporate,2025-08-29,2025-09-01,Standard,1,14368.0
9994,1028,Corporate,2025-08-29,2025-08-30,Standard,1,15339.0
9995,1087,Corporate,2025-08-29,2025-08-31,Standard,1,14711.0
9996,1087,Corporate,2025-08-29,2025-09-03,Deluxe,1,20954.0
9997,1049,Travel Agency,2025-08-29,2025-09-03,Family,1,30055.0
9998,1090,Travel Agency,2025-08-29,2025-09-01,Standard,1,14733.0
9999,1032,Event Group,2025-08-29,2025-08-30,Standard,1,16517.0
10000,1063,Event Group,2025-08-29,2025-08-31,Family,1,30712.0
10001,1089,Event Group,2025-08-29,2025-08-31,Suite,1,40021.0
10002,1076,Event Group,2025-08-29,2025-08-30,Deluxe,1,24406.0
10003,1089,Travel Agency,2025-08-29,2025-08-30,Family,1,33965.0
10004,1072,Event Group,2025-08-29,2025-09-02,Standard,1,14510.0
10005,1097,Event Group,2025-08-29,2025-09-03,Standard,1,15340.0
10006,1121,Event Group,2025-08-29,2025-08-31,Deluxe,1,20635.0
10007,1039,Corporate,2025-08-29,2025-08-31,Standard,1,15176.0
10008,1124,Leisure,2025-08-29,2025-09-01,Standard,1,15671.0
10009,1089,Leisure,2025-08-29,2025-09-01,Standard,1,17395.0
10010,1035,Leisure,2025-08-29,2025-08-31,Standard,1,14692.0
10011,1097,Corporate,2025-08-29,2025-08-31,Standard,1,14925.0
10012,1090,Corporate,2025-08-29,2025-09-01,Deluxe,1,20716.0
10013,1118,Leisure,2025-08-29,2025-08-30,Standard,1,14967.0
10014,1068,Travel Agency,2025-08-29,2025-09-03,Family,1,30899.0
10015,1085,Travel Agency,2025-08-29,2025-08-31,Suite,1,40753.0
10016,1019,Leisure,2025-08-29,2025-08-31,Deluxe,1,23415.0
10017,1022,Leisure,2025-08-29,2025-08-30,Family,1,29500.0
10018,1057,Travel Agency,2025-08-29,2025-08-30,Deluxe,1,22924.0
10019,1096,Leisure,2025-08-29,2025-09-02,Deluxe,1,22636.0
10020,1114,Leisure,2025-08-29,2025-08-31,Deluxe,1,20266.0
10021,1082,Travel Agency,2025-08-29,2025-08-30,Suite,1,37926.0
10022,1001,Corporate,2025-08-29,2025-08-30,Standard,1,15892.0
10023,1038,Leisure,2025-08-29,2025-09-01,Standard,1,14682.0
10024,1078,Leisure,2025-08-29,2025-08-31,Deluxe,1,22096.0
10025,1054,Leisure,2025-08-30,2025-08-31,Family,1,28571.0
10026,1012,Leisure,2025-08-30,2025-09-01,Suite,1,40186.0
10027,1026,Leisure,2025-08-30,2025-09-01,Standard,1,15875.0
10028,1043,Corporate,2025-08-30,2025-09-02,Standard,1,15270.0
10029,1027,Travel Agency,2025-08-30,2025-08-31,Deluxe,1,21935.0
10030,1066,Leisure,2025-08-30,2025-09-01,Standard,1,15393.0
10031,1088,Corporate,2025-08-30,2025-09-02,Standard,1,16195.0
10032,1078,Corporate,2025-08-30,2025-09-01,Deluxe,1,20731.0
10033,1051,Leisure,2025-08-30,2025-09-02,Standard,1,13432.0
10034,1043,Corporate,2025-08-30,2025-09-02,Deluxe,1,21441.0
10035,1054,Corporate,2025-08-30,2025-09-02,Deluxe,1,19839.0
10036,1060,Corporate,2025-08-30,2025-09-01,Standard,1,14943.0
10037,1044,Leisure,2025-08-30,2025-09-04,Suite,1,42841.0
10038,1078,Event Group,2025-08-30,2025-08-31,Deluxe,1,18171.0
10039,1044,Corporate,2025-08-30,2025-09-01,Standard,1,14120.0
10040,1069,Leisure,2025-08-30,2025-09-02,Deluxe,1,19791.0
10041,1020,Corporate,2025-08-30,2025-09-02,Standard,1,13667.0
10042,1016,Leisure,2025-08-30,2025-08-31,Deluxe,1,20741.0
10043,1011,Travel Agency,2025-08-30,2025-08-31,Standard,1,12897.0
10044,1021,Corporate,2025-08-30,2025-09-01,Standard,1,13101.0
10045,1075,Corporate,2025-08-30,2025-09-01,Family,1,33082.0
10046,1117,Corporate,2025-08-30,2025-09-02,Standard,1,13120.0
10047,1122,Leisure,2025-08-30,2025-09-04,Standard,1,14775.0
10048,1063,Leisure,2025-08-30,2025-08-31,Suite,1,40394.0
10049,1118,Event Group,2025-08-30,2025-09-01,Deluxe,1,23243.0
10050,1105,Travel Agency,2025-08-30,2025-09-01,Standard,1,14991.0
10051,1104,Travel Agency,2025-08-30,2025-09-04,Standard,1,14155.0
10052,1001,Leisure,2025-08-30,2025-08-31,Deluxe,1,20032.0
10053,1013,Leisure,2025-08-30,2025-09-01,Deluxe,1,22067.0
10054,1106,Leisure,2025-08-30,2025-08-31,Deluxe,1,17127.0
10055,1006,Event Group,2025-08-30,2025-08-31,Suite,1,35395.0
10056,1007,Corporate,2025-08-30,2025-09-02,Standard,1,15465.0
10057,1012,Corporate,2025-08-30,2025-09-01,Deluxe,1,18859.0
10058,1023,Corporate,2025-08-30,2025-08-31,Deluxe,1,19919.0
10059,1033,Corporate,2025-08-30,2025-09-01,Deluxe,1,21472.0
10060,1079,Leisure,2025-08-30,2025-09-02,Family,1,27685.0
10061,1065,Event Group,2025-08-30,2025-09-02,Deluxe,1,21040.0
10062,1123,Corporate,2025-08-30,2025-09-01,Standard,1,15643.0
10063,1070,Leisure,2025-08-30,2025-08-31,Family,1,29084.0
10064,1026,Leisure,2025-08-30,2025-08-31,Standard,1,15963.0
10065,1115,Travel Agency,2025-08-30,2025-09-03,Standard,1,15749.0
10066,1009,Leisure,2025-08-30,2025-09-02,Standard,1,13627.0
10067,1072,Leisure,2025-08-30,2025-08-31,Deluxe,1,18763.0
10068,1055,Corporate,2025-08-30,2025-08-31,Standard,1,14057.0
10069,1034,Travel Agency,2025-08-30,2025-09-01,Suite,1,37625.0
10070,1096,Leisure,2025-08-30,2025-08-31,Suite,1,43769.0
10071,1088,Corporate,2025-08-30,2025-09-03,Deluxe,1,25683.0
10072,1027,Event Group,2025-08-30,2025-09-03,Deluxe,1,19761.0
10073,1123,Corporate,2025-08-30,2025-09-02,Standard,1,14860.0
10074,1015,Travel Agency,2025-08-30,2025-09-02,Deluxe,1,19162.0
10075,1021,Travel Agency,2025-08-31,2025-09-01,Suite,1,36174.0
10076,1022,Corporate,2025-08-31,2025-09-02,Standard,1,14148.0
10077,1060,Event Group,2025-08-31,2025-09-01,Family,1,30320.0
10078,1004,Corporate,2025-08-31,2025-09-03,Family,1,33402.0
10079,1119,Corporate,2025-08-31,2025-09-04,Deluxe,1,23191.0
10080,1088,Leisure,2025-08-31,2025-09-04,Family,1,35894.0
10081,1103,Leisure,2025-08-31,2025-09-01,Standard,1,12199.0
10082,1046,Leisure,2025-08-31,2025-09-03,Suite,1,39459.0
10083,1009,Corporate,2025-08-31,2025-09-01,Standard,1,14259.0
10084,1024,Leisure,2025-08-31,2025-09-03,Deluxe,1,23198.0
10085,1090,Event Group,2025-08-31,2025-09-01,Deluxe,1,20585.0
10086,1034,Corporate,2025-08-31,2025-09-01,Standard,1,15625.0
10087,1061,Corporate,2025-08-31,2025-09-01,Family,1,32039.0
10088,1083,Corporate,2025-08-31,2025-09-02,Deluxe,1,22120.0
10089,1099,Leisure,2025-08-31,2025-09-01,Standard,1,14873.0
10090,1074,Leisure,2025-08-31,2025-09-02,Standard,1,14908.0
10091,1012,Travel Agency,2025-08-31,2025-09-03,Family,1,31863.0
10092,1024,Leisure,2025-08-31,2025-09-04,Standard,1,15347.0
10093,1028,Corporate,2025-08-31,2025-09-05,Standard,1,17471.0
10094,1074,Leisure,2025-08-31,2025-09-01,Family,1,32009.0
10095,1022,Leisure,2025-08-31,2025-09-02,Standard,1,13438.0
10096,1004,Leisure,2025-08-31,2025-09-02,Standard,1,14540.0
10097,1082,Corporate,2025-08-31,2025-09-03,Standard,1,12927.0
10098,1039,Event Group,2025-08-31,2025-09-04,Deluxe,1,20489.0
10099,1077,Corporate,2025-08-31,2025-09-02,Suite,1,33680.0
10100,1089,Corporate,2025-08-31,2025-09-02,Standard,1,16365.0
10101,1025,Corporate,2025-08-31,2025-09-05,Deluxe,1,23306.0
10102,1079,Leisure,2025-08-31,2025-09-01,Deluxe,1,20128.0
10103,1115,Corporate,2025-08-31,2025-09-01,Standard,1,15164.0
10104,1027,Leisure,2025-08-31,2025-09-04,Deluxe,1,21245.0
10105,1007,Corporate,2025-08-31,2025-09-03,Standard,1,14727.0
10106,1117,Leisure,2025-08-31,2025-09-02,Standard,1,18048.0
10107,1044,Corporate,2025-08-31,2025-09-02,Deluxe,1,23703.0
10108,1056,Event Group,2025-08-31,2025-09-02,Suite,1,38916.0
10109,1098,Corporate,2025-08-31,2025-09-01,Standard,1,14462.0
10110,1003,Event Group,2025-08-31,2025-09-03,Deluxe,1,21561.0
10111,1050,Corporate,2025-08-31,2025-09-01,Suite,1,35737.0
10112,1063,Leisure,2025-08-31,2025-09-03,Standard,1,16033.0
10113,1028,Travel Agency,2025-08-31,2025-09-01,Standard,1,17147.0
10114,1122,Leisure,2025-08-31,2025-09-02,Standard,1,13280.0
10115,1022,Leisure,2025-09-01,2025-09-03,Standard,1,10461.0
10116,1005,Travel Agency,2025-09-01,2025-09-04,Deluxe,1,15679.0
10117,1064,Corporate,2025-09-01,2025-09-04,Deluxe,1,13841.0
10118,1109,Leisure,2025-09-01,2025-09-02,Standard,1,11163.0
10119,1045,Leisure,2025-09-01,2025-09-03,Standard,1,9533.0
10120,1046,Travel Agency,2025-09-01,2025-09-05,Family,1,16945.0
10121,1116,Event Group,2025-09-01,2025-09-05,Deluxe,1,12993.0
10122,1001,Leisure,2025-09-01,2025-09-04,Deluxe,1,14988.0
10123,1060,Travel Agency,2025-09-01,2025-09-03,Standard,1,10142.0
10124,1036,Leisure,2025-09-01,2025-09-04,Deluxe,1,14263.0
10125,1018,Leisure,2025-09-01,2025-09-02,Family,1,18933.0
10126,1059,Leisure,2025-09-01,2025-09-04,Family,1,18736.0
10127,1080,Leisure,2025-09-01,2025-09-05,Standard,1,9117.0
10128,1101,Leisure,2025-09-01,2025-09-04,Standard,1,10655.0
10129,1050,Leisure,2025-09-01,2025-09-04,Suite,1,30163.0
10130,1024,Travel Agency,2025-09-01,2025-09-04,Standard,1,9982.0
10131,1043,Corporate,2025-09-01,2025-09-02,Deluxe,1,12702.0
10132,1004,Leisure,2025-09-01,2025-09-04,Standard,1,10566.0
10133,1105,Leisure,2025-09-01,2025-09-02,Deluxe,1,15914.0
10134,1087,Leisure,2025-09-01,2025-09-02,Standard,1,10760.0
10135,1018,Travel Agency,2025-09-01,2025-09-02,Deluxe,1,16746.0
10136,1093,Leisure,2025-09-01,2025-09-03,Family,1,19373.0
10137,1081,Leisure,2025-09-01,2025-09-05,Standard,1,9768.0
10138,1077,Corporate,2025-09-01,2025-09-04,Standard,1,11445.0
10139,1070,Travel Agency,2025-09-01,2025-09-02,Family,1,18709.0
10140,1030,Event Group,2025-09-01,2025-09-05,Standard,1,9683.0
10141,1088,Corporate,2025-09-01,2025-09-05,Standard,1,8734.0
10142,1045,Leisure,2025-09-01,2025-09-04,Deluxe,1,13013.0
10143,1019,Travel Agency,2025-09-01,2025-09-02,Standard,1,9151.0
10144,1042,Leisure,2025-09-01,2025-09-04,Standard,1,8899.0
10145,1064,Leisure,2025-09-02,2025-09-03,Deluxe,1,16096.0
10146,1037,Leisure,2025-09-02,2025-09-05,Deluxe,1,14460.0
10147,1109,Corporate,2025-09-02,2025-09-04,Family,1,18994.0
10148,1086,Leisure,2025-09-02,2025-09-04,Standard,1,10138.0
10149,1078,Travel Agency,2025-09-02,2025-09-05,Standard,1,9787.0
10150,1124,Corporate,2025-09-02,2025-09-04,Deluxe,1,13003.0
10151,1079,Leisure,2025-09-02,2025-09-03,Standard,1,8498.0
10152,1046,Corporate,2025-09-02,2025-09-05,Deluxe,1,17438.0
10153,1092,Corporate,2025-09-02,2025-09-03,Deluxe,1,12501.0
10154,1066,Leisure,2025-09-02,2025-09-03,Standard,1,9805.0
10155,1042,Event Group,2025-09-02,2025-09-04,Standard,1,10230.0
10156,1005,Leisure,2025-09-02,2025-09-03,Standard,1,9243.0
10157,1114,Leisure,2025-09-02,2025-09-03,Deluxe,1,14758.0
10158,1060,Corporate,2025-09-02,2025-09-03,Standard,1,9311.0
10159,1107,Travel Agency,2025-09-02,2025-09-07,Family,1,21061.0
10160,1052,Leisure,2025-09-02,2025-09-07,Suite,1,29112.0
10161,1015,Leisure,2025-09-02,2025-09-05,Standard,1,10189.0
10162,1111,Corporate,2025-09-02,2025-09-04,Standard,1,10153.0
10163,1100,Leisure,2025-09-02,2025-09-04,Deluxe,1,13580.0
10164,1095,Leisure,2025-09-02,2025-09-04,Suite,1,27478.0
10165,1017,Leisure,2025-09-02,2025-09-04,Standard,1,9726.0
10166,1073,Travel Agency,2025-09-02,2025-09-04,Family,1,20980.0
10167,1056,Leisure,2025-09-02,2025-09-06,Deluxe,1,15114.0
10168,1002,Leisure,2025-09-02,2025-09-06,Family,1,18984.0
10169,1085,Travel Agency,2025-09-02,2025-09-03,Standard,1,9907.0
10170,1091,Travel Agency,2025-09-02,2025-09-06,Standard,1,9762.0
10171,1100,Leisure,2025-09-02,2025-09-04,Suite,1,31514.0
10172,1119,Leisure,2025-09-02,2025-09-05,Standard,1,10646.0
10173,1046,Corporate,2025-09-02,2025-09-04,Deluxe,1,13392.0
10174,1094,Leisure,2025-09-02,2025-09-04,Deluxe,1,13994.0
10175,1064,Leisure,2025-09-02,2025-09-04,Deluxe,1,14134.0
10176,1110,Leisure,2025-09-02,2025-09-03,Family,1,18201.0
10177,1030,Leisure,2025-09-02,2025-09-03,Deluxe,1,13163.0
10178,1013,Travel Agency,2025-09-02,2025-09-04,Suite,1,26469.0
10179,1116,Corporate,2025-09-02,2025-09-03,Standard,1,9689.0
10180,1065,Travel Agency,2025-09-02,2025-09-05,Standard,1,9933.0
10181,1096,Corporate,2025-09-02,2025-09-04,Deluxe,1,13758.0
10182,1009,Leisure,2025-09-02,2025-09-05,Deluxe,1,15736.0
10183,1007,Corporate,2025-09-02,2025-09-06,Standard,1,10142.0
10184,1038,Corporate,2025-09-02,2025-09-06,Suite,1,26747.0
10185,1015,Travel Agency,2025-09-02,2025-09-05,Deluxe,1,14713.0
10186,1033,Travel Agency,2025-09-02,2025-09-04,Deluxe,1,13295.0
10187,1005,Travel Agency,2025-09-02,2025-09-04,Deluxe,1,13948.0
10188,1003,Leisure,2025-09-02,2025-09-07,Suite,1,23682.0
10189,1066,Leisure,2025-09-02,2025-09-05,Standard,1,10830.0
10190,1070,Travel Agency,2025-09-02,2025-09-03,Standard,1,8660.0
10191,1029,Event Group,2025-09-02,2025-09-05,Suite,1,25228.0
10192,1033,Corporate,2025-09-02,2025-09-05,Family,1,18529.0
10193,1108,Travel Agency,2025-09-02,2025-09-07,Standard,1,9931.0
10194,1012,Leisure,2025-09-02,2025-09-05,Standard,1,9192.0
10195,1065,Event Group,2025-09-03,2025-09-04,Deluxe,1,13569.0
10196,1113,Corporate,2025-09-03,2025-09-04,Standard,1,9826.0
10197,1071,Event Group,2025-09-03,2025-09-04,Standard,1,9489.0
10198,1012,Corporate,2025-09-03,2025-09-04,Standard,1,8884.0
10199,1018,Leisure,2025-09-03,2025-09-05,Standard,1,9695.0
10200,1059,Corporate,2025-09-03,2025-09-06,Family,1,20035.0
10201,1086,Leisure,2025-09-03,2025-09-06,Suite,1,24646.0
10202,1017,Travel Agency,2025-09-03,2025-09-05,Suite,1,22387.0
10203,1013,Travel Agency,2025-09-03,2025-09-06,Standard,1,9343.0
10204,1049,Event Group,2025-09-03,2025-09-04,Standard,1,10873.0
10205,1076,Event Group,2025-09-03,2025-09-06,Deluxe,1,14839.0
10206,1068,Travel Agency,2025-09-03,2025-09-05,Standard,1,9264.0
10207,1117,Event Group,2025-09-03,2025-09-07,Standard,1,9874.0
10208,1019,Leisure,2025-09-03,2025-09-04,Deluxe,1,15316.0
10209,1063,Corporate,2025-09-03,2025-09-05,Standard,1,10115.0
10210,1087,Event Group,2025-09-03,2025-09-06,Standard,1,9742.0
10211,1121,Leisure,2025-09-03,2025-09-06,Standard,1,8944.0
10212,1037,Corporate,2025-09-03,2025-09-05,Standard,1,9458.0
10213,1009,Leisure,2025-09-03,2025-09-04,Standard,1,9455.0
10214,1018,Corporate,2025-09-03,2025-09-06,Suite,1,26515.0
10215,1049,Leisure,2025-09-03,2025-09-05,Deluxe,1,13822.0
10216,1030,Leisure,2025-09-03,2025-09-04,Standard,1,9214.0
10217,1020,Event Group,2025-09-03,2025-09-04,Family,1,17799.0
10218,1100,Corporate,2025-09-03,2025-09-07,Standard,1,10054.0
10219,1079,Event Group,2025-09-03,2025-09-05,Standard,1,9380.0
10220,1017,Travel Agency,2025-09-03,2025-09-05,Standard,1,10717.0
10221,1020,Leisure,2025-09-03,2025-09-08,Deluxe,1,15277.0
10222,1125,Event Group,2025-09-03,2025-09-04,Standard,1,9895.0
10223,1036,Leisure,2025-09-03,2025-09-06,Deluxe,1,15434.0
10224,1024,Leisure,2025-09-03,2025-09-04,Deluxe,1,13010.0
10225,1117,Leisure,2025-09-03,2025-09-07,Standard,1,10421.0
10226,1062,Corporate,2025-09-03,2025-09-05,Standard,1,10583.0
10227,1118,Travel Agency,2025-09-03,2025-09-06,Standard,1,9950.0
10228,1116,Leisure,2025-09-03,2025-09-05,Family,1,20954.0
10229,1001,Corporate,2025-09-03,2025-09-05,Deluxe,1,14037.0
10230,1082,Corporate,2025-09-03,2025-09-07,Deluxe,1,14773.0
10231,1125,Event Group,2025-09-03,2025-09-05,Standard,1,10985.0
10232,1068,Event Group,2025-09-03,2025-09-04,Standard,1,9031.0
10233,1008,Travel Agency,2025-09-03,2025-09-06,Deluxe,1,14039.0
10234,1091,Leisure,2025-09-03,2025-09-04,Deluxe,1,14787.0
10235,1013,Leisure,2025-09-03,2025-09-05,Deluxe,1,14890.0
10236,1072,Corporate,2025-09-03,2025-09-05,Suite,1,25770.0
10237,1083,Leisure,2025-09-03,2025-09-06,Standard,1,9940.0
10238,1115,Corporate,2025-09-04,2025-09-05,Standard,1,11041.0
10239,1026,Travel Agency,2025-09-04,2025-09-05,Family,1,18513.0
10240,1017,Leisure,2025-09-04,2025-09-06,Standard,1,10767.0
10241,1112,Travel Agency,2025-09-04,2025-09-05,Deluxe,1,15302.0
10242,1106,Corporate,2025-09-04,2025-09-08,Deluxe,1,15587.0
10243,1111,Travel Agency,2025-09-04,2025-09-07,Deluxe,1,15998.0
10244,1015,Leisure,2025-09-04,2025-09-06,Standard,1,10758.0
10245,1030,Corporate,2025-09-04,2025-09-05,Standard,1,9713.0
10246,1040,Travel Agency,2025-09-04,2025-09-06,Standard,1,8250.0
10247,1095,Travel Agency,2025-09-04,2025-09-06,Standard,1,9926.0
10248,1047,Travel Agency,2025-09-04,2025-09-06,Standard,1,11387.0
10249,1056,Event Group,2025-09-04,2025-09-07,Deluxe,1,15653.0
10250,1065,Corporate,2025-09-04,2025-09-09,Family,1,19547.0
10251,1021,Leisure,2025-09-04,2025-09-07,Suite,1,26126.0
10252,1050,Leisure,2025-09-04,2025-09-05,Family,1,19995.0
10253,1019,Corporate,2025-09-04,2025-09-06,Deluxe,1,14684.0
10254,1064,Corporate,2025-09-04,2025-09-06,Suite,1,27582.0
10255,1046,Leisure,2025-09-04,2025-09-06,Deluxe,1,13801.0
10256,1036,Corporate,2025-09-04,2025-09-05,Family,1,19292.0
10257,1057,Corporate,2025-09-04,2025-09-05,Standard,1,9843.0
10258,1044,Travel Agency,2025-09-04,2025-09-05,Standard,1,10036.0
10259,1005,Corporate,2025-09-04,2025-09-06,Suite,1,27171.0
10260,1040,Leisure,2025-09-04,2025-09-06,Standard,1,9030.0
10261,1083,Event Group,2025-09-04,2025-09-07,Standard,1,9692.0
10262,1012,Travel Agency,2025-09-04,2025-09-05,Standard,1,11336.0
10263,1047,Travel Agency,2025-09-04,2025-09-06,Deluxe,1,14022.0
10264,1023,Corporate,2025-09-04,2025-09-08,Deluxe,1,15086.0
10265,1053,Corporate,2025-09-04,2025-09-05,Deluxe,1,14611.0
10266,1018,Event Group,2025-09-04,2025-09-08,Standard,1,9713.0
10267,1112,Corporate,2025-09-04,2025-09-06,Deluxe,1,14895.0
10268,1057,Corporate,2025-09-04,2025-09-07,Standard,1,10158.0
10269,1087,Travel Agency,2025-09-04,2025-09-05,Standard,1,10276.0
10270,1020,Corporate,2025-09-04,2025-09-07,Standard,1,8967.0
10271,1103,Travel Agency,2025-09-04,2025-09-05,Deluxe,1,16257.0
10272,1029,Travel Agency,2025-09-04,2025-09-09,Standard,1,9467.0
10273,1048,Corporate,2025-09-04,2025-09-06,Suite,1,23120.0
10274,1046,Travel Agency,2025-09-04,2025-09-06,Standard,1,10095.0
10275,1057,Travel Agency,2025-09-05,2025-09-09,Family,1,21792.0
10276,1058,Leisure,2025-09-05,2025-09-10,Standard,1,11439.0
10277,1050,Corporate,2025-09-05,2025-09-08,Family,1,17736.0
10278,1002,Leisure,2025-09-05,2025-09-06,Standard,1,10561.0
10279,1038,Travel Agency,2025-09-05,2025-09-07,Standard,1,11136.0
10280,1077,Corporate,2025-09-05,2025-09-06,Deluxe,1,13684.0
10281,1069,Event Group,2025-09-05,2025-09-06,Suite,1,23369.0
10282,1080,Leisure,2025-09-05,2025-09-06,Standard,1,10703.0
10283,1038,Event Group,2025-09-05,2025-09-10,Suite,1,28017.0
10284,1117,Leisure,2025-09-05,2025-09-08,Family,1,20368.0
10285,1044,Leisure,2025-09-05,2025-09-06,Family,1,20910.0
10286,1024,Leisure,2025-09-05,2025-09-09,Standard,1,10440.0
10287,1036,Travel Agency,2025-09-05,2025-09-06,Family,1,19515.0
10288,1003,Corporate,2025-09-05,2025-09-06,Suite,1,22171.0
10289,1008,Travel Agency,2025-09-05,2025-09-06,Deluxe,1,12000.0
10290,1068,Leisure,2025-09-05,2025-09-07,Deluxe,1,15079.0
10291,1065,Leisure,2025-09-05,2025-09-06,Suite,1,25156.0
10292,1042,Leisure,2025-09-05,2025-09-09,Deluxe,1,12000.0
10293,1099,Leisure,2025-09-05,2025-09-07,Standard,1,9115.0
10294,1094,Corporate,2025-09-05,2025-09-07,Deluxe,1,13419.0
10295,1109,Leisure,2025-09-05,2025-09-06,Standard,1,11177.0
10296,1062,Corporate,2025-09-05,2025-09-07,Standard,1,9767.0
10297,1042,Leisure,2025-09-05,2025-09-07,Standard,1,8718.0
10298,1067,Event Group,2025-09-05,2025-09-08,Standard,1,9939.0
10299,1041,Travel Agency,2025-09-05,2025-09-09,Family,1,18805.0
10300,1068,Corporate,2025-09-05,2025-09-08,Standard,1,9959.0
10301,1114,Event Group,2025-09-05,2025-09-09,Standard,1,8540.0
10302,1123,Corporate,2025-09-05,2025-09-07,Deluxe,1,14119.0
10303,1053,Leisure,2025-09-05,2025-09-09,Family,1,21570.0
10304,1079,Leisure,2025-09-05,2025-09-07,Deluxe,1,12769.0
10305,1113,Corporate,2025-09-05,2025-09-07,Deluxe,1,13895.0
10306,1124,Travel Agency,2025-09-05,2025-09-06,Standard,1,10040.0
10307,1099,Leisure,2025-09-05,2025-09-09,Suite,1,25488.0
10308,1047,Leisure,2025-09-05,2025-09-07,Deluxe,1,14820.0
10309,1088,Leisure,2025-09-05,2025-09-06,Standard,1,9909.0
10310,1053,Corporate,2025-09-05,2025-09-06,Deluxe,1,14859.0
10311,1107,Leisure,2025-09-05,2025-09-10,Standard,1,8661.0
10312,1028,Leisure,2025-09-05,2025-09-06,Family,1,20075.0
10313,1029,Event Group,2025-09-05,2025-09-06,Standard,1,8850.0
10314,1006,Travel Agency,2025-09-06,2025-09-09,Standard,1,8853.0
10315,1025,Corporate,2025-09-06,2025-09-07,Standard,1,9739.0
10316,1013,Event Group,2025-09-06,2025-09-09,Family,1,17610.0
10317,1008,Leisure,2025-09-06,2025-09-08,Deluxe,1,14555.0
10318,1014,Leisure,2025-09-06,2025-09-08,Deluxe,1,12000.0
10319,1058,Travel Agency,2025-09-06,2025-09-09,Family,1,20439.0
10320,1003,Corporate,2025-09-06,2025-09-07,Standard,1,10198.0
10321,1105,Travel Agency,2025-09-06,2025-09-08,Family,1,19504.0
10322,1066,Corporate,2025-09-06,2025-09-07,Standard,1,9800.0
10323,1101,Leisure,2025-09-06,2025-09-08,Standard,1,9653.0
10324,1068,Corporate,2025-09-06,2025-09-09,Standard,1,10251.0
10325,1006,Travel Agency,2025-09-06,2025-09-09,Family,1,19838.0
10326,1018,Corporate,2025-09-06,2025-09-07,Standard,1,10351.0
10327,1072,Leisure,2025-09-06,2025-09-07,Standard,1,9917.0
10328,1096,Event Group,2025-09-06,2025-09-10,Suite,1,26074.0
10329,1098,Travel Agency,2025-09-06,2025-09-10,Standard,1,9992.0
10330,1035,Corporate,2025-09-06,2025-09-08,Family,1,19043.0
10331,1118,Travel Agency,2025-09-06,2025-09-07,Deluxe,1,14925.0
10332,1015,Travel Agency,2025-09-06,2025-09-08,Standard,1,10024.0
10333,1103,Corporate,2025-09-06,2025-09-07,Standard,1,9712.0
10334,1020,Corporate,2025-09-06,2025-09-11,Family,1,20187.0
10335,1018,Corporate,2025-09-06,2025-09-08,Standard,1,10308.0
10336,1056,Event Group,2025-09-06,2025-09-10,Family,1,18237.0
10337,1063,Travel Agency,2025-09-06,2025-09-07,Standard,1,9866.0
10338,1105,Travel Agency,2025-09-06,2025-09-09,Standard,1,9887.0
10339,1021,Corporate,2025-09-06,2025-09-07,Deluxe,1,15376.0
10340,1085,Corporate,2025-09-06,2025-09-10,Deluxe,1,13929.0
10341,1103,Leisure,2025-09-06,2025-09-07,Family,1,16813.0
10342,1108,Leisure,2025-09-06,2025-09-08,Standard,1,9187.0
10343,1038,Travel Agency,2025-09-06,2025-09-07,Family,1,20104.0
10344,1048,Travel Agency,2025-09-06,2025-09-07,Standard,1,9381.0
10345,1042,Leisure,2025-09-06,2025-09-07,Standard,1,10190.0
10346,1020,Event Group,2025-09-06,2025-09-08,Standard,1,11025.0
10347,1027,Corporate,2025-09-06,2025-09-07,Standard,1,8250.0
10348,1058,Corporate,2025-09-06,2025-09-08,Deluxe,1,15504.0
10349,1036,Travel Agency,2025-09-06,2025-09-09,Standard,1,10496.0
10350,1064,Corporate,2025-09-06,2025-09-10,Standard,1,9872.0
10351,1107,Corporate,2025-09-06,2025-09-08,Family,1,17786.0
10352,1054,Corporate,2025-09-06,2025-09-08,Family,1,18672.0
10353,1023,Travel Agency,2025-09-06,2025-09-08,Standard,1,8250.0
10354,1056,Leisure,2025-09-07,2025-09-10,Standard,1,9817.0
10355,1006,Leisure,2025-09-07,2025-09-08,Family,1,23828.0
10356,1054,Corporate,2025-09-07,2025-09-10,Standard,1,10849.0
10357,1042,Leisure,2025-09-07,2025-09-12,Standard,1,9834.0
10358,1117,Leisure,2025-09-07,2025-09-10,Deluxe,1,16568.0
10359,1116,Leisure,2025-09-07,2025-09-09,Standard,1,10791.0
10360,1022,Corporate,2025-09-07,2025-09-08,Deluxe,1,15588.0
10361,1109,Corporate,2025-09-07,2025-09-10,Standard,1,10427.0
10362,1100,Event Group,2025-09-07,2025-09-08,Standard,1,9096.0
10363,1094,Leisure,2025-09-07,2025-09-09,Standard,1,10492.0
10364,1040,Leisure,2025-09-07,2025-09-08,Deluxe,1,14184.0
10365,1081,Corporate,2025-09-07,2025-09-10,Deluxe,1,13515.0
10366,1004,Travel Agency,2025-09-07,2025-09-08,Standard,1,10194.0
10367,1042,Corporate,2025-09-07,2025-09-08,Deluxe,1,14047.0
10368,1046,Leisure,2025-09-07,2025-09-11,Deluxe,1,15479.0
10369,1018,Event Group,2025-09-07,2025-09-08,Family,1,21861.0
10370,1093,Event Group,2025-09-07,2025-09-08,Family,1,23676.0
10371,1100,Leisure,2025-09-07,2025-09-08,Standard,1,10738.0
10372,1054,Leisure,2025-09-07,2025-09-09,Deluxe,1,12000.0
10373,1020,Leisure,2025-09-07,2025-09-10,Suite,1,23774.0
10374,1108,Event Group,2025-09-07,2025-09-12,Deluxe,1,16743.0
10375,1082,Corporate,2025-09-07,2025-09-09,Deluxe,1,14577.0
10376,1047,Corporate,2025-09-07,2025-09-10,Standard,1,11019.0
10377,1015,Corporate,2025-09-07,2025-09-09,Deluxe,1,16423.0
10378,1014,Travel Agency,2025-09-07,2025-09-09,Family,1,18137.0
10379,1021,Corporate,2025-09-07,2025-09-10,Deluxe,1,13442.0
10380,1113,Leisure,2025-09-07,2025-09-08,Deluxe,1,15657.0
10381,1115,Corporate,2025-09-07,2025-09-09,Deluxe,1,14581.0
10382,1048,Leisure,2025-09-07,2025-09-11,Deluxe,1,13295.0
10383,1112,Leisure,2025-09-07,2025-09-10,Family,1,19991.0
10384,1078,Leisure,2025-09-07,2025-09-08,Suite,1,24132.0
10385,1029,Corporate,2025-09-07,2025-09-08,Deluxe,1,13603.0
10386,1049,Leisure,2025-09-08,2025-09-09,Standard,1,9986.0
10387,1083,Corporate,2025-09-08,2025-09-10,Standard,1,10002.0
10388,1111,Corporate,2025-09-08,2025-09-09,Standard,1,9572.0
10389,1057,Leisure,2025-09-08,2025-09-09,Standard,1,9538.0
10390,1096,Leisure,2025-09-08,2025-09-09,Standard,1,10408.0
10391,1065,Travel Agency,2025-09-08,2025-09-09,Standard,1,10212.0
10392,1109,Leisure,2025-09-08,2025-09-12,Family,1,20470.0
10393,1038,Leisure,2025-09-08,2025-09-09,Family,1,20159.0
10394,1094,Travel Agency,2025-09-08,2025-09-09,Standard,1,9217.0
10395,1065,Event Group,2025-09-08,2025-09-09,Standard,1,8652.0
10396,1064,Leisure,2025-09-08,2025-09-11,Deluxe,1,14689.0
10397,1093,Leisure,2025-09-08,2025-09-11,Standard,1,9694.0
10398,1085,Corporate,2025-09-08,2025-09-09,Deluxe,1,15748.0
10399,1038,Travel Agency,2025-09-08,2025-09-09,Standard,1,10208.0
10400,1106,Travel Agency,2025-09-08,2025-09-09,Deluxe,1,15657.0
10401,1059,Travel Agency,2025-09-08,2025-09-09,Standard,1,9611.0
10402,1037,Leisure,2025-09-08,2025-09-10,Family,1,21369.0
10403,1084,Corporate,2025-09-08,2025-09-11,Standard,1,11527.0
10404,1079,Corporate,2025-09-08,2025-09-09,Family,1,21510.0
10405,1061,Travel Agency,2025-09-08,2025-09-09,Standard,1,10633.0
10406,1084,Corporate,2025-09-08,2025-09-09,Standard,1,10233.0
10407,1070,Leisure,2025-09-08,2025-09-09,Standard,1,11155.0
10408,1101,Event Group,2025-09-08,2025-09-12,Standard,1,9452.0
10409,1119,Travel Agency,2025-09-08,2025-09-10,Standard,1,10107.0
10410,1084,Corporate,2025-09-08,2025-09-11,Family,1,18212.0
10411,1043,Corporate,2025-09-08,2025-09-10,Standard,1,8419.0
10412,1108,Leisure,2025-09-08,2025-09-09,Family,1,18928.0
10413,1023,Corporate,2025-09-08,2025-09-11,Suite,1,26003.0
10414,1005,Leisure,2025-09-08,2025-09-09,Suite,1,24753.0
10415,1015,Leisure,2025-09-08,2025-09-13,Standard,1,8999.0
10416,1026,Leisure,2025-09-08,2025-09-10,Standard,1,9524.0
10417,1012,Travel Agency,2025-09-09,2025-09-13,Standard,1,9624.0
10418,1071,Corporate,2025-09-09,2025-09-11,Standard,1,9599.0
10419,1122,Corporate,2025-09-09,2025-09-11,Deluxe,1,15159.0
10420,1090,Leisure,2025-09-09,2025-09-11,Deluxe,1,14053.0
10421,1106,Corporate,2025-09-09,2025-09-12,Deluxe,1,15403.0
10422,1023,Travel Agency,2025-09-09,2025-09-13,Standard,1,10155.0
10423,1036,Travel Agency,2025-09-09,2025-09-10,Standard,1,10092.0
10424,1056,Travel Agency,2025-09-09,2025-09-12,Standard,1,10710.0
10425,1054,Leisure,2025-09-09,2025-09-10,Standard,1,8528.0
10426,1072,Leisure,2025-09-09,2025-09-12,Deluxe,1,12610.0
10427,1051,Leisure,2025-09-09,2025-09-12,Standard,1,9566.0
10428,1076,Corporate,2025-09-09,2025-09-12,Deluxe,1,15276.0
10429,1079,Event Group,2025-09-09,2025-09-13,Standard,1,10659.0
10430,1094,Leisure,2025-09-09,2025-09-12,Deluxe,1,14655.0
10431,1036,Leisure,2025-09-09,2025-09-14,Deluxe,1,12922.0
10432,1031,Travel Agency,2025-09-09,2025-09-11,Standard,1,9785.0
10433,1091,Corporate,2025-09-09,2025-09-12,Standard,1,9334.0
10434,1050,Corporate,2025-09-09,2025-09-10,Deluxe,1,16154.0
10435,1101,Leisure,2025-09-09,2025-09-10,Deluxe,1,13013.0
10436,1032,Event Group,2025-09-09,2025-09-10,Standard,1,10657.0
10437,1019,Leisure,2025-09-09,2025-09-12,Standard,1,8387.0
10438,1052,Travel Agency,2025-09-09,2025-09-10,Deluxe,1,13687.0
10439,1103,Corporate,2025-09-09,2025-09-12,Standard,1,8553.0
10440,1086,Corporate,2025-09-09,2025-09-14,Deluxe,1,15172.0
10441,1026,Leisure,2025-09-09,2025-09-10,Standard,1,9664.0
10442,1044,Corporate,2025-09-09,2025-09-11,Standard,1,11681.0
10443,1038,Event Group,2025-09-09,2025-09-12,Suite,1,25030.0
10444,1106,Travel Agency,2025-09-09,2025-09-13,Standard,1,9012.0
10445,1052,Leisure,2025-09-09,2025-09-12,Suite,1,26318.0
10446,1114,Travel Agency,2025-09-10,2025-09-13,Standard,1,10146.0
10447,1059,Corporate,2025-09-10,2025-09-12,Standard,1,11267.0
10448,1059,Leisure,2025-09-10,2025-09-12,Deluxe,1,12691.0
10449,1044,Travel Agency,2025-09-10,2025-09-11,Family,1,22014.0
10450,1074,Leisure,2025-09-10,2025-09-13,Standard,1,8250.0
10451,1047,Leisure,2025-09-10,2025-09-12,Deluxe,1,15601.0
10452,1048,Event Group,2025-09-10,2025-09-12,Deluxe,1,12999.0
10453,1050,Corporate,2025-09-10,2025-09-13,Standard,1,10423.0
10454,1009,Corporate,2025-09-10,2025-09-11,Deluxe,1,15814.0
10455,1108,Leisure,2025-09-10,2025-09-11,Standard,1,10677.0
10456,1075,Leisure,2025-09-10,2025-09-12,Standard,1,9358.0
10457,1113,Corporate,2025-09-10,2025-09-12,Suite,1,25071.0
10458,1050,Corporate,2025-09-10,2025-09-13,Standard,1,10647.0
10459,1076,Leisure,2025-09-10,2025-09-12,Deluxe,1,13628.0
10460,1013,Leisure,2025-09-10,2025-09-13,Standard,1,10100.0
10461,1108,Corporate,2025-09-10,2025-09-12,Deluxe,1,14775.0
10462,1053,Leisure,2025-09-10,2025-09-15,Family,1,20389.0
10463,1010,Leisure,2025-09-10,2025-09-11,Standard,1,9607.0
10464,1124,Leisure,2025-09-10,2025-09-12,Standard,1,10847.0
10465,1041,Leisure,2025-09-10,2025-09-13,Deluxe,1,14469.0
10466,1017,Corporate,2025-09-10,2025-09-11,Deluxe,1,13998.0
10467,1014,Corporate,2025-09-10,2025-09-12,Deluxe,1,14119.0
10468,1011,Leisure,2025-09-10,2025-09-15,Family,1,17207.0
10469,1011,Corporate,2025-09-10,2025-09-12,Deluxe,1,15195.0
10470,1031,Leisure,2025-09-10,2025-09-13,Suite,1,24827.0
10471,1063,Travel Agency,2025-09-10,2025-09-13,Standard,1,10477.0
10472,1032,Corporate,2025-09-10,2025-09-12,Deluxe,1,14736.0
10473,1012,Leisure,2025-09-10,2025-09-12,Family,1,18424.0
10474,1100,Leisure,2025-09-10,2025-09-14,Family,1,19836.0
10475,1059,Leisure,2025-09-10,2025-09-12,Standard,1,9068.0
10476,1023,Leisure,2025-09-10,2025-09-11,Standard,1,9392.0
10477,1025,Event Group,2025-09-10,2025-09-14,Deluxe,1,14236.0
10478,1002,Leisure,2025-09-10,2025-09-11,Standard,1,10146.0
10479,1109,Leisure,2025-09-10,2025-09-11,Deluxe,1,15269.0
10480,1055,Leisure,2025-09-10,2025-09-12,Deluxe,1,13794.0
10481,1019,Corporate,2025-09-10,2025-09-11,Deluxe,1,16205.0
10482,1072,Leisure,2025-09-11,2025-09-13,Family,1,21830.0
10483,1070,Corporate,2025-09-11,2025-09-12,Deluxe,1,13907.0
10484,1006,Corporate,2025-09-11,2025-09-16,Family,1,21033.0
10485,1040,Corporate,2025-09-11,2025-09-13,Family,1,20338.0
10486,1091,Corporate,2025-09-11,2025-09-13,Deluxe,1,14570.0
10487,1096,Leisure,2025-09-11,2025-09-12,Deluxe,1,13274.0
10488,1062,Corporate,2025-09-11,2025-09-13,Standard,1,9578.0
10489,1083,Corporate,2025-09-11,2025-09-12,Family,1,21127.0
10490,1100,Event Group,2025-09-11,2025-09-14,Suite,1,28069.0
10491,1059,Travel Agency,2025-09-11,2025-09-12,Deluxe,1,15491.0
10492,1125,Leisure,2025-09-11,2025-09-12,Suite,1,25509.0
10493,1122,Travel Agency,2025-09-11,2025-09-13,Deluxe,1,13089.0
10494,1064,Leisure,2025-09-11,2025-09-12,Deluxe,1,15856.0
10495,1057,Travel Agency,2025-09-11,2025-09-15,Deluxe,1,14739.0
10496,1109,Corporate,2025-09-11,2025-09-13,Family,1,24177.0
10497,1075,Travel Agency,2025-09-11,2025-09-15,Standard,1,9656.0
10498,1015,Travel Agency,2025-09-11,2025-09-12,Standard,1,9348.0
10499,1118,Corporate,2025-09-11,2025-09-16,Deluxe,1,16113.0
10500,1095,Corporate,2025-09-11,2025-09-13,Standard,1,9991.0
10501,1026,Leisure,2025-09-11,2025-09-12,Deluxe,1,16205.0
10502,1118,Travel Agency,2025-09-11,2025-09-15,Deluxe,1,15959.0
10503,1056,Corporate,2025-09-11,2025-09-12,Standard,1,9385.0
10504,1120,Event Group,2025-09-11,2025-09-12,Deluxe,1,14963.0
10505,1060,Leisure,2025-09-11,2025-09-13,Standard,1,9660.0
10506,1110,Corporate,2025-09-11,2025-09-13,Deluxe,1,12785.0
10507,1090,Leisure,2025-09-11,2025-09-14,Deluxe,1,14281.0
10508,1077,Corporate,2025-09-11,2025-09-12,Deluxe,1,13327.0
10509,1112,Leisure,2025-09-11,2025-09-15,Standard,1,9820.0
10510,1117,Leisure,2025-09-11,2025-09-15,Deluxe,1,14813.0
10511,1003,Leisure,2025-09-11,2025-09-14,Family,1,18464.0
10512,1100,Travel Agency,2025-09-11,2025-09-13,Deluxe,1,13935.0
10513,1051,Corporate,2025-09-11,2025-09-12,Deluxe,1,13012.0
10514,1085,Leisure,2025-09-11,2025-09-15,Standard,1,9941.0
10515,1121,Corporate,2025-09-11,2025-09-13,Family,1,20935.0
10516,1030,Corporate,2025-09-11,2025-09-14,Standard,1,9964.0
10517,1097,Travel Agency,2025-09-11,2025-09-15,Family,1,19748.0
10518,1048,Event Group,2025-09-11,2025-09-14,Standard,1,10256.0
10519,1037,Corporate,2025-09-11,2025-09-16,Suite,1,23190.0
10520,1092,Corporate,2025-09-11,2025-09-13,Deluxe,1,16279.0
10521,1070,Leisure,2025-09-11,2025-09-14,Family,1,17921.0
10522,1073,Leisure,2025-09-11,2025-09-16,Standard,1,8250.0
10523,1067,Leisure,2025-09-11,2025-09-14,Standard,1,9682.0
10524,1058,Leisure,2025-09-12,2025-09-14,Family,1,21439.0
10525,1082,Corporate,2025-09-12,2025-09-14,Standard,1,10936.0
10526,1036,Corporate,2025-09-12,2025-09-13,Family,1,18663.0
10527,1095,Corporate,2025-09-12,2025-09-17,Deluxe,1,16133.0
10528,1072,Leisure,2025-09-12,2025-09-15,Standard,1,10489.0
10529,1092,Travel Agency,2025-09-12,2025-09-14,Suite,1,29066.0
10530,1007,Event Group,2025-09-12,2025-09-13,Family,1,21797.0
10531,1006,Leisure,2025-09-12,2025-09-15,Standard,1,11962.0
10532,1087,Corporate,2025-09-12,2025-09-17,Standard,1,10068.0
10533,1024,Leisure,2025-09-12,2025-09-13,Standard,1,10231.0
10534,1105,Leisure,2025-09-12,2025-09-15,Family,1,20016.0
10535,1081,Corporate,2025-09-12,2025-09-13,Deluxe,1,15163.0
10536,1021,Leisure,2025-09-12,2025-09-15,Standard,1,8427.0
10537,1061,Travel Agency,2025-09-12,2025-09-15,Suite,1,25618.0
10538,1019,Travel Agency,2025-09-12,2025-09-16,Deluxe,1,14263.0
10539,1005,Corporate,2025-09-12,2025-09-14,Family,1,18491.0
10540,1011,Leisure,2025-09-12,2025-09-14,Suite,1,24821.0
10541,1099,Travel Agency,2025-09-12,2025-09-16,Deluxe,1,16354.0
10542,1011,Event Group,2025-09-12,2025-09-13,Standard,1,9565.0
10543,1111,Corporate,2025-09-12,2025-09-13,Standard,1,9142.0
10544,1090,Leisure,2025-09-12,2025-09-13,Deluxe,1,16566.0
10545,1051,Corporate,2025-09-12,2025-09-14,Deluxe,1,15596.0
10546,1041,Corporate,2025-09-12,2025-09-14,Standard,1,8250.0
10547,1100,Leisure,2025-09-12,2025-09-14,Family,1,20271.0
10548,1048,Travel Agency,2025-09-12,2025-09-13,Deluxe,1,15116.0
10549,1114,Corporate,2025-09-12,2025-09-14,Deluxe,1,13383.0
10550,1110,Corporate,2025-09-12,2025-09-13,Family,1,16500.0
10551,1064,Travel Agency,2025-09-12,2025-09-16,Deluxe,1,12773.0
10552,1082,Corporate,2025-09-12,2025-09-15,Standard,1,11346.0
10553,1074,Leisure,2025-09-12,2025-09-13,Standard,1,8250.0
10554,1065,Leisure,2025-09-12,2025-09-15,Family,1,19452.0
10555,1090,Corporate,2025-09-12,2025-09-13,Family,1,20745.0
10556,1054,Leisure,2025-09-12,2025-09-13,Family,1,17144.0
10557,1122,Leisure,2025-09-12,2025-09-17,Family,1,19788.0
10558,1070,Leisure,2025-09-12,2025-09-14,Standard,1,11045.0
10559,1039,Travel Agency,2025-09-12,2025-09-14,Standard,1,10603.0
10560,1023,Leisure,2025-09-12,2025-09-14,Deluxe,1,13795.0
10561,1049,Corporate,2025-09-12,2025-09-15,Standard,1,9589.0
10562,1061,Leisure,2025-09-13,2025-09-14,Deluxe,1,13530.0
10563,1110,Leisure,2025-09-13,2025-09-18,Standard,1,9142.0
10564,1050,Leisure,2025-09-13,2025-09-15,Standard,1,9942.0
10565,1037,Leisure,2025-09-13,2025-09-14,Family,1,19538.0
10566,1017,Corporate,2025-09-13,2025-09-17,Standard,1,11856.0
10567,1021,Leisure,2025-09-13,2025-09-14,Standard,1,10213.0
10568,1103,Corporate,2025-09-13,2025-09-14,Standard,1,9938.0
10569,1124,Leisure,2025-09-13,2025-09-16,Standard,1,10263.0
10570,1037,Corporate,2025-09-13,2025-09-15,Deluxe,1,13548.0
10571,1085,Event Group,2025-09-13,2025-09-14,Suite,1,24203.0
10572,1072,Corporate,2025-09-13,2025-09-15,Standard,1,10109.0
10573,1007,Leisure,2025-09-13,2025-09-16,Standard,1,9600.0
10574,1092,Travel Agency,2025-09-13,2025-09-14,Standard,1,9935.0
10575,1031,Corporate,2025-09-13,2025-09-16,Deluxe,1,13241.0
10576,1078,Leisure,2025-09-13,2025-09-16,Deluxe,1,13182.0
10577,1079,Travel Agency,2025-09-13,2025-09-17,Standard,1,9050.0
10578,1026,Corporate,2025-09-13,2025-09-14,Deluxe,1,12912.0
10579,1052,Leisure,2025-09-13,2025-09-16,Deluxe,1,14854.0
10580,1066,Corporate,2025-09-13,2025-09-16,Deluxe,1,16180.0
10581,1014,Leisure,2025-09-13,2025-09-15,Standard,1,9512.0
10582,1063,Corporate,2025-09-14,2025-09-16,Family,1,20694.0
10583,1081,Travel Agency,2025-09-14,2025-09-16,Suite,1,26612.0
10584,1018,Event Group,2025-09-14,2025-09-16,Deluxe,1,14575.0
10585,1121,Corporate,2025-09-14,2025-09-16,Standard,1,11013.0
10586,1027,Leisure,2025-09-14,2025-09-18,Deluxe,1,15149.0
10587,1100,Travel Agency,2025-09-14,2025-09-15,Family,1,20000.0
10588,1020,Leisure,2025-09-14,2025-09-16,Deluxe,1,12000.0
10589,1012,Corporate,2025-09-14,2025-09-16,Standard,1,10522.0
10590,1100,Leisure,2025-09-14,2025-09-16,Family,1,19703.0
10591,1092,Leisure,2025-09-14,2025-09-16,Deluxe,1,13153.0
10592,1006,Corporate,2025-09-14,2025-09-16,Standard,1,12165.0
10593,1056,Corporate,2025-09-14,2025-09-16,Standard,1,9841.0
10594,1028,Travel Agency,2025-09-14,2025-09-17,Deluxe,1,14442.0
10595,1021,Leisure,2025-09-14,2025-09-15,Deluxe,1,14696.0
10596,1036,Corporate,2025-09-14,2025-09-15,Family,1,19501.0
10597,1050,Leisure,2025-09-14,2025-09-17,Family,1,18660.0
10598,1106,Corporate,2025-09-14,2025-09-16,Standard,1,9039.0
10599,1075,Corporate,2025-09-14,2025-09-16,Standard,1,9227.0
10600,1060,Event Group,2025-09-14,2025-09-16,Standard,1,10395.0
10601,1061,Leisure,2025-09-14,2025-09-15,Standard,1,9811.0
10602,1060,Corporate,2025-09-15,2025-09-17,Deluxe,1,12317.0
10603,1092,Leisure,2025-09-15,2025-09-19,Standard,1,10423.0
10604,1002,Travel Agency,2025-09-15,2025-09-17,Deluxe,1,13258.0
10605,1088,Leisure,2025-09-15,2025-09-17,Standard,1,9057.0
10606,1125,Travel Agency,2025-09-15,2025-09-17,Family,1,19684.0
10607,1009,Event Group,2025-09-15,2025-09-18,Standard,1,9229.0
10608,1097,Corporate,2025-09-15,2025-09-17,Family,1,16500.0
10609,1108,Leisure,2025-09-15,2025-09-16,Standard,1,9269.0
10610,1049,Corporate,2025-09-15,2025-09-18,Standard,1,9949.0
10611,1093,Leisure,2025-09-15,2025-09-17,Suite,1,24703.0
10612,1019,Leisure,2025-09-15,2025-09-17,Family,1,18011.0
10613,1087,Leisure,2025-09-15,2025-09-16,Standard,1,10430.0
10614,1031,Event Group,2025-09-15,2025-09-20,Standard,1,9337.0
10615,1095,Leisure,2025-09-15,2025-09-16,Family,1,21599.0
10616,1104,Travel Agency,2025-09-15,2025-09-18,Standard,1,10931.0
10617,1073,Leisure,2025-09-15,2025-09-20,Family,1,21127.0
10618,1041,Corporate,2025-09-15,2025-09-17,Standard,1,9371.0
10619,1002,Travel Agency,2025-09-15,2025-09-17,Standard,1,9137.0
10620,1010,Travel Agency,2025-09-15,2025-09-17,Standard,1,10641.0
10621,1004,Corporate,2025-09-15,2025-09-20,Standard,1,9851.0
10622,1088,Travel Agency,2025-09-15,2025-09-19,Standard,1,9975.0
10623,1029,Leisure,2025-09-15,2025-09-16,Standard,1,11530.0
10624,1019,Corporate,2025-09-15,2025-09-19,Family,1,18198.0
10625,1024,Leisure,2025-09-15,2025-09-16,Family,1,18874.0
10626,1079,Event Group,2025-09-15,2025-09-16,Standard,1,10097.0
10627,1048,Corporate,2025-09-15,2025-09-18,Standard,1,10229.0
10628,1077,Leisure,2025-09-15,2025-09-19,Deluxe,1,12978.0
10629,1042,Corporate,2025-09-15,2025-09-19,Standard,1,10643.0
10630,1095,Corporate,2025-09-15,2025-09-16,Deluxe,1,14986.0
10631,1056,Leisure,2025-09-15,2025-09-18,Deluxe,1,14352.0
10632,1084,Travel Agency,2025-09-15,2025-09-16,Suite,1,24885.0
10633,1104,Leisure,2025-09-15,2025-09-18,Suite,1,24619.0
10634,1025,Leisure,2025-09-15,2025-09-16,Deluxe,1,14432.0
10635,1019,Leisure,2025-09-15,2025-09-18,Family,1,17389.0
10636,1114,Leisure,2025-09-15,2025-09-16,Standard,1,9011.0
10637,1018,Leisure,2025-09-16,2025-09-18,Deluxe,1,14393.0
10638,1037,Corporate,2025-09-16,2025-09-21,Deluxe,1,14543.0
10639,1007,Leisure,2025-09-16,2025-09-17,Standard,1,9400.0
10640,1013,Leisure,2025-09-16,2025-09-20,Standard,1,10039.0
10641,1094,Corporate,2025-09-16,2025-09-18,Standard,1,10250.0
10642,1120,Leisure,2025-09-16,2025-09-19,Deluxe,1,13608.0
10643,1124,Corporate,2025-09-16,2025-09-18,Deluxe,1,14829.0
10644,1040,Leisure,2025-09-16,2025-09-20,Standard,1,10679.0
10645,1064,Corporate,2025-09-16,2025-09-18,Standard,1,9594.0
10646,1040,Leisure,2025-09-16,2025-09-20,Deluxe,1,13440.0
10647,1020,Leisure,2025-09-16,2025-09-17,Deluxe,1,15387.0
10648,1001,Event Group,2025-09-16,2025-09-20,Standard,1,10630.0
10649,1051,Corporate,2025-09-16,2025-09-21,Deluxe,1,14725.0
10650,1100,Travel Agency,2025-09-16,2025-09-18,Family,1,21943.0
10651,1007,Travel Agency,2025-09-16,2025-09-19,Deluxe,1,16249.0
10652,1107,Travel Agency,2025-09-16,2025-09-18,Standard,1,9656.0
10653,1107,Leisure,2025-09-16,2025-09-21,Standard,1,10010.0
10654,1069,Leisure,2025-09-16,2025-09-18,Deluxe,1,13405.0
10655,1074,Travel Agency,2025-09-16,2025-09-17,Family,1,20172.0
10656,1029,Corporate,2025-09-16,2025-09-17,Deluxe,1,13331.0
10657,1006,Travel Agency,2025-09-16,2025-09-20,Standard,1,9353.0
10658,1073,Corporate,2025-09-16,2025-09-17,Deluxe,1,13721.0
10659,1003,Travel Agency,2025-09-16,2025-09-20,Deluxe,1,12555.0
10660,1010,Leisure,2025-09-16,2025-09-17,Deluxe,1,15164.0
10661,1033,Corporate,2025-09-16,2025-09-19,Family,1,19101.0
10662,1007,Corporate,2025-09-16,2025-09-17,Deluxe,1,15855.0
10663,1018,Travel Agency,2025-09-16,2025-09-18,Standard,1,10404.0
10664,1029,Event Group,2025-09-16,2025-09-18,Standard,1,10246.0
10665,1116,Corporate,2025-09-16,2025-09-19,Family,1,19484.0
10666,1063,Event Group,2025-09-16,2025-09-17,Family,1,19154.0
10667,1040,Corporate,2025-09-16,2025-09-19,Deluxe,1,14900.0
10668,1082,Leisure,2025-09-16,2025-09-19,Standard,1,10262.0
10669,1124,Corporate,2025-09-16,2025-09-18,Standard,1,10677.0
10670,1123,Leisure,2025-09-16,2025-09-18,Family,1,17222.0
10671,1092,Corporate,2025-09-16,2025-09-18,Standard,1,9642.0
10672,1028,Leisure,2025-09-16,2025-09-18,Standard,1,10979.0
10673,1111,Travel Agency,2025-09-16,2025-09-17,Deluxe,1,13547.0
10674,1089,Travel Agency,2025-09-16,2025-09-20,Family,1,19505.0
10675,1014,Leisure,2025-09-16,2025-09-21,Deluxe,1,16137.0
10676,1103,Leisure,2025-09-16,2025-09-17,Deluxe,1,12564.0
10677,1103,Travel Agency,2025-09-16,2025-09-20,Standard,1,8700.0
10678,1097,Leisure,2025-09-17,2025-09-20,Deluxe,1,15788.0
10679,1053,Travel Agency,2025-09-17,2025-09-22,Suite,1,26740.0
10680,1033,Leisure,2025-09-17,2025-09-19,Standard,1,9725.0
10681,1054,Corporate,2025-09-17,2025-09-18,Standard,1,10809.0
10682,1069,Leisure,2025-09-17,2025-09-21,Suite,1,21320.0
10683,1112,Travel Agency,2025-09-17,2025-09-18,Deluxe,1,13980.0
10684,1103,Leisure,2025-09-17,2025-09-19,Deluxe,1,13669.0
10685,1006,Leisure,2025-09-17,2025-09-19,Deluxe,1,15628.0
10686,1100,Corporate,2025-09-17,2025-09-18,Standard,1,9196.0
10687,1024,Travel Agency,2025-09-17,2025-09-18,Suite,1,26905.0
10688,1040,Leisure,2025-09-17,2025-09-22,Standard,1,10402.0
10689,1021,Leisure,2025-09-17,2025-09-18,Deluxe,1,15333.0
10690,1043,Corporate,2025-09-17,2025-09-18,Deluxe,1,15048.0
10691,1047,Leisure,2025-09-17,2025-09-18,Deluxe,1,14532.0
10692,1026,Leisure,2025-09-17,2025-09-18,Standard,1,10225.0
10693,1063,Corporate,2025-09-17,2025-09-18,Standard,1,9827.0
10694,1059,Corporate,2025-09-17,2025-09-19,Deluxe,1,14439.0
10695,1099,Corporate,2025-09-17,2025-09-19,Family,1,20270.0
10696,1098,Corporate,2025-09-17,2025-09-20,Deluxe,1,15029.0
10697,1022,Event Group,2025-09-17,2025-09-19,Standard,1,9509.0
10698,1067,Leisure,2025-09-17,2025-09-19,Standard,1,10158.0
10699,1091,Corporate,2025-09-17,2025-09-21,Family,1,20161.0
10700,1039,Leisure,2025-09-17,2025-09-20,Deluxe,1,15159.0
10701,1079,Leisure,2025-09-17,2025-09-19,Standard,1,10755.0
10702,1096,Leisure,2025-09-17,2025-09-19,Standard,1,10050.0
10703,1008,Leisure,2025-09-17,2025-09-19,Deluxe,1,12626.0
10704,1038,Corporate,2025-09-17,2025-09-19,Standard,1,9128.0
10705,1043,Corporate,2025-09-17,2025-09-18,Standard,1,10571.0
10706,1017,Event Group,2025-09-17,2025-09-19,Standard,1,10062.0
10707,1071,Corporate,2025-09-17,2025-09-19,Standard,1,10462.0
10708,1099,Leisure,2025-09-17,2025-09-18,Standard,1,9749.0
10709,1078,Travel Agency,2025-09-17,2025-09-19,Standard,1,9445.0
10710,1123,Leisure,2025-09-18,2025-09-19,Family,1,21644.0
10711,1047,Corporate,2025-09-18,2025-09-19,Standard,1,9896.0
10712,1121,Leisure,2025-09-18,2025-09-19,Standard,1,9541.0
10713,1030,Travel Agency,2025-09-18,2025-09-19,Standard,1,9215.0
10714,1012,Event Group,2025-09-18,2025-09-20,Standard,1,9740.0
10715,1009,Leisure,2025-09-18,2025-09-19,Standard,1,11160.0
10716,1085,Corporate,2025-09-18,2025-09-19,Standard,1,9100.0
10717,1075,Corporate,2025-09-18,2025-09-22,Family,1,21413.0
10718,1100,Travel Agency,2025-09-18,2025-09-19,Standard,1,9491.0
10719,1071,Corporate,2025-09-18,2025-09-20,Standard,1,9326.0
10720,1109,Corporate,2025-09-18,2025-09-22,Standard,1,8897.0
10721,1115,Corporate,2025-09-18,2025-09-19,Family,1,21375.0
10722,1110,Leisure,2025-09-18,2025-09-22,Deluxe,1,13032.0
10723,1114,Corporate,2025-09-18,2025-09-19,Standard,1,9653.0
10724,1093,Corporate,2025-09-18,2025-09-20,Standard,1,11154.0
10725,1031,Leisure,2025-09-18,2025-09-19,Family,1,18582.0
10726,1016,Leisure,2025-09-18,2025-09-19,Standard,1,9808.0
10727,1108,Leisure,2025-09-18,2025-09-20,Deluxe,1,16216.0
10728,1049,Corporate,2025-09-18,2025-09-19,Deluxe,1,15124.0
10729,1059,Travel Agency,2025-09-18,2025-09-23,Standard,1,10914.0
10730,1042,Leisure,2025-09-18,2025-09-19,Standard,1,10442.0
10731,1084,Corporate,2025-09-18,2025-09-21,Standard,1,8953.0
10732,1027,Leisure,2025-09-18,2025-09-19,Standard,1,9862.0
10733,1106,Leisure,2025-09-18,2025-09-19,Standard,1,10477.0
10734,1098,Leisure,2025-09-18,2025-09-20,Deluxe,1,16337.0
10735,1060,Event Group,2025-09-18,2025-09-19,Standard,1,10355.0
10736,1045,Travel Agency,2025-09-18,2025-09-21,Family,1,21757.0
10737,1054,Corporate,2025-09-18,2025-09-20,Suite,1,26928.0
10738,1091,Corporate,2025-09-18,2025-09-20,Standard,1,10904.0
10739,1084,Travel Agency,2025-09-19,2025-09-21,Standard,1,9795.0
10740,1038,Travel Agency,2025-09-19,2025-09-20,Deluxe,1,13924.0
10741,1047,Leisure,2025-09-19,2025-09-20,Standard,1,10349.0
10742,1098,Event Group,2025-09-19,2025-09-22,Standard,1,10181.0
10743,1006,Corporate,2025-09-19,2025-09-21,Standard,1,10287.0
10744,1085,Leisure,2025-09-19,2025-09-21,Standard,1,9158.0
10745,1117,Corporate,2025-09-19,2025-09-20,Standard,1,9337.0
10746,1119,Leisure,2025-09-19,2025-09-21,Deluxe,1,15389.0
10747,1009,Travel Agency,2025-09-19,2025-09-21,Deluxe,1,13785.0
10748,1023,Leisure,2025-09-19,2025-09-20,Deluxe,1,14133.0
10749,1021,Leisure,2025-09-19,2025-09-21,Deluxe,1,13597.0
10750,1114,Leisure,2025-09-19,2025-09-22,Deluxe,1,14998.0
10751,1053,Leisure,2025-09-19,2025-09-20,Deluxe,1,13213.0
10752,1011,Corporate,2025-09-19,2025-09-22,Standard,1,9712.0
10753,1098,Corporate,2025-09-19,2025-09-20,Deluxe,1,15140.0
10754,1101,Leisure,2025-09-19,2025-09-24,Family,1,20290.0
10755,1095,Travel Agency,2025-09-19,2025-09-22,Standard,1,10191.0
10756,1087,Leisure,2025-09-19,2025-09-22,Deluxe,1,15279.0
10757,1092,Travel Agency,2025-09-19,2025-09-20,Suite,1,24625.0
10758,1125,Travel Agency,2025-09-19,2025-09-21,Deluxe,1,15729.0
10759,1005,Leisure,2025-09-19,2025-09-22,Standard,1,9450.0
10760,1032,Leisure,2025-09-19,2025-09-20,Deluxe,1,15083.0
10761,1088,Event Group,2025-09-19,2025-09-20,Family,1,18701.0
10762,1109,Leisure,2025-09-19,2025-09-22,Family,1,21274.0
10763,1104,Event Group,2025-09-19,2025-09-22,Standard,1,9714.0
10764,1033,Event Group,2025-09-19,2025-09-24,Deluxe,1,12775.0
10765,1003,Leisure,2025-09-19,2025-09-24,Standard,1,9181.0
10766,1103,Corporate,2025-09-19,2025-09-22,Deluxe,1,16591.0
10767,1075,Corporate,2025-09-19,2025-09-20,Standard,1,10248.0
10768,1111,Corporate,2025-09-19,2025-09-21,Standard,1,10161.0
10769,1117,Corporate,2025-09-19,2025-09-21,Suite,1,26130.0
10770,1022,Corporate,2025-09-19,2025-09-20,Standard,1,10840.0
10771,1015,Corporate,2025-09-19,2025-09-20,Standard,1,9849.0
10772,1014,Travel Agency,2025-09-19,2025-09-20,Standard,1,8589.0
10773,1070,Leisure,2025-09-19,2025-09-20,Standard,1,10302.0
10774,1011,Leisure,2025-09-20,2025-09-22,Family,1,22719.0
10775,1013,Travel Agency,2025-09-20,2025-09-22,Deluxe,1,14836.0
10776,1088,Corporate,2025-09-20,2025-09-22,Standard,1,10064.0
10777,1054,Travel Agency,2025-09-20,2025-09-21,Standard,1,10363.0
10778,1091,Corporate,2025-09-20,2025-09-21,Deluxe,1,12975.0
10779,1044,Travel Agency,2025-09-20,2025-09-21,Standard,1,10743.0
10780,1046,Corporate,2025-09-20,2025-09-22,Standard,1,10207.0
10781,1121,Leisure,2025-09-20,2025-09-21,Standard,1,10850.0
10782,1113,Leisure,2025-09-20,2025-09-22,Deluxe,1,14995.0
10783,1003,Leisure,2025-09-20,2025-09-21,Standard,1,10559.0
10784,1056,Corporate,2025-09-20,2025-09-22,Family,1,18129.0
10785,1048,Leisure,2025-09-20,2025-09-25,Deluxe,1,13369.0
10786,1073,Leisure,2025-09-20,2025-09-23,Standard,1,12154.0
10787,1122,Leisure,2025-09-20,2025-09-22,Deluxe,1,13054.0
10788,1038,Leisure,2025-09-20,2025-09-22,Standard,1,10744.0
10789,1035,Leisure,2025-09-20,2025-09-23,Deluxe,1,13344.0
10790,1002,Event Group,2025-09-20,2025-09-21,Standard,1,10958.0
10791,1015,Leisure,2025-09-20,2025-09-21,Standard,1,10512.0
10792,1119,Leisure,2025-09-20,2025-09-24,Deluxe,1,13758.0
10793,1022,Corporate,2025-09-20,2025-09-21,Family,1,20472.0
10794,1053,Leisure,2025-09-20,2025-09-21,Family,1,20656.0
10795,1120,Travel Agency,2025-09-20,2025-09-22,Family,1,17820.0
10796,1050,Travel Agency,2025-09-20,2025-09-23,Deluxe,1,14349.0
10797,1089,Leisure,2025-09-20,2025-09-21,Standard,1,10199.0
10798,1108,Travel Agency,2025-09-20,2025-09-24,Standard,1,9531.0
10799,1094,Event Group,2025-09-20,2025-09-23,Standard,1,10931.0
10800,1057,Travel Agency,2025-09-20,2025-09-23,Standard,1,10537.0
10801,1088,Event Group,2025-09-20,2025-09-23,Deluxe,1,14895.0
10802,1072,Leisure,2025-09-21,2025-09-22,Standard,1,10295.0
10803,1058,Leisure,2025-09-21,2025-09-23,Family,1,19044.0
10804,1039,Travel Agency,2025-09-21,2025-09-26,Deluxe,1,15390.0
10805,1043,Corporate,2025-09-21,2025-09-25,Standard,1,9853.0
10806,1112,Leisure,2025-09-21,2025-09-22,Standard,1,10536.0
10807,1001,Corporate,2025-09-21,2025-09-23,Family,1,22482.0
10808,1006,Corporate,2025-09-21,2025-09-25,Deluxe,1,16726.0
10809,1107,Leisure,2025-09-21,2025-09-22,Deluxe,1,15664.0
10810,1124,Corporate,2025-09-21,2025-09-22,Deluxe,1,13033.0
10811,1002,Corporate,2025-09-21,2025-09-22,Standard,1,10137.0
10812,1062,Leisure,2025-09-21,2025-09-24,Deluxe,1,12968.0
10813,1101,Event Group,2025-09-21,2025-09-24,Deluxe,1,13443.0
10814,1103,Corporate,2025-09-21,2025-09-22,Standard,1,8296.0
10815,1074,Leisure,2025-09-21,2025-09-23,Standard,1,9841.0
10816,1077,Leisure,2025-09-21,2025-09-22,Deluxe,1,15206.0
10817,1123,Travel Agency,2025-09-21,2025-09-23,Family,1,20056.0
10818,1018,Leisure,2025-09-21,2025-09-22,Standard,1,10030.0
10819,1109,Leisure,2025-09-21,2025-09-22,Standard,1,9517.0
10820,1024,Travel Agency,2025-09-21,2025-09-24,Standard,1,8673.0
10821,1073,Event Group,2025-09-21,2025-09-24,Standard,1,9406.0
10822,1020,Corporate,2025-09-21,2025-09-23,Standard,1,9890.0
10823,1021,Leisure,2025-09-21,2025-09-26,Standard,1,10340.0
10824,1063,Leisure,2025-09-21,2025-09-23,Suite,1,26291.0
10825,1078,Travel Agency,2025-09-21,2025-09-22,Standard,1,8686.0
10826,1013,Travel Agency,2025-09-21,2025-09-22,Standard,1,10147.0
10827,1028,Leisure,2025-09-21,2025-09-24,Suite,1,26843.0
10828,1109,Corporate,2025-09-21,2025-09-23,Standard,1,10228.0
10829,1007,Leisure,2025-09-21,2025-09-22,Standard,1,8938.0
10830,1062,Leisure,2025-09-21,2025-09-23,Standard,1,10059.0
10831,1064,Corporate,2025-09-21,2025-09-23,Family,1,18601.0
10832,1031,Leisure,2025-09-21,2025-09-24,Standard,1,10556.0
10833,1074,Event Group,2025-09-21,2025-09-22,Standard,1,10657.0
10834,1033,Leisure,2025-09-21,2025-09-23,Family,1,23384.0
10835,1046,Event Group,2025-09-21,2025-09-22,Family,1,20118.0
10836,1038,Corporate,2025-09-21,2025-09-23,Standard,1,11686.0
10837,1056,Leisure,2025-09-21,2025-09-24,Family,1,20693.0
10838,1003,Travel Agency,2025-09-21,2025-09-23,Standard,1,10584.0
10839,1121,Corporate,2025-09-21,2025-09-24,Deluxe,1,15202.0
10840,1046,Corporate,2025-09-21,2025-09-23,Standard,1,11859.0
10841,1064,Corporate,2025-09-21,2025-09-23,Suite,1,26036.0
10842,1117,Leisure,2025-09-21,2025-09-23,Standard,1,9200.0
10843,1066,Travel Agency,2025-09-21,2025-09-22,Deluxe,1,14177.0
10844,1040,Corporate,2025-09-22,2025-09-23,Deluxe,1,14034.0
10845,1092,Corporate,2025-09-22,2025-09-23,Deluxe,1,15116.0
10846,1053,Leisure,2025-09-22,2025-09-25,Deluxe,1,14033.0
10847,1031,Corporate,2025-09-22,2025-09-24,Standard,1,8864.0
10848,1088,Corporate,2025-09-22,2025-09-23,Family,1,18897.0
10849,1012,Leisure,2025-09-22,2025-09-23,Standard,1,9090.0
10850,1036,Event Group,2025-09-22,2025-09-26,Standard,1,9876.0
10851,1065,Event Group,2025-09-22,2025-09-23,Standard,1,9585.0
10852,1026,Leisure,2025-09-22,2025-09-26,Standard,1,9710.0
10853,1084,Event Group,2025-09-22,2025-09-24,Standard,1,10226.0
10854,1049,Corporate,2025-09-22,2025-09-23,Standard,1,10626.0
10855,1119,Corporate,2025-09-22,2025-09-24,Family,1,19951.0
10856,1117,Leisure,2025-09-22,2025-09-23,Standard,1,10078.0
10857,1041,Corporate,2025-09-22,2025-09-26,Family,1,20309.0
10858,1062,Leisure,2025-09-22,2025-09-23,Family,1,16500.0
10859,1050,Leisure,2025-09-22,2025-09-24,Deluxe,1,14232.0
10860,1025,Corporate,2025-09-22,2025-09-26,Standard,1,9231.0
10861,1027,Leisure,2025-09-22,2025-09-25,Standard,1,9440.0
10862,1071,Travel Agency,2025-09-22,2025-09-24,Standard,1,9741.0
10863,1001,Travel Agency,2025-09-22,2025-09-25,Family,1,16500.0
10864,1050,Leisure,2025-09-22,2025-09-26,Standard,1,8829.0
10865,1013,Corporate,2025-09-22,2025-09-26,Standard,1,10008.0
10866,1016,Corporate,2025-09-22,2025-09-24,Family,1,18193.0
10867,1070,Travel Agency,2025-09-22,2025-09-25,Family,1,20216.0
10868,1054,Event Group,2025-09-22,2025-09-26,Standard,1,10013.0
10869,1065,Corporate,2025-09-22,2025-09-23,Deluxe,1,14627.0
10870,1002,Leisure,2025-09-22,2025-09-23,Standard,1,9784.0
10871,1120,Corporate,2025-09-22,2025-09-24,Deluxe,1,14854.0
10872,1122,Travel Agency,2025-09-22,2025-09-23,Standard,1,10292.0
10873,1065,Travel Agency,2025-09-22,2025-09-24,Standard,1,10502.0
10874,1091,Leisure,2025-09-22,2025-09-26,Standard,1,10165.0
10875,1123,Leisure,2025-09-22,2025-09-23,Family,1,19850.0
10876,1024,Leisure,2025-09-22,2025-09-25,Deluxe,1,14432.0
10877,1108,Corporate,2025-09-22,2025-09-24,Standard,1,9596.0
10878,1082,Travel Agency,2025-09-22,2025-09-26,Deluxe,1,12340.0
10879,1013,Travel Agency,2025-09-22,2025-09-23,Deluxe,1,12332.0
10880,1020,Leisure,2025-09-22,2025-09-23,Deluxe,1,14706.0
10881,1029,Corporate,2025-09-23,2025-09-24,Standard,1,9204.0
10882,1009,Leisure,2025-09-23,2025-09-25,Standard,1,10626.0
10883,1064,Corporate,2025-09-23,2025-09-24,Standard,1,10001.0
10884,1070,Travel Agency,2025-09-23,2025-09-25,Deluxe,1,12804.0
10885,1057,Corporate,2025-09-23,2025-09-25,Suite,1,23052.0
10886,1001,Corporate,2025-09-23,2025-09-26,Family,1,19237.0
10887,1112,Corporate,2025-09-23,2025-09-26,Deluxe,1,13456.0
10888,1039,Leisure,2025-09-23,2025-09-26,Deluxe,1,13774.0
10889,1004,Leisure,2025-09-23,2025-09-24,Standard,1,9567.0
10890,1068,Corporate,2025-09-23,2025-09-24,Family,1,20868.0
10891,1073,Event Group,2025-09-23,2025-09-26,Standard,1,9275.0
10892,1057,Leisure,2025-09-23,2025-09-24,Deluxe,1,14059.0
10893,1098,Leisure,2025-09-23,2025-09-24,Standard,1,10376.0
10894,1028,Event Group,2025-09-23,2025-09-24,Standard,1,10158.0
10895,1097,Travel Agency,2025-09-23,2025-09-28,Deluxe,1,13121.0
10896,1076,Leisure,2025-09-23,2025-09-26,Family,1,18845.0
10897,1059,Corporate,2025-09-23,2025-09-27,Standard,1,9879.0
10898,1007,Event Group,2025-09-23,2025-09-24,Deluxe,1,14450.0
10899,1108,Travel Agency,2025-09-23,2025-09-24,Family,1,20141.0
10900,1124,Travel Agency,2025-09-23,2025-09-25,Deluxe,1,14857.0
10901,1119,Corporate,2025-09-23,2025-09-26,Standard,1,10491.0
10902,1049,Corporate,2025-09-23,2025-09-26,Standard,1,9714.0
10903,1008,Event Group,2025-09-23,2025-09-28,Deluxe,1,14733.0
10904,1111,Leisure,2025-09-23,2025-09-25,Deluxe,1,13542.0
10905,1014,Leisure,2025-09-23,2025-09-27,Standard,1,9964.0
10906,1041,Travel Agency,2025-09-23,2025-09-24,Standard,1,10484.0
10907,1021,Corporate,2025-09-23,2025-09-26,Deluxe,1,14453.0
10908,1035,Leisure,2025-09-23,2025-09-27,Standard,1,10714.0
10909,1068,Leisure,2025-09-23,2025-09-24,Standard,1,10601.0
10910,1064,Corporate,2025-09-23,2025-09-26,Standard,1,9217.0
10911,1092,Corporate,2025-09-23,2025-09-28,Deluxe,1,13991.0
10912,1062,Corporate,2025-09-23,2025-09-26,Standard,1,11242.0
10913,1013,Leisure,2025-09-23,2025-09-24,Standard,1,8875.0
10914,1067,Travel Agency,2025-09-24,2025-09-28,Suite,1,22363.0
10915,1044,Leisure,2025-09-24,2025-09-28,Suite,1,21352.0
10916,1106,Leisure,2025-09-24,2025-09-27,Deluxe,1,12000.0
10917,1017,Leisure,2025-09-24,2025-09-25,Family,1,19235.0
10918,1125,Corporate,2025-09-24,2025-09-27,Standard,1,9171.0
10919,1013,Leisure,2025-09-24,2025-09-25,Standard,1,11083.0
10920,1044,Leisure,2025-09-24,2025-09-29,Suite,1,27008.0
10921,1105,Leisure,2025-09-24,2025-09-27,Standard,1,8911.0
10922,1060,Leisure,2025-09-24,2025-09-25,Standard,1,9064.0
10923,1112,Leisure,2025-09-24,2025-09-26,Deluxe,1,15318.0
10924,1110,Travel Agency,2025-09-24,2025-09-27,Standard,1,10860.0
10925,1040,Leisure,2025-09-24,2025-09-27,Deluxe,1,14026.0
10926,1083,Travel Agency,2025-09-24,2025-09-28,Deluxe,1,14113.0
10927,1030,Corporate,2025-09-24,2025-09-27,Suite,1,25909.0
10928,1121,Leisure,2025-09-24,2025-09-29,Family,1,20562.0
10929,1039,Corporate,2025-09-24,2025-09-25,Standard,1,10777.0
10930,1039,Leisure,2025-09-24,2025-09-25,Suite,1,27544.0
10931,1040,Travel Agency,2025-09-24,2025-09-25,Deluxe,1,12690.0
10932,1073,Leisure,2025-09-24,2025-09-26,Standard,1,9492.0
10933,1097,Event Group,2025-09-24,2025-09-25,Standard,1,11253.0
10934,1094,Corporate,2025-09-24,2025-09-25,Standard,1,8977.0
10935,1008,Leisure,2025-09-24,2025-09-25,Deluxe,1,14822.0
10936,1028,Corporate,2025-09-24,2025-09-26,Standard,1,10855.0
10937,1010,Travel Agency,2025-09-24,2025-09-27,Standard,1,10478.0
10938,1072,Event Group,2025-09-24,2025-09-26,Standard,1,8933.0
10939,1089,Corporate,2025-09-24,2025-09-28,Deluxe,1,15597.0
10940,1067,Event Group,2025-09-25,2025-09-30,Suite,1,24137.0
10941,1066,Travel Agency,2025-09-25,2025-09-27,Deluxe,1,16491.0
10942,1018,Leisure,2025-09-25,2025-09-27,Standard,1,9093.0
10943,1019,Travel Agency,2025-09-25,2025-09-26,Standard,1,10615.0
10944,1022,Travel Agency,2025-09-25,2025-09-26,Family,1,20322.0
10945,1052,Leisure,2025-09-25,2025-09-26,Standard,1,10595.0
10946,1053,Leisure,2025-09-25,2025-09-28,Standard,1,8986.0
10947,1015,Corporate,2025-09-25,2025-09-28,Standard,1,9607.0
10948,1009,Travel Agency,2025-09-25,2025-09-28,Standard,1,9307.0
10949,1106,Leisure,2025-09-25,2025-09-26,Family,1,19301.0
10950,1018,Travel Agency,2025-09-25,2025-09-27,Deluxe,1,13313.0
10951,1045,Leisure,2025-09-25,2025-09-27,Standard,1,9381.0
10952,1097,Leisure,2025-09-25,2025-09-26,Deluxe,1,14129.0
10953,1047,Corporate,2025-09-25,2025-09-28,Deluxe,1,16633.0
10954,1021,Travel Agency,2025-09-25,2025-09-26,Deluxe,1,14964.0
10955,1036,Event Group,2025-09-25,2025-09-26,Suite,1,21922.0
10956,1054,Leisure,2025-09-25,2025-09-27,Standard,1,11048.0
10957,1106,Travel Agency,2025-09-25,2025-09-26,Standard,1,11882.0
10958,1014,Leisure,2025-09-25,2025-09-26,Standard,1,9181.0
10959,1025,Leisure,2025-09-25,2025-09-28,Deluxe,1,13016.0
10960,1076,Leisure,2025-09-25,2025-09-27,Deluxe,1,12999.0
10961,1044,Leisure,2025-09-26,2025-09-27,Family,1,17130.0
10962,1109,Corporate,2025-09-26,2025-09-28,Standard,1,11131.0
10963,1106,Leisure,2025-09-26,2025-09-27,Family,1,20242.0
10964,1054,Leisure,2025-09-26,2025-09-28,Deluxe,1,12247.0
10965,1089,Travel Agency,2025-09-26,2025-09-28,Standard,1,9564.0
10966,1036,Corporate,2025-09-26,2025-09-29,Deluxe,1,15278.0
10967,1086,Leisure,2025-09-26,2025-09-27,Family,1,19876.0
10968,1089,Corporate,2025-09-26,2025-09-28,Suite,1,25678.0
10969,1075,Corporate,2025-09-26,2025-09-29,Standard,1,9538.0
10970,1032,Corporate,2025-09-26,2025-09-29,Deluxe,1,14539.0
10971,1071,Leisure,2025-09-26,2025-09-29,Deluxe,1,14412.0
10972,1014,Travel Agency,2025-09-26,2025-09-29,Standard,1,8534.0
10973,1043,Leisure,2025-09-26,2025-09-27,Family,1,18571.0
10974,1095,Leisure,2025-09-26,2025-09-27,Deluxe,1,14097.0
10975,1079,Leisure,2025-09-26,2025-09-28,Suite,1,25034.0
10976,1051,Leisure,2025-09-26,2025-09-29,Standard,1,9825.0
10977,1077,Corporate,2025-09-26,2025-09-28,Standard,1,9844.0
10978,1113,Leisure,2025-09-26,2025-09-30,Deluxe,1,14891.0
10979,1018,Corporate,2025-09-26,2025-09-29,Standard,1,10801.0
10980,1123,Leisure,2025-09-26,2025-09-30,Standard,1,9456.0
10981,1059,Travel Agency,2025-09-26,2025-10-01,Standard,1,10170.0
10982,1074,Corporate,2025-09-26,2025-09-28,Family,1,16759.0
10983,1089,Travel Agency,2025-09-26,2025-09-30,Deluxe,1,15783.0
10984,1060,Travel Agency,2025-09-26,2025-09-27,Standard,1,9603.0
10985,1082,Corporate,2025-09-26,2025-09-28,Family,1,17639.0
10986,1097,Corporate,2025-09-26,2025-09-29,Standard,1,10598.0
10987,1069,Corporate,2025-09-26,2025-09-27,Suite,1,22082.0
10988,1034,Event Group,2025-09-26,2025-09-28,Suite,1,27267.0
10989,1096,Corporate,2025-09-26,2025-09-29,Standard,1,10114.0
10990,1106,Travel Agency,2025-09-26,2025-09-30,Family,1,21738.0
10991,1092,Event Group,2025-09-26,2025-09-28,Family,1,19552.0
10992,1026,Corporate,2025-09-26,2025-09-27,Standard,1,8308.0
10993,1108,Event Group,2025-09-26,2025-09-27,Deluxe,1,13239.0
10994,1080,Corporate,2025-09-26,2025-09-27,Deluxe,1,15146.0
10995,1028,Travel Agency,2025-09-26,2025-09-29,Suite,1,26163.0
10996,1120,Corporate,2025-09-26,2025-09-30,Deluxe,1,13034.0
10997,1040,Leisure,2025-09-26,2025-09-27,Family,1,16680.0
10998,1119,Travel Agency,2025-09-27,2025-09-30,Deluxe,1,14595.0
10999,1007,Leisure,2025-09-27,2025-09-28,Deluxe,1,13578.0
11000,1041,Corporate,2025-09-27,2025-09-29,Deluxe,1,14496.0
11001,1124,Leisure,2025-09-27,2025-09-28,Suite,1,24295.0
11002,1121,Event Group,2025-09-27,2025-09-30,Deluxe,1,16834.0
11003,1072,Leisure,2025-09-27,2025-10-01,Family,1,19189.0
11004,1086,Travel Agency,2025-09-27,2025-09-29,Standard,1,10930.0
11005,1010,Leisure,2025-09-27,2025-09-30,Standard,1,10840.0
11006,1119,Leisure,2025-09-27,2025-09-30,Deluxe,1,13777.0
11007,1119,Travel Agency,2025-09-27,2025-09-30,Family,1,16964.0
11008,1060,Leisure,2025-09-27,2025-09-29,Family,1,19783.0
11009,1108,Corporate,2025-09-27,2025-09-29,Standard,1,9908.0
11010,1062,Corporate,2025-09-27,2025-09-30,Standard,1,9348.0
11011,1005,Corporate,2025-09-27,2025-09-28,Deluxe,1,16015.0
11012,1118,Leisure,2025-09-27,2025-09-28,Standard,1,9869.0
11013,1098,Leisure,2025-09-27,2025-10-02,Family,1,22630.0
11014,1109,Leisure,2025-09-27,2025-09-28,Standard,1,10109.0
11015,1094,Leisure,2025-09-27,2025-09-30,Suite,1,29452.0
11016,1020,Leisure,2025-09-27,2025-09-28,Standard,1,10343.0
11017,1070,Corporate,2025-09-27,2025-10-01,Suite,1,26339.0
11018,1073,Leisure,2025-09-27,2025-09-30,Deluxe,1,15481.0
11019,1062,Leisure,2025-09-27,2025-09-28,Deluxe,1,15011.0
11020,1121,Corporate,2025-09-27,2025-09-30,Deluxe,1,14956.0
11021,1036,Leisure,2025-09-27,2025-09-28,Deluxe,1,14906.0
11022,1019,Travel Agency,2025-09-27,2025-09-29,Deluxe,1,16772.0
11023,1061,Event Group,2025-09-27,2025-09-29,Standard,1,10616.0
11024,1111,Leisure,2025-09-27,2025-09-28,Deluxe,1,13798.0
11025,1065,Travel Agency,2025-09-28,2025-09-29,Standard,1,9750.0
11026,1094,Event Group,2025-09-28,2025-09-30,Standard,1,8250.0
11027,1112,Leisure,2025-09-28,2025-09-30,Standard,1,8605.0
11028,1057,Travel Agency,2025-09-28,2025-09-29,Deluxe,1,12699.0
11029,1012,Corporate,2025-09-28,2025-09-30,Deluxe,1,14079.0
11030,1050,Corporate,2025-09-28,2025-09-30,Suite,1,23777.0
11031,1086,Leisure,2025-09-28,2025-09-29,Deluxe,1,14673.0
11032,1063,Leisure,2025-09-28,2025-09-30,Deluxe,1,15452.0
11033,1071,Corporate,2025-09-28,2025-09-29,Family,1,21651.0
11034,1037,Corporate,2025-09-28,2025-09-30,Standard,1,10197.0
11035,1039,Leisure,2025-09-28,2025-09-30,Deluxe,1,14383.0
11036,1123,Corporate,2025-09-28,2025-09-30,Standard,1,8707.0
11037,1069,Corporate,2025-09-28,2025-09-29,Family,1,20646.0
11038,1112,Event Group,2025-09-28,2025-10-01,Standard,1,10298.0
11039,1053,Corporate,2025-09-28,2025-09-30,Deluxe,1,13179.0
11040,1101,Leisure,2025-09-28,2025-09-30,Deluxe,1,13139.0
11041,1043,Event Group,2025-09-28,2025-10-02,Standard,1,10694.0
11042,1038,Travel Agency,2025-09-28,2025-09-29,Deluxe,1,13758.0
11043,1027,Corporate,2025-09-28,2025-09-29,Standard,1,10775.0
11044,1099,Corporate,2025-09-28,2025-09-30,Standard,1,9619.0
11045,1038,Corporate,2025-09-28,2025-09-29,Standard,1,8362.0
11046,1065,Corporate,2025-09-28,2025-10-01,Family,1,17590.0
11047,1096,Corporate,2025-09-28,2025-09-30,Deluxe,1,14184.0
11048,1082,Leisure,2025-09-28,2025-09-30,Suite,1,24818.0
11049,1101,Travel Agency,2025-09-28,2025-10-01,Standard,1,10248.0
11050,1079,Travel Agency,2025-09-28,2025-09-30,Suite,1,25003.0
11051,1105,Event Group,2025-09-28,2025-09-29,Standard,1,8879.0
11052,1095,Travel Agency,2025-09-28,2025-09-30,Deluxe,1,14799.0
11053,1048,Event Group,2025-09-28,2025-10-03,Standard,1,10522.0
11054,1072,Event Group,2025-09-28,2025-10-01,Standard,1,8885.0
11055,1070,Event Group,2025-09-29,2025-10-02,Standard,1,10242.0
11056,1021,Travel Agency,2025-09-29,2025-09-30,Standard,1,9711.0
11057,1007,Corporate,2025-09-29,2025-10-01,Suite,1,25384.0
11058,1067,Corporate,2025-09-29,2025-09-30,Standard,1,10217.0
11059,1041,Event Group,2025-09-29,2025-10-02,Standard,1,9846.0
11060,1063,Leisure,2025-09-29,2025-09-30,Suite,1,30638.0
11061,1078,Corporate,2025-09-29,2025-10-02,Standard,1,9370.0
11062,1009,Leisure,2025-09-29,2025-09-30,Standard,1,9688.0
11063,1034,Corporate,2025-09-29,2025-10-02,Deluxe,1,12776.0
11064,1083,Leisure,2025-09-29,2025-09-30,Deluxe,1,15740.0
11065,1018,Leisure,2025-09-29,2025-09-30,Standard,1,10258.0
11066,1066,Travel Agency,2025-09-29,2025-10-02,Deluxe,1,13153.0
11067,1060,Corporate,2025-09-29,2025-09-30,Standard,1,10795.0
11068,1051,Travel Agency,2025-09-29,2025-09-30,Standard,1,10613.0
11069,1004,Leisure,2025-09-29,2025-10-01,Suite,1,22512.0
11070,1004,Event Group,2025-09-29,2025-10-01,Deluxe,1,13987.0
11071,1119,Corporate,2025-09-29,2025-10-01,Deluxe,1,15526.0
11072,1043,Leisure,2025-09-29,2025-09-30,Suite,1,25905.0
11073,1035,Leisure,2025-09-29,2025-10-01,Deluxe,1,13720.0
11074,1125,Travel Agency,2025-09-29,2025-09-30,Standard,1,9737.0
11075,1119,Leisure,2025-09-29,2025-09-30,Standard,1,9818.0
11076,1075,Leisure,2025-09-29,2025-10-03,Standard,1,10327.0
11077,1019,Corporate,2025-09-29,2025-10-01,Standard,1,8701.0
11078,1044,Travel Agency,2025-09-29,2025-09-30,Standard,1,9782.0
11079,1050,Leisure,2025-09-29,2025-10-04,Deluxe,1,13935.0
11080,1014,Corporate,2025-09-29,2025-09-30,Deluxe,1,14377.0
11081,1099,Corporate,2025-09-29,2025-10-02,Deluxe,1,14418.0
11082,1048,Leisure,2025-09-29,2025-10-03,Deluxe,1,14543.0
11083,1056,Event Group,2025-09-30,2025-10-01,Standard,1,10023.0
11084,1031,Travel Agency,2025-09-30,2025-10-01,Standard,1,8620.0
11085,1069,Corporate,2025-09-30,2025-10-02,Standard,1,10192.0
11086,1104,Leisure,2025-09-30,2025-10-01,Standard,1,10150.0
11087,1070,Event Group,2025-09-30,2025-10-01,Family,1,20065.0
11088,1123,Travel Agency,2025-09-30,2025-10-03,Family,1,19915.0
11089,1071,Travel Agency,2025-09-30,2025-10-01,Family,1,22308.0
11090,1044,Leisure,2025-09-30,2025-10-01,Standard,1,10380.0
11091,1018,Leisure,2025-09-30,2025-10-02,Deluxe,1,13788.0
11092,1046,Corporate,2025-09-30,2025-10-01,Standard,1,9736.0
11093,1079,Leisure,2025-09-30,2025-10-02,Family,1,19243.0
11094,1016,Corporate,2025-09-30,2025-10-03,Deluxe,1,14758.0
11095,1043,Travel Agency,2025-09-30,2025-10-01,Standard,1,10768.0
11096,1080,Leisure,2025-09-30,2025-10-03,Standard,1,10768.0
11097,1105,Leisure,2025-09-30,2025-10-03,Deluxe,1,14886.0
11098,1039,Corporate,2025-09-30,2025-10-03,Deluxe,1,16102.0
11099,1078,Leisure,2025-09-30,2025-10-04,Deluxe,1,13124.0
11100,1089,Corporate,2025-09-30,2025-10-01,Family,1,22016.0
11101,1027,Travel Agency,2025-09-30,2025-10-03,Family,1,21638.0
11102,1077,Corporate,2025-09-30,2025-10-01,Standard,1,9397.0
11103,1122,Corporate,2025-09-30,2025-10-02,Deluxe,1,15028.0
11104,1104,Corporate,2025-09-30,2025-10-02,Standard,1,8661.0
11105,1045,Corporate,2025-09-30,2025-10-02,Standard,1,9794.0
11106,1024,Leisure,2025-09-30,2025-10-01,Deluxe,1,14894.0
11107,1024,Corporate,2025-09-30,2025-10-02,Deluxe,1,14962.0
11108,1001,Corporate,2025-09-30,2025-10-01,Deluxe,1,14209.0
11109,1021,Leisure,2025-09-30,2025-10-02,Standard,1,10260.0
11110,1125,Travel Agency,2025-09-30,2025-10-02,Family,1,20977.0
11111,1082,Travel Agency,2025-09-30,2025-10-03,Standard,1,10016.0
11112,1075,Corporate,2025-09-30,2025-10-05,Standard,1,9022.0
11113,1081,Leisure,2025-09-30,2025-10-01,Deluxe,1,12673.0
11114,1085,Leisure,2025-09-30,2025-10-03,Standard,1,10130.0
11115,1025,Leisure,2025-09-30,2025-10-01,Family,1,18780.0
11116,1113,Corporate,2025-09-30,2025-10-03,Deluxe,1,16164.0
11117,1006,Corporate,2025-09-30,2025-10-02,Family,1,17786.0
11118,1046,Event Group,2025-10-01,2025-10-02,Family,1,22970.0
11119,1046,Corporate,2025-10-01,2025-10-04,Standard,1,10514.0
11120,1068,Leisure,2025-10-01,2025-10-04,Standard,1,10925.0
11121,1002,Corporate,2025-10-01,2025-10-03,Standard,1,9890.0
11122,1024,Travel Agency,2025-10-01,2025-10-02,Family,1,24249.0
11123,1099,Leisure,2025-10-01,2025-10-03,Standard,1,10196.0
11124,1102,Leisure,2025-10-01,2025-10-03,Standard,1,10961.0
11125,1065,Leisure,2025-10-01,2025-10-02,Standard,1,10253.0
11126,1024,Travel Agency,2025-10-01,2025-10-04,Standard,1,11428.0
11127,1045,Corporate,2025-10-01,2025-10-05,Standard,1,13273.0
11128,1044,Travel Agency,2025-10-01,2025-10-04,Standard,1,11767.0
11129,1107,Event Group,2025-10-01,2025-10-04,Standard,1,12271.0
11130,1045,Leisure,2025-10-01,2025-10-05,Family,1,24572.0
11131,1078,Travel Agency,2025-10-01,2025-10-05,Standard,1,10374.0
11132,1041,Leisure,2025-10-01,2025-10-04,Suite,1,24616.0
11133,1082,Leisure,2025-10-01,2025-10-02,Standard,1,10877.0
11134,1079,Corporate,2025-10-01,2025-10-04,Family,1,24381.0
11135,1001,Corporate,2025-10-01,2025-10-02,Family,1,22861.0
11136,1015,Travel Agency,2025-10-01,2025-10-04,Family,1,23092.0
11137,1063,Leisure,2025-10-01,2025-10-05,Standard,1,11948.0
11138,1065,Leisure,2025-10-01,2025-10-02,Deluxe,1,18299.0
11139,1085,Corporate,2025-10-01,2025-10-02,Suite,1,27685.0
11140,1055,Corporate,2025-10-01,2025-10-04,Deluxe,1,18720.0
11141,1093,Leisure,2025-10-01,2025-10-05,Suite,1,34390.0
11142,1036,Corporate,2025-10-01,2025-10-02,Standard,1,13959.0
11143,1105,Leisure,2025-10-01,2025-10-03,Standard,1,10612.0
11144,1005,Leisure,2025-10-01,2025-10-02,Standard,1,11315.0
11145,1049,Corporate,2025-10-01,2025-10-03,Standard,1,12681.0
11146,1097,Leisure,2025-10-01,2025-10-04,Standard,1,11458.0
11147,1074,Event Group,2025-10-01,2025-10-02,Standard,1,12611.0
11148,1076,Leisure,2025-10-01,2025-10-02,Standard,1,11257.0
11149,1125,Travel Agency,2025-10-01,2025-10-03,Deluxe,1,17325.0
11150,1007,Leisure,2025-10-01,2025-10-03,Deluxe,1,20157.0
11151,1013,Leisure,2025-10-01,2025-10-03,Deluxe,1,17009.0
11152,1098,Leisure,2025-10-01,2025-10-02,Family,1,21066.0
11153,1095,Corporate,2025-10-01,2025-10-04,Standard,1,11659.0
11154,1120,Leisure,2025-10-01,2025-10-02,Deluxe,1,17220.0
11155,1065,Leisure,2025-10-01,2025-10-02,Deluxe,1,16409.0
11156,1110,Leisure,2025-10-01,2025-10-06,Standard,1,11260.0
11157,1095,Corporate,2025-10-01,2025-10-05,Standard,1,11894.0
11158,1061,Corporate,2025-10-01,2025-10-02,Standard,1,13794.0
11159,1063,Travel Agency,2025-10-02,2025-10-03,Family,1,19531.0
11160,1038,Leisure,2025-10-02,2025-10-03,Deluxe,1,16943.0
11161,1024,Leisure,2025-10-02,2025-10-05,Suite,1,30062.0
11162,1022,Leisure,2025-10-02,2025-10-03,Standard,1,9696.0
11163,1109,Corporate,2025-10-02,2025-10-04,Deluxe,1,16215.0
11164,1089,Leisure,2025-10-02,2025-10-05,Suite,1,29359.0
11165,1106,Leisure,2025-10-02,2025-10-03,Standard,1,11536.0
11166,1011,Leisure,2025-10-02,2025-10-04,Standard,1,10098.0
11167,1074,Corporate,2025-10-02,2025-10-06,Suite,1,31983.0
11168,1039,Corporate,2025-10-02,2025-10-03,Standard,1,10466.0
11169,1075,Corporate,2025-10-02,2025-10-04,Standard,1,11681.0
11170,1034,Corporate,2025-10-02,2025-10-03,Deluxe,1,16328.0
11171,1081,Corporate,2025-10-02,2025-10-07,Deluxe,1,17258.0
11172,1061,Corporate,2025-10-02,2025-10-07,Deluxe,1,16534.0
11173,1033,Leisure,2025-10-02,2025-10-04,Standard,1,11120.0
11174,1086,Travel Agency,2025-10-02,2025-10-05,Family,1,27296.0
11175,1106,Leisure,2025-10-02,2025-10-03,Deluxe,1,16004.0
11176,1068,Leisure,2025-10-02,2025-10-06,Deluxe,1,18124.0
11177,1107,Corporate,2025-10-02,2025-10-03,Suite,1,32727.0
11178,1052,Leisure,2025-10-02,2025-10-03,Standard,1,10578.0
11179,1038,Corporate,2025-10-02,2025-10-07,Deluxe,1,16323.0
11180,1030,Travel Agency,2025-10-02,2025-10-05,Deluxe,1,15558.0
11181,1118,Leisure,2025-10-02,2025-10-04,Standard,1,11513.0
11182,1021,Travel Agency,2025-10-02,2025-10-04,Standard,1,12127.0
11183,1057,Travel Agency,2025-10-02,2025-10-05,Family,1,25835.0
11184,1104,Corporate,2025-10-02,2025-10-03,Deluxe,1,15027.0
11185,1121,Leisure,2025-10-02,2025-10-06,Standard,1,10850.0
11186,1086,Leisure,2025-10-02,2025-10-04,Deluxe,1,18056.0
11187,1023,Corporate,2025-10-02,2025-10-03,Standard,1,10911.0
11188,1041,Travel Agency,2025-10-02,2025-10-06,Standard,1,10550.0
11189,1081,Corporate,2025-10-02,2025-10-07,Standard,1,11970.0
11190,1004,Leisure,2025-10-02,2025-10-04,Deluxe,1,19182.0
11191,1031,Corporate,2025-10-02,2025-10-06,Deluxe,1,16886.0
11192,1071,Leisure,2025-10-02,2025-10-05,Standard,1,11417.0
11193,1012,Corporate,2025-10-02,2025-10-03,Deluxe,1,15737.0
11194,1014,Travel Agency,2025-10-02,2025-10-06,Deluxe,1,17028.0
11195,1113,Travel Agency,2025-10-02,2025-10-04,Standard,1,10359.0
11196,1032,Travel Agency,2025-10-02,2025-10-03,Standard,1,12225.0
11197,1042,Event Group,2025-10-02,2025-10-05,Deluxe,1,16404.0
11198,1072,Travel Agency,2025-10-02,2025-10-04,Standard,1,12137.0
11199,1082,Travel Agency,2025-10-02,2025-10-03,Deluxe,1,16017.0
11200,1098,Corporate,2025-10-02,2025-10-05,Deluxe,1,15843.0
11201,1081,Corporate,2025-10-02,2025-10-04,Standard,1,12046.0
11202,1078,Leisure,2025-10-02,2025-10-03,Family,1,22961.0
11203,1111,Travel Agency,2025-10-02,2025-10-05,Standard,1,10142.0
11204,1049,Event Group,2025-10-02,2025-10-03,Deluxe,1,18771.0
11205,1082,Leisure,2025-10-02,2025-10-03,Standard,1,10400.0
11206,1053,Leisure,2025-10-02,2025-10-04,Suite,1,31467.0
11207,1109,Leisure,2025-10-02,2025-10-04,Deluxe,1,17360.0
11208,1058,Leisure,2025-10-03,2025-10-06,Standard,1,11014.0
11209,1049,Leisure,2025-10-03,2025-10-06,Deluxe,1,15419.0
11210,1119,Travel Agency,2025-10-03,2025-10-07,Standard,1,10486.0
11211,1041,Travel Agency,2025-10-03,2025-10-05,Deluxe,1,14913.0
11212,1062,Leisure,2025-10-03,2025-10-07,Deluxe,1,17414.0
11213,1060,Travel Agency,2025-10-03,2025-10-06,Standard,1,11289.0
11214,1018,Leisure,2025-10-03,2025-10-06,Standard,1,11539.0
11215,1073,Travel Agency,2025-10-03,2025-10-06,Standard,1,11737.0
11216,1012,Corporate,2025-10-03,2025-10-05,Standard,1,13528.0
11217,1044,Leisure,2025-10-03,2025-10-06,Family,1,21362.0
11218,1070,Leisure,2025-10-03,2025-10-05,Standard,1,11191.0
11219,1047,Travel Agency,2025-10-03,2025-10-05,Family,1,26148.0
11220,1121,Event Group,2025-10-03,2025-10-08,Standard,1,11579.0
11221,1057,Corporate,2025-10-03,2025-10-04,Standard,1,10833.0
11222,1066,Travel Agency,2025-10-03,2025-10-05,Deluxe,1,15568.0
11223,1021,Corporate,2025-10-03,2025-10-04,Deluxe,1,16350.0
11224,1097,Leisure,2025-10-03,2025-10-06,Deluxe,1,14832.0
11225,1069,Leisure,2025-10-03,2025-10-05,Family,1,23542.0
11226,1077,Corporate,2025-10-03,2025-10-06,Standard,1,12635.0
11227,1002,Travel Agency,2025-10-03,2025-10-06,Deluxe,1,15697.0
11228,1011,Leisure,2025-10-03,2025-10-04,Standard,1,10122.0
11229,1106,Travel Agency,2025-10-03,2025-10-04,Standard,1,11449.0
11230,1082,Leisure,2025-10-03,2025-10-07,Deluxe,1,17324.0
11231,1091,Leisure,2025-10-03,2025-10-07,Deluxe,1,16248.0
11232,1068,Corporate,2025-10-03,2025-10-06,Standard,1,11837.0
11233,1107,Leisure,2025-10-03,2025-10-06,Deluxe,1,16746.0
11234,1079,Corporate,2025-10-03,2025-10-06,Suite,1,31863.0
11235,1051,Corporate,2025-10-03,2025-10-05,Standard,1,11076.0
11236,1078,Corporate,2025-10-03,2025-10-04,Family,1,20418.0
11237,1019,Leisure,2025-10-03,2025-10-05,Standard,1,12815.0
11238,1055,Travel Agency,2025-10-03,2025-10-05,Suite,1,31260.0
11239,1060,Travel Agency,2025-10-03,2025-10-04,Standard,1,12466.0
11240,1079,Leisure,2025-10-03,2025-10-04,Standard,1,12029.0
11241,1117,Travel Agency,2025-10-04,2025-10-05,Deluxe,1,16003.0
11242,1011,Event Group,2025-10-04,2025-10-06,Deluxe,1,17558.0
11243,1051,Leisure,2025-10-04,2025-10-09,Standard,1,11475.0
11244,1082,Travel Agency,2025-10-04,2025-10-05,Standard,1,10157.0
11245,1125,Corporate,2025-10-04,2025-10-05,Standard,1,12782.0
11246,1045,Travel Agency,2025-10-04,2025-10-07,Deluxe,1,16340.0
11247,1024,Travel Agency,2025-10-04,2025-10-05,Standard,1,13277.0
11248,1054,Event Group,2025-10-04,2025-10-08,Family,1,21780.0
11249,1012,Travel Agency,2025-10-04,2025-10-07,Suite,1,32038.0
11250,1030,Corporate,2025-10-04,2025-10-06,Standard,1,11218.0
11251,1043,Leisure,2025-10-04,2025-10-07,Deluxe,1,15574.0
11252,1103,Corporate,2025-10-04,2025-10-06,Standard,1,11699.0
11253,1073,Corporate,2025-10-04,2025-10-07,Standard,1,12112.0
11254,1084,Leisure,2025-10-04,2025-10-06,Standard,1,9924.0
11255,1100,Travel Agency,2025-10-04,2025-10-06,Standard,1,11956.0
11256,1009,Leisure,2025-10-04,2025-10-06,Deluxe,1,17203.0
11257,1110,Corporate,2025-10-04,2025-10-05,Standard,1,10983.0
11258,1041,Corporate,2025-10-04,2025-10-08,Standard,1,10336.0
11259,1086,Leisure,2025-10-04,2025-10-08,Standard,1,10843.0
11260,1006,Leisure,2025-10-04,2025-10-09,Standard,1,12546.0
11261,1020,Corporate,2025-10-04,2025-10-06,Family,1,24129.0
11262,1027,Leisure,2025-10-04,2025-10-05,Deluxe,1,15265.0
11263,1039,Corporate,2025-10-04,2025-10-06,Standard,1,12762.0
11264,1116,Travel Agency,2025-10-04,2025-10-06,Deluxe,1,13793.0
11265,1067,Corporate,2025-10-04,2025-10-09,Suite,1,31906.0
11266,1103,Corporate,2025-10-04,2025-10-06,Standard,1,11227.0
11267,1078,Corporate,2025-10-04,2025-10-05,Standard,1,11282.0
11268,1020,Corporate,2025-10-04,2025-10-06,Standard,1,10175.0
11269,1017,Travel Agency,2025-10-04,2025-10-07,Deluxe,1,15911.0
11270,1096,Corporate,2025-10-04,2025-10-09,Standard,1,10722.0
11271,1117,Leisure,2025-10-04,2025-10-05,Suite,1,28680.0
11272,1099,Event Group,2025-10-04,2025-10-07,Deluxe,1,16769.0
11273,1031,Corporate,2025-10-05,2025-10-08,Deluxe,1,17617.0
11274,1119,Corporate,2025-10-05,2025-10-06,Deluxe,1,16938.0
11275,1012,Corporate,2025-10-05,2025-10-07,Family,1,24709.0
11276,1074,Leisure,2025-10-05,2025-10-07,Deluxe,1,17844.0
11277,1122,Travel Agency,2025-10-05,2025-10-07,Standard,1,11971.0
11278,1091,Corporate,2025-10-05,2025-10-06,Family,1,23671.0
11279,1048,Leisure,2025-10-05,2025-10-06,Standard,1,11303.0
11280,1070,Leisure,2025-10-05,2025-10-07,Standard,1,11843.0
11281,1082,Leisure,2025-10-05,2025-10-08,Family,1,25941.0
11282,1117,Event Group,2025-10-05,2025-10-06,Standard,1,11385.0
11283,1012,Corporate,2025-10-05,2025-10-07,Deluxe,1,17335.0
11284,1086,Corporate,2025-10-05,2025-10-07,Deluxe,1,14885.0
11285,1071,Leisure,2025-10-05,2025-10-06,Deluxe,1,17561.0
11286,1049,Leisure,2025-10-05,2025-10-09,Standard,1,12098.0
11287,1083,Corporate,2025-10-05,2025-10-07,Standard,1,10346.0
11288,1082,Travel Agency,2025-10-05,2025-10-10,Family,1,24208.0
11289,1018,Corporate,2025-10-05,2025-10-09,Deluxe,1,16604.0
11290,1026,Travel Agency,2025-10-05,2025-10-06,Family,1,21833.0
11291,1021,Leisure,2025-10-05,2025-10-09,Standard,1,10354.0
11292,1018,Leisure,2025-10-05,2025-10-06,Standard,1,12505.0
11293,1079,Event Group,2025-10-05,2025-10-08,Family,1,21068.0
11294,1012,Corporate,2025-10-05,2025-10-06,Standard,1,11279.0
11295,1076,Corporate,2025-10-05,2025-10-06,Standard,1,12299.0
11296,1042,Leisure,2025-10-05,2025-10-08,Standard,1,11949.0
11297,1039,Corporate,2025-10-05,2025-10-06,Standard,1,11560.0
11298,1036,Travel Agency,2025-10-05,2025-10-08,Suite,1,30632.0
11299,1097,Event Group,2025-10-05,2025-10-06,Deluxe,1,14750.0
11300,1041,Leisure,2025-10-05,2025-10-08,Deluxe,1,19009.0
11301,1042,Corporate,2025-10-05,2025-10-06,Family,1,22197.0
11302,1023,Leisure,2025-10-05,2025-10-06,Deluxe,1,16615.0
11303,1004,Corporate,2025-10-05,2025-10-08,Standard,1,11036.0
11304,1016,Leisure,2025-10-05,2025-10-08,Standard,1,11797.0
11305,1033,Leisure,2025-10-05,2025-10-09,Standard,1,10807.0
11306,1023,Corporate,2025-10-05,2025-10-06,Deluxe,1,16965.0
11307,1097,Leisure,2025-10-05,2025-10-09,Family,1,23013.0
11308,1072,Corporate,2025-10-05,2025-10-06,Standard,1,11460.0
11309,1001,Leisure,2025-10-06,2025-10-08,Standard,1,10681.0
11310,1017,Corporate,2025-10-06,2025-10-08,Deluxe,1,18571.0
11311,1091,Corporate,2025-10-06,2025-10-08,Standard,1,11536.0
11312,1063,Corporate,2025-10-06,2025-10-07,Suite,1,27060.0
11313,1063,Leisure,2025-10-06,2025-10-07,Deluxe,1,15279.0
11314,1041,Leisure,2025-10-06,2025-10-08,Family,1,23369.0
11315,1022,Leisure,2025-10-06,2025-10-07,Standard,1,11515.0
11316,1060,Event Group,2025-10-06,2025-10-08,Standard,1,12123.0
11317,1116,Travel Agency,2025-10-06,2025-10-09,Deluxe,1,17761.0
11318,1119,Leisure,2025-10-06,2025-10-07,Deluxe,1,17526.0
11319,1023,Corporate,2025-10-06,2025-10-08,Standard,1,10273.0
11320,1083,Leisure,2025-10-06,2025-10-07,Suite,1,31028.0
11321,1014,Travel Agency,2025-10-06,2025-10-07,Standard,1,10733.0
11322,1038,Corporate,2025-10-06,2025-10-09,Deluxe,1,15928.0
11323,1072,Travel Agency,2025-10-06,2025-10-08,Standard,1,12115.0
11324,1042,Leisure,2025-10-06,2025-10-08,Suite,1,30124.0
11325,1018,Travel Agency,2025-10-06,2025-10-08,Standard,1,11468.0
11326,1074,Travel Agency,2025-10-06,2025-10-08,Deluxe,1,17073.0
11327,1038,Event Group,2025-10-06,2025-10-09,Deluxe,1,16734.0
11328,1075,Corporate,2025-10-06,2025-10-10,Deluxe,1,15586.0
11329,1118,Corporate,2025-10-06,2025-10-07,Family,1,23736.0
11330,1103,Leisure,2025-10-06,2025-10-08,Deluxe,1,16193.0
11331,1041,Corporate,2025-10-06,2025-10-07,Deluxe,1,15049.0
11332,1030,Corporate,2025-10-06,2025-10-08,Deluxe,1,16406.0
11333,1089,Event Group,2025-10-06,2025-10-11,Deluxe,1,15812.0
11334,1121,Leisure,2025-10-06,2025-10-10,Standard,1,10717.0
11335,1094,Travel Agency,2025-10-06,2025-10-10,Family,1,23202.0
11336,1077,Travel Agency,2025-10-06,2025-10-09,Suite,1,26927.0
11337,1101,Leisure,2025-10-06,2025-10-07,Deluxe,1,14104.0
11338,1012,Travel Agency,2025-10-06,2025-10-08,Deluxe,1,16395.0
11339,1096,Leisure,2025-10-06,2025-10-07,Deluxe,1,16808.0
11340,1045,Corporate,2025-10-06,2025-10-07,Family,1,22031.0
11341,1023,Event Group,2025-10-06,2025-10-07,Deluxe,1,17353.0
11342,1069,Leisure,2025-10-06,2025-10-07,Standard,1,10944.0
11343,1056,Leisure,2025-10-06,2025-10-10,Family,1,21788.0
11344,1029,Corporate,2025-10-06,2025-10-09,Standard,1,11150.0
11345,1044,Corporate,2025-10-06,2025-10-07,Deluxe,1,15901.0
11346,1067,Event Group,2025-10-06,2025-10-10,Standard,1,13058.0
11347,1033,Leisure,2025-10-06,2025-10-08,Deluxe,1,18672.0
11348,1086,Leisure,2025-10-06,2025-10-10,Deluxe,1,16594.0
11349,1051,Corporate,2025-10-06,2025-10-07,Deluxe,1,15488.0
11350,1101,Leisure,2025-10-06,2025-10-08,Deluxe,1,16697.0
11351,1096,Event Group,2025-10-06,2025-10-07,Standard,1,11941.0
11352,1001,Leisure,2025-10-06,2025-10-07,Standard,1,12885.0
11353,1021,Corporate,2025-10-07,2025-10-08,Family,1,22882.0
11354,1073,Event Group,2025-10-07,2025-10-10,Standard,1,12277.0
11355,1016,Leisure,2025-10-07,2025-10-08,Suite,1,26722.0
11356,1043,Leisure,2025-10-07,2025-10-09,Deluxe,1,15568.0
11357,1031,Leisure,2025-10-07,2025-10-08,Family,1,24249.0
11358,1115,Travel Agency,2025-10-07,2025-10-09,Standard,1,12043.0
11359,1077,Leisure,2025-10-07,2025-10-08,Deluxe,1,16425.0
11360,1035,Corporate,2025-10-07,2025-10-12,Standard,1,10438.0
11361,1076,Travel Agency,2025-10-07,2025-10-08,Standard,1,11647.0
11362,1069,Corporate,2025-10-07,2025-10-09,Standard,1,11571.0
11363,1061,Event Group,2025-10-07,2025-10-08,Deluxe,1,17250.0
11364,1050,Leisure,2025-10-07,2025-10-10,Deluxe,1,16452.0
11365,1045,Travel Agency,2025-10-07,2025-10-10,Standard,1,11573.0
11366,1004,Leisure,2025-10-07,2025-10-09,Standard,1,11840.0
11367,1015,Corporate,2025-10-07,2025-10-09,Deluxe,1,17776.0
11368,1048,Leisure,2025-10-07,2025-10-08,Standard,1,12144.0
11369,1004,Event Group,2025-10-07,2025-10-10,Standard,1,10178.0
11370,1038,Leisure,2025-10-07,2025-10-08,Deluxe,1,15246.0
11371,1011,Leisure,2025-10-07,2025-10-09,Deluxe,1,15034.0
11372,1050,Leisure,2025-10-07,2025-10-11,Deluxe,1,16429.0
11373,1060,Travel Agency,2025-10-07,2025-10-08,Deluxe,1,17808.0
11374,1053,Corporate,2025-10-07,2025-10-08,Family,1,22786.0
11375,1081,Corporate,2025-10-07,2025-10-09,Deluxe,1,13818.0
11376,1091,Event Group,2025-10-07,2025-10-11,Deluxe,1,17389.0
11377,1105,Corporate,2025-10-07,2025-10-08,Deluxe,1,16488.0
11378,1016,Travel Agency,2025-10-07,2025-10-09,Standard,1,11398.0
11379,1118,Corporate,2025-10-07,2025-10-09,Standard,1,11388.0
11380,1092,Leisure,2025-10-07,2025-10-08,Deluxe,1,15627.0
11381,1113,Corporate,2025-10-07,2025-10-10,Suite,1,27123.0
11382,1065,Corporate,2025-10-07,2025-10-08,Standard,1,11905.0
11383,1102,Corporate,2025-10-07,2025-10-08,Family,1,19933.0
11384,1121,Travel Agency,2025-10-07,2025-10-08,Family,1,23739.0
11385,1012,Corporate,2025-10-08,2025-10-12,Deluxe,1,19660.0
11386,1057,Travel Agency,2025-10-08,2025-10-09,Standard,1,9965.0
11387,1077,Leisure,2025-10-08,2025-10-13,Deluxe,1,16129.0
11388,1009,Travel Agency,2025-10-08,2025-10-09,Standard,1,9715.0
11389,1089,Corporate,2025-10-08,2025-10-11,Family,1,19852.0
11390,1110,Leisure,2025-10-08,2025-10-13,Family,1,24518.0
11391,1048,Travel Agency,2025-10-08,2025-10-09,Deluxe,1,16321.0
11392,1059,Leisure,2025-10-08,2025-10-09,Standard,1,9915.0
11393,1102,Travel Agency,2025-10-08,2025-10-13,Suite,1,27999.0
11394,1050,Travel Agency,2025-10-08,2025-10-12,Deluxe,1,19557.0
11395,1109,Leisure,2025-10-08,2025-10-10,Deluxe,1,17661.0
11396,1099,Corporate,2025-10-08,2025-10-09,Standard,1,11789.0
11397,1052,Leisure,2025-10-08,2025-10-10,Standard,1,11190.0
11398,1048,Leisure,2025-10-08,2025-10-09,Family,1,23883.0
11399,1030,Leisure,2025-10-08,2025-10-11,Deluxe,1,17227.0
11400,1007,Leisure,2025-10-08,2025-10-09,Standard,1,10478.0
11401,1059,Event Group,2025-10-08,2025-10-10,Family,1,20985.0
11402,1083,Leisure,2025-10-08,2025-10-11,Standard,1,12097.0
11403,1011,Leisure,2025-10-08,2025-10-09,Standard,1,13492.0
11404,1065,Leisure,2025-10-08,2025-10-10,Standard,1,12087.0
11405,1125,Corporate,2025-10-08,2025-10-12,Standard,1,10894.0
11406,1058,Leisure,2025-10-08,2025-10-09,Standard,1,11519.0
11407,1125,Corporate,2025-10-08,2025-10-12,Family,1,24099.0
11408,1081,Corporate,2025-10-08,2025-10-09,Suite,1,29593.0
11409,1118,Leisure,2025-10-08,2025-10-09,Family,1,22126.0
11410,1094,Travel Agency,2025-10-08,2025-10-09,Deluxe,1,17724.0
11411,1119,Corporate,2025-10-08,2025-10-11,Standard,1,10868.0
11412,1044,Leisure,2025-10-08,2025-10-11,Suite,1,29837.0
11413,1109,Corporate,2025-10-08,2025-10-11,Standard,1,13102.0
11414,1025,Event Group,2025-10-08,2025-10-13,Standard,1,10585.0
11415,1120,Corporate,2025-10-08,2025-10-11,Deluxe,1,16289.0
11416,1020,Leisure,2025-10-08,2025-10-09,Family,1,22273.0
11417,1033,Leisure,2025-10-08,2025-10-12,Suite,1,28962.0
11418,1079,Travel Agency,2025-10-08,2025-10-10,Standard,1,11112.0
11419,1021,Event Group,2025-10-08,2025-10-09,Standard,1,11971.0
11420,1001,Leisure,2025-10-08,2025-10-11,Standard,1,11606.0
11421,1107,Event Group,2025-10-08,2025-10-09,Standard,1,11271.0
11422,1104,Travel Agency,2025-10-08,2025-10-12,Deluxe,1,16259.0
11423,1104,Corporate,2025-10-08,2025-10-09,Suite,1,30974.0
11424,1089,Corporate,2025-10-08,2025-10-09,Deluxe,1,13497.0
11425,1061,Leisure,2025-10-08,2025-10-09,Standard,1,10873.0
11426,1044,Travel Agency,2025-10-08,2025-10-09,Deluxe,1,16589.0
11427,1095,Travel Agency,2025-10-08,2025-10-12,Deluxe,1,18867.0
11428,1058,Leisure,2025-10-08,2025-10-10,Standard,1,11913.0
11429,1018,Corporate,2025-10-08,2025-10-09,Suite,1,30680.0
11430,1016,Leisure,2025-10-08,2025-10-09,Standard,1,12945.0
11431,1045,Leisure,2025-10-08,2025-10-13,Deluxe,1,16433.0
11432,1007,Leisure,2025-10-08,2025-10-11,Family,1,25879.0
11433,1017,Event Group,2025-10-08,2025-10-09,Family,1,28367.0
11434,1028,Corporate,2025-10-08,2025-10-13,Standard,1,12347.0
11435,1011,Travel Agency,2025-10-09,2025-10-10,Deluxe,1,18012.0
11436,1096,Leisure,2025-10-09,2025-10-11,Suite,1,28800.0
11437,1021,Corporate,2025-10-09,2025-10-10,Standard,1,13399.0
11438,1125,Travel Agency,2025-10-09,2025-10-12,Standard,1,13607.0
11439,1055,Corporate,2025-10-09,2025-10-12,Deluxe,1,19108.0
11440,1092,Leisure,2025-10-09,2025-10-10,Deluxe,1,17640.0
11441,1089,Travel Agency,2025-10-09,2025-10-10,Deluxe,1,14531.0
11442,1006,Corporate,2025-10-09,2025-10-10,Family,1,23126.0
11443,1007,Event Group,2025-10-09,2025-10-10,Deluxe,1,16934.0
11444,1040,Event Group,2025-10-09,2025-10-10,Suite,1,27064.0
11445,1045,Travel Agency,2025-10-09,2025-10-12,Deluxe,1,15473.0
11446,1046,Travel Agency,2025-10-09,2025-10-10,Standard,1,11347.0
11447,1068,Corporate,2025-10-09,2025-10-12,Standard,1,10151.0
11448,1077,Corporate,2025-10-09,2025-10-11,Standard,1,11915.0
11449,1070,Corporate,2025-10-09,2025-10-10,Standard,1,11149.0
11450,1053,Travel Agency,2025-10-09,2025-10-10,Family,1,25221.0
11451,1041,Leisure,2025-10-09,2025-10-12,Deluxe,1,14475.0
11452,1123,Event Group,2025-10-09,2025-10-11,Standard,1,11932.0
11453,1112,Corporate,2025-10-09,2025-10-11,Standard,1,11582.0
11454,1034,Leisure,2025-10-09,2025-10-10,Deluxe,1,17321.0
11455,1010,Leisure,2025-10-09,2025-10-11,Standard,1,11785.0
11456,1104,Corporate,2025-10-09,2025-10-12,Standard,1,11303.0
11457,1083,Corporate,2025-10-09,2025-10-12,Standard,1,11851.0
11458,1103,Leisure,2025-10-09,2025-10-12,Deluxe,1,17473.0
11459,1068,Travel Agency,2025-10-09,2025-10-11,Standard,1,11880.0
11460,1102,Travel Agency,2025-10-09,2025-10-12,Standard,1,10454.0
11461,1016,Event Group,2025-10-09,2025-10-10,Family,1,24362.0
11462,1076,Leisure,2025-10-09,2025-10-11,Deluxe,1,17307.0
11463,1102,Leisure,2025-10-09,2025-10-10,Standard,1,10905.0
11464,1017,Travel Agency,2025-10-09,2025-10-10,Deluxe,1,16921.0
11465,1028,Leisure,2025-10-09,2025-10-12,Standard,1,12730.0
11466,1095,Corporate,2025-10-09,2025-10-11,Deluxe,1,18318.0
11467,1015,Corporate,2025-10-09,2025-10-11,Family,1,21875.0
11468,1002,Travel Agency,2025-10-09,2025-10-11,Suite,1,32034.0
11469,1121,Leisure,2025-10-09,2025-10-12,Suite,1,30456.0
11470,1031,Leisure,2025-10-09,2025-10-12,Deluxe,1,16077.0
11471,1007,Corporate,2025-10-09,2025-10-11,Family,1,21599.0
11472,1028,Event Group,2025-10-09,2025-10-10,Deluxe,1,17590.0
11473,1122,Corporate,2025-10-09,2025-10-12,Deluxe,1,15763.0
11474,1066,Leisure,2025-10-10,2025-10-14,Standard,1,10858.0
11475,1042,Travel Agency,2025-10-10,2025-10-11,Suite,1,25392.0
11476,1044,Leisure,2025-10-10,2025-10-11,Standard,1,9407.0
11477,1045,Leisure,2025-10-10,2025-10-11,Standard,1,11110.0
11478,1051,Leisure,2025-10-10,2025-10-11,Standard,1,10492.0
11479,1061,Corporate,2025-10-10,2025-10-12,Deluxe,1,17189.0
11480,1092,Leisure,2025-10-10,2025-10-13,Family,1,24180.0
11481,1016,Leisure,2025-10-10,2025-10-11,Standard,1,12426.0
11482,1045,Travel Agency,2025-10-10,2025-10-11,Family,1,20189.0
11483,1078,Corporate,2025-10-10,2025-10-13,Standard,1,12480.0
11484,1028,Corporate,2025-10-10,2025-10-11,Standard,1,11290.0
11485,1043,Leisure,2025-10-10,2025-10-11,Standard,1,12423.0
11486,1125,Leisure,2025-10-10,2025-10-11,Suite,1,32677.0
11487,1039,Event Group,2025-10-10,2025-10-12,Deluxe,1,19057.0
11488,1078,Corporate,2025-10-10,2025-10-11,Deluxe,1,17994.0
11489,1092,Leisure,2025-10-10,2025-10-12,Standard,1,11838.0
11490,1092,Leisure,2025-10-10,2025-10-15,Standard,1,11214.0
11491,1113,Event Group,2025-10-10,2025-10-13,Standard,1,11063.0
11492,1105,Leisure,2025-10-10,2025-10-12,Standard,1,11752.0
11493,1068,Leisure,2025-10-10,2025-10-13,Suite,1,26925.0
11494,1038,Leisure,2025-10-10,2025-10-12,Standard,1,10867.0
11495,1077,Leisure,2025-10-10,2025-10-14,Standard,1,12206.0
11496,1075,Leisure,2025-10-10,2025-10-13,Family,1,21404.0
11497,1077,Leisure,2025-10-10,2025-10-11,Deluxe,1,19121.0
11498,1118,Corporate,2025-10-10,2025-10-11,Standard,1,12290.0
11499,1033,Leisure,2025-10-10,2025-10-11,Standard,1,12025.0
11500,1060,Leisure,2025-10-10,2025-10-11,Deluxe,1,15441.0
11501,1056,Leisure,2025-10-10,2025-10-12,Standard,1,12334.0
11502,1016,Leisure,2025-10-10,2025-10-11,Standard,1,11486.0
11503,1043,Travel Agency,2025-10-10,2025-10-13,Standard,1,12120.0
11504,1048,Leisure,2025-10-10,2025-10-13,Family,1,26745.0
11505,1104,Corporate,2025-10-10,2025-10-11,Standard,1,11766.0
11506,1108,Travel Agency,2025-10-11,2025-10-14,Deluxe,1,16377.0
11507,1077,Corporate,2025-10-11,2025-10-14,Standard,1,12526.0
11508,1067,Leisure,2025-10-11,2025-10-13,Standard,1,12969.0
11509,1065,Corporate,2025-10-11,2025-10-14,Suite,1,33098.0
11510,1122,Corporate,2025-10-11,2025-10-13,Standard,1,13807.0
11511,1092,Travel Agency,2025-10-11,2025-10-14,Deluxe,1,15657.0
11512,1068,Leisure,2025-10-11,2025-10-15,Deluxe,1,15515.0
11513,1114,Leisure,2025-10-11,2025-10-12,Standard,1,10698.0
11514,1040,Corporate,2025-10-11,2025-10-13,Deluxe,1,18738.0
11515,1014,Corporate,2025-10-11,2025-10-12,Deluxe,1,17871.0
11516,1056,Travel Agency,2025-10-11,2025-10-15,Family,1,29036.0
11517,1021,Corporate,2025-10-11,2025-10-15,Suite,1,26941.0
11518,1004,Corporate,2025-10-11,2025-10-12,Deluxe,1,17304.0
11519,1024,Travel Agency,2025-10-11,2025-10-16,Standard,1,10993.0
11520,1114,Travel Agency,2025-10-11,2025-10-12,Deluxe,1,15853.0
11521,1094,Event Group,2025-10-11,2025-10-13,Family,1,21499.0
11522,1034,Corporate,2025-10-11,2025-10-14,Deluxe,1,15930.0
11523,1046,Event Group,2025-10-11,2025-10-13,Deluxe,1,16842.0
11524,1072,Travel Agency,2025-10-11,2025-10-12,Family,1,22691.0
11525,1064,Leisure,2025-10-11,2025-10-13,Deluxe,1,15977.0
11526,1111,Leisure,2025-10-11,2025-10-12,Family,1,26048.0
11527,1109,Leisure,2025-10-11,2025-10-14,Deluxe,1,17698.0
11528,1079,Event Group,2025-10-11,2025-10-12,Suite,1,25754.0
11529,1081,Leisure,2025-10-11,2025-10-12,Deluxe,1,17623.0
11530,1071,Corporate,2025-10-11,2025-10-12,Deluxe,1,16444.0
11531,1031,Corporate,2025-10-11,2025-10-14,Deluxe,1,15447.0
11532,1120,Leisure,2025-10-11,2025-10-14,Standard,1,11681.0
11533,1041,Leisure,2025-10-11,2025-10-13,Deluxe,1,17305.0
11534,1123,Corporate,2025-10-11,2025-10-14,Deluxe,1,17168.0
11535,1106,Leisure,2025-10-11,2025-10-12,Family,1,24799.0
11536,1031,Leisure,2025-10-11,2025-10-12,Suite,1,28615.0
11537,1072,Leisure,2025-10-11,2025-10-12,Suite,1,25131.0
11538,1013,Leisure,2025-10-11,2025-10-13,Standard,1,13226.0
11539,1123,Corporate,2025-10-11,2025-10-12,Standard,1,12001.0
11540,1048,Leisure,2025-10-11,2025-10-13,Standard,1,11502.0
11541,1064,Corporate,2025-10-11,2025-10-12,Family,1,21141.0
11542,1082,Corporate,2025-10-11,2025-10-13,Standard,1,11586.0
11543,1110,Corporate,2025-10-11,2025-10-14,Standard,1,11491.0
11544,1120,Event Group,2025-10-11,2025-10-12,Standard,1,11667.0
11545,1009,Corporate,2025-10-11,2025-10-12,Deluxe,1,16576.0
11546,1017,Corporate,2025-10-11,2025-10-12,Standard,1,12911.0
11547,1072,Leisure,2025-10-11,2025-10-12,Standard,1,11306.0
11548,1056,Leisure,2025-10-11,2025-10-12,Standard,1,12221.0
11549,1065,Travel Agency,2025-10-11,2025-10-13,Standard,1,12001.0
11550,1042,Corporate,2025-10-11,2025-10-14,Standard,1,11158.0
11551,1066,Corporate,2025-10-11,2025-10-13,Suite,1,30125.0
11552,1024,Corporate,2025-10-11,2025-10-14,Family,1,20078.0
11553,1089,Leisure,2025-10-11,2025-10-13,Standard,1,11477.0
11554,1040,Corporate,2025-10-11,2025-10-12,Standard,1,12151.0
11555,1041,Corporate,2025-10-12,2025-10-14,Standard,1,11255.0
11556,1118,Leisure,2025-10-12,2025-10-15,Suite,1,26362.0
11557,1074,Leisure,2025-10-12,2025-10-14,Family,1,24109.0
11558,1120,Travel Agency,2025-10-12,2025-10-13,Standard,1,11592.0
11559,1113,Corporate,2025-10-12,2025-10-14,Deluxe,1,17465.0
11560,1036,Corporate,2025-10-12,2025-10-15,Standard,1,13079.0
11561,1112,Event Group,2025-10-12,2025-10-14,Standard,1,11298.0
11562,1123,Leisure,2025-10-12,2025-10-14,Family,1,21502.0
11563,1110,Leisure,2025-10-12,2025-10-17,Deluxe,1,15109.0
11564,1119,Corporate,2025-10-12,2025-10-13,Deluxe,1,16773.0
11565,1017,Leisure,2025-10-12,2025-10-14,Standard,1,11604.0
11566,1038,Travel Agency,2025-10-12,2025-10-14,Deluxe,1,18363.0
11567,1104,Travel Agency,2025-10-12,2025-10-16,Standard,1,10851.0
11568,1031,Corporate,2025-10-12,2025-10-14,Family,1,22365.0
11569,1115,Corporate,2025-10-12,2025-10-14,Family,1,23310.0
11570,1111,Leisure,2025-10-12,2025-10-15,Deluxe,1,18629.0
11571,1123,Corporate,2025-10-12,2025-10-15,Standard,1,10586.0
11572,1054,Leisure,2025-10-12,2025-10-13,Deluxe,1,15416.0
11573,1081,Leisure,2025-10-12,2025-10-15,Deluxe,1,15871.0
11574,1024,Corporate,2025-10-12,2025-10-13,Standard,1,12072.0
11575,1014,Leisure,2025-10-12,2025-10-13,Family,1,23131.0
11576,1028,Travel Agency,2025-10-12,2025-10-13,Standard,1,11060.0
11577,1020,Leisure,2025-10-12,2025-10-16,Suite,1,32037.0
11578,1116,Corporate,2025-10-12,2025-10-14,Standard,1,11509.0
11579,1028,Corporate,2025-10-12,2025-10-14,Deluxe,1,17860.0
11580,1083,Leisure,2025-10-12,2025-10-16,Deluxe,1,16755.0
11581,1086,Leisure,2025-10-12,2025-10-14,Deluxe,1,18482.0
11582,1039,Corporate,2025-10-12,2025-10-15,Standard,1,12526.0
11583,1078,Leisure,2025-10-12,2025-10-16,Standard,1,13509.0
11584,1052,Corporate,2025-10-12,2025-10-14,Deluxe,1,16191.0
11585,1031,Travel Agency,2025-10-12,2025-10-16,Standard,1,10032.0
11586,1110,Travel Agency,2025-10-12,2025-10-14,Deluxe,1,15459.0
11587,1046,Leisure,2025-10-12,2025-10-15,Standard,1,13575.0
11588,1112,Corporate,2025-10-12,2025-10-13,Suite,1,25712.0
11589,1088,Leisure,2025-10-12,2025-10-14,Standard,1,11751.0
11590,1023,Travel Agency,2025-10-12,2025-10-17,Deluxe,1,16913.0
11591,1026,Travel Agency,2025-10-12,2025-10-14,Deluxe,1,16000.0
11592,1068,Leisure,2025-10-12,2025-10-14,Standard,1,12009.0
11593,1109,Travel Agency,2025-10-12,2025-10-17,Standard,1,10296.0
11594,1052,Event Group,2025-10-13,2025-10-17,Deluxe,1,18955.0
11595,1059,Travel Agency,2025-10-13,2025-10-16,Deluxe,1,16842.0
11596,1049,Travel Agency,2025-10-13,2025-10-18,Deluxe,1,18718.0
11597,1063,Leisure,2025-10-13,2025-10-15,Deluxe,1,15535.0
11598,1041,Travel Agency,2025-10-13,2025-10-16,Family,1,22122.0
11599,1064,Corporate,2025-10-13,2025-10-14,Standard,1,12640.0
11600,1032,Corporate,2025-10-13,2025-10-15,Deluxe,1,16758.0
11601,1087,Travel Agency,2025-10-13,2025-10-17,Deluxe,1,17758.0
11602,1087,Leisure,2025-10-13,2025-10-15,Standard,1,11158.0
11603,1095,Corporate,2025-10-13,2025-10-15,Suite,1,27398.0
11604,1116,Travel Agency,2025-10-13,2025-10-14,Family,1,21767.0
11605,1074,Leisure,2025-10-13,2025-10-15,Standard,1,11503.0
11606,1085,Corporate,2025-10-13,2025-10-15,Suite,1,30026.0
11607,1115,Leisure,2025-10-13,2025-10-15,Standard,1,12555.0
11608,1109,Corporate,2025-10-13,2025-10-14,Family,1,20962.0
11609,1043,Corporate,2025-10-13,2025-10-16,Deluxe,1,17700.0
11610,1038,Leisure,2025-10-13,2025-10-15,Standard,1,12078.0
11611,1111,Corporate,2025-10-13,2025-10-15,Standard,1,10272.0
11612,1102,Travel Agency,2025-10-13,2025-10-16,Standard,1,12267.0
11613,1052,Travel Agency,2025-10-13,2025-10-18,Deluxe,1,16108.0
11614,1095,Travel Agency,2025-10-13,2025-10-15,Deluxe,1,16839.0
11615,1097,Corporate,2025-10-13,2025-10-14,Deluxe,1,17358.0
11616,1094,Leisure,2025-10-13,2025-10-14,Deluxe,1,17753.0
11617,1069,Leisure,2025-10-13,2025-10-17,Standard,1,11625.0
11618,1091,Travel Agency,2025-10-13,2025-10-18,Standard,1,12013.0
11619,1008,Event Group,2025-10-13,2025-10-16,Standard,1,11981.0
11620,1120,Event Group,2025-10-13,2025-10-14,Suite,1,32508.0
11621,1057,Corporate,2025-10-13,2025-10-16,Standard,1,13194.0
11622,1074,Event Group,2025-10-13,2025-10-14,Deluxe,1,18665.0
11623,1081,Travel Agency,2025-10-13,2025-10-16,Standard,1,11295.0
11624,1099,Leisure,2025-10-13,2025-10-17,Family,1,27027.0
11625,1030,Leisure,2025-10-13,2025-10-15,Deluxe,1,17801.0
11626,1112,Leisure,2025-10-13,2025-10-14,Standard,1,10574.0
11627,1113,Leisure,2025-10-13,2025-10-15,Suite,1,31176.0
11628,1051,Travel Agency,2025-10-13,2025-10-16,Suite,1,31638.0
11629,1122,Leisure,2025-10-13,2025-10-15,Standard,1,11346.0
11630,1026,Leisure,2025-10-13,2025-10-15,Standard,1,11663.0
11631,1117,Leisure,2025-10-13,2025-10-16,Family,1,24548.0
11632,1006,Leisure,2025-10-13,2025-10-14,Deluxe,1,15381.0
11633,1112,Leisure,2025-10-13,2025-10-15,Standard,1,10632.0
11634,1009,Corporate,2025-10-13,2025-10-14,Suite,1,28834.0
11635,1057,Leisure,2025-10-14,2025-10-15,Standard,1,12138.0
11636,1014,Leisure,2025-10-14,2025-10-15,Suite,1,29008.0
11637,1018,Leisure,2025-10-14,2025-10-17,Family,1,23180.0
11638,1094,Travel Agency,2025-10-14,2025-10-15,Standard,1,12095.0
11639,1063,Travel Agency,2025-10-14,2025-10-19,Standard,1,11607.0
11640,1022,Corporate,2025-10-14,2025-10-17,Deluxe,1,15807.0
11641,1115,Event Group,2025-10-14,2025-10-19,Deluxe,1,14414.0
11642,1009,Travel Agency,2025-10-14,2025-10-15,Deluxe,1,16512.0
11643,1070,Travel Agency,2025-10-14,2025-10-16,Deluxe,1,15893.0
11644,1060,Travel Agency,2025-10-14,2025-10-16,Standard,1,11825.0
11645,1090,Leisure,2025-10-14,2025-10-15,Standard,1,10595.0
11646,1118,Corporate,2025-10-14,2025-10-15,Standard,1,13582.0
11647,1115,Leisure,2025-10-14,2025-10-16,Deluxe,1,15290.0
11648,1083,Leisure,2025-10-14,2025-10-15,Deluxe,1,15788.0
11649,1065,Leisure,2025-10-14,2025-10-16,Deluxe,1,16552.0
11650,1079,Corporate,2025-10-14,2025-10-16,Deluxe,1,19145.0
11651,1097,Leisure,2025-10-14,2025-10-15,Standard,1,11317.0
11652,1118,Leisure,2025-10-14,2025-10-17,Standard,1,11598.0
11653,1101,Corporate,2025-10-14,2025-10-16,Family,1,20610.0
11654,1113,Travel Agency,2025-10-14,2025-10-15,Standard,1,10883.0
11655,1021,Travel Agency,2025-10-14,2025-10-17,Standard,1,11673.0
11656,1087,Leisure,2025-10-14,2025-10-15,Deluxe,1,18312.0
11657,1041,Corporate,2025-10-14,2025-10-15,Deluxe,1,17520.0
11658,1021,Leisure,2025-10-14,2025-10-16,Standard,1,11716.0
11659,1112,Leisure,2025-10-14,2025-10-18,Standard,1,12924.0
11660,1117,Leisure,2025-10-14,2025-10-17,Standard,1,13099.0
11661,1064,Leisure,2025-10-14,2025-10-15,Deluxe,1,16342.0
11662,1094,Corporate,2025-10-14,2025-10-17,Deluxe,1,17521.0
11663,1040,Corporate,2025-10-14,2025-10-18,Deluxe,1,14433.0
11664,1096,Leisure,2025-10-14,2025-10-18,Standard,1,10044.0
11665,1049,Leisure,2025-10-14,2025-10-18,Standard,1,12046.0
11666,1058,Leisure,2025-10-14,2025-10-16,Standard,1,11006.0
11667,1093,Corporate,2025-10-14,2025-10-17,Standard,1,11439.0
11668,1067,Event Group,2025-10-14,2025-10-18,Deluxe,1,18234.0
11669,1009,Corporate,2025-10-14,2025-10-16,Family,1,21882.0
11670,1052,Corporate,2025-10-14,2025-10-19,Standard,1,12026.0
11671,1101,Event Group,2025-10-14,2025-10-17,Standard,1,11821.0
11672,1050,Leisure,2025-10-14,2025-10-16,Deluxe,1,20135.0
11673,1095,Travel Agency,2025-10-14,2025-10-17,Standard,1,12041.0
11674,1065,Corporate,2025-10-14,2025-10-15,Standard,1,13201.0
11675,1024,Leisure,2025-10-14,2025-10-15,Family,1,26640.0
11676,1013,Travel Agency,2025-10-14,2025-10-15,Suite,1,29302.0
11677,1008,Leisure,2025-10-14,2025-10-16,Family,1,26064.0
11678,1065,Corporate,2025-10-14,2025-10-15,Standard,1,12694.0
11679,1054,Corporate,2025-10-15,2025-10-16,Deluxe,1,17961.0
11680,1027,Leisure,2025-10-15,2025-10-18,Standard,1,11073.0
11681,1079,Leisure,2025-10-15,2025-10-20,Standard,1,10953.0
11682,1011,Leisure,2025-10-15,2025-10-19,Deluxe,1,16196.0
11683,1068,Travel Agency,2025-10-15,2025-10-17,Standard,1,9926.0
11684,1077,Corporate,2025-10-15,2025-10-18,Standard,1,11187.0
11685,1038,Leisure,2025-10-15,2025-10-17,Deluxe,1,17416.0
11686,1066,Corporate,2025-10-15,2025-10-16,Suite,1,29394.0
11687,1066,Leisure,2025-10-15,2025-10-16,Deluxe,1,15888.0
11688,1048,Corporate,2025-10-15,2025-10-19,Standard,1,11862.0
11689,1075,Travel Agency,2025-10-15,2025-10-17,Family,1,21183.0
11690,1113,Corporate,2025-10-15,2025-10-18,Suite,1,32896.0
11691,1105,Leisure,2025-10-15,2025-10-18,Standard,1,12013.0
11692,1111,Corporate,2025-10-15,2025-10-17,Family,1,24906.0
11693,1017,Travel Agency,2025-10-15,2025-10-16,Family,1,22216.0
11694,1092,Corporate,2025-10-15,2025-10-16,Family,1,21736.0
11695,1048,Travel Agency,2025-10-15,2025-10-18,Suite,1,30466.0
11696,1104,Travel Agency,2025-10-15,2025-10-16,Standard,1,12512.0
11697,1041,Corporate,2025-10-15,2025-10-16,Standard,1,11123.0
11698,1061,Travel Agency,2025-10-15,2025-10-16,Deluxe,1,15461.0
11699,1025,Leisure,2025-10-15,2025-10-16,Family,1,21112.0
11700,1011,Corporate,2025-10-15,2025-10-20,Deluxe,1,17354.0
11701,1080,Leisure,2025-10-15,2025-10-17,Standard,1,12201.0
11702,1108,Leisure,2025-10-15,2025-10-16,Family,1,25912.0
11703,1124,Corporate,2025-10-15,2025-10-16,Family,1,22890.0
11704,1002,Corporate,2025-10-15,2025-10-17,Deluxe,1,15994.0
11705,1004,Leisure,2025-10-15,2025-10-16,Standard,1,11646.0
11706,1121,Corporate,2025-10-15,2025-10-16,Deluxe,1,15665.0
11707,1036,Corporate,2025-10-15,2025-10-17,Deluxe,1,17859.0
11708,1074,Leisure,2025-10-15,2025-10-16,Deluxe,1,14838.0
11709,1091,Corporate,2025-10-15,2025-10-16,Standard,1,11109.0
11710,1046,Corporate,2025-10-15,2025-10-18,Standard,1,12376.0
11711,1066,Leisure,2025-10-15,2025-10-16,Family,1,21750.0
11712,1119,Leisure,2025-10-15,2025-10-16,Deluxe,1,19819.0
11713,1001,Leisure,2025-10-15,2025-10-16,Deluxe,1,16528.0
11714,1044,Corporate,2025-10-15,2025-10-18,Deluxe,1,17020.0
11715,1055,Leisure,2025-10-15,2025-10-16,Deluxe,1,17318.0
11716,1070,Event Group,2025-10-15,2025-10-16,Family,1,24950.0
11717,1114,Leisure,2025-10-15,2025-10-16,Deluxe,1,17276.0
11718,1043,Event Group,2025-10-16,2025-10-19,Standard,1,12012.0
11719,1063,Leisure,2025-10-16,2025-10-18,Standard,1,11903.0
11720,1077,Travel Agency,2025-10-16,2025-10-17,Standard,1,11907.0
11721,1108,Event Group,2025-10-16,2025-10-21,Deluxe,1,18229.0
11722,1010,Leisure,2025-10-16,2025-10-19,Standard,1,12457.0
11723,1065,Travel Agency,2025-10-16,2025-10-18,Standard,1,11802.0
11724,1011,Corporate,2025-10-16,2025-10-17,Deluxe,1,14451.0
11725,1042,Leisure,2025-10-16,2025-10-18,Standard,1,11808.0
11726,1051,Travel Agency,2025-10-16,2025-10-18,Standard,1,12463.0
11727,1095,Travel Agency,2025-10-16,2025-10-19,Standard,1,11075.0
11728,1111,Leisure,2025-10-16,2025-10-19,Standard,1,10928.0
11729,1119,Leisure,2025-10-16,2025-10-19,Standard,1,13063.0
11730,1093,Leisure,2025-10-16,2025-10-18,Standard,1,13587.0
11731,1059,Corporate,2025-10-16,2025-10-18,Suite,1,32348.0
11732,1021,Leisure,2025-10-16,2025-10-17,Standard,1,12641.0
11733,1069,Leisure,2025-10-16,2025-10-20,Standard,1,9100.0
11734,1020,Leisure,2025-10-16,2025-10-17,Standard,1,9952.0
11735,1031,Corporate,2025-10-16,2025-10-18,Standard,1,12063.0
11736,1053,Travel Agency,2025-10-16,2025-10-18,Suite,1,28759.0
11737,1040,Leisure,2025-10-16,2025-10-21,Standard,1,12989.0
11738,1106,Corporate,2025-10-16,2025-10-17,Deluxe,1,15605.0
11739,1103,Corporate,2025-10-16,2025-10-18,Deluxe,1,16914.0
11740,1109,Corporate,2025-10-16,2025-10-19,Standard,1,11553.0
11741,1022,Leisure,2025-10-16,2025-10-17,Standard,1,12086.0
11742,1104,Leisure,2025-10-16,2025-10-20,Deluxe,1,16706.0
11743,1064,Corporate,2025-10-16,2025-10-18,Standard,1,9354.0
11744,1020,Travel Agency,2025-10-16,2025-10-20,Deluxe,1,17072.0
11745,1003,Corporate,2025-10-16,2025-10-20,Suite,1,29506.0
11746,1072,Leisure,2025-10-16,2025-10-17,Standard,1,11212.0
11747,1102,Travel Agency,2025-10-16,2025-10-19,Standard,1,11766.0
11748,1125,Travel Agency,2025-10-16,2025-10-19,Standard,1,11243.0
11749,1100,Leisure,2025-10-16,2025-10-21,Family,1,22761.0
11750,1098,Travel Agency,2025-10-16,2025-10-17,Standard,1,10951.0
11751,1018,Corporate,2025-10-16,2025-10-17,Standard,1,11062.0
11752,1042,Leisure,2025-10-16,2025-10-18,Suite,1,29877.0
11753,1062,Corporate,2025-10-16,2025-10-21,Family,1,24286.0
11754,1049,Travel Agency,2025-10-16,2025-10-18,Standard,1,11491.0
11755,1025,Travel Agency,2025-10-16,2025-10-17,Standard,1,9532.0
11756,1113,Travel Agency,2025-10-17,2025-10-18,Suite,1,29913.0
11757,1051,Leisure,2025-10-17,2025-10-18,Deluxe,1,17775.0
11758,1117,Event Group,2025-10-17,2025-10-18,Standard,1,11170.0
11759,1098,Leisure,2025-10-17,2025-10-19,Standard,1,11096.0
11760,1123,Event Group,2025-10-17,2025-10-18,Family,1,24925.0
11761,1064,Corporate,2025-10-17,2025-10-18,Standard,1,11247.0
11762,1010,Leisure,2025-10-17,2025-10-18,Standard,1,10878.0
11763,1039,Event Group,2025-10-17,2025-10-20,Deluxe,1,17023.0
11764,1053,Leisure,2025-10-17,2025-10-18,Standard,1,12391.0
11765,1079,Leisure,2025-10-17,2025-10-19,Deluxe,1,18075.0
11766,1123,Travel Agency,2025-10-17,2025-10-20,Deluxe,1,19851.0
11767,1090,Leisure,2025-10-17,2025-10-19,Deluxe,1,17685.0
11768,1028,Event Group,2025-10-17,2025-10-20,Deluxe,1,18183.0
11769,1019,Leisure,2025-10-17,2025-10-19,Family,1,22929.0
11770,1104,Travel Agency,2025-10-17,2025-10-19,Standard,1,11403.0
11771,1025,Leisure,2025-10-17,2025-10-21,Standard,1,11139.0
11772,1121,Leisure,2025-10-17,2025-10-18,Family,1,22581.0
11773,1008,Leisure,2025-10-17,2025-10-20,Standard,1,11348.0
11774,1125,Travel Agency,2025-10-17,2025-10-22,Standard,1,13032.0
11775,1099,Leisure,2025-10-17,2025-10-20,Standard,1,12197.0
11776,1098,Corporate,2025-10-17,2025-10-18,Family,1,24043.0
11777,1108,Leisure,2025-10-17,2025-10-19,Standard,1,11307.0
11778,1121,Travel Agency,2025-10-17,2025-10-19,Deluxe,1,16415.0
11779,1037,Travel Agency,2025-10-17,2025-10-18,Standard,1,11584.0
11780,1019,Leisure,2025-10-17,2025-10-19,Standard,1,11453.0
11781,1023,Leisure,2025-10-17,2025-10-21,Standard,1,10789.0
11782,1121,Leisure,2025-10-17,2025-10-21,Standard,1,11296.0
11783,1096,Corporate,2025-10-17,2025-10-19,Deluxe,1,17029.0
11784,1013,Corporate,2025-10-17,2025-10-20,Deluxe,1,17190.0
11785,1094,Event Group,2025-10-17,2025-10-18,Standard,1,11074.0
11786,1083,Travel Agency,2025-10-17,2025-10-18,Standard,1,11982.0
11787,1033,Corporate,2025-10-17,2025-10-19,Standard,1,13295.0
11788,1031,Corporate,2025-10-17,2025-10-19,Deluxe,1,16630.0
11789,1122,Travel Agency,2025-10-17,2025-10-19,Standard,1,11812.0
11790,1085,Leisure,2025-10-17,2025-10-21,Deluxe,1,14663.0
11791,1060,Travel Agency,2025-10-17,2025-10-18,Family,1,22693.0
11792,1090,Leisure,2025-10-17,2025-10-18,Deluxe,1,16462.0
11793,1022,Leisure,2025-10-17,2025-10-21,Standard,1,10871.0
11794,1108,Corporate,2025-10-17,2025-10-18,Standard,1,11715.0
11795,1103,Corporate,2025-10-17,2025-10-18,Deluxe,1,16358.0
11796,1068,Corporate,2025-10-18,2025-10-19,Standard,1,11988.0
11797,1095,Travel Agency,2025-10-18,2025-10-19,Standard,1,11095.0
11798,1053,Travel Agency,2025-10-18,2025-10-23,Standard,1,13321.0
11799,1122,Event Group,2025-10-18,2025-10-20,Standard,1,12401.0
11800,1116,Travel Agency,2025-10-18,2025-10-20,Standard,1,13051.0
11801,1008,Leisure,2025-10-18,2025-10-20,Family,1,22679.0
11802,1120,Travel Agency,2025-10-18,2025-10-20,Standard,1,11734.0
11803,1005,Corporate,2025-10-18,2025-10-21,Standard,1,11118.0
11804,1103,Leisure,2025-10-18,2025-10-19,Standard,1,12057.0
11805,1108,Leisure,2025-10-18,2025-10-19,Standard,1,10430.0
11806,1052,Leisure,2025-10-18,2025-10-19,Standard,1,13225.0
11807,1042,Leisure,2025-10-18,2025-10-21,Deluxe,1,15521.0
11808,1050,Corporate,2025-10-18,2025-10-19,Deluxe,1,17396.0
11809,1056,Leisure,2025-10-18,2025-10-20,Deluxe,1,18179.0
11810,1064,Corporate,2025-10-18,2025-10-22,Suite,1,30320.0
11811,1103,Corporate,2025-10-18,2025-10-19,Standard,1,11996.0
11812,1110,Travel Agency,2025-10-18,2025-10-21,Standard,1,11265.0
11813,1050,Corporate,2025-10-18,2025-10-21,Standard,1,12242.0
11814,1125,Leisure,2025-10-18,2025-10-23,Standard,1,12144.0
11815,1037,Corporate,2025-10-18,2025-10-20,Standard,1,13076.0
11816,1113,Travel Agency,2025-10-18,2025-10-19,Standard,1,11690.0
11817,1033,Corporate,2025-10-18,2025-10-20,Deluxe,1,17958.0
11818,1019,Leisure,2025-10-18,2025-10-20,Standard,1,11396.0
11819,1044,Travel Agency,2025-10-18,2025-10-23,Deluxe,1,15897.0
11820,1062,Leisure,2025-10-18,2025-10-19,Deluxe,1,17148.0
11821,1112,Corporate,2025-10-18,2025-10-21,Family,1,24577.0
11822,1059,Leisure,2025-10-18,2025-10-23,Suite,1,26666.0
11823,1119,Leisure,2025-10-18,2025-10-20,Family,1,22601.0
11824,1009,Travel Agency,2025-10-18,2025-10-21,Suite,1,32024.0
11825,1063,Leisure,2025-10-18,2025-10-20,Standard,1,10882.0
11826,1042,Corporate,2025-10-18,2025-10-19,Standard,1,10447.0
11827,1086,Travel Agency,2025-10-18,2025-10-22,Family,1,23216.0
11828,1073,Leisure,2025-10-18,2025-10-21,Suite,1,28605.0
11829,1060,Leisure,2025-10-18,2025-10-21,Deluxe,1,16267.0
11830,1013,Leisure,2025-10-19,2025-10-20,Standard,1,12244.0
11831,1064,Travel Agency,2025-10-19,2025-10-20,Family,1,22553.0
11832,1016,Leisure,2025-10-19,2025-10-22,Family,1,23730.0
11833,1012,Travel Agency,2025-10-19,2025-10-21,Deluxe,1,18753.0
11834,1063,Corporate,2025-10-19,2025-10-21,Standard,1,10172.0
11835,1106,Travel Agency,2025-10-19,2025-10-21,Standard,1,9880.0
11836,1028,Leisure,2025-10-19,2025-10-20,Standard,1,10450.0
11837,1008,Leisure,2025-10-19,2025-10-21,Deluxe,1,16176.0
11838,1009,Travel Agency,2025-10-19,2025-10-21,Standard,1,10974.0
11839,1044,Travel Agency,2025-10-19,2025-10-21,Suite,1,26194.0
11840,1052,Corporate,2025-10-19,2025-10-20,Standard,1,11697.0
11841,1114,Leisure,2025-10-19,2025-10-22,Family,1,23501.0
11842,1001,Leisure,2025-10-19,2025-10-21,Standard,1,10307.0
11843,1105,Corporate,2025-10-19,2025-10-22,Deluxe,1,16707.0
11844,1122,Corporate,2025-10-19,2025-10-22,Deluxe,1,16469.0
11845,1005,Corporate,2025-10-19,2025-10-21,Standard,1,12184.0
11846,1079,Corporate,2025-10-19,2025-10-20,Suite,1,28741.0
11847,1103,Corporate,2025-10-19,2025-10-22,Deluxe,1,15938.0
11848,1018,Corporate,2025-10-19,2025-10-24,Standard,1,11928.0
11849,1051,Corporate,2025-10-19,2025-10-20,Suite,1,26845.0
11850,1068,Travel Agency,2025-10-19,2025-10-22,Standard,1,10092.0
11851,1073,Leisure,2025-10-19,2025-10-22,Deluxe,1,18150.0
11852,1045,Travel Agency,2025-10-19,2025-10-21,Deluxe,1,15390.0
11853,1071,Event Group,2025-10-19,2025-10-20,Standard,1,11163.0
11854,1038,Corporate,2025-10-19,2025-10-24,Standard,1,12008.0
11855,1106,Event Group,2025-10-19,2025-10-20,Family,1,22040.0
11856,1003,Travel Agency,2025-10-19,2025-10-21,Standard,1,11258.0
11857,1097,Corporate,2025-10-19,2025-10-20,Family,1,24629.0
11858,1088,Leisure,2025-10-19,2025-10-20,Family,1,21966.0
11859,1015,Leisure,2025-10-19,2025-10-20,Standard,1,11966.0
11860,1120,Leisure,2025-10-19,2025-10-20,Standard,1,12638.0
11861,1107,Corporate,2025-10-19,2025-10-22,Family,1,21214.0
11862,1094,Travel Agency,2025-10-20,2025-10-21,Standard,1,11714.0
11863,1043,Leisure,2025-10-20,2025-10-23,Family,1,19514.0
11864,1049,Corporate,2025-10-20,2025-10-21,Deluxe,1,15352.0
11865,1007,Leisure,2025-10-20,2025-10-21,Deluxe,1,17337.0
11866,1025,Leisure,2025-10-20,2025-10-22,Standard,1,11033.0
11867,1116,Corporate,2025-10-20,2025-10-23,Deluxe,1,18059.0
11868,1057,Corporate,2025-10-20,2025-10-24,Standard,1,11637.0
11869,1107,Corporate,2025-10-20,2025-10-22,Deluxe,1,16446.0
11870,1036,Leisure,2025-10-20,2025-10-23,Standard,1,12179.0
11871,1003,Leisure,2025-10-20,2025-10-23,Standard,1,11609.0
11872,1045,Corporate,2025-10-20,2025-10-22,Deluxe,1,14765.0
11873,1031,Corporate,2025-10-20,2025-10-21,Family,1,24120.0
11874,1067,Leisure,2025-10-20,2025-10-23,Standard,1,9098.0
11875,1124,Leisure,2025-10-20,2025-10-22,Standard,1,12241.0
11876,1109,Travel Agency,2025-10-20,2025-10-23,Deluxe,1,18248.0
11877,1024,Leisure,2025-10-20,2025-10-23,Suite,1,33738.0
11878,1075,Event Group,2025-10-20,2025-10-21,Family,1,22965.0
11879,1112,Corporate,2025-10-20,2025-10-21,Standard,1,12475.0
11880,1113,Travel Agency,2025-10-20,2025-10-24,Standard,1,10532.0
11881,1021,Leisure,2025-10-20,2025-10-22,Deluxe,1,19149.0
11882,1093,Leisure,2025-10-20,2025-10-21,Standard,1,11168.0
11883,1082,Corporate,2025-10-20,2025-10-21,Family,1,22320.0
11884,1025,Corporate,2025-10-20,2025-10-23,Standard,1,15215.0
11885,1027,Leisure,2025-10-20,2025-10-23,Standard,1,10745.0
11886,1102,Travel Agency,2025-10-20,2025-10-22,Deluxe,1,17432.0
11887,1053,Leisure,2025-10-20,2025-10-21,Standard,1,13251.0
11888,1025,Leisure,2025-10-20,2025-10-21,Standard,1,10341.0
11889,1080,Leisure,2025-10-20,2025-10-21,Standard,1,11019.0
11890,1042,Leisure,2025-10-20,2025-10-22,Family,1,20276.0
11891,1083,Corporate,2025-10-20,2025-10-21,Family,1,23463.0
11892,1077,Corporate,2025-10-20,2025-10-21,Family,1,21873.0
11893,1114,Leisure,2025-10-21,2025-10-23,Standard,1,11232.0
11894,1070,Leisure,2025-10-21,2025-10-22,Standard,1,12282.0
11895,1105,Leisure,2025-10-21,2025-10-23,Deluxe,1,15953.0
11896,1078,Travel Agency,2025-10-21,2025-10-24,Standard,1,11876.0
11897,1078,Leisure,2025-10-21,2025-10-22,Standard,1,11138.0
11898,1087,Travel Agency,2025-10-21,2025-10-23,Suite,1,30396.0
11899,1034,Corporate,2025-10-21,2025-10-24,Family,1,26910.0
11900,1083,Leisure,2025-10-21,2025-10-25,Family,1,21138.0
11901,1055,Leisure,2025-10-21,2025-10-23,Standard,1,13649.0
11902,1036,Leisure,2025-10-21,2025-10-23,Deluxe,1,16360.0
11903,1026,Leisure,2025-10-21,2025-10-25,Family,1,23663.0
11904,1022,Leisure,2025-10-21,2025-10-22,Deluxe,1,15625.0
11905,1043,Corporate,2025-10-21,2025-10-22,Suite,1,27413.0
11906,1091,Corporate,2025-10-21,2025-10-24,Standard,1,10978.0
11907,1052,Corporate,2025-10-21,2025-10-22,Family,1,23785.0
11908,1095,Leisure,2025-10-21,2025-10-23,Standard,1,10850.0
11909,1071,Leisure,2025-10-21,2025-10-24,Suite,1,30898.0
11910,1034,Event Group,2025-10-21,2025-10-22,Deluxe,1,18307.0
11911,1095,Travel Agency,2025-10-21,2025-10-23,Standard,1,12225.0
11912,1087,Corporate,2025-10-21,2025-10-23,Suite,1,26814.0
11913,1061,Travel Agency,2025-10-21,2025-10-23,Standard,1,11139.0
11914,1085,Leisure,2025-10-21,2025-10-24,Family,1,22073.0
11915,1090,Event Group,2025-10-21,2025-10-22,Standard,1,12848.0
11916,1089,Leisure,2025-10-21,2025-10-24,Standard,1,12307.0
11917,1107,Travel Agency,2025-10-21,2025-10-24,Standard,1,8973.0
11918,1059,Corporate,2025-10-21,2025-10-23,Deluxe,1,18070.0
11919,1015,Corporate,2025-10-21,2025-10-22,Standard,1,11029.0
11920,1078,Leisure,2025-10-21,2025-10-26,Deluxe,1,16114.0
11921,1008,Corporate,2025-10-21,2025-10-26,Deluxe,1,16471.0
11922,1072,Leisure,2025-10-21,2025-10-22,Deluxe,1,15329.0
11923,1074,Travel Agency,2025-10-21,2025-10-22,Deluxe,1,16167.0
11924,1075,Travel Agency,2025-10-21,2025-10-24,Standard,1,12143.0
11925,1016,Leisure,2025-10-21,2025-10-25,Standard,1,10643.0
11926,1050,Corporate,2025-10-21,2025-10-25,Suite,1,26851.0
11927,1011,Travel Agency,2025-10-21,2025-10-22,Standard,1,11263.0
11928,1043,Leisure,2025-10-21,2025-10-24,Family,1,24540.0
11929,1084,Leisure,2025-10-21,2025-10-24,Family,1,20591.0
11930,1031,Corporate,2025-10-21,2025-10-23,Standard,1,9963.0
11931,1015,Corporate,2025-10-21,2025-10-24,Standard,1,12569.0
11932,1119,Travel Agency,2025-10-21,2025-10-22,Standard,1,12173.0
11933,1020,Travel Agency,2025-10-21,2025-10-23,Standard,1,12887.0
11934,1073,Leisure,2025-10-21,2025-10-23,Deluxe,1,18638.0
11935,1112,Leisure,2025-10-21,2025-10-24,Deluxe,1,17905.0
11936,1010,Corporate,2025-10-21,2025-10-24,Standard,1,11006.0
11937,1100,Leisure,2025-10-21,2025-10-23,Standard,1,13556.0
11938,1058,Travel Agency,2025-10-21,2025-10-23,Standard,1,12241.0
11939,1050,Leisure,2025-10-21,2025-10-26,Deluxe,1,15591.0
11940,1029,Leisure,2025-10-21,2025-10-24,Standard,1,10021.0
11941,1063,Leisure,2025-10-22,2025-10-25,Deluxe,1,15405.0
11942,1124,Corporate,2025-10-22,2025-10-24,Standard,1,11358.0
11943,1010,Event Group,2025-10-22,2025-10-24,Deluxe,1,15428.0
11944,1078,Corporate,2025-10-22,2025-10-23,Family,1,22653.0
11945,1091,Leisure,2025-10-22,2025-10-23,Family,1,22892.0
11946,1124,Corporate,2025-10-22,2025-10-24,Standard,1,12020.0
11947,1109,Corporate,2025-10-22,2025-10-24,Suite,1,30833.0
11948,1061,Travel Agency,2025-10-22,2025-10-24,Family,1,20241.0
11949,1080,Corporate,2025-10-22,2025-10-25,Standard,1,11784.0
11950,1006,Leisure,2025-10-22,2025-10-24,Deluxe,1,16294.0
11951,1053,Leisure,2025-10-22,2025-10-23,Deluxe,1,18282.0
11952,1102,Leisure,2025-10-22,2025-10-24,Standard,1,8904.0
11953,1093,Leisure,2025-10-22,2025-10-26,Deluxe,1,16449.0
11954,1053,Leisure,2025-10-22,2025-10-24,Standard,1,10458.0
11955,1043,Leisure,2025-10-22,2025-10-25,Standard,1,13305.0
11956,1079,Leisure,2025-10-22,2025-10-23,Standard,1,11718.0
11957,1010,Leisure,2025-10-22,2025-10-23,Standard,1,9904.0
11958,1101,Corporate,2025-10-22,2025-10-24,Family,1,22822.0
11959,1015,Leisure,2025-10-22,2025-10-26,Deluxe,1,16995.0
11960,1017,Travel Agency,2025-10-22,2025-10-25,Deluxe,1,17100.0
11961,1111,Travel Agency,2025-10-22,2025-10-25,Family,1,21642.0
11962,1011,Leisure,2025-10-22,2025-10-23,Standard,1,12198.0
11963,1113,Leisure,2025-10-22,2025-10-24,Standard,1,11585.0
11964,1006,Event Group,2025-10-22,2025-10-24,Deluxe,1,17223.0
11965,1049,Corporate,2025-10-22,2025-10-24,Standard,1,10165.0
11966,1025,Leisure,2025-10-22,2025-10-24,Standard,1,11547.0
11967,1027,Travel Agency,2025-10-22,2025-10-24,Family,1,21832.0
11968,1111,Leisure,2025-10-22,2025-10-23,Family,1,23830.0
11969,1013,Travel Agency,2025-10-22,2025-10-23,Standard,1,11994.0
11970,1024,Travel Agency,2025-10-22,2025-10-24,Standard,1,12692.0
11971,1073,Leisure,2025-10-22,2025-10-23,Family,1,22627.0
11972,1023,Leisure,2025-10-22,2025-10-25,Family,1,26078.0
11973,1090,Leisure,2025-10-22,2025-10-23,Standard,1,11992.0
11974,1095,Corporate,2025-10-22,2025-10-26,Deluxe,1,15284.0
11975,1017,Corporate,2025-10-22,2025-10-23,Standard,1,11587.0
11976,1030,Corporate,2025-10-22,2025-10-25,Deluxe,1,16967.0
11977,1114,Corporate,2025-10-22,2025-10-23,Standard,1,11718.0
11978,1119,Corporate,2025-10-22,2025-10-23,Standard,1,10779.0
11979,1082,Corporate,2025-10-22,2025-10-24,Deluxe,1,16418.0
11980,1026,Event Group,2025-10-22,2025-10-27,Standard,1,10637.0
11981,1040,Leisure,2025-10-22,2025-10-24,Family,1,21703.0
11982,1031,Corporate,2025-10-22,2025-10-24,Deluxe,1,15927.0
11983,1028,Leisure,2025-10-22,2025-10-25,Deluxe,1,17193.0
11984,1096,Travel Agency,2025-10-22,2025-10-24,Family,1,25774.0
11985,1121,Event Group,2025-10-23,2025-10-28,Deluxe,1,15864.0
11986,1078,Leisure,2025-10-23,2025-10-25,Standard,1,11990.0
11987,1041,Travel Agency,2025-10-23,2025-10-25,Standard,1,12724.0
11988,1002,Leisure,2025-10-23,2025-10-25,Deluxe,1,17842.0
11989,1122,Leisure,2025-10-23,2025-10-28,Standard,1,11271.0
11990,1031,Corporate,2025-10-23,2025-10-25,Family,1,22202.0
11991,1044,Travel Agency,2025-10-23,2025-10-25,Standard,1,9763.0
11992,1083,Leisure,2025-10-23,2025-10-25,Deluxe,1,15383.0
11993,1077,Travel Agency,2025-10-23,2025-10-24,Deluxe,1,18769.0
11994,1062,Travel Agency,2025-10-23,2025-10-26,Suite,1,30256.0
11995,1087,Travel Agency,2025-10-23,2025-10-24,Standard,1,10466.0
11996,1057,Event Group,2025-10-23,2025-10-25,Family,1,19956.0
11997,1016,Corporate,2025-10-23,2025-10-26,Deluxe,1,17691.0
11998,1098,Corporate,2025-10-23,2025-10-27,Standard,1,11044.0
11999,1077,Leisure,2025-10-23,2025-10-24,Family,1,22094.0
12000,1043,Leisure,2025-10-23,2025-10-24,Deluxe,1,16866.0
12001,1065,Leisure,2025-10-23,2025-10-25,Deluxe,1,17797.0
12002,1009,Corporate,2025-10-23,2025-10-24,Deluxe,1,18274.0
12003,1031,Leisure,2025-10-23,2025-10-27,Standard,1,12189.0
12004,1104,Leisure,2025-10-23,2025-10-25,Deluxe,1,17421.0
12005,1096,Event Group,2025-10-23,2025-10-28,Standard,1,11729.0
12006,1045,Corporate,2025-10-23,2025-10-28,Family,1,22841.0
12007,1098,Leisure,2025-10-23,2025-10-25,Standard,1,13168.0
12008,1115,Corporate,2025-10-23,2025-10-26,Standard,1,12828.0
12009,1087,Travel Agency,2025-10-23,2025-10-25,Standard,1,10587.0
12010,1061,Corporate,2025-10-23,2025-10-25,Family,1,23492.0
12011,1017,Leisure,2025-10-23,2025-10-25,Family,1,24889.0
12012,1076,Corporate,2025-10-23,2025-10-24,Deluxe,1,19912.0
12013,1089,Leisure,2025-10-23,2025-10-26,Deluxe,1,19591.0
12014,1004,Corporate,2025-10-23,2025-10-24,Family,1,25472.0
12015,1007,Leisure,2025-10-23,2025-10-27,Deluxe,1,16094.0
12016,1072,Leisure,2025-10-23,2025-10-24,Standard,1,11232.0
12017,1102,Travel Agency,2025-10-23,2025-10-26,Standard,1,11324.0
12018,1040,Event Group,2025-10-23,2025-10-25,Suite,1,30622.0
12019,1004,Corporate,2025-10-23,2025-10-25,Deluxe,1,15876.0
12020,1085,Corporate,2025-10-24,2025-10-25,Standard,1,10609.0
12021,1118,Travel Agency,2025-10-24,2025-10-26,Family,1,20718.0
12022,1114,Travel Agency,2025-10-24,2025-10-27,Standard,1,9797.0
12023,1057,Leisure,2025-10-24,2025-10-26,Deluxe,1,17132.0
12024,1112,Corporate,2025-10-24,2025-10-25,Standard,1,12328.0
12025,1025,Corporate,2025-10-24,2025-10-25,Standard,1,12873.0
12026,1028,Travel Agency,2025-10-24,2025-10-27,Standard,1,11403.0
12027,1031,Corporate,2025-10-24,2025-10-26,Deluxe,1,16319.0
12028,1004,Corporate,2025-10-24,2025-10-25,Suite,1,27142.0
12029,1095,Leisure,2025-10-24,2025-10-26,Standard,1,13148.0
12030,1110,Leisure,2025-10-24,2025-10-27,Suite,1,32046.0
12031,1051,Corporate,2025-10-24,2025-10-26,Family,1,23823.0
12032,1036,Leisure,2025-10-24,2025-10-25,Family,1,22462.0
12033,1015,Leisure,2025-10-24,2025-10-27,Standard,1,12332.0
12034,1045,Leisure,2025-10-24,2025-10-26,Deluxe,1,17470.0
12035,1054,Corporate,2025-10-24,2025-10-26,Deluxe,1,17737.0
12036,1003,Corporate,2025-10-24,2025-10-27,Deluxe,1,16930.0
12037,1108,Leisure,2025-10-24,2025-10-28,Standard,1,12281.0
12038,1066,Travel Agency,2025-10-24,2025-10-25,Family,1,21353.0
12039,1112,Corporate,2025-10-24,2025-10-25,Family,1,23090.0
12040,1094,Leisure,2025-10-24,2025-10-26,Standard,1,12268.0
12041,1009,Corporate,2025-10-24,2025-10-27,Deluxe,1,15113.0
12042,1026,Travel Agency,2025-10-24,2025-10-27,Family,1,23396.0
12043,1107,Travel Agency,2025-10-24,2025-10-25,Standard,1,10561.0
12044,1044,Leisure,2025-10-24,2025-10-25,Deluxe,1,16652.0
12045,1008,Travel Agency,2025-10-24,2025-10-26,Standard,1,9733.0
12046,1070,Corporate,2025-10-24,2025-10-28,Family,1,21345.0
12047,1087,Event Group,2025-10-24,2025-10-27,Deluxe,1,16545.0
12048,1110,Corporate,2025-10-24,2025-10-28,Deluxe,1,16390.0
12049,1042,Corporate,2025-10-24,2025-10-27,Standard,1,11361.0
12050,1056,Leisure,2025-10-24,2025-10-25,Standard,1,11941.0
12051,1034,Corporate,2025-10-24,2025-10-25,Standard,1,11390.0
12052,1001,Travel Agency,2025-10-24,2025-10-26,Standard,1,12218.0
12053,1088,Corporate,2025-10-24,2025-10-26,Standard,1,11231.0
12054,1094,Corporate,2025-10-24,2025-10-26,Deluxe,1,18919.0
12055,1104,Event Group,2025-10-24,2025-10-25,Standard,1,11839.0
12056,1048,Leisure,2025-10-24,2025-10-27,Standard,1,11031.0
12057,1079,Corporate,2025-10-24,2025-10-27,Standard,1,11793.0
12058,1017,Leisure,2025-10-24,2025-10-28,Suite,1,34753.0
12059,1013,Leisure,2025-10-24,2025-10-28,Suite,1,33379.0
12060,1083,Corporate,2025-10-24,2025-10-28,Suite,1,34421.0
12061,1026,Corporate,2025-10-24,2025-10-25,Deluxe,1,16785.0
12062,1005,Travel Agency,2025-10-24,2025-10-27,Deluxe,1,17636.0
12063,1123,Leisure,2025-10-24,2025-10-25,Deluxe,1,17285.0
12064,1083,Leisure,2025-10-25,2025-10-27,Deluxe,1,16584.0
12065,1045,Leisure,2025-10-25,2025-10-28,Deluxe,1,18841.0
12066,1091,Leisure,2025-10-25,2025-10-27,Standard,1,10051.0
12067,1018,Corporate,2025-10-25,2025-10-28,Suite,1,30931.0
12068,1050,Corporate,2025-10-25,2025-10-28,Family,1,24102.0
12069,1084,Leisure,2025-10-25,2025-10-29,Deluxe,1,17907.0
12070,1054,Leisure,2025-10-25,2025-10-26,Deluxe,1,15697.0
12071,1105,Travel Agency,2025-10-25,2025-10-28,Deluxe,1,17435.0
12072,1107,Travel Agency,2025-10-25,2025-10-26,Standard,1,12858.0
12073,1046,Leisure,2025-10-25,2025-10-27,Family,1,24504.0
12074,1002,Leisure,2025-10-25,2025-10-26,Family,1,23149.0
12075,1072,Corporate,2025-10-25,2025-10-26,Standard,1,13079.0
12076,1067,Leisure,2025-10-25,2025-10-28,Family,1,25682.0
12077,1015,Corporate,2025-10-25,2025-10-26,Standard,1,9277.0
12078,1078,Corporate,2025-10-25,2025-10-27,Family,1,23315.0
12079,1001,Corporate,2025-10-25,2025-10-30,Standard,1,12656.0
12080,1039,Corporate,2025-10-25,2025-10-26,Standard,1,12422.0
12081,1022,Event Group,2025-10-25,2025-10-26,Standard,1,9944.0
12082,1065,Corporate,2025-10-25,2025-10-27,Standard,1,11875.0
12083,1039,Corporate,2025-10-25,2025-10-28,Standard,1,12322.0
12084,1062,Leisure,2025-10-25,2025-10-29,Family,1,22478.0
12085,1071,Corporate,2025-10-25,2025-10-29,Family,1,19190.0
12086,1119,Leisure,2025-10-25,2025-10-27,Standard,1,11368.0
12087,1088,Leisure,2025-10-25,2025-10-26,Standard,1,13202.0
12088,1029,Corporate,2025-10-25,2025-10-29,Deluxe,1,18226.0
12089,1045,Travel Agency,2025-10-25,2025-10-28,Suite,1,31058.0
12090,1105,Corporate,2025-10-25,2025-10-26,Standard,1,12178.0
12091,1106,Travel Agency,2025-10-25,2025-10-27,Deluxe,1,14811.0
12092,1111,Corporate,2025-10-25,2025-10-26,Deluxe,1,14634.0
12093,1040,Travel Agency,2025-10-25,2025-10-27,Standard,1,11564.0
12094,1062,Travel Agency,2025-10-25,2025-10-26,Deluxe,1,15260.0
12095,1079,Corporate,2025-10-25,2025-10-26,Family,1,21698.0
12096,1022,Event Group,2025-10-25,2025-10-27,Standard,1,12483.0
12097,1083,Corporate,2025-10-25,2025-10-28,Standard,1,10456.0
12098,1042,Corporate,2025-10-25,2025-10-27,Standard,1,11497.0
12099,1023,Corporate,2025-10-25,2025-10-28,Deluxe,1,15920.0
12100,1035,Travel Agency,2025-10-25,2025-10-27,Standard,1,10604.0
12101,1012,Leisure,2025-10-25,2025-10-26,Family,1,21901.0
12102,1116,Leisure,2025-10-25,2025-10-29,Deluxe,1,15487.0
12103,1005,Corporate,2025-10-26,2025-10-30,Standard,1,11439.0
12104,1028,Leisure,2025-10-26,2025-10-30,Standard,1,11955.0
12105,1032,Travel Agency,2025-10-26,2025-10-28,Standard,1,11472.0
12106,1097,Travel Agency,2025-10-26,2025-10-27,Standard,1,10872.0
12107,1016,Leisure,2025-10-26,2025-10-27,Deluxe,1,18827.0
12108,1086,Travel Agency,2025-10-26,2025-10-27,Family,1,20008.0
12109,1118,Travel Agency,2025-10-26,2025-10-28,Standard,1,13582.0
12110,1025,Travel Agency,2025-10-26,2025-10-27,Standard,1,9880.0
12111,1069,Leisure,2025-10-26,2025-10-28,Deluxe,1,13645.0
12112,1097,Leisure,2025-10-26,2025-10-29,Deluxe,1,16815.0
12113,1036,Event Group,2025-10-26,2025-10-27,Suite,1,29421.0
12114,1084,Leisure,2025-10-26,2025-10-28,Standard,1,10419.0
12115,1063,Leisure,2025-10-26,2025-10-27,Deluxe,1,19094.0
12116,1054,Corporate,2025-10-26,2025-10-27,Standard,1,12362.0
12117,1122,Leisure,2025-10-26,2025-10-29,Standard,1,10110.0
12118,1008,Corporate,2025-10-26,2025-10-27,Standard,1,11310.0
12119,1068,Event Group,2025-10-26,2025-10-27,Deluxe,1,17074.0
12120,1114,Corporate,2025-10-26,2025-10-27,Standard,1,11557.0
12121,1023,Corporate,2025-10-26,2025-10-27,Standard,1,10400.0
12122,1088,Event Group,2025-10-26,2025-10-29,Standard,1,10498.0
12123,1030,Leisure,2025-10-26,2025-10-27,Standard,1,11569.0
12124,1022,Leisure,2025-10-26,2025-10-27,Standard,1,10779.0
12125,1036,Leisure,2025-10-26,2025-10-28,Family,1,22902.0
12126,1117,Travel Agency,2025-10-26,2025-10-28,Suite,1,28780.0
12127,1036,Leisure,2025-10-26,2025-10-29,Family,1,21953.0
12128,1104,Event Group,2025-10-26,2025-10-29,Standard,1,10706.0
12129,1014,Corporate,2025-10-26,2025-10-30,Family,1,25043.0
12130,1059,Leisure,2025-10-26,2025-10-27,Deluxe,1,14604.0
12131,1106,Leisure,2025-10-26,2025-10-31,Suite,1,31616.0
12132,1056,Leisure,2025-10-26,2025-10-27,Deluxe,1,16223.0
12133,1029,Leisure,2025-10-26,2025-10-27,Standard,1,11606.0
12134,1117,Leisure,2025-10-26,2025-10-27,Standard,1,10716.0
12135,1009,Corporate,2025-10-26,2025-10-27,Standard,1,10504.0
12136,1029,Leisure,2025-10-26,2025-10-28,Standard,1,12290.0
12137,1101,Leisure,2025-10-26,2025-10-31,Family,1,23326.0
12138,1059,Leisure,2025-10-26,2025-10-29,Standard,1,12345.0
12139,1074,Corporate,2025-10-26,2025-10-29,Standard,1,12137.0
12140,1060,Travel Agency,2025-10-26,2025-10-30,Standard,1,11597.0
12141,1091,Corporate,2025-10-26,2025-10-30,Deluxe,1,17171.0
12142,1065,Leisure,2025-10-26,2025-10-29,Standard,1,11230.0
12143,1111,Leisure,2025-10-26,2025-10-27,Deluxe,1,16537.0
12144,1115,Corporate,2025-10-26,2025-10-28,Standard,1,10534.0
12145,1068,Corporate,2025-10-27,2025-10-30,Deluxe,1,15134.0
12146,1015,Leisure,2025-10-27,2025-10-28,Standard,1,10117.0
12147,1028,Leisure,2025-10-27,2025-10-29,Family,1,24090.0
12148,1044,Leisure,2025-10-27,2025-10-30,Standard,1,10355.0
12149,1059,Leisure,2025-10-27,2025-10-28,Suite,1,26051.0
12150,1075,Leisure,2025-10-27,2025-10-30,Deluxe,1,17444.0
12151,1050,Travel Agency,2025-10-27,2025-10-29,Standard,1,12776.0
12152,1090,Travel Agency,2025-10-27,2025-10-31,Family,1,22014.0
12153,1073,Leisure,2025-10-27,2025-10-31,Family,1,19698.0
12154,1083,Leisure,2025-10-27,2025-11-01,Standard,1,10704.0
12155,1080,Travel Agency,2025-10-27,2025-10-29,Suite,1,27023.0
12156,1061,Leisure,2025-10-27,2025-10-28,Standard,1,11834.0
12157,1033,Travel Agency,2025-10-27,2025-10-28,Standard,1,10704.0
12158,1026,Corporate,2025-10-27,2025-10-29,Standard,1,11808.0
12159,1041,Leisure,2025-10-27,2025-10-28,Family,1,23750.0
12160,1001,Leisure,2025-10-27,2025-10-30,Family,1,23315.0
12161,1110,Leisure,2025-10-27,2025-10-31,Suite,1,32151.0
12162,1093,Leisure,2025-10-27,2025-10-29,Deluxe,1,16919.0
12163,1009,Travel Agency,2025-10-27,2025-10-29,Deluxe,1,17437.0
12164,1071,Travel Agency,2025-10-27,2025-10-28,Standard,1,12399.0
12165,1124,Event Group,2025-10-27,2025-10-28,Deluxe,1,17612.0
12166,1056,Travel Agency,2025-10-27,2025-10-28,Standard,1,11642.0
12167,1072,Leisure,2025-10-27,2025-10-30,Standard,1,9842.0
12168,1052,Corporate,2025-10-27,2025-10-29,Standard,1,11843.0
12169,1068,Corporate,2025-10-27,2025-10-29,Standard,1,12516.0
12170,1125,Corporate,2025-10-27,2025-10-30,Standard,1,10910.0
12171,1100,Corporate,2025-10-27,2025-10-29,Deluxe,1,16205.0
12172,1099,Leisure,2025-10-27,2025-10-29,Standard,1,11332.0
12173,1057,Leisure,2025-10-27,2025-10-29,Standard,1,12316.0
12174,1034,Leisure,2025-10-27,2025-10-28,Standard,1,11431.0
12175,1105,Leisure,2025-10-27,2025-10-30,Family,1,23406.0
12176,1097,Corporate,2025-10-27,2025-10-28,Family,1,22808.0
12177,1019,Travel Agency,2025-10-27,2025-10-29,Deluxe,1,15885.0
12178,1106,Leisure,2025-10-27,2025-10-29,Deluxe,1,17572.0
12179,1055,Leisure,2025-10-27,2025-10-29,Standard,1,11751.0
12180,1092,Corporate,2025-10-27,2025-10-28,Standard,1,11237.0
12181,1061,Corporate,2025-10-27,2025-10-31,Standard,1,12435.0
12182,1007,Leisure,2025-10-27,2025-10-29,Standard,1,12031.0
12183,1040,Leisure,2025-10-27,2025-10-28,Standard,1,11550.0
12184,1019,Corporate,2025-10-28,2025-10-29,Suite,1,29423.0
12185,1034,Corporate,2025-10-28,2025-10-29,Standard,1,12361.0
12186,1095,Leisure,2025-10-28,2025-10-31,Family,1,22507.0
12187,1105,Leisure,2025-10-28,2025-10-29,Family,1,22441.0
12188,1101,Corporate,2025-10-28,2025-10-29,Deluxe,1,17564.0
12189,1089,Corporate,2025-10-28,2025-10-29,Standard,1,11837.0
12190,1029,Leisure,2025-10-28,2025-10-30,Standard,1,10451.0
12191,1004,Event Group,2025-10-28,2025-10-31,Standard,1,12194.0
12192,1104,Corporate,2025-10-28,2025-10-31,Suite,1,32636.0
12193,1008,Leisure,2025-10-28,2025-10-31,Deluxe,1,19264.0
12194,1026,Corporate,2025-10-28,2025-10-31,Family,1,24325.0
12195,1104,Corporate,2025-10-28,2025-10-30,Family,1,22202.0
12196,1058,Leisure,2025-10-28,2025-10-30,Standard,1,10282.0
12197,1003,Travel Agency,2025-10-28,2025-10-31,Standard,1,11320.0
12198,1029,Travel Agency,2025-10-28,2025-10-30,Standard,1,12452.0
12199,1039,Corporate,2025-10-28,2025-10-30,Suite,1,31391.0
12200,1055,Leisure,2025-10-28,2025-10-30,Deluxe,1,17033.0
12201,1050,Travel Agency,2025-10-28,2025-10-30,Deluxe,1,18188.0
12202,1025,Leisure,2025-10-28,2025-11-01,Deluxe,1,15591.0
12203,1102,Travel Agency,2025-10-28,2025-10-29,Deluxe,1,19636.0
12204,1096,Corporate,2025-10-28,2025-10-30,Suite,1,30669.0
12205,1089,Leisure,2025-10-28,2025-10-29,Deluxe,1,18669.0
12206,1108,Leisure,2025-10-28,2025-10-29,Suite,1,29384.0
12207,1073,Corporate,2025-10-28,2025-10-30,Deluxe,1,17648.0
12208,1066,Travel Agency,2025-10-28,2025-10-30,Deluxe,1,15824.0
12209,1033,Travel Agency,2025-10-28,2025-10-29,Standard,1,11577.0
12210,1054,Corporate,2025-10-28,2025-10-31,Deluxe,1,18741.0
12211,1040,Leisure,2025-10-28,2025-10-30,Deluxe,1,15529.0
12212,1027,Corporate,2025-10-28,2025-10-29,Deluxe,1,16737.0
12213,1125,Corporate,2025-10-28,2025-11-01,Suite,1,30653.0
12214,1090,Event Group,2025-10-28,2025-10-31,Deluxe,1,15943.0
12215,1072,Corporate,2025-10-28,2025-10-29,Family,1,24450.0
12216,1009,Corporate,2025-10-28,2025-10-29,Deluxe,1,18612.0
12217,1060,Corporate,2025-10-28,2025-10-30,Family,1,20045.0
12218,1081,Corporate,2025-10-28,2025-11-01,Standard,1,11434.0
12219,1059,Leisure,2025-10-28,2025-10-29,Standard,1,11179.0
12220,1075,Corporate,2025-10-28,2025-11-01,Family,1,23237.0
12221,1061,Corporate,2025-10-28,2025-11-02,Standard,1,12003.0
12222,1042,Event Group,2025-10-28,2025-10-31,Suite,1,28679.0
12223,1099,Corporate,2025-10-28,2025-10-29,Deluxe,1,16899.0
12224,1063,Event Group,2025-10-28,2025-10-30,Standard,1,12269.0
12225,1116,Leisure,2025-10-28,2025-10-29,Standard,1,12258.0
12226,1025,Corporate,2025-10-28,2025-10-29,Deluxe,1,17650.0
12227,1086,Travel Agency,2025-10-28,2025-10-29,Deluxe,1,16742.0
12228,1071,Travel Agency,2025-10-28,2025-10-31,Family,1,26758.0
12229,1079,Corporate,2025-10-28,2025-10-31,Family,1,21331.0
12230,1113,Corporate,2025-10-28,2025-10-29,Deluxe,1,17652.0
12231,1090,Leisure,2025-10-28,2025-10-29,Standard,1,11851.0
12232,1080,Leisure,2025-10-28,2025-10-30,Standard,1,12615.0
12233,1043,Corporate,2025-10-29,2025-10-30,Standard,1,10019.0
12234,1079,Travel Agency,2025-10-29,2025-10-31,Standard,1,11969.0
12235,1050,Corporate,2025-10-29,2025-11-01,Standard,1,11454.0
12236,1116,Corporate,2025-10-29,2025-11-01,Deluxe,1,15598.0
12237,1094,Corporate,2025-10-29,2025-10-31,Family,1,21883.0
12238,1054,Leisure,2025-10-29,2025-10-31,Deluxe,1,16727.0
12239,1068,Leisure,2025-10-29,2025-10-31,Suite,1,30307.0
12240,1078,Event Group,2025-10-29,2025-11-03,Suite,1,28862.0
12241,1014,Corporate,2025-10-29,2025-10-30,Suite,1,30128.0
12242,1028,Travel Agency,2025-10-29,2025-11-01,Standard,1,9658.0
12243,1071,Leisure,2025-10-29,2025-11-02,Standard,1,11930.0
12244,1028,Travel Agency,2025-10-29,2025-10-31,Deluxe,1,15385.0
12245,1069,Event Group,2025-10-29,2025-10-30,Standard,1,11906.0
12246,1022,Corporate,2025-10-29,2025-10-31,Deluxe,1,17355.0
12247,1080,Leisure,2025-10-29,2025-10-31,Family,1,22111.0
12248,1124,Leisure,2025-10-29,2025-11-01,Standard,1,11045.0
12249,1043,Leisure,2025-10-29,2025-11-01,Standard,1,11471.0
12250,1121,Event Group,2025-10-29,2025-11-02,Deluxe,1,18419.0
12251,1075,Corporate,2025-10-29,2025-11-01,Deluxe,1,15772.0
12252,1123,Leisure,2025-10-29,2025-10-31,Suite,1,28502.0
12253,1039,Leisure,2025-10-29,2025-10-31,Deluxe,1,18139.0
12254,1019,Leisure,2025-10-29,2025-11-01,Deluxe,1,14460.0
12255,1040,Event Group,2025-10-29,2025-10-31,Suite,1,27376.0
12256,1125,Corporate,2025-10-29,2025-11-01,Standard,1,11169.0
12257,1064,Corporate,2025-10-29,2025-10-31,Deluxe,1,18858.0
12258,1115,Leisure,2025-10-29,2025-10-30,Standard,1,10710.0
12259,1027,Corporate,2025-10-29,2025-10-30,Deluxe,1,17722.0
12260,1058,Travel Agency,2025-10-29,2025-10-31,Standard,1,12589.0
12261,1040,Leisure,2025-10-29,2025-10-30,Standard,1,11991.0
12262,1090,Event Group,2025-10-29,2025-11-01,Standard,1,12061.0
12263,1032,Travel Agency,2025-10-29,2025-10-31,Standard,1,11955.0
12264,1066,Travel Agency,2025-10-29,2025-10-31,Standard,1,12061.0
12265,1011,Travel Agency,2025-10-29,2025-11-01,Suite,1,28662.0
12266,1013,Corporate,2025-10-29,2025-10-31,Standard,1,10819.0
12267,1042,Corporate,2025-10-29,2025-11-01,Standard,1,12492.0
12268,1066,Leisure,2025-10-29,2025-10-30,Standard,1,10069.0
12269,1003,Leisure,2025-10-29,2025-10-30,Deluxe,1,16885.0
12270,1012,Travel Agency,2025-10-29,2025-10-30,Deluxe,1,14722.0
12271,1109,Leisure,2025-10-30,2025-11-01,Standard,1,10811.0
12272,1013,Event Group,2025-10-30,2025-10-31,Deluxe,1,15993.0
12273,1002,Travel Agency,2025-10-30,2025-11-01,Deluxe,1,15894.0
12274,1023,Corporate,2025-10-30,2025-11-03,Standard,1,11305.0
12275,1039,Corporate,2025-10-30,2025-11-02,Family,1,24390.0
12276,1124,Corporate,2025-10-30,2025-10-31,Family,1,18782.0
12277,1116,Travel Agency,2025-10-30,2025-11-01,Deluxe,1,15652.0
12278,1005,Leisure,2025-10-30,2025-10-31,Deluxe,1,16609.0
12279,1011,Corporate,2025-10-30,2025-11-01,Standard,1,12420.0
12280,1057,Leisure,2025-10-30,2025-11-01,Family,1,24452.0
12281,1124,Travel Agency,2025-10-30,2025-10-31,Standard,1,10846.0
12282,1020,Leisure,2025-10-30,2025-11-01,Suite,1,28215.0
12283,1053,Travel Agency,2025-10-30,2025-10-31,Standard,1,11972.0
12284,1077,Corporate,2025-10-30,2025-11-01,Deluxe,1,15264.0
12285,1105,Event Group,2025-10-30,2025-11-01,Standard,1,10949.0
12286,1124,Leisure,2025-10-30,2025-11-02,Standard,1,12486.0
12287,1090,Corporate,2025-10-30,2025-11-01,Standard,1,11095.0
12288,1100,Corporate,2025-10-30,2025-11-03,Suite,1,30196.0
12289,1050,Leisure,2025-10-30,2025-10-31,Standard,1,10571.0
12290,1031,Corporate,2025-10-30,2025-10-31,Standard,1,12100.0
12291,1053,Corporate,2025-10-30,2025-10-31,Standard,1,10151.0
12292,1058,Leisure,2025-10-30,2025-11-01,Suite,1,28128.0
12293,1032,Event Group,2025-10-30,2025-11-01,Deluxe,1,18813.0
12294,1022,Travel Agency,2025-10-30,2025-10-31,Deluxe,1,16616.0
12295,1122,Corporate,2025-10-30,2025-10-31,Deluxe,1,16015.0
12296,1052,Leisure,2025-10-30,2025-11-01,Standard,1,11023.0
12297,1020,Travel Agency,2025-10-30,2025-11-01,Standard,1,10328.0
12298,1053,Leisure,2025-10-30,2025-10-31,Family,1,25724.0
12299,1011,Corporate,2025-10-30,2025-11-02,Deluxe,1,15812.0
12300,1029,Leisure,2025-10-30,2025-11-03,Family,1,24331.0
12301,1020,Travel Agency,2025-10-30,2025-11-01,Deluxe,1,17407.0
12302,1011,Corporate,2025-10-30,2025-11-01,Deluxe,1,16229.0
12303,1039,Leisure,2025-10-30,2025-10-31,Deluxe,1,18013.0
12304,1087,Corporate,2025-10-30,2025-10-31,Deluxe,1,17387.0
12305,1112,Leisure,2025-10-30,2025-11-01,Standard,1,11878.0
12306,1057,Corporate,2025-10-30,2025-10-31,Standard,1,13002.0
12307,1050,Leisure,2025-10-30,2025-11-01,Standard,1,11795.0
12308,1108,Travel Agency,2025-10-30,2025-10-31,Family,1,23306.0
12309,1027,Travel Agency,2025-10-30,2025-11-02,Standard,1,10910.0
12310,1064,Leisure,2025-10-30,2025-11-01,Standard,1,11265.0
12311,1040,Travel Agency,2025-10-30,2025-11-01,Standard,1,9962.0
12312,1089,Corporate,2025-10-30,2025-10-31,Suite,1,27378.0
12313,1082,Leisure,2025-10-30,2025-11-02,Standard,1,11637.0
12314,1019,Travel Agency,2025-10-30,2025-11-03,Standard,1,12557.0
12315,1092,Corporate,2025-10-30,2025-10-31,Standard,1,12673.0
12316,1109,Leisure,2025-10-31,2025-11-02,Deluxe,1,15453.0
12317,1110,Travel Agency,2025-10-31,2025-11-05,Standard,1,12265.0
12318,1109,Corporate,2025-10-31,2025-11-03,Standard,1,11905.0
12319,1072,Corporate,2025-10-31,2025-11-02,Standard,1,13587.0
12320,1042,Corporate,2025-10-31,2025-11-03,Standard,1,11687.0
12321,1049,Leisure,2025-10-31,2025-11-04,Suite,1,29308.0
12322,1121,Corporate,2025-10-31,2025-11-01,Family,1,23809.0
12323,1101,Leisure,2025-10-31,2025-11-04,Standard,1,10479.0
12324,1009,Travel Agency,2025-10-31,2025-11-03,Suite,1,26536.0
12325,1004,Corporate,2025-10-31,2025-11-01,Family,1,22506.0
12326,1039,Travel Agency,2025-10-31,2025-11-02,Deluxe,1,17358.0
12327,1018,Corporate,2025-10-31,2025-11-02,Standard,1,12395.0
12328,1031,Corporate,2025-10-31,2025-11-04,Family,1,22501.0
12329,1087,Event Group,2025-10-31,2025-11-01,Standard,1,10271.0
12330,1076,Leisure,2025-10-31,2025-11-01,Deluxe,1,18151.0
12331,1029,Corporate,2025-10-31,2025-11-02,Standard,1,11781.0
12332,1003,Corporate,2025-10-31,2025-11-04,Standard,1,12287.0
12333,1046,Leisure,2025-10-31,2025-11-02,Standard,1,10300.0
12334,1105,Corporate,2025-10-31,2025-11-04,Suite,1,31266.0
12335,1012,Corporate,2025-10-31,2025-11-01,Family,1,22823.0
12336,1083,Leisure,2025-10-31,2025-11-04,Deluxe,1,17954.0
12337,1073,Leisure,2025-10-31,2025-11-02,Standard,1,10340.0
12338,1123,Leisure,2025-10-31,2025-11-01,Standard,1,11447.0
12339,1020,Event Group,2025-10-31,2025-11-01,Deluxe,1,16090.0
12340,1015,Corporate,2025-10-31,2025-11-03,Family,1,22111.0
12341,1021,Leisure,2025-10-31,2025-11-02,Standard,1,13228.0
12342,1024,Event Group,2025-10-31,2025-11-02,Suite,1,28610.0
12343,1045,Corporate,2025-10-31,2025-11-04,Deluxe,1,15456.0
12344,1110,Leisure,2025-10-31,2025-11-04,Family,1,23032.0
12345,1118,Event Group,2025-11-01,2025-11-06,Deluxe,1,15419.0
12346,1103,Travel Agency,2025-11-01,2025-11-02,Standard,1,9247.0
12347,1072,Corporate,2025-11-01,2025-11-04,Standard,1,8250.0
12348,1037,Leisure,2025-11-01,2025-11-05,Standard,1,9026.0
12349,1030,Leisure,2025-11-01,2025-11-02,Deluxe,1,12876.0
12350,1096,Corporate,2025-11-01,2025-11-02,Standard,1,10730.0
12351,1056,Travel Agency,2025-11-01,2025-11-04,Suite,1,24404.0
12352,1072,Corporate,2025-11-01,2025-11-05,Deluxe,1,13890.0
12353,1077,Event Group,2025-11-01,2025-11-05,Deluxe,1,15340.0
12354,1055,Corporate,2025-11-01,2025-11-02,Family,1,18088.0
12355,1010,Leisure,2025-11-01,2025-11-04,Standard,1,10247.0
12356,1111,Leisure,2025-11-01,2025-11-03,Standard,1,8787.0
12357,1003,Leisure,2025-11-01,2025-11-04,Family,1,17637.0
12358,1094,Leisure,2025-11-01,2025-11-05,Standard,1,10532.0
12359,1064,Event Group,2025-11-01,2025-11-02,Deluxe,1,15656.0
12360,1112,Leisure,2025-11-01,2025-11-02,Standard,1,9064.0
12361,1101,Leisure,2025-11-01,2025-11-03,Deluxe,1,13339.0
12362,1072,Corporate,2025-11-01,2025-11-02,Suite,1,23807.0
12363,1026,Leisure,2025-11-01,2025-11-04,Deluxe,1,15228.0
12364,1072,Corporate,2025-11-01,2025-11-03,Suite,1,24725.0
12365,1014,Leisure,2025-11-01,2025-11-03,Standard,1,10436.0
12366,1095,Travel Agency,2025-11-01,2025-11-03,Suite,1,24071.0
12367,1026,Travel Agency,2025-11-01,2025-11-04,Suite,1,26681.0
12368,1077,Leisure,2025-11-01,2025-11-02,Deluxe,1,14089.0
12369,1045,Leisure,2025-11-01,2025-11-03,Family,1,17763.0
12370,1030,Leisure,2025-11-01,2025-11-02,Family,1,21777.0
12371,1052,Travel Agency,2025-11-01,2025-11-04,Family,1,21779.0
12372,1100,Leisure,2025-11-01,2025-11-05,Standard,1,9155.0
12373,1074,Travel Agency,2025-11-01,2025-11-02,Deluxe,1,13221.0
12374,1053,Leisure,2025-11-01,2025-11-03,Standard,1,9121.0
12375,1102,Corporate,2025-11-01,2025-11-05,Standard,1,10601.0
12376,1075,Leisure,2025-11-01,2025-11-04,Suite,1,26759.0
12377,1082,Leisure,2025-11-01,2025-11-06,Standard,1,9786.0
12378,1041,Travel Agency,2025-11-01,2025-11-04,Deluxe,1,15972.0
12379,1106,Travel Agency,2025-11-01,2025-11-02,Standard,1,10834.0
12380,1050,Corporate,2025-11-01,2025-11-03,Standard,1,10257.0
12381,1054,Leisure,2025-11-01,2025-11-05,Suite,1,25402.0
12382,1065,Leisure,2025-11-01,2025-11-03,Deluxe,1,14574.0
12383,1023,Corporate,2025-11-01,2025-11-04,Deluxe,1,13143.0
12384,1073,Event Group,2025-11-01,2025-11-02,Suite,1,26528.0
12385,1054,Corporate,2025-11-01,2025-11-03,Standard,1,9818.0
12386,1061,Corporate,2025-11-02,2025-11-06,Deluxe,1,13036.0
12387,1124,Corporate,2025-11-02,2025-11-04,Deluxe,1,12000.0
12388,1092,Corporate,2025-11-02,2025-11-03,Standard,1,10526.0
12389,1028,Corporate,2025-11-02,2025-11-07,Standard,1,8490.0
12390,1033,Travel Agency,2025-11-02,2025-11-05,Family,1,17196.0
12391,1063,Travel Agency,2025-11-02,2025-11-03,Deluxe,1,13561.0
12392,1082,Corporate,2025-11-02,2025-11-04,Deluxe,1,15170.0
12393,1007,Travel Agency,2025-11-02,2025-11-04,Deluxe,1,12018.0
12394,1084,Leisure,2025-11-02,2025-11-03,Standard,1,9383.0
12395,1020,Travel Agency,2025-11-02,2025-11-04,Deluxe,1,14026.0
12396,1003,Event Group,2025-11-02,2025-11-06,Family,1,20663.0
12397,1083,Leisure,2025-11-02,2025-11-06,Deluxe,1,13327.0
12398,1018,Corporate,2025-11-02,2025-11-04,Standard,1,8359.0
12399,1122,Leisure,2025-11-02,2025-11-03,Deluxe,1,16988.0
12400,1120,Event Group,2025-11-02,2025-11-05,Standard,1,9928.0
12401,1107,Corporate,2025-11-02,2025-11-05,Deluxe,1,14642.0
12402,1083,Event Group,2025-11-02,2025-11-04,Deluxe,1,14276.0
12403,1103,Travel Agency,2025-11-02,2025-11-07,Suite,1,27199.0
12404,1123,Corporate,2025-11-02,2025-11-04,Deluxe,1,13471.0
12405,1065,Corporate,2025-11-02,2025-11-03,Standard,1,9783.0
12406,1078,Travel Agency,2025-11-02,2025-11-06,Standard,1,11117.0
12407,1086,Corporate,2025-11-03,2025-11-05,Deluxe,1,14351.0
12408,1053,Leisure,2025-11-03,2025-11-05,Standard,1,10307.0
12409,1123,Event Group,2025-11-03,2025-11-04,Deluxe,1,13349.0
12410,1018,Leisure,2025-11-03,2025-11-06,Family,1,21376.0
12411,1047,Leisure,2025-11-03,2025-11-07,Standard,1,8990.0
12412,1063,Leisure,2025-11-03,2025-11-05,Standard,1,9989.0
12413,1010,Leisure,2025-11-03,2025-11-07,Deluxe,1,15899.0
12414,1034,Travel Agency,2025-11-03,2025-11-05,Deluxe,1,15866.0
12415,1060,Event Group,2025-11-03,2025-11-04,Deluxe,1,14255.0
12416,1015,Event Group,2025-11-03,2025-11-07,Deluxe,1,14048.0
12417,1055,Leisure,2025-11-03,2025-11-05,Deluxe,1,15276.0
12418,1022,Event Group,2025-11-03,2025-11-04,Suite,1,24507.0
12419,1080,Event Group,2025-11-03,2025-11-04,Family,1,20204.0
12420,1050,Leisure,2025-11-03,2025-11-04,Standard,1,10437.0
12421,1014,Corporate,2025-11-03,2025-11-06,Standard,1,9165.0
12422,1020,Leisure,2025-11-03,2025-11-07,Standard,1,10909.0
12423,1089,Corporate,2025-11-03,2025-11-05,Standard,1,9929.0
12424,1028,Corporate,2025-11-03,2025-11-04,Standard,1,10055.0
12425,1044,Corporate,2025-11-03,2025-11-04,Family,1,21706.0
12426,1111,Leisure,2025-11-03,2025-11-04,Deluxe,1,13673.0
12427,1017,Corporate,2025-11-03,2025-11-07,Standard,1,9995.0
12428,1045,Event Group,2025-11-03,2025-11-04,Suite,1,24723.0
12429,1071,Corporate,2025-11-03,2025-11-04,Standard,1,10111.0
12430,1036,Travel Agency,2025-11-03,2025-11-05,Standard,1,9393.0
12431,1094,Event Group,2025-11-03,2025-11-05,Standard,1,9928.0
12432,1121,Travel Agency,2025-11-03,2025-11-04,Standard,1,9799.0
12433,1078,Travel Agency,2025-11-03,2025-11-05,Deluxe,1,14757.0
12434,1035,Corporate,2025-11-03,2025-11-04,Deluxe,1,12883.0
12435,1096,Corporate,2025-11-03,2025-11-07,Standard,1,9280.0
12436,1023,Travel Agency,2025-11-03,2025-11-07,Standard,1,10519.0
12437,1063,Travel Agency,2025-11-03,2025-11-04,Deluxe,1,13195.0
12438,1025,Corporate,2025-11-03,2025-11-06,Suite,1,24480.0
12439,1113,Leisure,2025-11-03,2025-11-05,Deluxe,1,14293.0
12440,1015,Corporate,2025-11-04,2025-11-05,Standard,1,10799.0
12441,1010,Leisure,2025-11-04,2025-11-05,Deluxe,1,14224.0
12442,1071,Leisure,2025-11-04,2025-11-05,Deluxe,1,12403.0
12443,1118,Leisure,2025-11-04,2025-11-07,Standard,1,8935.0
12444,1092,Event Group,2025-11-04,2025-11-05,Standard,1,9819.0
12445,1114,Corporate,2025-11-04,2025-11-08,Standard,1,9736.0
12446,1096,Leisure,2025-11-04,2025-11-09,Family,1,23231.0
12447,1004,Travel Agency,2025-11-04,2025-11-06,Standard,1,9296.0
12448,1108,Travel Agency,2025-11-04,2025-11-05,Deluxe,1,13914.0
12449,1096,Leisure,2025-11-04,2025-11-06,Deluxe,1,13838.0
12450,1114,Leisure,2025-11-04,2025-11-07,Deluxe,1,12681.0
12451,1019,Travel Agency,2025-11-04,2025-11-05,Suite,1,26799.0
12452,1007,Corporate,2025-11-04,2025-11-06,Family,1,17572.0
12453,1089,Corporate,2025-11-04,2025-11-06,Standard,1,9119.0
12454,1019,Corporate,2025-11-04,2025-11-07,Standard,1,9953.0
12455,1069,Travel Agency,2025-11-04,2025-11-05,Deluxe,1,13946.0
12456,1003,Travel Agency,2025-11-04,2025-11-06,Standard,1,10077.0
12457,1016,Leisure,2025-11-04,2025-11-09,Deluxe,1,14126.0
12458,1115,Travel Agency,2025-11-04,2025-11-05,Suite,1,26563.0
12459,1087,Leisure,2025-11-04,2025-11-05,Standard,1,11210.0
12460,1030,Leisure,2025-11-04,2025-11-08,Standard,1,8250.0
12461,1070,Corporate,2025-11-04,2025-11-07,Standard,1,9526.0
12462,1120,Leisure,2025-11-04,2025-11-07,Deluxe,1,14064.0
12463,1110,Event Group,2025-11-04,2025-11-05,Standard,1,9892.0
12464,1115,Leisure,2025-11-04,2025-11-06,Standard,1,9228.0
12465,1095,Corporate,2025-11-04,2025-11-06,Standard,1,11244.0
12466,1059,Corporate,2025-11-04,2025-11-06,Standard,1,9353.0
12467,1020,Leisure,2025-11-04,2025-11-07,Family,1,17108.0
12468,1080,Travel Agency,2025-11-04,2025-11-07,Standard,1,10223.0
12469,1029,Event Group,2025-11-05,2025-11-09,Deluxe,1,14340.0
12470,1083,Leisure,2025-11-05,2025-11-08,Standard,1,9831.0
12471,1046,Travel Agency,2025-11-05,2025-11-08,Standard,1,10881.0
12472,1023,Leisure,2025-11-05,2025-11-09,Standard,1,10069.0
12473,1047,Leisure,2025-11-05,2025-11-07,Standard,1,10484.0
12474,1105,Corporate,2025-11-05,2025-11-09,Suite,1,24056.0
12475,1067,Corporate,2025-11-05,2025-11-06,Standard,1,9829.0
12476,1081,Leisure,2025-11-05,2025-11-06,Deluxe,1,15769.0
12477,1037,Leisure,2025-11-05,2025-11-09,Suite,1,26521.0
12478,1106,Corporate,2025-11-05,2025-11-07,Deluxe,1,14350.0
12479,1125,Travel Agency,2025-11-05,2025-11-06,Suite,1,22156.0
12480,1058,Leisure,2025-11-05,2025-11-06,Deluxe,1,14976.0
12481,1017,Leisure,2025-11-05,2025-11-07,Suite,1,25121.0
12482,1118,Travel Agency,2025-11-05,2025-11-07,Standard,1,9875.0
12483,1015,Leisure,2025-11-05,2025-11-06,Deluxe,1,14228.0
12484,1037,Travel Agency,2025-11-05,2025-11-07,Family,1,17061.0
12485,1054,Corporate,2025-11-05,2025-11-08,Standard,1,10070.0
12486,1087,Event Group,2025-11-05,2025-11-06,Deluxe,1,15725.0
12487,1092,Leisure,2025-11-05,2025-11-07,Deluxe,1,13215.0
12488,1077,Leisure,2025-11-05,2025-11-07,Deluxe,1,15266.0
12489,1024,Leisure,2025-11-05,2025-11-06,Deluxe,1,13802.0
12490,1121,Leisure,2025-11-05,2025-11-06,Standard,1,8522.0
12491,1101,Leisure,2025-11-05,2025-11-06,Deluxe,1,15409.0
12492,1035,Event Group,2025-11-05,2025-11-10,Deluxe,1,14921.0
12493,1016,Event Group,2025-11-05,2025-11-08,Family,1,20993.0
12494,1106,Leisure,2025-11-05,2025-11-06,Deluxe,1,16436.0
12495,1004,Leisure,2025-11-05,2025-11-09,Family,1,19280.0
12496,1027,Corporate,2025-11-05,2025-11-07,Suite,1,22659.0
12497,1086,Corporate,2025-11-05,2025-11-06,Standard,1,9687.0
12498,1125,Travel Agency,2025-11-05,2025-11-09,Deluxe,1,12659.0
12499,1092,Corporate,2025-11-05,2025-11-06,Standard,1,11323.0
12500,1024,Leisure,2025-11-05,2025-11-08,Family,1,19702.0
12501,1016,Leisure,2025-11-05,2025-11-07,Standard,1,10321.0
12502,1104,Leisure,2025-11-05,2025-11-07,Standard,1,10515.0
12503,1007,Corporate,2025-11-05,2025-11-07,Suite,1,29561.0
12504,1071,Event Group,2025-11-05,2025-11-09,Standard,1,10479.0
12505,1095,Travel Agency,2025-11-05,2025-11-06,Deluxe,1,13331.0
12506,1094,Leisure,2025-11-06,2025-11-07,Standard,1,10679.0
12507,1027,Event Group,2025-11-06,2025-11-08,Standard,1,9748.0
12508,1052,Event Group,2025-11-06,2025-11-08,Family,1,19760.0
12509,1051,Corporate,2025-11-06,2025-11-08,Standard,1,9913.0
12510,1020,Leisure,2025-11-06,2025-11-08,Deluxe,1,14371.0
12511,1081,Corporate,2025-11-06,2025-11-07,Standard,1,9828.0
12512,1086,Corporate,2025-11-06,2025-11-07,Family,1,19719.0
12513,1025,Corporate,2025-11-06,2025-11-08,Suite,1,26132.0
12514,1004,Corporate,2025-11-06,2025-11-10,Deluxe,1,15741.0
12515,1022,Leisure,2025-11-06,2025-11-11,Suite,1,22916.0
12516,1053,Leisure,2025-11-06,2025-11-08,Deluxe,1,16416.0
12517,1110,Travel Agency,2025-11-06,2025-11-07,Deluxe,1,14899.0
12518,1109,Leisure,2025-11-06,2025-11-09,Standard,1,10061.0
12519,1053,Leisure,2025-11-06,2025-11-11,Deluxe,1,14348.0
12520,1124,Corporate,2025-11-06,2025-11-10,Deluxe,1,14799.0
12521,1064,Leisure,2025-11-06,2025-11-10,Standard,1,9654.0
12522,1104,Corporate,2025-11-06,2025-11-07,Family,1,21033.0
12523,1050,Corporate,2025-11-06,2025-11-09,Standard,1,9261.0
12524,1046,Leisure,2025-11-06,2025-11-07,Standard,1,10064.0
12525,1106,Corporate,2025-11-06,2025-11-10,Standard,1,10699.0
12526,1113,Event Group,2025-11-06,2025-11-09,Suite,1,24630.0
12527,1081,Travel Agency,2025-11-06,2025-11-07,Standard,1,9851.0
12528,1016,Travel Agency,2025-11-06,2025-11-07,Deluxe,1,13897.0
12529,1090,Leisure,2025-11-06,2025-11-07,Family,1,20138.0
12530,1079,Leisure,2025-11-06,2025-11-07,Standard,1,9979.0
12531,1081,Leisure,2025-11-06,2025-11-10,Standard,1,9629.0
12532,1049,Leisure,2025-11-06,2025-11-09,Deluxe,1,18502.0
12533,1095,Corporate,2025-11-06,2025-11-11,Standard,1,9161.0
12534,1035,Leisure,2025-11-07,2025-11-12,Family,1,18371.0
12535,1111,Leisure,2025-11-07,2025-11-10,Standard,1,9831.0
12536,1027,Corporate,2025-11-07,2025-11-08,Suite,1,24280.0
12537,1029,Corporate,2025-11-07,2025-11-10,Family,1,21237.0
12538,1086,Leisure,2025-11-07,2025-11-08,Family,1,19698.0
12539,1084,Corporate,2025-11-07,2025-11-11,Standard,1,10258.0
12540,1017,Leisure,2025-11-07,2025-11-08,Standard,1,10285.0
12541,1076,Travel Agency,2025-11-07,2025-11-10,Deluxe,1,14569.0
12542,1007,Corporate,2025-11-07,2025-11-10,Standard,1,10377.0
12543,1064,Corporate,2025-11-07,2025-11-10,Deluxe,1,15198.0
12544,1084,Corporate,2025-11-07,2025-11-08,Deluxe,1,13156.0
12545,1034,Corporate,2025-11-07,2025-11-08,Standard,1,11110.0
12546,1091,Leisure,2025-11-07,2025-11-08,Deluxe,1,15287.0
12547,1031,Leisure,2025-11-07,2025-11-08,Standard,1,11598.0
12548,1088,Corporate,2025-11-07,2025-11-09,Family,1,19751.0
12549,1119,Leisure,2025-11-07,2025-11-10,Deluxe,1,13803.0
12550,1100,Leisure,2025-11-07,2025-11-08,Standard,1,9296.0
12551,1012,Travel Agency,2025-11-07,2025-11-09,Deluxe,1,16751.0
12552,1013,Leisure,2025-11-07,2025-11-09,Deluxe,1,14033.0
12553,1080,Travel Agency,2025-11-07,2025-11-09,Standard,1,10157.0
12554,1103,Corporate,2025-11-07,2025-11-08,Suite,1,31846.0
12555,1050,Leisure,2025-11-07,2025-11-09,Standard,1,9117.0
12556,1096,Corporate,2025-11-07,2025-11-08,Deluxe,1,15980.0
12557,1060,Leisure,2025-11-07,2025-11-09,Deluxe,1,12456.0
12558,1003,Travel Agency,2025-11-07,2025-11-09,Standard,1,10444.0
12559,1018,Leisure,2025-11-07,2025-11-08,Standard,1,10141.0
12560,1062,Corporate,2025-11-07,2025-11-08,Standard,1,9386.0
12561,1022,Travel Agency,2025-11-07,2025-11-09,Standard,1,9361.0
12562,1076,Corporate,2025-11-07,2025-11-08,Standard,1,10231.0
12563,1067,Corporate,2025-11-07,2025-11-08,Standard,1,10284.0
12564,1084,Leisure,2025-11-08,2025-11-09,Family,1,19190.0
12565,1092,Leisure,2025-11-08,2025-11-10,Standard,1,9993.0
12566,1092,Corporate,2025-11-08,2025-11-10,Standard,1,10272.0
12567,1009,Leisure,2025-11-08,2025-11-09,Deluxe,1,13656.0
12568,1066,Leisure,2025-11-08,2025-11-10,Deluxe,1,13529.0
12569,1117,Corporate,2025-11-08,2025-11-10,Family,1,21409.0
12570,1032,Corporate,2025-11-08,2025-11-09,Family,1,18019.0
12571,1035,Leisure,2025-11-08,2025-11-09,Suite,1,24279.0
12572,1007,Leisure,2025-11-08,2025-11-09,Standard,1,9728.0
12573,1070,Corporate,2025-11-08,2025-11-10,Standard,1,9888.0
12574,1005,Leisure,2025-11-08,2025-11-10,Deluxe,1,14476.0
12575,1020,Corporate,2025-11-08,2025-11-09,Standard,1,10526.0
12576,1073,Leisure,2025-11-08,2025-11-11,Standard,1,9663.0
12577,1063,Corporate,2025-11-08,2025-11-10,Family,1,20077.0
12578,1046,Leisure,2025-11-08,2025-11-09,Deluxe,1,13385.0
12579,1067,Corporate,2025-11-08,2025-11-10,Family,1,17942.0
12580,1042,Corporate,2025-11-08,2025-11-09,Standard,1,10351.0
12581,1031,Corporate,2025-11-08,2025-11-11,Family,1,21149.0
12582,1061,Event Group,2025-11-08,2025-11-11,Deluxe,1,13813.0
12583,1051,Corporate,2025-11-08,2025-11-10,Standard,1,8250.0
12584,1013,Corporate,2025-11-08,2025-11-12,Deluxe,1,13490.0
12585,1047,Corporate,2025-11-08,2025-11-09,Suite,1,27391.0
12586,1117,Corporate,2025-11-08,2025-11-10,Standard,1,10065.0
12587,1055,Leisure,2025-11-08,2025-11-12,Standard,1,11007.0
12588,1005,Corporate,2025-11-08,2025-11-10,Deluxe,1,14609.0
12589,1067,Corporate,2025-11-08,2025-11-09,Standard,1,9151.0
12590,1081,Event Group,2025-11-08,2025-11-10,Standard,1,10991.0
12591,1028,Leisure,2025-11-08,2025-11-09,Standard,1,10837.0
12592,1117,Travel Agency,2025-11-08,2025-11-10,Standard,1,9279.0
12593,1096,Corporate,2025-11-08,2025-11-09,Family,1,19425.0
12594,1093,Corporate,2025-11-08,2025-11-10,Standard,1,10085.0
12595,1024,Leisure,2025-11-08,2025-11-09,Deluxe,1,14061.0
12596,1081,Leisure,2025-11-08,2025-11-09,Suite,1,27206.0
12597,1072,Leisure,2025-11-08,2025-11-09,Family,1,18815.0
12598,1028,Event Group,2025-11-08,2025-11-11,Standard,1,8739.0
12599,1004,Event Group,2025-11-08,2025-11-10,Deluxe,1,16905.0
12600,1101,Travel Agency,2025-11-08,2025-11-12,Family,1,19071.0
12601,1052,Travel Agency,2025-11-08,2025-11-10,Family,1,21512.0
12602,1050,Travel Agency,2025-11-09,2025-11-13,Deluxe,1,13985.0
12603,1120,Leisure,2025-11-09,2025-11-11,Family,1,18259.0
12604,1028,Corporate,2025-11-09,2025-11-10,Standard,1,9442.0
12605,1063,Leisure,2025-11-09,2025-11-11,Standard,1,10865.0
12606,1007,Travel Agency,2025-11-09,2025-11-10,Standard,1,11261.0
12607,1036,Leisure,2025-11-09,2025-11-10,Standard,1,10999.0
12608,1066,Leisure,2025-11-09,2025-11-11,Standard,1,9790.0
12609,1028,Corporate,2025-11-09,2025-11-10,Family,1,22105.0
12610,1117,Leisure,2025-11-09,2025-11-10,Family,1,19115.0
12611,1067,Event Group,2025-11-09,2025-11-10,Standard,1,9863.0
12612,1029,Travel Agency,2025-11-09,2025-11-11,Standard,1,10390.0
12613,1078,Travel Agency,2025-11-09,2025-11-10,Standard,1,10011.0
12614,1015,Event Group,2025-11-09,2025-11-12,Standard,1,10081.0
12615,1047,Leisure,2025-11-09,2025-11-11,Deluxe,1,14090.0
12616,1120,Corporate,2025-11-09,2025-11-10,Standard,1,8476.0
12617,1120,Event Group,2025-11-09,2025-11-12,Family,1,18994.0
12618,1030,Leisure,2025-11-09,2025-11-10,Family,1,18640.0
12619,1106,Leisure,2025-11-09,2025-11-11,Standard,1,10222.0
12620,1081,Corporate,2025-11-09,2025-11-12,Standard,1,10126.0
12621,1036,Leisure,2025-11-09,2025-11-11,Family,1,19845.0
12622,1123,Leisure,2025-11-09,2025-11-10,Deluxe,1,13645.0
12623,1035,Event Group,2025-11-09,2025-11-11,Family,1,19150.0
12624,1097,Leisure,2025-11-09,2025-11-10,Standard,1,10088.0
12625,1030,Leisure,2025-11-09,2025-11-10,Deluxe,1,15616.0
12626,1064,Leisure,2025-11-09,2025-11-14,Standard,1,8641.0
12627,1070,Travel Agency,2025-11-09,2025-11-10,Standard,1,11011.0
12628,1004,Corporate,2025-11-09,2025-11-10,Deluxe,1,14533.0
12629,1117,Corporate,2025-11-09,2025-11-10,Family,1,16886.0
12630,1124,Leisure,2025-11-09,2025-11-12,Suite,1,24859.0
12631,1075,Leisure,2025-11-09,2025-11-13,Standard,1,10033.0
12632,1017,Leisure,2025-11-09,2025-11-12,Standard,1,9791.0
12633,1012,Corporate,2025-11-09,2025-11-10,Deluxe,1,14936.0
12634,1081,Event Group,2025-11-09,2025-11-12,Deluxe,1,12434.0
12635,1008,Leisure,2025-11-09,2025-11-14,Standard,1,10017.0
12636,1109,Event Group,2025-11-09,2025-11-13,Deluxe,1,12579.0
12637,1015,Leisure,2025-11-09,2025-11-10,Family,1,20231.0
12638,1109,Leisure,2025-11-09,2025-11-11,Standard,1,9608.0
12639,1083,Leisure,2025-11-09,2025-11-12,Deluxe,1,15875.0
12640,1017,Leisure,2025-11-10,2025-11-13,Family,1,20216.0
12641,1045,Corporate,2025-11-10,2025-11-12,Standard,1,8862.0
12642,1028,Travel Agency,2025-11-10,2025-11-12,Standard,1,11321.0
12643,1118,Event Group,2025-11-10,2025-11-11,Standard,1,9345.0
12644,1117,Travel Agency,2025-11-10,2025-11-13,Deluxe,1,14520.0
12645,1081,Corporate,2025-11-10,2025-11-12,Deluxe,1,15882.0
12646,1121,Travel Agency,2025-11-10,2025-11-11,Deluxe,1,14981.0
12647,1033,Travel Agency,2025-11-10,2025-11-14,Suite,1,24767.0
12648,1032,Leisure,2025-11-10,2025-11-14,Deluxe,1,15261.0
12649,1093,Event Group,2025-11-10,2025-11-11,Standard,1,8850.0
12650,1045,Leisure,2025-11-10,2025-11-14,Standard,1,10985.0
12651,1055,Event Group,2025-11-10,2025-11-12,Family,1,18872.0
12652,1050,Leisure,2025-11-10,2025-11-13,Suite,1,24955.0
12653,1048,Event Group,2025-11-10,2025-11-13,Standard,1,9965.0
12654,1091,Leisure,2025-11-10,2025-11-11,Standard,1,10479.0
12655,1058,Corporate,2025-11-10,2025-11-11,Standard,1,9632.0
12656,1085,Leisure,2025-11-10,2025-11-11,Standard,1,9308.0
12657,1107,Travel Agency,2025-11-10,2025-11-13,Standard,1,11052.0
12658,1025,Travel Agency,2025-11-10,2025-11-12,Standard,1,9855.0
12659,1046,Corporate,2025-11-10,2025-11-11,Standard,1,10138.0
12660,1036,Leisure,2025-11-10,2025-11-11,Standard,1,10410.0
12661,1098,Travel Agency,2025-11-10,2025-11-13,Family,1,22488.0
12662,1009,Corporate,2025-11-10,2025-11-13,Family,1,22403.0
12663,1058,Corporate,2025-11-10,2025-11-13,Standard,1,9111.0
12664,1073,Leisure,2025-11-10,2025-11-15,Deluxe,1,14344.0
12665,1082,Event Group,2025-11-10,2025-11-12,Standard,1,10478.0
12666,1101,Leisure,2025-11-10,2025-11-11,Deluxe,1,13730.0
12667,1015,Corporate,2025-11-10,2025-11-11,Deluxe,1,14479.0
12668,1117,Event Group,2025-11-10,2025-11-11,Deluxe,1,14772.0
12669,1102,Corporate,2025-11-10,2025-11-14,Suite,1,23953.0
12670,1013,Corporate,2025-11-10,2025-11-11,Deluxe,1,12995.0
12671,1113,Corporate,2025-11-10,2025-11-13,Deluxe,1,12872.0
12672,1043,Corporate,2025-11-10,2025-11-12,Suite,1,27574.0
12673,1104,Leisure,2025-11-10,2025-11-11,Standard,1,9758.0
12674,1099,Leisure,2025-11-10,2025-11-13,Suite,1,22792.0
12675,1014,Travel Agency,2025-11-10,2025-11-13,Standard,1,9955.0
12676,1079,Travel Agency,2025-11-10,2025-11-12,Deluxe,1,13242.0
12677,1011,Leisure,2025-11-11,2025-11-12,Deluxe,1,14731.0
12678,1119,Travel Agency,2025-11-11,2025-11-12,Standard,1,11418.0
12679,1058,Corporate,2025-11-11,2025-11-13,Deluxe,1,14708.0
12680,1009,Event Group,2025-11-11,2025-11-14,Family,1,22035.0
12681,1087,Leisure,2025-11-11,2025-11-12,Standard,1,10954.0
12682,1043,Leisure,2025-11-11,2025-11-15,Deluxe,1,14951.0
12683,1026,Corporate,2025-11-11,2025-11-13,Standard,1,8978.0
12684,1060,Travel Agency,2025-11-11,2025-11-16,Family,1,20960.0
12685,1111,Corporate,2025-11-11,2025-11-14,Deluxe,1,15501.0
12686,1003,Event Group,2025-11-11,2025-11-15,Standard,1,10557.0
12687,1012,Leisure,2025-11-11,2025-11-14,Standard,1,10279.0
12688,1109,Corporate,2025-11-11,2025-11-13,Standard,1,8887.0
12689,1035,Leisure,2025-11-11,2025-11-14,Deluxe,1,15775.0
12690,1115,Travel Agency,2025-11-11,2025-11-12,Deluxe,1,15053.0
12691,1085,Leisure,2025-11-11,2025-11-13,Standard,1,10304.0
12692,1013,Leisure,2025-11-11,2025-11-16,Standard,1,9790.0
12693,1037,Travel Agency,2025-11-11,2025-11-16,Family,1,20644.0
12694,1049,Leisure,2025-11-11,2025-11-14,Family,1,17713.0
12695,1029,Corporate,2025-11-11,2025-11-12,Deluxe,1,13095.0
12696,1014,Leisure,2025-11-11,2025-11-13,Suite,1,24944.0
12697,1081,Leisure,2025-11-11,2025-11-16,Standard,1,10033.0
12698,1067,Travel Agency,2025-11-11,2025-11-14,Standard,1,10358.0
12699,1087,Leisure,2025-11-11,2025-11-14,Deluxe,1,14146.0
12700,1051,Leisure,2025-11-11,2025-11-12,Family,1,21896.0
12701,1051,Corporate,2025-11-11,2025-11-12,Family,1,18321.0
12702,1124,Leisure,2025-11-11,2025-11-15,Family,1,16767.0
12703,1026,Event Group,2025-11-12,2025-11-13,Standard,1,10164.0
12704,1093,Travel Agency,2025-11-12,2025-11-13,Standard,1,8680.0
12705,1103,Corporate,2025-11-12,2025-11-16,Deluxe,1,14270.0
12706,1060,Leisure,2025-11-12,2025-11-17,Standard,1,9493.0
12707,1064,Leisure,2025-11-12,2025-11-13,Standard,1,11760.0
12708,1086,Leisure,2025-11-12,2025-11-13,Standard,1,10075.0
12709,1008,Leisure,2025-11-12,2025-11-15,Standard,1,10189.0
12710,1001,Leisure,2025-11-12,2025-11-15,Family,1,17449.0
12711,1057,Corporate,2025-11-12,2025-11-14,Deluxe,1,14362.0
12712,1089,Event Group,2025-11-12,2025-11-13,Family,1,20610.0
12713,1011,Corporate,2025-11-12,2025-11-13,Standard,1,8861.0
12714,1122,Leisure,2025-11-12,2025-11-16,Family,1,20534.0
12715,1005,Leisure,2025-11-12,2025-11-13,Family,1,16500.0
12716,1022,Corporate,2025-11-12,2025-11-16,Standard,1,9630.0
12717,1075,Leisure,2025-11-12,2025-11-14,Deluxe,1,13548.0
12718,1001,Travel Agency,2025-11-12,2025-11-16,Standard,1,8250.0
12719,1086,Leisure,2025-11-12,2025-11-16,Deluxe,1,14823.0
12720,1035,Leisure,2025-11-12,2025-11-15,Standard,1,9973.0
12721,1104,Event Group,2025-11-12,2025-11-13,Standard,1,10625.0
12722,1052,Corporate,2025-11-12,2025-11-13,Standard,1,10637.0
12723,1094,Travel Agency,2025-11-12,2025-11-16,Standard,1,10393.0
12724,1019,Leisure,2025-11-12,2025-11-15,Standard,1,10012.0
12725,1110,Leisure,2025-11-12,2025-11-15,Deluxe,1,16188.0
12726,1036,Corporate,2025-11-12,2025-11-14,Standard,1,10889.0
12727,1083,Corporate,2025-11-12,2025-11-16,Standard,1,10512.0
12728,1040,Leisure,2025-11-12,2025-11-13,Standard,1,8659.0
12729,1046,Travel Agency,2025-11-12,2025-11-15,Standard,1,10524.0
12730,1051,Travel Agency,2025-11-12,2025-11-14,Deluxe,1,15392.0
12731,1071,Corporate,2025-11-12,2025-11-17,Deluxe,1,15305.0
12732,1057,Leisure,2025-11-12,2025-11-15,Deluxe,1,14167.0
12733,1125,Corporate,2025-11-12,2025-11-16,Standard,1,10368.0
12734,1039,Leisure,2025-11-12,2025-11-13,Family,1,21529.0
12735,1090,Corporate,2025-11-12,2025-11-17,Standard,1,9397.0
12736,1105,Leisure,2025-11-12,2025-11-13,Suite,1,21535.0
12737,1053,Travel Agency,2025-11-12,2025-11-14,Suite,1,29739.0
12738,1045,Corporate,2025-11-12,2025-11-13,Standard,1,8839.0
12739,1082,Leisure,2025-11-12,2025-11-13,Standard,1,10072.0
12740,1071,Corporate,2025-11-12,2025-11-15,Standard,1,9470.0
12741,1003,Corporate,2025-11-12,2025-11-15,Standard,1,8862.0
12742,1117,Leisure,2025-11-12,2025-11-15,Deluxe,1,15538.0
12743,1024,Corporate,2025-11-13,2025-11-15,Standard,1,9102.0
12744,1104,Leisure,2025-11-13,2025-11-14,Deluxe,1,15303.0
12745,1028,Corporate,2025-11-13,2025-11-15,Standard,1,10189.0
12746,1103,Travel Agency,2025-11-13,2025-11-15,Standard,1,9559.0
12747,1019,Leisure,2025-11-13,2025-11-15,Standard,1,11020.0
12748,1099,Travel Agency,2025-11-13,2025-11-16,Family,1,19319.0
12749,1101,Leisure,2025-11-13,2025-11-18,Standard,1,9011.0
12750,1063,Corporate,2025-11-13,2025-11-15,Standard,1,8904.0
12751,1050,Corporate,2025-11-13,2025-11-17,Standard,1,9743.0
12752,1010,Corporate,2025-11-13,2025-11-14,Standard,1,9725.0
12753,1062,Leisure,2025-11-13,2025-11-14,Deluxe,1,15446.0
12754,1012,Travel Agency,2025-11-13,2025-11-16,Standard,1,10296.0
12755,1099,Leisure,2025-11-13,2025-11-14,Standard,1,10099.0
12756,1017,Leisure,2025-11-13,2025-11-14,Standard,1,9399.0
12757,1067,Corporate,2025-11-13,2025-11-14,Suite,1,26391.0
12758,1029,Corporate,2025-11-13,2025-11-16,Suite,1,21379.0
12759,1054,Leisure,2025-11-13,2025-11-14,Deluxe,1,14927.0
12760,1041,Leisure,2025-11-13,2025-11-14,Deluxe,1,15850.0
12761,1054,Travel Agency,2025-11-13,2025-11-16,Deluxe,1,16018.0
12762,1122,Travel Agency,2025-11-13,2025-11-14,Deluxe,1,14144.0
12763,1016,Corporate,2025-11-13,2025-11-15,Deluxe,1,15734.0
12764,1047,Travel Agency,2025-11-13,2025-11-15,Standard,1,10897.0
12765,1078,Leisure,2025-11-13,2025-11-15,Standard,1,9141.0
12766,1006,Corporate,2025-11-13,2025-11-16,Deluxe,1,15979.0
12767,1064,Event Group,2025-11-13,2025-11-14,Standard,1,10589.0
12768,1041,Leisure,2025-11-13,2025-11-15,Standard,1,9119.0
12769,1049,Leisure,2025-11-13,2025-11-15,Family,1,18341.0
12770,1074,Leisure,2025-11-13,2025-11-15,Deluxe,1,13575.0
12771,1014,Leisure,2025-11-13,2025-11-14,Deluxe,1,14720.0
12772,1002,Event Group,2025-11-13,2025-11-15,Standard,1,9805.0
12773,1015,Corporate,2025-11-13,2025-11-14,Standard,1,9267.0
12774,1087,Travel Agency,2025-11-13,2025-11-16,Standard,1,10033.0
12775,1013,Leisure,2025-11-14,2025-11-19,Standard,1,10354.0
12776,1041,Leisure,2025-11-14,2025-11-15,Standard,1,10403.0
12777,1080,Corporate,2025-11-14,2025-11-15,Family,1,20201.0
12778,1098,Leisure,2025-11-14,2025-11-15,Family,1,19192.0
12779,1030,Leisure,2025-11-14,2025-11-16,Standard,1,9406.0
12780,1074,Leisure,2025-11-14,2025-11-16,Deluxe,1,13165.0
12781,1012,Leisure,2025-11-14,2025-11-15,Deluxe,1,12496.0
12782,1124,Leisure,2025-11-14,2025-11-15,Standard,1,9573.0
12783,1035,Leisure,2025-11-14,2025-11-15,Family,1,25463.0
12784,1056,Corporate,2025-11-14,2025-11-16,Family,1,18267.0
12785,1124,Leisure,2025-11-14,2025-11-15,Family,1,18760.0
12786,1087,Corporate,2025-11-14,2025-11-17,Deluxe,1,13793.0
12787,1019,Corporate,2025-11-14,2025-11-16,Deluxe,1,15136.0
12788,1044,Corporate,2025-11-14,2025-11-17,Suite,1,28527.0
12789,1100,Leisure,2025-11-14,2025-11-16,Family,1,21098.0
12790,1057,Leisure,2025-11-14,2025-11-15,Standard,1,9506.0
12791,1006,Leisure,2025-11-14,2025-11-16,Standard,1,10146.0
12792,1099,Leisure,2025-11-14,2025-11-15,Standard,1,9167.0
12793,1026,Corporate,2025-11-14,2025-11-15,Standard,1,9909.0
12794,1035,Travel Agency,2025-11-14,2025-11-16,Deluxe,1,16172.0
12795,1010,Leisure,2025-11-14,2025-11-17,Family,1,18894.0
12796,1110,Corporate,2025-11-14,2025-11-15,Deluxe,1,14527.0
12797,1115,Corporate,2025-11-14,2025-11-15,Family,1,21867.0
12798,1049,Event Group,2025-11-14,2025-11-16,Family,1,17438.0
12799,1070,Leisure,2025-11-14,2025-11-16,Standard,1,10257.0
12800,1111,Leisure,2025-11-14,2025-11-18,Suite,1,26930.0
12801,1012,Leisure,2025-11-14,2025-11-15,Standard,1,9196.0
12802,1103,Corporate,2025-11-14,2025-11-15,Standard,1,10430.0
12803,1026,Event Group,2025-11-14,2025-11-17,Family,1,20610.0
12804,1050,Leisure,2025-11-14,2025-11-17,Standard,1,9596.0
12805,1125,Event Group,2025-11-14,2025-11-16,Standard,1,11165.0
12806,1123,Leisure,2025-11-14,2025-11-15,Standard,1,9226.0
12807,1054,Leisure,2025-11-14,2025-11-15,Family,1,23201.0
12808,1092,Corporate,2025-11-14,2025-11-17,Deluxe,1,15697.0
12809,1029,Leisure,2025-11-14,2025-11-15,Family,1,19715.0
12810,1062,Corporate,2025-11-14,2025-11-16,Deluxe,1,15662.0
12811,1028,Corporate,2025-11-14,2025-11-15,Standard,1,9599.0
12812,1057,Leisure,2025-11-15,2025-11-16,Family,1,19388.0
12813,1058,Leisure,2025-11-15,2025-11-17,Standard,1,9702.0
12814,1066,Leisure,2025-11-15,2025-11-17,Deluxe,1,13871.0
12815,1125,Leisure,2025-11-15,2025-11-17,Deluxe,1,15280.0
12816,1088,Leisure,2025-11-15,2025-11-19,Family,1,21915.0
12817,1119,Leisure,2025-11-15,2025-11-17,Standard,1,11193.0
12818,1062,Corporate,2025-11-15,2025-11-17,Standard,1,9586.0
12819,1087,Event Group,2025-11-15,2025-11-17,Family,1,17761.0
12820,1025,Travel Agency,2025-11-15,2025-11-17,Deluxe,1,13513.0
12821,1095,Travel Agency,2025-11-15,2025-11-19,Standard,1,10426.0
12822,1059,Leisure,2025-11-15,2025-11-16,Standard,1,9918.0
12823,1011,Corporate,2025-11-15,2025-11-17,Standard,1,10894.0
12824,1096,Travel Agency,2025-11-15,2025-11-16,Standard,1,8968.0
12825,1021,Leisure,2025-11-15,2025-11-17,Standard,1,11048.0
12826,1102,Leisure,2025-11-15,2025-11-20,Family,1,19773.0
12827,1114,Travel Agency,2025-11-15,2025-11-17,Deluxe,1,13746.0
12828,1023,Travel Agency,2025-11-15,2025-11-18,Standard,1,9413.0
12829,1060,Corporate,2025-11-15,2025-11-17,Deluxe,1,15049.0
12830,1067,Leisure,2025-11-15,2025-11-17,Family,1,20195.0
12831,1102,Travel Agency,2025-11-15,2025-11-16,Family,1,21181.0
12832,1100,Corporate,2025-11-15,2025-11-19,Standard,1,11035.0
12833,1097,Corporate,2025-11-15,2025-11-17,Standard,1,11119.0
12834,1080,Corporate,2025-11-15,2025-11-17,Deluxe,1,15685.0
12835,1055,Corporate,2025-11-15,2025-11-17,Standard,1,8264.0
12836,1038,Corporate,2025-11-15,2025-11-18,Standard,1,10232.0
12837,1085,Leisure,2025-11-15,2025-11-18,Standard,1,10174.0
12838,1091,Corporate,2025-11-15,2025-11-17,Standard,1,9099.0
12839,1084,Leisure,2025-11-15,2025-11-19,Suite,1,27668.0
12840,1075,Leisure,2025-11-16,2025-11-20,Standard,1,8544.0
12841,1105,Leisure,2025-11-16,2025-11-18,Standard,1,9545.0
12842,1042,Leisure,2025-11-16,2025-11-18,Deluxe,1,15689.0
12843,1016,Travel Agency,2025-11-16,2025-11-17,Family,1,21178.0
12844,1122,Leisure,2025-11-16,2025-11-19,Deluxe,1,13603.0
12845,1052,Leisure,2025-11-16,2025-11-18,Deluxe,1,15819.0
12846,1075,Leisure,2025-11-16,2025-11-19,Standard,1,10714.0
12847,1099,Event Group,2025-11-16,2025-11-18,Standard,1,10054.0
12848,1001,Travel Agency,2025-11-16,2025-11-17,Standard,1,9721.0
12849,1061,Corporate,2025-11-16,2025-11-21,Deluxe,1,13460.0
12850,1018,Travel Agency,2025-11-16,2025-11-18,Deluxe,1,13790.0
12851,1057,Leisure,2025-11-16,2025-11-18,Deluxe,1,15007.0
12852,1004,Leisure,2025-11-16,2025-11-18,Family,1,19308.0
12853,1111,Event Group,2025-11-16,2025-11-17,Standard,1,11689.0
12854,1014,Corporate,2025-11-16,2025-11-18,Family,1,19265.0
12855,1117,Leisure,2025-11-16,2025-11-19,Deluxe,1,13526.0
12856,1055,Leisure,2025-11-16,2025-11-18,Standard,1,11544.0
12857,1101,Leisure,2025-11-16,2025-11-19,Deluxe,1,15369.0
12858,1091,Leisure,2025-11-16,2025-11-17,Suite,1,26878.0
12859,1003,Travel Agency,2025-11-16,2025-11-20,Standard,1,9637.0
12860,1123,Corporate,2025-11-16,2025-11-18,Standard,1,9508.0
12861,1016,Corporate,2025-11-16,2025-11-20,Standard,1,10373.0
12862,1081,Event Group,2025-11-16,2025-11-21,Suite,1,23689.0
12863,1110,Leisure,2025-11-16,2025-11-21,Deluxe,1,13616.0
12864,1024,Leisure,2025-11-16,2025-11-19,Family,1,21730.0
12865,1060,Leisure,2025-11-17,2025-11-19,Standard,1,9167.0
12866,1086,Leisure,2025-11-17,2025-11-20,Standard,1,11551.0
12867,1100,Event Group,2025-11-17,2025-11-20,Deluxe,1,15411.0
12868,1101,Corporate,2025-11-17,2025-11-18,Family,1,20749.0
12869,1071,Leisure,2025-11-17,2025-11-19,Standard,1,10607.0
12870,1021,Corporate,2025-11-17,2025-11-19,Standard,1,9645.0
12871,1065,Leisure,2025-11-17,2025-11-18,Suite,1,26718.0
12872,1015,Corporate,2025-11-17,2025-11-19,Deluxe,1,14843.0
12873,1088,Leisure,2025-11-17,2025-11-19,Standard,1,8520.0
12874,1031,Corporate,2025-11-17,2025-11-19,Deluxe,1,12863.0
12875,1028,Leisure,2025-11-17,2025-11-20,Standard,1,11082.0
12876,1111,Leisure,2025-11-17,2025-11-18,Standard,1,8891.0
12877,1107,Leisure,2025-11-17,2025-11-22,Deluxe,1,14977.0
12878,1016,Corporate,2025-11-17,2025-11-19,Standard,1,10754.0
12879,1045,Corporate,2025-11-17,2025-11-19,Standard,1,9136.0
12880,1049,Travel Agency,2025-11-17,2025-11-19,Deluxe,1,14216.0
12881,1031,Leisure,2025-11-17,2025-11-18,Standard,1,10903.0
12882,1086,Leisure,2025-11-17,2025-11-18,Deluxe,1,15736.0
12883,1059,Leisure,2025-11-17,2025-11-18,Deluxe,1,14019.0
12884,1003,Leisure,2025-11-17,2025-11-20,Suite,1,21000.0
12885,1081,Corporate,2025-11-17,2025-11-22,Standard,1,9871.0
12886,1061,Leisure,2025-11-17,2025-11-18,Deluxe,1,14939.0
12887,1035,Corporate,2025-11-17,2025-11-18,Standard,1,10777.0
12888,1048,Corporate,2025-11-17,2025-11-18,Family,1,19796.0
12889,1103,Leisure,2025-11-17,2025-11-21,Family,1,19816.0
12890,1076,Corporate,2025-11-17,2025-11-18,Deluxe,1,14816.0
12891,1034,Leisure,2025-11-17,2025-11-20,Standard,1,10078.0
12892,1035,Event Group,2025-11-17,2025-11-20,Standard,1,9699.0
12893,1124,Corporate,2025-11-17,2025-11-22,Family,1,19493.0
12894,1103,Corporate,2025-11-17,2025-11-20,Deluxe,1,14867.0
12895,1109,Corporate,2025-11-17,2025-11-19,Standard,1,10517.0
12896,1102,Corporate,2025-11-17,2025-11-19,Suite,1,27269.0
12897,1047,Travel Agency,2025-11-18,2025-11-20,Standard,1,9862.0
12898,1115,Event Group,2025-11-18,2025-11-19,Deluxe,1,14021.0
12899,1099,Corporate,2025-11-18,2025-11-21,Deluxe,1,14069.0
12900,1108,Leisure,2025-11-18,2025-11-20,Standard,1,10210.0
12901,1027,Corporate,2025-11-18,2025-11-20,Suite,1,29428.0
12902,1105,Corporate,2025-11-18,2025-11-21,Standard,1,8435.0
12903,1116,Leisure,2025-11-18,2025-11-20,Deluxe,1,16245.0
12904,1099,Travel Agency,2025-11-18,2025-11-19,Deluxe,1,13579.0
12905,1050,Corporate,2025-11-18,2025-11-21,Standard,1,11037.0
12906,1092,Event Group,2025-11-18,2025-11-20,Deluxe,1,12731.0
12907,1030,Corporate,2025-11-18,2025-11-21,Family,1,19384.0
12908,1090,Corporate,2025-11-18,2025-11-21,Standard,1,10169.0
12909,1035,Leisure,2025-11-18,2025-11-21,Deluxe,1,15951.0
12910,1097,Leisure,2025-11-18,2025-11-20,Standard,1,10179.0
12911,1038,Corporate,2025-11-18,2025-11-19,Suite,1,25617.0
12912,1021,Leisure,2025-11-18,2025-11-20,Standard,1,10315.0
12913,1038,Corporate,2025-11-18,2025-11-21,Standard,1,9907.0
12914,1054,Corporate,2025-11-18,2025-11-21,Family,1,21031.0
12915,1029,Travel Agency,2025-11-18,2025-11-20,Deluxe,1,13326.0
12916,1069,Leisure,2025-11-18,2025-11-20,Standard,1,10554.0
12917,1070,Leisure,2025-11-18,2025-11-23,Standard,1,8862.0
12918,1125,Event Group,2025-11-18,2025-11-19,Standard,1,8969.0
12919,1036,Leisure,2025-11-18,2025-11-20,Family,1,17949.0
12920,1113,Travel Agency,2025-11-18,2025-11-23,Standard,1,10523.0
12921,1014,Leisure,2025-11-18,2025-11-20,Standard,1,9300.0
12922,1033,Leisure,2025-11-18,2025-11-20,Standard,1,9521.0
12923,1079,Event Group,2025-11-18,2025-11-21,Family,1,20128.0
12924,1040,Leisure,2025-11-18,2025-11-20,Standard,1,8829.0
12925,1008,Leisure,2025-11-19,2025-11-20,Deluxe,1,16401.0
12926,1061,Travel Agency,2025-11-19,2025-11-20,Deluxe,1,16381.0
12927,1050,Corporate,2025-11-19,2025-11-24,Standard,1,10423.0
12928,1072,Corporate,2025-11-19,2025-11-23,Suite,1,29855.0
12929,1065,Event Group,2025-11-19,2025-11-22,Standard,1,9887.0
12930,1101,Leisure,2025-11-19,2025-11-21,Standard,1,10763.0
12931,1013,Leisure,2025-11-19,2025-11-21,Family,1,20578.0
12932,1037,Leisure,2025-11-19,2025-11-22,Deluxe,1,14925.0
12933,1036,Leisure,2025-11-19,2025-11-21,Standard,1,10030.0
12934,1108,Corporate,2025-11-19,2025-11-20,Deluxe,1,15825.0
12935,1012,Leisure,2025-11-19,2025-11-20,Deluxe,1,13012.0
12936,1123,Corporate,2025-11-19,2025-11-23,Family,1,19197.0
12937,1093,Corporate,2025-11-19,2025-11-20,Family,1,18512.0
12938,1120,Leisure,2025-11-19,2025-11-22,Deluxe,1,15529.0
12939,1039,Leisure,2025-11-19,2025-11-21,Standard,1,9324.0
12940,1069,Travel Agency,2025-11-19,2025-11-20,Suite,1,25236.0
12941,1125,Leisure,2025-11-19,2025-11-21,Family,1,19802.0
12942,1059,Corporate,2025-11-19,2025-11-21,Family,1,20115.0
12943,1048,Corporate,2025-11-19,2025-11-20,Family,1,18477.0
12944,1011,Travel Agency,2025-11-19,2025-11-24,Standard,1,11074.0
12945,1037,Corporate,2025-11-19,2025-11-20,Suite,1,24524.0
12946,1060,Corporate,2025-11-19,2025-11-20,Deluxe,1,15101.0
12947,1010,Leisure,2025-11-19,2025-11-23,Standard,1,9678.0
12948,1058,Leisure,2025-11-19,2025-11-24,Deluxe,1,14639.0
12949,1105,Travel Agency,2025-11-19,2025-11-20,Standard,1,11883.0
12950,1110,Corporate,2025-11-19,2025-11-22,Suite,1,22361.0
12951,1070,Leisure,2025-11-19,2025-11-20,Family,1,20454.0
12952,1036,Leisure,2025-11-19,2025-11-22,Standard,1,10503.0
12953,1061,Corporate,2025-11-20,2025-11-21,Standard,1,10583.0
12954,1105,Travel Agency,2025-11-20,2025-11-22,Standard,1,8450.0
12955,1065,Leisure,2025-11-20,2025-11-24,Suite,1,27344.0
12956,1007,Travel Agency,2025-11-20,2025-11-23,Standard,1,10373.0
12957,1099,Travel Agency,2025-11-20,2025-11-24,Standard,1,11049.0
12958,1085,Corporate,2025-11-20,2025-11-22,Deluxe,1,14742.0
12959,1029,Event Group,2025-11-20,2025-11-23,Deluxe,1,15017.0
12960,1092,Leisure,2025-11-20,2025-11-24,Deluxe,1,14580.0
12961,1076,Corporate,2025-11-20,2025-11-22,Family,1,21577.0
12962,1063,Travel Agency,2025-11-20,2025-11-21,Standard,1,8501.0
12963,1064,Leisure,2025-11-20,2025-11-21,Suite,1,25941.0
12964,1059,Corporate,2025-11-20,2025-11-21,Suite,1,28487.0
12965,1116,Leisure,2025-11-20,2025-11-21,Standard,1,11047.0
12966,1115,Leisure,2025-11-20,2025-11-21,Suite,1,21000.0
12967,1068,Leisure,2025-11-20,2025-11-22,Standard,1,9285.0
12968,1022,Travel Agency,2025-11-20,2025-11-21,Deluxe,1,14527.0
12969,1081,Leisure,2025-11-20,2025-11-21,Standard,1,9528.0
12970,1065,Leisure,2025-11-20,2025-11-23,Deluxe,1,16477.0
12971,1031,Leisure,2025-11-20,2025-11-21,Deluxe,1,12811.0
12972,1106,Corporate,2025-11-20,2025-11-21,Family,1,18097.0
12973,1013,Leisure,2025-11-20,2025-11-21,Suite,1,26690.0
12974,1123,Corporate,2025-11-20,2025-11-21,Standard,1,9584.0
12975,1037,Leisure,2025-11-20,2025-11-23,Deluxe,1,15710.0
12976,1100,Corporate,2025-11-20,2025-11-21,Standard,1,8941.0
12977,1052,Event Group,2025-11-20,2025-11-23,Standard,1,9466.0
12978,1092,Leisure,2025-11-20,2025-11-21,Family,1,23077.0
12979,1007,Travel Agency,2025-11-20,2025-11-22,Deluxe,1,15136.0
12980,1033,Leisure,2025-11-20,2025-11-21,Standard,1,9138.0
12981,1117,Corporate,2025-11-20,2025-11-24,Family,1,20398.0
12982,1003,Leisure,2025-11-20,2025-11-23,Standard,1,10199.0
12983,1042,Leisure,2025-11-20,2025-11-23,Standard,1,9560.0
12984,1093,Travel Agency,2025-11-20,2025-11-24,Standard,1,8980.0
12985,1065,Leisure,2025-11-20,2025-11-22,Deluxe,1,16647.0
12986,1122,Corporate,2025-11-20,2025-11-23,Standard,1,10425.0
12987,1057,Corporate,2025-11-20,2025-11-21,Standard,1,9960.0
12988,1077,Leisure,2025-11-20,2025-11-21,Family,1,16500.0
12989,1041,Corporate,2025-11-21,2025-11-23,Standard,1,11055.0
12990,1095,Event Group,2025-11-21,2025-11-23,Family,1,19278.0
12991,1101,Leisure,2025-11-21,2025-11-22,Standard,1,10010.0
12992,1045,Leisure,2025-11-21,2025-11-24,Deluxe,1,13982.0
12993,1075,Travel Agency,2025-11-21,2025-11-25,Standard,1,8723.0
12994,1041,Leisure,2025-11-21,2025-11-22,Standard,1,9524.0
12995,1054,Corporate,2025-11-21,2025-11-22,Standard,1,8250.0
12996,1096,Leisure,2025-11-21,2025-11-24,Standard,1,9975.0
12997,1009,Corporate,2025-11-21,2025-11-22,Suite,1,28317.0
12998,1011,Leisure,2025-11-21,2025-11-22,Suite,1,24580.0
12999,1012,Leisure,2025-11-21,2025-11-22,Standard,1,10464.0
13000,1003,Corporate,2025-11-21,2025-11-24,Deluxe,1,13928.0
13001,1031,Event Group,2025-11-21,2025-11-22,Suite,1,24907.0
13002,1015,Event Group,2025-11-21,2025-11-25,Family,1,18809.0
13003,1094,Travel Agency,2025-11-21,2025-11-22,Deluxe,1,13508.0
13004,1120,Corporate,2025-11-21,2025-11-24,Deluxe,1,12000.0
13005,1037,Corporate,2025-11-21,2025-11-24,Deluxe,1,13408.0
13006,1056,Leisure,2025-11-21,2025-11-25,Standard,1,10183.0
13007,1074,Leisure,2025-11-21,2025-11-25,Family,1,19899.0
13008,1026,Corporate,2025-11-21,2025-11-23,Standard,1,9209.0
13009,1050,Leisure,2025-11-22,2025-11-24,Deluxe,1,12609.0
13010,1010,Corporate,2025-11-22,2025-11-23,Suite,1,31424.0
13011,1105,Leisure,2025-11-22,2025-11-24,Deluxe,1,16470.0
13012,1083,Corporate,2025-11-22,2025-11-25,Standard,1,8474.0
13013,1092,Corporate,2025-11-22,2025-11-23,Standard,1,9958.0
13014,1068,Event Group,2025-11-22,2025-11-23,Standard,1,8738.0
13015,1021,Corporate,2025-11-22,2025-11-25,Family,1,22480.0
13016,1081,Leisure,2025-11-22,2025-11-23,Standard,1,10464.0
13017,1088,Corporate,2025-11-22,2025-11-25,Deluxe,1,14194.0
13018,1105,Leisure,2025-11-22,2025-11-25,Standard,1,9941.0
13019,1122,Leisure,2025-11-22,2025-11-24,Family,1,20293.0
13020,1048,Event Group,2025-11-22,2025-11-24,Standard,1,8706.0
13021,1014,Leisure,2025-11-22,2025-11-25,Standard,1,9446.0
13022,1018,Corporate,2025-11-22,2025-11-24,Standard,1,9414.0
13023,1001,Travel Agency,2025-11-22,2025-11-23,Standard,1,9411.0
13024,1089,Leisure,2025-11-22,2025-11-24,Standard,1,9500.0
13025,1114,Event Group,2025-11-22,2025-11-27,Standard,1,10770.0
13026,1092,Leisure,2025-11-22,2025-11-25,Family,1,19042.0
13027,1033,Leisure,2025-11-22,2025-11-25,Family,1,21934.0
13028,1111,Leisure,2025-11-22,2025-11-23,Suite,1,24476.0
13029,1019,Travel Agency,2025-11-22,2025-11-23,Family,1,19839.0
13030,1110,Travel Agency,2025-11-22,2025-11-23,Standard,1,8607.0
13031,1055,Corporate,2025-11-22,2025-11-23,Standard,1,9833.0
13032,1014,Travel Agency,2025-11-22,2025-11-26,Standard,1,9805.0
13033,1090,Leisure,2025-11-22,2025-11-25,Standard,1,8250.0
13034,1089,Leisure,2025-11-22,2025-11-25,Family,1,19975.0
13035,1112,Travel Agency,2025-11-22,2025-11-24,Deluxe,1,14962.0
13036,1020,Travel Agency,2025-11-22,2025-11-24,Standard,1,10285.0
13037,1071,Corporate,2025-11-22,2025-11-23,Standard,1,8265.0
13038,1075,Leisure,2025-11-22,2025-11-25,Standard,1,8922.0
13039,1025,Corporate,2025-11-22,2025-11-26,Deluxe,1,12674.0
13040,1083,Corporate,2025-11-22,2025-11-24,Deluxe,1,13128.0
13041,1003,Travel Agency,2025-11-22,2025-11-26,Deluxe,1,14504.0
13042,1072,Leisure,2025-11-22,2025-11-25,Family,1,19506.0
13043,1016,Leisure,2025-11-22,2025-11-25,Deluxe,1,13823.0
13044,1083,Corporate,2025-11-22,2025-11-23,Standard,1,9884.0
13045,1121,Leisure,2025-11-22,2025-11-26,Suite,1,26715.0
13046,1070,Corporate,2025-11-22,2025-11-25,Standard,1,9841.0
13047,1065,Leisure,2025-11-22,2025-11-25,Deluxe,1,15873.0
13048,1054,Leisure,2025-11-23,2025-11-25,Standard,1,10508.0
13049,1045,Corporate,2025-11-23,2025-11-24,Standard,1,10104.0
13050,1035,Event Group,2025-11-23,2025-11-25,Family,1,19576.0
13051,1024,Travel Agency,2025-11-23,2025-11-26,Standard,1,9279.0
13052,1117,Travel Agency,2025-11-23,2025-11-25,Deluxe,1,12548.0
13053,1119,Travel Agency,2025-11-23,2025-11-28,Standard,1,9233.0
13054,1039,Corporate,2025-11-23,2025-11-27,Standard,1,9711.0
13055,1109,Leisure,2025-11-23,2025-11-25,Standard,1,9792.0
13056,1043,Corporate,2025-11-23,2025-11-26,Suite,1,23631.0
13057,1049,Travel Agency,2025-11-23,2025-11-25,Family,1,17449.0
13058,1107,Event Group,2025-11-23,2025-11-25,Standard,1,9700.0
13059,1124,Travel Agency,2025-11-23,2025-11-27,Standard,1,11264.0
13060,1084,Leisure,2025-11-23,2025-11-24,Standard,1,10521.0
13061,1034,Corporate,2025-11-23,2025-11-27,Deluxe,1,12377.0
13062,1046,Leisure,2025-11-23,2025-11-25,Standard,1,11515.0
13063,1104,Leisure,2025-11-23,2025-11-27,Family,1,21329.0
13064,1086,Corporate,2025-11-23,2025-11-26,Standard,1,9220.0
13065,1078,Leisure,2025-11-23,2025-11-25,Standard,1,10252.0
13066,1015,Leisure,2025-11-23,2025-11-26,Suite,1,25771.0
13067,1022,Event Group,2025-11-23,2025-11-27,Standard,1,9972.0
13068,1002,Leisure,2025-11-23,2025-11-26,Deluxe,1,15214.0
13069,1046,Leisure,2025-11-23,2025-11-25,Standard,1,9004.0
13070,1077,Leisure,2025-11-23,2025-11-27,Standard,1,10144.0
13071,1103,Leisure,2025-11-23,2025-11-24,Deluxe,1,13367.0
13072,1092,Travel Agency,2025-11-23,2025-11-25,Deluxe,1,14004.0
13073,1014,Corporate,2025-11-23,2025-11-26,Deluxe,1,16040.0
13074,1017,Travel Agency,2025-11-23,2025-11-24,Deluxe,1,13092.0
13075,1090,Leisure,2025-11-23,2025-11-24,Standard,1,10248.0
13076,1121,Travel Agency,2025-11-23,2025-11-25,Deluxe,1,13255.0
13077,1055,Corporate,2025-11-23,2025-11-25,Family,1,18923.0
13078,1055,Travel Agency,2025-11-23,2025-11-25,Standard,1,10769.0
13079,1091,Corporate,2025-11-24,2025-11-29,Standard,1,9873.0
13080,1102,Leisure,2025-11-24,2025-11-25,Deluxe,1,14526.0
13081,1125,Leisure,2025-11-24,2025-11-27,Standard,1,10063.0
13082,1030,Travel Agency,2025-11-24,2025-11-25,Family,1,20790.0
13083,1090,Leisure,2025-11-24,2025-11-29,Deluxe,1,15564.0
13084,1013,Leisure,2025-11-24,2025-11-28,Standard,1,10798.0
13085,1051,Corporate,2025-11-24,2025-11-26,Deluxe,1,14310.0
13086,1043,Corporate,2025-11-24,2025-11-27,Family,1,22486.0
13087,1022,Event Group,2025-11-24,2025-11-27,Deluxe,1,14853.0
13088,1123,Leisure,2025-11-24,2025-11-25,Standard,1,10341.0
13089,1089,Leisure,2025-11-24,2025-11-27,Suite,1,24020.0
13090,1048,Event Group,2025-11-24,2025-11-26,Deluxe,1,15518.0
13091,1051,Travel Agency,2025-11-24,2025-11-25,Suite,1,27276.0
13092,1030,Corporate,2025-11-24,2025-11-25,Family,1,20803.0
13093,1057,Travel Agency,2025-11-24,2025-11-25,Deluxe,1,13499.0
13094,1071,Corporate,2025-11-24,2025-11-26,Suite,1,24734.0
13095,1046,Leisure,2025-11-24,2025-11-27,Family,1,20252.0
13096,1100,Travel Agency,2025-11-24,2025-11-27,Family,1,20260.0
13097,1098,Corporate,2025-11-24,2025-11-25,Standard,1,10377.0
13098,1027,Corporate,2025-11-24,2025-11-26,Standard,1,10762.0
13099,1103,Corporate,2025-11-24,2025-11-25,Suite,1,24306.0
13100,1098,Leisure,2025-11-24,2025-11-26,Deluxe,1,14578.0
13101,1043,Leisure,2025-11-24,2025-11-29,Standard,1,10006.0
13102,1102,Leisure,2025-11-24,2025-11-25,Standard,1,10782.0
13103,1026,Event Group,2025-11-24,2025-11-26,Standard,1,9860.0
13104,1070,Travel Agency,2025-11-24,2025-11-27,Standard,1,8835.0
13105,1088,Corporate,2025-11-24,2025-11-25,Standard,1,9057.0
13106,1120,Leisure,2025-11-24,2025-11-25,Standard,1,10337.0
13107,1058,Corporate,2025-11-24,2025-11-25,Suite,1,25293.0
13108,1087,Corporate,2025-11-24,2025-11-27,Standard,1,11101.0
13109,1053,Leisure,2025-11-24,2025-11-27,Standard,1,10848.0
13110,1032,Corporate,2025-11-24,2025-11-26,Standard,1,9662.0
13111,1114,Event Group,2025-11-24,2025-11-27,Standard,1,10478.0
13112,1121,Travel Agency,2025-11-24,2025-11-26,Deluxe,1,14575.0
13113,1009,Corporate,2025-11-24,2025-11-29,Standard,1,10256.0
13114,1090,Travel Agency,2025-11-25,2025-11-30,Suite,1,23291.0
13115,1001,Leisure,2025-11-25,2025-11-26,Deluxe,1,13640.0
13116,1088,Leisure,2025-11-25,2025-11-27,Standard,1,11714.0
13117,1095,Leisure,2025-11-25,2025-11-26,Standard,1,8809.0
13118,1005,Leisure,2025-11-25,2025-11-29,Standard,1,10285.0
13119,1075,Travel Agency,2025-11-25,2025-11-28,Family,1,21924.0
13120,1069,Travel Agency,2025-11-25,2025-11-26,Deluxe,1,12667.0
13121,1064,Travel Agency,2025-11-25,2025-11-27,Family,1,19997.0
13122,1032,Leisure,2025-11-25,2025-11-28,Deluxe,1,14704.0
13123,1097,Corporate,2025-11-25,2025-11-29,Deluxe,1,17522.0
13124,1079,Corporate,2025-11-25,2025-11-29,Standard,1,9385.0
13125,1091,Leisure,2025-11-25,2025-11-28,Standard,1,9877.0
13126,1053,Leisure,2025-11-25,2025-11-28,Standard,1,11177.0
13127,1023,Leisure,2025-11-25,2025-11-26,Deluxe,1,12538.0
13128,1049,Leisure,2025-11-25,2025-11-27,Standard,1,10569.0
13129,1085,Leisure,2025-11-25,2025-11-27,Standard,1,9995.0
13130,1115,Travel Agency,2025-11-25,2025-11-29,Standard,1,10497.0
13131,1024,Leisure,2025-11-25,2025-11-26,Standard,1,8720.0
13132,1103,Event Group,2025-11-25,2025-11-26,Standard,1,9849.0
13133,1013,Travel Agency,2025-11-25,2025-11-28,Family,1,18675.0
13134,1085,Travel Agency,2025-11-25,2025-11-29,Family,1,19292.0
13135,1093,Corporate,2025-11-25,2025-11-28,Deluxe,1,16090.0
13136,1111,Leisure,2025-11-25,2025-11-29,Standard,1,9135.0
13137,1074,Leisure,2025-11-25,2025-11-26,Standard,1,9287.0
13138,1044,Corporate,2025-11-25,2025-11-28,Standard,1,10105.0
13139,1014,Travel Agency,2025-11-25,2025-11-27,Standard,1,11090.0
13140,1102,Leisure,2025-11-25,2025-11-26,Standard,1,11236.0
13141,1043,Event Group,2025-11-25,2025-11-27,Deluxe,1,15563.0
13142,1030,Corporate,2025-11-25,2025-11-26,Standard,1,9762.0
13143,1110,Leisure,2025-11-26,2025-11-30,Standard,1,10027.0
13144,1008,Travel Agency,2025-11-26,2025-11-28,Standard,1,11425.0
13145,1019,Leisure,2025-11-26,2025-11-27,Standard,1,8250.0
13146,1047,Event Group,2025-11-26,2025-11-27,Deluxe,1,16215.0
13147,1111,Leisure,2025-11-26,2025-11-27,Standard,1,10417.0
13148,1068,Leisure,2025-11-26,2025-11-27,Deluxe,1,16258.0
13149,1076,Travel Agency,2025-11-26,2025-11-27,Standard,1,9748.0
13150,1013,Leisure,2025-11-26,2025-11-27,Standard,1,11283.0
13151,1075,Leisure,2025-11-26,2025-11-28,Standard,1,9261.0
13152,1113,Travel Agency,2025-11-26,2025-11-27,Standard,1,9957.0
13153,1066,Leisure,2025-11-26,2025-12-01,Standard,1,11185.0
13154,1086,Corporate,2025-11-26,2025-11-27,Standard,1,10951.0
13155,1017,Leisure,2025-11-26,2025-11-27,Deluxe,1,14077.0
13156,1093,Leisure,2025-11-26,2025-11-27,Standard,1,10129.0
13157,1119,Corporate,2025-11-26,2025-11-29,Family,1,17683.0
13158,1065,Travel Agency,2025-11-26,2025-11-27,Deluxe,1,13583.0
13159,1018,Corporate,2025-11-26,2025-11-27,Family,1,19845.0
13160,1080,Event Group,2025-11-26,2025-11-27,Standard,1,10114.0
13161,1109,Corporate,2025-11-26,2025-11-29,Standard,1,9969.0
13162,1012,Corporate,2025-11-26,2025-11-27,Deluxe,1,12844.0
13163,1023,Leisure,2025-11-26,2025-11-28,Standard,1,9559.0
13164,1012,Leisure,2025-11-26,2025-11-30,Suite,1,28041.0
13165,1092,Travel Agency,2025-11-26,2025-11-30,Suite,1,22662.0
13166,1016,Leisure,2025-11-26,2025-11-28,Deluxe,1,12735.0
13167,1063,Event Group,2025-11-26,2025-11-28,Deluxe,1,14952.0
13168,1105,Corporate,2025-11-26,2025-11-27,Standard,1,8349.0
13169,1118,Travel Agency,2025-11-26,2025-11-30,Deluxe,1,15121.0
13170,1058,Leisure,2025-11-26,2025-11-27,Standard,1,10300.0
13171,1119,Corporate,2025-11-26,2025-11-27,Family,1,19874.0
13172,1072,Travel Agency,2025-11-26,2025-11-29,Family,1,19773.0
13173,1019,Leisure,2025-11-26,2025-11-29,Deluxe,1,13823.0
13174,1071,Corporate,2025-11-26,2025-11-27,Deluxe,1,13431.0
13175,1083,Leisure,2025-11-26,2025-11-27,Standard,1,9207.0
13176,1059,Corporate,2025-11-26,2025-11-28,Deluxe,1,14848.0
13177,1082,Leisure,2025-11-26,2025-12-01,Standard,1,10816.0
13178,1060,Leisure,2025-11-26,2025-11-28,Standard,1,10831.0
13179,1115,Travel Agency,2025-11-26,2025-11-27,Deluxe,1,12324.0
13180,1114,Travel Agency,2025-11-26,2025-11-28,Family,1,20834.0
13181,1074,Leisure,2025-11-26,2025-11-29,Deluxe,1,14598.0
13182,1084,Corporate,2025-11-26,2025-11-27,Standard,1,9995.0
13183,1086,Leisure,2025-11-26,2025-11-27,Deluxe,1,14070.0
13184,1071,Leisure,2025-11-26,2025-11-28,Standard,1,9966.0
13185,1121,Leisure,2025-11-27,2025-11-30,Suite,1,24887.0
13186,1019,Leisure,2025-11-27,2025-11-28,Family,1,22051.0
13187,1002,Corporate,2025-11-27,2025-11-28,Deluxe,1,13036.0
13188,1085,Leisure,2025-11-27,2025-11-30,Standard,1,8250.0
13189,1102,Corporate,2025-11-27,2025-11-30,Standard,1,11319.0
13190,1015,Corporate,2025-11-27,2025-11-30,Standard,1,10081.0
13191,1043,Corporate,2025-11-27,2025-11-28,Deluxe,1,13542.0
13192,1037,Leisure,2025-11-27,2025-11-30,Suite,1,24513.0
13193,1096,Leisure,2025-11-27,2025-12-02,Family,1,17875.0
13194,1075,Leisure,2025-11-27,2025-11-29,Standard,1,10650.0
13195,1041,Leisure,2025-11-27,2025-11-29,Standard,1,10417.0
13196,1039,Event Group,2025-11-27,2025-11-28,Suite,1,24365.0
13197,1054,Leisure,2025-11-27,2025-11-28,Suite,1,26218.0
13198,1092,Leisure,2025-11-27,2025-11-29,Deluxe,1,14494.0
13199,1044,Corporate,2025-11-27,2025-11-30,Standard,1,10146.0
13200,1002,Leisure,2025-11-27,2025-11-28,Deluxe,1,14312.0
13201,1069,Corporate,2025-11-27,2025-11-28,Family,1,21983.0
13202,1105,Leisure,2025-11-27,2025-11-29,Suite,1,25521.0
13203,1078,Corporate,2025-11-27,2025-11-28,Standard,1,9605.0
13204,1086,Corporate,2025-11-27,2025-12-01,Suite,1,27591.0
13205,1114,Travel Agency,2025-11-28,2025-11-29,Deluxe,1,15873.0
13206,1048,Corporate,2025-11-28,2025-12-01,Suite,1,24905.0
13207,1027,Event Group,2025-11-28,2025-11-30,Standard,1,11034.0
13208,1090,Leisure,2025-11-28,2025-11-29,Standard,1,10589.0
13209,1017,Travel Agency,2025-11-28,2025-11-29,Deluxe,1,14151.0
13210,1082,Corporate,2025-11-28,2025-11-30,Standard,1,10504.0
13211,1057,Travel Agency,2025-11-28,2025-12-01,Deluxe,1,15363.0
13212,1106,Travel Agency,2025-11-28,2025-12-02,Family,1,19715.0
13213,1106,Corporate,2025-11-28,2025-12-01,Family,1,19247.0
13214,1112,Event Group,2025-11-28,2025-11-29,Deluxe,1,16640.0
13215,1113,Leisure,2025-11-28,2025-11-30,Standard,1,9427.0
13216,1065,Travel Agency,2025-11-28,2025-11-30,Standard,1,10345.0
13217,1073,Event Group,2025-11-28,2025-11-29,Deluxe,1,16233.0
13218,1016,Corporate,2025-11-28,2025-11-29,Deluxe,1,14274.0
13219,1014,Leisure,2025-11-28,2025-11-30,Family,1,19612.0
13220,1048,Travel Agency,2025-11-28,2025-11-30,Family,1,20714.0
13221,1029,Leisure,2025-11-28,2025-12-01,Suite,1,26845.0
13222,1087,Corporate,2025-11-28,2025-12-02,Standard,1,9372.0
13223,1051,Leisure,2025-11-28,2025-11-29,Suite,1,25768.0
13224,1081,Leisure,2025-11-28,2025-11-29,Suite,1,24613.0
13225,1012,Leisure,2025-11-28,2025-12-03,Standard,1,9367.0
13226,1057,Leisure,2025-11-28,2025-11-30,Standard,1,10271.0
13227,1093,Event Group,2025-11-28,2025-11-29,Family,1,20945.0
13228,1048,Travel Agency,2025-11-28,2025-11-30,Deluxe,1,15481.0
13229,1104,Corporate,2025-11-28,2025-12-02,Deluxe,1,15325.0
13230,1054,Travel Agency,2025-11-28,2025-11-30,Suite,1,26399.0
13231,1028,Corporate,2025-11-29,2025-12-01,Family,1,17359.0
13232,1008,Leisure,2025-11-29,2025-12-01,Standard,1,10195.0
13233,1050,Leisure,2025-11-29,2025-12-02,Standard,1,10159.0
13234,1053,Event Group,2025-11-29,2025-12-01,Deluxe,1,14107.0
13235,1055,Corporate,2025-11-29,2025-11-30,Family,1,21861.0
13236,1092,Travel Agency,2025-11-29,2025-11-30,Deluxe,1,15433.0
13237,1037,Leisure,2025-11-29,2025-12-04,Deluxe,1,14998.0
13238,1032,Corporate,2025-11-29,2025-12-01,Standard,1,9854.0
13239,1123,Corporate,2025-11-29,2025-12-03,Standard,1,9339.0
13240,1048,Leisure,2025-11-29,2025-12-01,Standard,1,9008.0
13241,1027,Leisure,2025-11-29,2025-12-02,Standard,1,10705.0
13242,1095,Leisure,2025-11-29,2025-12-01,Standard,1,10725.0
13243,1079,Event Group,2025-11-29,2025-12-02,Suite,1,24830.0
13244,1014,Travel Agency,2025-11-29,2025-12-01,Deluxe,1,16030.0
13245,1101,Corporate,2025-11-29,2025-11-30,Deluxe,1,14991.0
13246,1058,Event Group,2025-11-29,2025-12-01,Family,1,19053.0
13247,1004,Travel Agency,2025-11-29,2025-11-30,Family,1,18471.0
13248,1017,Travel Agency,2025-11-29,2025-12-01,Standard,1,9034.0
13249,1064,Corporate,2025-11-29,2025-12-01,Deluxe,1,12382.0
13250,1050,Leisure,2025-11-29,2025-12-01,Standard,1,10381.0
13251,1059,Leisure,2025-11-29,2025-11-30,Deluxe,1,14827.0
13252,1120,Leisure,2025-11-29,2025-12-01,Standard,1,9256.0
13253,1097,Leisure,2025-11-29,2025-11-30,Deluxe,1,12400.0
13254,1010,Corporate,2025-11-29,2025-12-02,Standard,1,9297.0
13255,1046,Leisure,2025-11-29,2025-12-01,Family,1,21030.0
13256,1004,Event Group,2025-11-29,2025-12-02,Deluxe,1,13574.0
13257,1092,Corporate,2025-11-29,2025-11-30,Family,1,18610.0
13258,1091,Travel Agency,2025-11-29,2025-12-04,Deluxe,1,14313.0
13259,1023,Leisure,2025-11-29,2025-12-03,Standard,1,11657.0
13260,1092,Event Group,2025-11-29,2025-11-30,Standard,1,9295.0
13261,1075,Corporate,2025-11-30,2025-12-02,Family,1,19191.0
13262,1062,Travel Agency,2025-11-30,2025-12-04,Deluxe,1,14329.0
13263,1003,Leisure,2025-11-30,2025-12-01,Deluxe,1,14871.0
13264,1096,Leisure,2025-11-30,2025-12-01,Deluxe,1,15973.0
13265,1106,Leisure,2025-11-30,2025-12-02,Standard,1,9182.0
13266,1069,Leisure,2025-11-30,2025-12-05,Standard,1,9976.0
13267,1051,Leisure,2025-11-30,2025-12-01,Suite,1,23283.0
13268,1080,Corporate,2025-11-30,2025-12-03,Deluxe,1,14096.0
13269,1108,Leisure,2025-11-30,2025-12-02,Deluxe,1,14025.0
13270,1076,Travel Agency,2025-11-30,2025-12-04,Standard,1,9775.0
13271,1004,Leisure,2025-11-30,2025-12-02,Standard,1,8812.0
13272,1035,Corporate,2025-11-30,2025-12-01,Family,1,19012.0
13273,1013,Leisure,2025-11-30,2025-12-02,Standard,1,8378.0
13274,1037,Corporate,2025-11-30,2025-12-01,Standard,1,8250.0
13275,1101,Event Group,2025-11-30,2025-12-01,Deluxe,1,16183.0
13276,1101,Travel Agency,2025-11-30,2025-12-01,Suite,1,27129.0
13277,1034,Corporate,2025-11-30,2025-12-02,Standard,1,10408.0
13278,1092,Leisure,2025-11-30,2025-12-03,Family,1,18305.0
13279,1022,Event Group,2025-11-30,2025-12-02,Deluxe,1,14848.0
13280,1009,Leisure,2025-11-30,2025-12-02,Standard,1,8389.0
13281,1030,Leisure,2025-11-30,2025-12-02,Suite,1,26836.0
13282,1034,Travel Agency,2025-11-30,2025-12-01,Standard,1,10700.0
13283,1080,Travel Agency,2025-11-30,2025-12-01,Deluxe,1,16361.0
13284,1104,Leisure,2025-11-30,2025-12-04,Standard,1,8989.0
13285,1051,Corporate,2025-11-30,2025-12-01,Standard,1,9885.0
13286,1087,Leisure,2025-11-30,2025-12-01,Standard,1,9201.0
13287,1055,Travel Agency,2025-11-30,2025-12-02,Standard,1,9137.0
13288,1018,Leisure,2025-11-30,2025-12-01,Standard,1,10736.0
13289,1030,Corporate,2025-11-30,2025-12-01,Deluxe,1,12986.0
13290,1097,Corporate,2025-11-30,2025-12-05,Family,1,20600.0
13291,1032,Leisure,2025-11-30,2025-12-05,Family,1,18601.0
13292,1006,Leisure,2025-11-30,2025-12-03,Standard,1,10703.0
13293,1108,Corporate,2025-11-30,2025-12-02,Deluxe,1,15702.0
13294,1109,Corporate,2025-11-30,2025-12-01,Deluxe,1,15541.0
13295,1110,Corporate,2025-11-30,2025-12-02,Standard,1,9680.0
13296,1102,Corporate,2025-12-01,2025-12-04,Standard,1,13071.0
13297,1040,Leisure,2025-12-01,2025-12-05,Standard,1,12538.0
13298,1065,Corporate,2025-12-01,2025-12-04,Deluxe,1,18296.0
13299,1101,Travel Agency,2025-12-01,2025-12-03,Standard,1,12634.0
13300,1040,Corporate,2025-12-01,2025-12-03,Deluxe,1,19807.0
13301,1115,Travel Agency,2025-12-01,2025-12-02,Suite,1,31936.0
13302,1062,Leisure,2025-12-01,2025-12-04,Standard,1,11641.0
13303,1050,Leisure,2025-12-01,2025-12-04,Standard,1,11442.0
13304,1042,Leisure,2025-12-01,2025-12-03,Standard,1,12523.0
13305,1047,Corporate,2025-12-01,2025-12-03,Family,1,28199.0
13306,1121,Event Group,2025-12-01,2025-12-05,Family,1,22782.0
13307,1055,Leisure,2025-12-01,2025-12-05,Family,1,26977.0
13308,1090,Leisure,2025-12-01,2025-12-03,Standard,1,12832.0
13309,1028,Leisure,2025-12-01,2025-12-04,Deluxe,1,18328.0
13310,1065,Corporate,2025-12-01,2025-12-02,Standard,1,12169.0
13311,1070,Event Group,2025-12-01,2025-12-02,Standard,1,13003.0
13312,1096,Corporate,2025-12-01,2025-12-03,Standard,1,12271.0
13313,1065,Leisure,2025-12-01,2025-12-02,Standard,1,13226.0
13314,1115,Leisure,2025-12-01,2025-12-02,Deluxe,1,19197.0
13315,1013,Event Group,2025-12-01,2025-12-02,Family,1,25361.0
13316,1021,Leisure,2025-12-01,2025-12-04,Deluxe,1,17424.0
13317,1032,Corporate,2025-12-01,2025-12-02,Standard,1,12393.0
13318,1103,Leisure,2025-12-01,2025-12-03,Deluxe,1,17477.0
13319,1120,Leisure,2025-12-01,2025-12-06,Deluxe,1,18690.0
13320,1027,Event Group,2025-12-01,2025-12-03,Family,1,24443.0
13321,1061,Leisure,2025-12-01,2025-12-02,Standard,1,12964.0
13322,1056,Event Group,2025-12-01,2025-12-05,Standard,1,12884.0
13323,1044,Leisure,2025-12-01,2025-12-02,Suite,1,30150.0
13324,1035,Corporate,2025-12-01,2025-12-03,Standard,1,12532.0
13325,1033,Travel Agency,2025-12-01,2025-12-04,Family,1,24854.0
13326,1033,Leisure,2025-12-01,2025-12-02,Standard,1,11529.0
13327,1110,Corporate,2025-12-01,2025-12-02,Standard,1,12367.0
13328,1076,Corporate,2025-12-01,2025-12-02,Deluxe,1,19032.0
13329,1066,Leisure,2025-12-01,2025-12-02,Deluxe,1,15644.0
13330,1117,Leisure,2025-12-01,2025-12-05,Standard,1,13556.0
13331,1102,Leisure,2025-12-01,2025-12-04,Deluxe,1,16001.0
13332,1071,Leisure,2025-12-01,2025-12-02,Deluxe,1,17125.0
13333,1098,Leisure,2025-12-01,2025-12-04,Family,1,22551.0
13334,1024,Event Group,2025-12-01,2025-12-04,Family,1,27340.0
13335,1053,Corporate,2025-12-01,2025-12-03,Standard,1,11444.0
13336,1075,Leisure,2025-12-01,2025-12-02,Deluxe,1,20257.0
13337,1097,Corporate,2025-12-01,2025-12-02,Family,1,22031.0
13338,1028,Leisure,2025-12-01,2025-12-04,Standard,1,14288.0
13339,1102,Corporate,2025-12-01,2025-12-03,Family,1,25471.0
13340,1033,Event Group,2025-12-01,2025-12-02,Family,1,23483.0
13341,1084,Event Group,2025-12-01,2025-12-04,Suite,1,34181.0
13342,1040,Corporate,2025-12-01,2025-12-06,Deluxe,1,16587.0
13343,1034,Leisure,2025-12-02,2025-12-05,Standard,1,12203.0
13344,1058,Corporate,2025-12-02,2025-12-03,Deluxe,1,19087.0
13345,1100,Corporate,2025-12-02,2025-12-04,Standard,1,11970.0
13346,1050,Travel Agency,2025-12-02,2025-12-03,Deluxe,1,18358.0
13347,1071,Leisure,2025-12-02,2025-12-04,Deluxe,1,18337.0
13348,1094,Leisure,2025-12-02,2025-12-05,Family,1,27277.0
13349,1098,Leisure,2025-12-02,2025-12-03,Deluxe,1,20190.0
13350,1016,Leisure,2025-12-02,2025-12-06,Standard,1,11760.0
13351,1109,Corporate,2025-12-02,2025-12-04,Standard,1,14154.0
13352,1024,Event Group,2025-12-02,2025-12-03,Standard,1,14246.0
13353,1070,Travel Agency,2025-12-02,2025-12-03,Family,1,23337.0
13354,1062,Corporate,2025-12-02,2025-12-03,Deluxe,1,15197.0
13355,1004,Leisure,2025-12-02,2025-12-04,Deluxe,1,19040.0
13356,1082,Corporate,2025-12-02,2025-12-03,Standard,1,14533.0
13357,1036,Leisure,2025-12-02,2025-12-03,Deluxe,1,17148.0
13358,1114,Leisure,2025-12-02,2025-12-04,Deluxe,1,18994.0
13359,1077,Leisure,2025-12-02,2025-12-03,Standard,1,11751.0
13360,1062,Leisure,2025-12-02,2025-12-04,Deluxe,1,18022.0
13361,1076,Travel Agency,2025-12-02,2025-12-06,Deluxe,1,20817.0
13362,1063,Travel Agency,2025-12-02,2025-12-04,Deluxe,1,17027.0
13363,1089,Leisure,2025-12-02,2025-12-04,Standard,1,13312.0
13364,1032,Leisure,2025-12-02,2025-12-03,Deluxe,1,18245.0
13365,1117,Event Group,2025-12-02,2025-12-04,Standard,1,13103.0
13366,1096,Event Group,2025-12-02,2025-12-06,Deluxe,1,19092.0
13367,1096,Leisure,2025-12-02,2025-12-03,Deluxe,1,17585.0
13368,1121,Event Group,2025-12-02,2025-12-05,Deluxe,1,19617.0
13369,1057,Corporate,2025-12-02,2025-12-04,Standard,1,11133.0
13370,1089,Corporate,2025-12-02,2025-12-03,Standard,1,9899.0
13371,1084,Leisure,2025-12-02,2025-12-07,Standard,1,11798.0
13372,1113,Travel Agency,2025-12-02,2025-12-04,Deluxe,1,17570.0
13373,1030,Travel Agency,2025-12-02,2025-12-03,Suite,1,33617.0
13374,1092,Travel Agency,2025-12-02,2025-12-03,Deluxe,1,18753.0
13375,1086,Corporate,2025-12-02,2025-12-03,Deluxe,1,16674.0
13376,1072,Leisure,2025-12-02,2025-12-06,Deluxe,1,16284.0
13377,1048,Leisure,2025-12-02,2025-12-04,Family,1,24721.0
13378,1099,Event Group,2025-12-02,2025-12-03,Deluxe,1,20461.0
13379,1039,Travel Agency,2025-12-03,2025-12-04,Family,1,25200.0
13380,1050,Corporate,2025-12-03,2025-12-05,Deluxe,1,17106.0
13381,1041,Leisure,2025-12-03,2025-12-06,Family,1,23696.0
13382,1044,Leisure,2025-12-03,2025-12-05,Standard,1,11780.0
13383,1017,Leisure,2025-12-03,2025-12-04,Family,1,25114.0
13384,1114,Event Group,2025-12-03,2025-12-06,Deluxe,1,19383.0
13385,1124,Travel Agency,2025-12-03,2025-12-04,Standard,1,12634.0
13386,1040,Corporate,2025-12-03,2025-12-04,Standard,1,13831.0
13387,1124,Corporate,2025-12-03,2025-12-05,Standard,1,13471.0
13388,1075,Corporate,2025-12-03,2025-12-05,Standard,1,11719.0
13389,1061,Corporate,2025-12-03,2025-12-08,Standard,1,12842.0
13390,1068,Travel Agency,2025-12-03,2025-12-05,Family,1,25226.0
13391,1011,Event Group,2025-12-03,2025-12-04,Suite,1,34269.0
13392,1058,Event Group,2025-12-03,2025-12-04,Suite,1,35401.0
13393,1021,Corporate,2025-12-03,2025-12-04,Standard,1,14340.0
13394,1081,Travel Agency,2025-12-03,2025-12-05,Family,1,28915.0
13395,1052,Corporate,2025-12-03,2025-12-04,Deluxe,1,22125.0
13396,1122,Leisure,2025-12-03,2025-12-04,Standard,1,13247.0
13397,1054,Corporate,2025-12-03,2025-12-08,Standard,1,10812.0
13398,1054,Travel Agency,2025-12-03,2025-12-04,Family,1,28731.0
13399,1125,Corporate,2025-12-03,2025-12-04,Suite,1,28174.0
13400,1122,Travel Agency,2025-12-03,2025-12-04,Standard,1,10594.0
13401,1062,Travel Agency,2025-12-03,2025-12-08,Family,1,23490.0
13402,1017,Travel Agency,2025-12-03,2025-12-05,Suite,1,36841.0
13403,1033,Leisure,2025-12-03,2025-12-06,Family,1,21893.0
13404,1108,Event Group,2025-12-03,2025-12-05,Deluxe,1,15904.0
13405,1110,Leisure,2025-12-03,2025-12-07,Deluxe,1,18786.0
13406,1061,Leisure,2025-12-03,2025-12-05,Family,1,24080.0
13407,1063,Leisure,2025-12-03,2025-12-05,Suite,1,28408.0
13408,1101,Leisure,2025-12-03,2025-12-07,Suite,1,34965.0
13409,1031,Leisure,2025-12-03,2025-12-05,Standard,1,13324.0
13410,1074,Corporate,2025-12-03,2025-12-05,Deluxe,1,16759.0
13411,1107,Travel Agency,2025-12-03,2025-12-04,Standard,1,12625.0
13412,1116,Corporate,2025-12-03,2025-12-06,Family,1,25674.0
13413,1097,Travel Agency,2025-12-03,2025-12-06,Deluxe,1,18486.0
13414,1076,Leisure,2025-12-03,2025-12-05,Standard,1,11808.0
13415,1118,Travel Agency,2025-12-03,2025-12-04,Standard,1,13025.0
13416,1039,Leisure,2025-12-03,2025-12-05,Standard,1,12988.0
13417,1082,Corporate,2025-12-04,2025-12-05,Standard,1,13914.0
13418,1065,Travel Agency,2025-12-04,2025-12-05,Standard,1,14212.0
13419,1112,Leisure,2025-12-04,2025-12-09,Standard,1,13049.0
13420,1125,Event Group,2025-12-04,2025-12-06,Family,1,24731.0
13421,1090,Travel Agency,2025-12-04,2025-12-07,Standard,1,14276.0
13422,1052,Leisure,2025-12-04,2025-12-05,Family,1,22365.0
13423,1030,Corporate,2025-12-04,2025-12-05,Standard,1,14609.0
13424,1066,Corporate,2025-12-04,2025-12-08,Standard,1,14845.0
13425,1017,Corporate,2025-12-04,2025-12-06,Suite,1,31350.0
13426,1026,Leisure,2025-12-04,2025-12-05,Family,1,23010.0
13427,1009,Leisure,2025-12-04,2025-12-06,Standard,1,12187.0
13428,1087,Leisure,2025-12-04,2025-12-05,Standard,1,13495.0
13429,1067,Travel Agency,2025-12-04,2025-12-06,Standard,1,12404.0
13430,1043,Corporate,2025-12-04,2025-12-06,Family,1,27720.0
13431,1028,Leisure,2025-12-04,2025-12-08,Deluxe,1,17680.0
13432,1026,Leisure,2025-12-04,2025-12-05,Standard,1,12655.0
13433,1091,Corporate,2025-12-04,2025-12-06,Deluxe,1,18558.0
13434,1100,Corporate,2025-12-04,2025-12-06,Deluxe,1,16362.0
13435,1037,Corporate,2025-12-04,2025-12-06,Standard,1,13384.0
13436,1063,Leisure,2025-12-04,2025-12-08,Standard,1,12263.0
13437,1107,Corporate,2025-12-04,2025-12-05,Standard,1,13165.0
13438,1109,Corporate,2025-12-04,2025-12-07,Deluxe,1,19043.0
13439,1014,Leisure,2025-12-04,2025-12-06,Standard,1,13424.0
13440,1105,Corporate,2025-12-04,2025-12-06,Standard,1,12393.0
13441,1089,Leisure,2025-12-04,2025-12-06,Deluxe,1,18413.0
13442,1100,Corporate,2025-12-04,2025-12-05,Standard,1,10990.0
13443,1064,Corporate,2025-12-04,2025-12-07,Family,1,23653.0
13444,1027,Corporate,2025-12-04,2025-12-05,Family,1,25320.0
13445,1058,Travel Agency,2025-12-04,2025-12-06,Standard,1,11821.0
13446,1061,Leisure,2025-12-04,2025-12-05,Standard,1,12225.0
13447,1120,Travel Agency,2025-12-04,2025-12-05,Deluxe,1,16984.0
13448,1031,Leisure,2025-12-04,2025-12-06,Standard,1,13591.0
13449,1019,Travel Agency,2025-12-04,2025-12-05,Standard,1,13074.0
13450,1031,Leisure,2025-12-04,2025-12-07,Family,1,25636.0
13451,1066,Corporate,2025-12-04,2025-12-07,Family,1,21721.0
13452,1101,Leisure,2025-12-04,2025-12-06,Family,1,22648.0
13453,1027,Event Group,2025-12-04,2025-12-06,Deluxe,1,18196.0
13454,1051,Leisure,2025-12-04,2025-12-06,Family,1,24837.0
13455,1049,Corporate,2025-12-04,2025-12-06,Suite,1,35095.0
13456,1043,Corporate,2025-12-04,2025-12-05,Deluxe,1,15667.0
13457,1003,Leisure,2025-12-04,2025-12-06,Deluxe,1,18474.0
13458,1037,Leisure,2025-12-04,2025-12-05,Standard,1,13920.0
13459,1014,Travel Agency,2025-12-04,2025-12-05,Family,1,27100.0
13460,1043,Corporate,2025-12-05,2025-12-06,Standard,1,12704.0
13461,1002,Corporate,2025-12-05,2025-12-08,Standard,1,11898.0
13462,1077,Leisure,2025-12-05,2025-12-06,Family,1,31168.0
13463,1080,Event Group,2025-12-05,2025-12-08,Standard,1,13395.0
13464,1096,Corporate,2025-12-05,2025-12-06,Deluxe,1,19637.0
13465,1040,Leisure,2025-12-05,2025-12-07,Standard,1,11913.0
13466,1016,Leisure,2025-12-05,2025-12-07,Standard,1,14013.0
13467,1096,Leisure,2025-12-05,2025-12-09,Standard,1,13343.0
13468,1017,Travel Agency,2025-12-05,2025-12-06,Standard,1,12151.0
13469,1107,Travel Agency,2025-12-05,2025-12-06,Deluxe,1,16575.0
13470,1105,Leisure,2025-12-05,2025-12-06,Standard,1,12644.0
13471,1099,Travel Agency,2025-12-05,2025-12-07,Deluxe,1,19093.0
13472,1119,Event Group,2025-12-05,2025-12-09,Deluxe,1,17030.0
13473,1059,Leisure,2025-12-05,2025-12-08,Standard,1,12702.0
13474,1089,Leisure,2025-12-05,2025-12-07,Suite,1,34824.0
13475,1053,Travel Agency,2025-12-05,2025-12-08,Family,1,25998.0
13476,1103,Corporate,2025-12-05,2025-12-06,Suite,1,31084.0
13477,1080,Leisure,2025-12-05,2025-12-06,Standard,1,12495.0
13478,1054,Corporate,2025-12-05,2025-12-06,Standard,1,12484.0
13479,1065,Leisure,2025-12-05,2025-12-07,Deluxe,1,19289.0
13480,1111,Leisure,2025-12-05,2025-12-08,Standard,1,12507.0
13481,1090,Leisure,2025-12-05,2025-12-09,Standard,1,13045.0
13482,1023,Corporate,2025-12-05,2025-12-07,Family,1,25318.0
13483,1095,Travel Agency,2025-12-05,2025-12-08,Standard,1,11107.0
13484,1081,Leisure,2025-12-05,2025-12-09,Standard,1,12762.0
13485,1083,Leisure,2025-12-05,2025-12-06,Family,1,27153.0
13486,1083,Travel Agency,2025-12-05,2025-12-06,Suite,1,28892.0
13487,1055,Leisure,2025-12-05,2025-12-06,Deluxe,1,18851.0
13488,1029,Corporate,2025-12-05,2025-12-07,Standard,1,12804.0
13489,1006,Leisure,2025-12-05,2025-12-06,Standard,1,13535.0
13490,1032,Leisure,2025-12-05,2025-12-06,Standard,1,14380.0
13491,1121,Leisure,2025-12-05,2025-12-07,Family,1,22384.0
13492,1022,Corporate,2025-12-05,2025-12-07,Suite,1,33843.0
13493,1100,Corporate,2025-12-05,2025-12-06,Standard,1,11378.0
13494,1013,Leisure,2025-12-05,2025-12-08,Deluxe,1,21781.0
13495,1035,Travel Agency,2025-12-05,2025-12-06,Standard,1,11800.0
13496,1076,Corporate,2025-12-05,2025-12-09,Standard,1,12460.0
13497,1093,Leisure,2025-12-05,2025-12-06,Family,1,25836.0
13498,1011,Corporate,2025-12-05,2025-12-06,Standard,1,13119.0
13499,1121,Travel Agency,2025-12-05,2025-12-06,Family,1,22614.0
13500,1093,Leisure,2025-12-05,2025-12-06,Family,1,28259.0
13501,1125,Corporate,2025-12-05,2025-12-06,Family,1,27664.0
13502,1067,Travel Agency,2025-12-05,2025-12-07,Standard,1,12975.0
13503,1032,Corporate,2025-12-06,2025-12-08,Standard,1,11415.0
13504,1037,Leisure,2025-12-06,2025-12-08,Deluxe,1,17608.0
13505,1005,Travel Agency,2025-12-06,2025-12-07,Deluxe,1,20363.0
13506,1049,Corporate,2025-12-06,2025-12-07,Standard,1,12412.0
13507,1053,Event Group,2025-12-06,2025-12-08,Deluxe,1,18702.0
13508,1102,Leisure,2025-12-06,2025-12-08,Standard,1,11789.0
13509,1021,Corporate,2025-12-06,2025-12-08,Family,1,25975.0
13510,1096,Event Group,2025-12-06,2025-12-10,Standard,1,12493.0
13511,1046,Leisure,2025-12-06,2025-12-10,Standard,1,14306.0
13512,1094,Corporate,2025-12-06,2025-12-07,Standard,1,12447.0
13513,1074,Leisure,2025-12-06,2025-12-07,Deluxe,1,19242.0
13514,1046,Leisure,2025-12-06,2025-12-10,Family,1,22089.0
13515,1005,Leisure,2025-12-06,2025-12-07,Deluxe,1,19457.0
13516,1068,Leisure,2025-12-06,2025-12-10,Family,1,24617.0
13517,1061,Corporate,2025-12-06,2025-12-08,Family,1,23496.0
13518,1058,Leisure,2025-12-06,2025-12-11,Standard,1,12386.0
13519,1060,Travel Agency,2025-12-06,2025-12-08,Standard,1,15150.0
13520,1014,Leisure,2025-12-06,2025-12-10,Standard,1,11050.0
13521,1027,Travel Agency,2025-12-06,2025-12-07,Family,1,25708.0
13522,1050,Corporate,2025-12-06,2025-12-09,Family,1,25386.0
13523,1069,Corporate,2025-12-06,2025-12-10,Deluxe,1,15733.0
13524,1084,Event Group,2025-12-06,2025-12-09,Standard,1,10871.0
13525,1008,Corporate,2025-12-06,2025-12-08,Family,1,27359.0
13526,1060,Corporate,2025-12-06,2025-12-07,Suite,1,29864.0
13527,1039,Leisure,2025-12-06,2025-12-07,Standard,1,13102.0
13528,1036,Leisure,2025-12-06,2025-12-07,Family,1,25097.0
13529,1077,Leisure,2025-12-06,2025-12-08,Standard,1,13444.0
13530,1067,Event Group,2025-12-06,2025-12-07,Family,1,28394.0
13531,1118,Leisure,2025-12-06,2025-12-09,Standard,1,13230.0
13532,1011,Corporate,2025-12-06,2025-12-08,Deluxe,1,17959.0
13533,1021,Corporate,2025-12-06,2025-12-07,Standard,1,12537.0
13534,1012,Leisure,2025-12-06,2025-12-08,Standard,1,10678.0
13535,1118,Leisure,2025-12-06,2025-12-08,Standard,1,13135.0
13536,1014,Corporate,2025-12-06,2025-12-07,Suite,1,29852.0
13537,1065,Event Group,2025-12-06,2025-12-09,Standard,1,12951.0
13538,1085,Leisure,2025-12-06,2025-12-09,Standard,1,11264.0
13539,1074,Leisure,2025-12-06,2025-12-08,Deluxe,1,17176.0
13540,1100,Corporate,2025-12-06,2025-12-07,Family,1,23237.0
13541,1102,Travel Agency,2025-12-06,2025-12-08,Standard,1,12349.0
13542,1121,Travel Agency,2025-12-06,2025-12-08,Standard,1,12543.0
13543,1050,Leisure,2025-12-06,2025-12-07,Standard,1,12783.0
13544,1111,Travel Agency,2025-12-06,2025-12-07,Deluxe,1,16904.0
13545,1047,Corporate,2025-12-06,2025-12-08,Standard,1,12864.0
13546,1059,Travel Agency,2025-12-07,2025-12-10,Deluxe,1,15968.0
13547,1057,Corporate,2025-12-07,2025-12-09,Standard,1,12429.0
13548,1106,Corporate,2025-12-07,2025-12-08,Deluxe,1,24301.0
13549,1014,Travel Agency,2025-12-07,2025-12-12,Standard,1,13340.0
13550,1098,Corporate,2025-12-07,2025-12-12,Deluxe,1,16316.0
13551,1116,Corporate,2025-12-07,2025-12-09,Standard,1,12665.0
13552,1043,Travel Agency,2025-12-07,2025-12-10,Standard,1,13660.0
13553,1037,Event Group,2025-12-07,2025-12-10,Standard,1,13551.0
13554,1027,Leisure,2025-12-07,2025-12-08,Standard,1,12701.0
13555,1097,Event Group,2025-12-07,2025-12-10,Standard,1,12345.0
13556,1117,Corporate,2025-12-07,2025-12-08,Suite,1,27150.0
13557,1013,Travel Agency,2025-12-07,2025-12-08,Standard,1,12794.0
13558,1066,Travel Agency,2025-12-07,2025-12-10,Standard,1,13428.0
13559,1019,Leisure,2025-12-07,2025-12-09,Standard,1,12702.0
13560,1014,Corporate,2025-12-07,2025-12-08,Suite,1,31278.0
13561,1110,Leisure,2025-12-07,2025-12-10,Family,1,21805.0
13562,1074,Event Group,2025-12-07,2025-12-09,Standard,1,12917.0
13563,1060,Corporate,2025-12-07,2025-12-10,Standard,1,11135.0
13564,1019,Leisure,2025-12-07,2025-12-10,Standard,1,10195.0
13565,1077,Leisure,2025-12-07,2025-12-10,Standard,1,10872.0
13566,1083,Event Group,2025-12-07,2025-12-09,Standard,1,10834.0
13567,1110,Leisure,2025-12-07,2025-12-08,Deluxe,1,18155.0
13568,1119,Leisure,2025-12-07,2025-12-08,Family,1,25499.0
13569,1066,Travel Agency,2025-12-07,2025-12-09,Family,1,25461.0
13570,1008,Leisure,2025-12-07,2025-12-12,Standard,1,10522.0
13571,1055,Travel Agency,2025-12-07,2025-12-08,Deluxe,1,19225.0
13572,1068,Leisure,2025-12-07,2025-12-09,Deluxe,1,16650.0
13573,1103,Travel Agency,2025-12-07,2025-12-11,Suite,1,32063.0
13574,1010,Corporate,2025-12-07,2025-12-09,Standard,1,14085.0
13575,1115,Leisure,2025-12-07,2025-12-09,Standard,1,13300.0
13576,1062,Leisure,2025-12-07,2025-12-09,Standard,1,11241.0
13577,1054,Travel Agency,2025-12-07,2025-12-08,Family,1,22985.0
13578,1035,Leisure,2025-12-07,2025-12-08,Standard,1,13412.0
13579,1067,Corporate,2025-12-07,2025-12-08,Standard,1,14863.0
13580,1008,Travel Agency,2025-12-07,2025-12-10,Deluxe,1,15292.0
13581,1107,Leisure,2025-12-07,2025-12-09,Deluxe,1,16328.0
13582,1025,Corporate,2025-12-07,2025-12-10,Standard,1,12605.0
13583,1098,Leisure,2025-12-07,2025-12-09,Suite,1,32207.0
13584,1094,Corporate,2025-12-07,2025-12-08,Deluxe,1,19365.0
13585,1057,Corporate,2025-12-07,2025-12-08,Deluxe,1,18163.0
13586,1068,Leisure,2025-12-08,2025-12-11,Family,1,25322.0
13587,1012,Corporate,2025-12-08,2025-12-10,Deluxe,1,16964.0
13588,1105,Corporate,2025-12-08,2025-12-11,Family,1,24339.0
13589,1003,Leisure,2025-12-08,2025-12-10,Deluxe,1,19404.0
13590,1034,Leisure,2025-12-08,2025-12-10,Deluxe,1,18682.0
13591,1070,Corporate,2025-12-08,2025-12-09,Standard,1,12189.0
13592,1024,Leisure,2025-12-08,2025-12-11,Family,1,27469.0
13593,1108,Corporate,2025-12-08,2025-12-09,Family,1,23261.0
13594,1047,Travel Agency,2025-12-08,2025-12-10,Family,1,24909.0
13595,1011,Corporate,2025-12-08,2025-12-09,Deluxe,1,17623.0
13596,1075,Leisure,2025-12-08,2025-12-09,Deluxe,1,15035.0
13597,1021,Corporate,2025-12-08,2025-12-09,Family,1,20540.0
13598,1071,Corporate,2025-12-08,2025-12-11,Suite,1,35782.0
13599,1061,Leisure,2025-12-08,2025-12-10,Deluxe,1,17993.0
13600,1018,Travel Agency,2025-12-08,2025-12-12,Suite,1,34354.0
13601,1011,Event Group,2025-12-08,2025-12-09,Standard,1,15216.0
13602,1031,Leisure,2025-12-08,2025-12-13,Standard,1,13767.0
13603,1021,Travel Agency,2025-12-08,2025-12-12,Suite,1,34454.0
13604,1023,Leisure,2025-12-08,2025-12-10,Deluxe,1,20702.0
13605,1028,Event Group,2025-12-08,2025-12-10,Suite,1,32666.0
13606,1030,Leisure,2025-12-08,2025-12-09,Family,1,22418.0
13607,1037,Travel Agency,2025-12-08,2025-12-10,Standard,1,11072.0
13608,1061,Corporate,2025-12-08,2025-12-10,Deluxe,1,16937.0
13609,1015,Corporate,2025-12-08,2025-12-09,Deluxe,1,19675.0
13610,1110,Leisure,2025-12-08,2025-12-10,Family,1,24820.0
13611,1059,Event Group,2025-12-08,2025-12-10,Standard,1,11536.0
13612,1094,Corporate,2025-12-08,2025-12-09,Deluxe,1,17983.0
13613,1075,Leisure,2025-12-08,2025-12-10,Standard,1,12988.0
13614,1040,Corporate,2025-12-08,2025-12-11,Deluxe,1,18809.0
13615,1023,Corporate,2025-12-08,2025-12-12,Standard,1,10915.0
13616,1022,Corporate,2025-12-08,2025-12-09,Standard,1,14310.0
13617,1091,Leisure,2025-12-08,2025-12-11,Deluxe,1,16692.0
13618,1022,Event Group,2025-12-08,2025-12-13,Standard,1,15058.0
13619,1069,Event Group,2025-12-08,2025-12-10,Standard,1,13746.0
13620,1019,Corporate,2025-12-08,2025-12-11,Standard,1,13328.0
13621,1124,Leisure,2025-12-08,2025-12-10,Standard,1,11211.0
13622,1073,Leisure,2025-12-08,2025-12-09,Standard,1,13242.0
13623,1074,Leisure,2025-12-08,2025-12-10,Deluxe,1,17995.0
13624,1015,Corporate,2025-12-08,2025-12-10,Standard,1,11769.0
13625,1106,Leisure,2025-12-08,2025-12-10,Deluxe,1,17222.0
13626,1009,Travel Agency,2025-12-08,2025-12-12,Standard,1,12585.0
13627,1006,Travel Agency,2025-12-08,2025-12-10,Family,1,24984.0
13628,1078,Travel Agency,2025-12-08,2025-12-10,Deluxe,1,16927.0
13629,1089,Leisure,2025-12-08,2025-12-11,Standard,1,12404.0
13630,1088,Corporate,2025-12-08,2025-12-10,Standard,1,12633.0
13631,1009,Leisure,2025-12-08,2025-12-09,Standard,1,12141.0
13632,1050,Leisure,2025-12-08,2025-12-09,Standard,1,12445.0
13633,1015,Corporate,2025-12-09,2025-12-14,Standard,1,13824.0
13634,1010,Travel Agency,2025-12-09,2025-12-14,Standard,1,15339.0
13635,1086,Corporate,2025-12-09,2025-12-11,Standard,1,13739.0
13636,1121,Corporate,2025-12-09,2025-12-11,Standard,1,14762.0
13637,1047,Travel Agency,2025-12-09,2025-12-10,Deluxe,1,20449.0
13638,1069,Leisure,2025-12-09,2025-12-14,Standard,1,12204.0
13639,1117,Leisure,2025-12-09,2025-12-11,Standard,1,12336.0
13640,1071,Leisure,2025-12-09,2025-12-10,Standard,1,12608.0
13641,1006,Leisure,2025-12-09,2025-12-10,Family,1,24476.0
13642,1116,Corporate,2025-12-09,2025-12-11,Standard,1,13027.0
13643,1029,Corporate,2025-12-09,2025-12-10,Deluxe,1,19092.0
13644,1049,Event Group,2025-12-09,2025-12-11,Deluxe,1,17708.0
13645,1116,Corporate,2025-12-09,2025-12-10,Standard,1,12136.0
13646,1037,Corporate,2025-12-09,2025-12-12,Standard,1,14060.0
13647,1083,Travel Agency,2025-12-09,2025-12-10,Family,1,28639.0
13648,1114,Corporate,2025-12-09,2025-12-10,Standard,1,12446.0
13649,1020,Corporate,2025-12-09,2025-12-12,Family,1,24850.0
13650,1120,Corporate,2025-12-09,2025-12-10,Deluxe,1,16443.0
13651,1086,Leisure,2025-12-09,2025-12-10,Standard,1,10787.0
13652,1103,Corporate,2025-12-09,2025-12-12,Family,1,22682.0
13653,1097,Travel Agency,2025-12-09,2025-12-10,Family,1,22742.0
13654,1117,Leisure,2025-12-09,2025-12-12,Standard,1,13422.0
13655,1109,Corporate,2025-12-09,2025-12-10,Family,1,24658.0
13656,1021,Corporate,2025-12-09,2025-12-11,Standard,1,13088.0
13657,1004,Corporate,2025-12-09,2025-12-12,Standard,1,11556.0
13658,1105,Leisure,2025-12-09,2025-12-10,Deluxe,1,18263.0
13659,1030,Corporate,2025-12-09,2025-12-12,Standard,1,13920.0
13660,1044,Leisure,2025-12-09,2025-12-11,Standard,1,14728.0
13661,1035,Corporate,2025-12-09,2025-12-12,Standard,1,13844.0
13662,1029,Event Group,2025-12-09,2025-12-10,Deluxe,1,19751.0
13663,1102,Corporate,2025-12-09,2025-12-11,Deluxe,1,17467.0
13664,1046,Corporate,2025-12-09,2025-12-14,Standard,1,12917.0
13665,1109,Leisure,2025-12-09,2025-12-12,Standard,1,13785.0
13666,1026,Leisure,2025-12-09,2025-12-10,Suite,1,37881.0
13667,1125,Travel Agency,2025-12-09,2025-12-10,Family,1,28227.0
13668,1121,Corporate,2025-12-09,2025-12-10,Standard,1,13320.0
13669,1117,Leisure,2025-12-09,2025-12-12,Standard,1,12267.0
13670,1012,Leisure,2025-12-09,2025-12-11,Standard,1,14242.0
13671,1029,Leisure,2025-12-09,2025-12-11,Standard,1,13918.0
13672,1081,Corporate,2025-12-09,2025-12-12,Family,1,24485.0
13673,1027,Corporate,2025-12-09,2025-12-11,Deluxe,1,19063.0
13674,1032,Corporate,2025-12-09,2025-12-11,Standard,1,12895.0
13675,1018,Travel Agency,2025-12-10,2025-12-11,Deluxe,1,15851.0
13676,1017,Leisure,2025-12-10,2025-12-13,Standard,1,13330.0
13677,1023,Leisure,2025-12-10,2025-12-15,Standard,1,13879.0
13678,1006,Travel Agency,2025-12-10,2025-12-12,Family,1,24731.0
13679,1090,Leisure,2025-12-10,2025-12-12,Family,1,31333.0
13680,1097,Corporate,2025-12-10,2025-12-12,Deluxe,1,17820.0
13681,1070,Event Group,2025-12-10,2025-12-12,Deluxe,1,19043.0
13682,1079,Leisure,2025-12-10,2025-12-11,Standard,1,11461.0
13683,1022,Event Group,2025-12-10,2025-12-12,Deluxe,1,17777.0
13684,1124,Leisure,2025-12-10,2025-12-13,Deluxe,1,18150.0
13685,1084,Corporate,2025-12-10,2025-12-15,Standard,1,13444.0
13686,1105,Corporate,2025-12-10,2025-12-14,Standard,1,12311.0
13687,1050,Leisure,2025-12-10,2025-12-11,Deluxe,1,19147.0
13688,1025,Travel Agency,2025-12-10,2025-12-13,Deluxe,1,20300.0
13689,1093,Corporate,2025-12-10,2025-12-13,Family,1,28785.0
13690,1042,Leisure,2025-12-10,2025-12-11,Family,1,23550.0
13691,1108,Corporate,2025-12-10,2025-12-11,Suite,1,31271.0
13692,1072,Corporate,2025-12-10,2025-12-11,Family,1,23417.0
13693,1012,Leisure,2025-12-10,2025-12-11,Standard,1,12954.0
13694,1100,Travel Agency,2025-12-10,2025-12-12,Family,1,25809.0
13695,1025,Leisure,2025-12-10,2025-12-11,Deluxe,1,16901.0
13696,1077,Event Group,2025-12-10,2025-12-13,Deluxe,1,21000.0
13697,1037,Leisure,2025-12-10,2025-12-11,Standard,1,12815.0
13698,1006,Corporate,2025-12-10,2025-12-11,Standard,1,12706.0
13699,1120,Leisure,2025-12-10,2025-12-13,Deluxe,1,19206.0
13700,1089,Corporate,2025-12-10,2025-12-14,Deluxe,1,17434.0
13701,1124,Corporate,2025-12-10,2025-12-12,Family,1,28078.0
13702,1085,Leisure,2025-12-10,2025-12-12,Standard,1,11362.0
13703,1113,Corporate,2025-12-10,2025-12-11,Deluxe,1,18033.0
13704,1105,Travel Agency,2025-12-10,2025-12-11,Deluxe,1,17183.0
13705,1085,Corporate,2025-12-10,2025-12-13,Standard,1,13068.0
13706,1108,Corporate,2025-12-10,2025-12-14,Family,1,25477.0
13707,1109,Corporate,2025-12-10,2025-12-12,Deluxe,1,17856.0
13708,1124,Corporate,2025-12-10,2025-12-12,Deluxe,1,18290.0
13709,1077,Travel Agency,2025-12-11,2025-12-16,Family,1,26007.0
13710,1087,Leisure,2025-12-11,2025-12-13,Deluxe,1,17865.0
13711,1087,Leisure,2025-12-11,2025-12-14,Deluxe,1,17329.0
13712,1106,Leisure,2025-12-11,2025-12-13,Family,1,26487.0
13713,1123,Corporate,2025-12-11,2025-12-16,Standard,1,11763.0
13714,1081,Leisure,2025-12-11,2025-12-12,Standard,1,14033.0
13715,1042,Corporate,2025-12-11,2025-12-12,Standard,1,10938.0
13716,1100,Leisure,2025-12-11,2025-12-12,Deluxe,1,18243.0
13717,1062,Leisure,2025-12-11,2025-12-13,Deluxe,1,21331.0
13718,1059,Corporate,2025-12-11,2025-12-14,Family,1,27636.0
13719,1035,Leisure,2025-12-11,2025-12-13,Family,1,20292.0
13720,1120,Event Group,2025-12-11,2025-12-14,Family,1,24460.0
13721,1037,Leisure,2025-12-11,2025-12-14,Family,1,25223.0
13722,1010,Corporate,2025-12-11,2025-12-15,Deluxe,1,16130.0
13723,1122,Leisure,2025-12-11,2025-12-13,Standard,1,13570.0
13724,1026,Leisure,2025-12-11,2025-12-14,Deluxe,1,18103.0
13725,1041,Travel Agency,2025-12-11,2025-12-12,Standard,1,10347.0
13726,1057,Leisure,2025-12-11,2025-12-13,Deluxe,1,16768.0
13727,1066,Corporate,2025-12-11,2025-12-12,Suite,1,34198.0
13728,1072,Corporate,2025-12-11,2025-12-13,Deluxe,1,15911.0
13729,1120,Leisure,2025-12-11,2025-12-12,Deluxe,1,17248.0
13730,1068,Travel Agency,2025-12-11,2025-12-14,Family,1,29101.0
13731,1019,Event Group,2025-12-11,2025-12-12,Standard,1,10224.0
13732,1039,Corporate,2025-12-11,2025-12-12,Deluxe,1,18459.0
13733,1122,Leisure,2025-12-11,2025-12-12,Standard,1,12087.0
13734,1044,Corporate,2025-12-11,2025-12-12,Suite,1,30320.0
13735,1098,Corporate,2025-12-11,2025-12-13,Deluxe,1,19396.0
13736,1031,Corporate,2025-12-11,2025-12-13,Standard,1,13811.0
13737,1031,Leisure,2025-12-11,2025-12-12,Standard,1,12529.0
13738,1123,Leisure,2025-12-11,2025-12-13,Family,1,24052.0
13739,1078,Corporate,2025-12-11,2025-12-12,Deluxe,1,18021.0
13740,1106,Event Group,2025-12-11,2025-12-13,Standard,1,15141.0
13741,1061,Leisure,2025-12-11,2025-12-14,Suite,1,32615.0
13742,1114,Corporate,2025-12-11,2025-12-13,Standard,1,11881.0
13743,1055,Leisure,2025-12-11,2025-12-16,Standard,1,11865.0
13744,1083,Event Group,2025-12-11,2025-12-12,Standard,1,12939.0
13745,1059,Leisure,2025-12-11,2025-12-12,Family,1,23423.0
13746,1077,Leisure,2025-12-11,2025-12-12,Standard,1,13241.0
13747,1071,Corporate,2025-12-11,2025-12-13,Deluxe,1,19711.0
13748,1125,Event Group,2025-12-11,2025-12-13,Family,1,24636.0
13749,1043,Leisure,2025-12-11,2025-12-16,Deluxe,1,16966.0
13750,1058,Leisure,2025-12-11,2025-12-14,Deluxe,1,18452.0
13751,1050,Corporate,2025-12-12,2025-12-17,Deluxe,1,19723.0
13752,1021,Travel Agency,2025-12-12,2025-12-14,Deluxe,1,19482.0
13753,1034,Leisure,2025-12-12,2025-12-15,Family,1,25403.0
13754,1054,Event Group,2025-12-12,2025-12-15,Standard,1,13180.0
13755,1082,Travel Agency,2025-12-12,2025-12-13,Deluxe,1,19570.0
13756,1061,Travel Agency,2025-12-12,2025-12-13,Standard,1,13889.0
13757,1104,Leisure,2025-12-12,2025-12-15,Standard,1,10641.0
13758,1025,Travel Agency,2025-12-12,2025-12-13,Family,1,23977.0
13759,1108,Corporate,2025-12-12,2025-12-13,Standard,1,12937.0
13760,1117,Corporate,2025-12-12,2025-12-13,Standard,1,11557.0
13761,1008,Corporate,2025-12-12,2025-12-14,Standard,1,12681.0
13762,1002,Leisure,2025-12-12,2025-12-14,Family,1,27833.0
13763,1050,Corporate,2025-12-12,2025-12-14,Family,1,26045.0
13764,1036,Leisure,2025-12-12,2025-12-14,Standard,1,13012.0
13765,1091,Leisure,2025-12-12,2025-12-13,Deluxe,1,19526.0
13766,1088,Leisure,2025-12-12,2025-12-13,Family,1,24059.0
13767,1052,Event Group,2025-12-12,2025-12-15,Family,1,24886.0
13768,1112,Leisure,2025-12-12,2025-12-13,Standard,1,11781.0
13769,1101,Travel Agency,2025-12-12,2025-12-16,Family,1,23695.0
13770,1019,Corporate,2025-12-12,2025-12-15,Deluxe,1,18529.0
13771,1008,Event Group,2025-12-12,2025-12-14,Standard,1,12657.0
13772,1035,Leisure,2025-12-12,2025-12-13,Deluxe,1,16685.0
13773,1061,Leisure,2025-12-12,2025-12-13,Family,1,25814.0
13774,1084,Leisure,2025-12-12,2025-12-15,Standard,1,13537.0
13775,1025,Leisure,2025-12-12,2025-12-13,Standard,1,12225.0
13776,1124,Leisure,2025-12-12,2025-12-15,Family,1,28087.0
13777,1103,Leisure,2025-12-12,2025-12-13,Standard,1,12195.0
13778,1061,Leisure,2025-12-12,2025-12-14,Standard,1,12927.0
13779,1107,Travel Agency,2025-12-12,2025-12-14,Standard,1,13075.0
13780,1092,Corporate,2025-12-12,2025-12-14,Deluxe,1,18573.0
13781,1043,Leisure,2025-12-12,2025-12-13,Deluxe,1,17997.0
13782,1075,Corporate,2025-12-12,2025-12-13,Deluxe,1,18585.0
13783,1009,Event Group,2025-12-12,2025-12-17,Standard,1,12467.0
13784,1006,Leisure,2025-12-12,2025-12-14,Deluxe,1,20700.0
13785,1084,Leisure,2025-12-12,2025-12-14,Standard,1,12111.0
13786,1043,Leisure,2025-12-12,2025-12-16,Standard,1,12431.0
13787,1045,Travel Agency,2025-12-12,2025-12-13,Standard,1,12076.0
13788,1082,Corporate,2025-12-12,2025-12-17,Family,1,24223.0
13789,1002,Leisure,2025-12-12,2025-12-13,Family,1,25465.0
13790,1113,Travel Agency,2025-12-12,2025-12-13,Deluxe,1,19465.0
13791,1111,Leisure,2025-12-12,2025-12-16,Family,1,28626.0
13792,1102,Corporate,2025-12-12,2025-12-14,Standard,1,14278.0
13793,1098,Corporate,2025-12-12,2025-12-14,Suite,1,32506.0
13794,1101,Travel Agency,2025-12-12,2025-12-13,Standard,1,13272.0
13795,1102,Leisure,2025-12-12,2025-12-14,Deluxe,1,17927.0
13796,1071,Leisure,2025-12-12,2025-12-13,Standard,1,14849.0
13797,1084,Leisure,2025-12-12,2025-12-17,Standard,1,11918.0
13798,1076,Leisure,2025-12-12,2025-12-14,Deluxe,1,19660.0
13799,1004,Leisure,2025-12-12,2025-12-13,Standard,1,14751.0
13800,1045,Event Group,2025-12-13,2025-12-16,Standard,1,13108.0
13801,1090,Corporate,2025-12-13,2025-12-14,Standard,1,12585.0
13802,1115,Event Group,2025-12-13,2025-12-16,Deluxe,1,18219.0
13803,1053,Leisure,2025-12-13,2025-12-14,Deluxe,1,20251.0
13804,1003,Travel Agency,2025-12-13,2025-12-15,Deluxe,1,20916.0
13805,1015,Corporate,2025-12-13,2025-12-16,Suite,1,33124.0
13806,1054,Leisure,2025-12-13,2025-12-16,Deluxe,1,20549.0
13807,1040,Corporate,2025-12-13,2025-12-15,Standard,1,11816.0
13808,1019,Corporate,2025-12-13,2025-12-15,Deluxe,1,17181.0
13809,1075,Leisure,2025-12-13,2025-12-15,Standard,1,13231.0
13810,1018,Leisure,2025-12-13,2025-12-14,Standard,1,11045.0
13811,1117,Corporate,2025-12-13,2025-12-15,Deluxe,1,19646.0
13812,1068,Travel Agency,2025-12-13,2025-12-16,Standard,1,12901.0
13813,1050,Leisure,2025-12-13,2025-12-16,Family,1,26349.0
13814,1010,Travel Agency,2025-12-13,2025-12-15,Deluxe,1,19320.0
13815,1083,Leisure,2025-12-13,2025-12-17,Deluxe,1,22027.0
13816,1005,Corporate,2025-12-13,2025-12-16,Standard,1,11988.0
13817,1120,Leisure,2025-12-13,2025-12-16,Suite,1,34986.0
13818,1016,Corporate,2025-12-13,2025-12-18,Suite,1,33193.0
13819,1006,Corporate,2025-12-13,2025-12-14,Standard,1,12910.0
13820,1075,Leisure,2025-12-13,2025-12-14,Family,1,25082.0
13821,1093,Leisure,2025-12-13,2025-12-18,Family,1,23634.0
13822,1029,Travel Agency,2025-12-13,2025-12-15,Family,1,25008.0
13823,1004,Corporate,2025-12-13,2025-12-14,Family,1,24467.0
13824,1119,Leisure,2025-12-13,2025-12-14,Standard,1,10919.0
13825,1070,Leisure,2025-12-13,2025-12-18,Standard,1,10943.0
13826,1009,Corporate,2025-12-13,2025-12-14,Family,1,24528.0
13827,1011,Corporate,2025-12-13,2025-12-14,Standard,1,12308.0
13828,1081,Leisure,2025-12-13,2025-12-18,Standard,1,13856.0
13829,1080,Corporate,2025-12-13,2025-12-16,Deluxe,1,16979.0
13830,1030,Travel Agency,2025-12-13,2025-12-16,Deluxe,1,16568.0
13831,1003,Event Group,2025-12-13,2025-12-17,Standard,1,10598.0
13832,1040,Travel Agency,2025-12-13,2025-12-14,Standard,1,10868.0
13833,1010,Travel Agency,2025-12-14,2025-12-17,Standard,1,12323.0
13834,1073,Leisure,2025-12-14,2025-12-17,Family,1,29131.0
13835,1001,Leisure,2025-12-14,2025-12-16,Standard,1,11972.0
13836,1124,Corporate,2025-12-14,2025-12-16,Standard,1,12605.0
13837,1113,Travel Agency,2025-12-14,2025-12-16,Family,1,25914.0
13838,1013,Travel Agency,2025-12-14,2025-12-15,Standard,1,13288.0
13839,1077,Corporate,2025-12-14,2025-12-18,Deluxe,1,18768.0
13840,1074,Corporate,2025-12-14,2025-12-16,Deluxe,1,16337.0
13841,1120,Corporate,2025-12-14,2025-12-15,Standard,1,11253.0
13842,1005,Leisure,2025-12-14,2025-12-17,Standard,1,14006.0
13843,1074,Event Group,2025-12-14,2025-12-16,Family,1,26121.0
13844,1093,Leisure,2025-12-14,2025-12-16,Standard,1,12409.0
13845,1003,Corporate,2025-12-14,2025-12-16,Standard,1,13836.0
13846,1008,Leisure,2025-12-14,2025-12-18,Standard,1,12140.0
13847,1119,Travel Agency,2025-12-14,2025-12-16,Deluxe,1,18819.0
13848,1114,Leisure,2025-12-14,2025-12-17,Standard,1,15389.0
13849,1030,Leisure,2025-12-14,2025-12-16,Deluxe,1,18901.0
13850,1034,Event Group,2025-12-14,2025-12-18,Deluxe,1,16883.0
13851,1108,Leisure,2025-12-14,2025-12-17,Family,1,23834.0
13852,1114,Leisure,2025-12-14,2025-12-16,Standard,1,11871.0
13853,1074,Corporate,2025-12-14,2025-12-17,Standard,1,13468.0
13854,1004,Corporate,2025-12-14,2025-12-18,Standard,1,11767.0
13855,1035,Corporate,2025-12-14,2025-12-17,Family,1,27995.0
13856,1052,Leisure,2025-12-14,2025-12-18,Standard,1,14383.0
13857,1060,Leisure,2025-12-14,2025-12-16,Deluxe,1,19692.0
13858,1109,Travel Agency,2025-12-14,2025-12-15,Standard,1,13534.0
13859,1118,Travel Agency,2025-12-14,2025-12-15,Deluxe,1,16827.0
13860,1116,Leisure,2025-12-14,2025-12-16,Deluxe,1,18647.0
13861,1022,Leisure,2025-12-14,2025-12-18,Suite,1,34501.0
13862,1030,Corporate,2025-12-14,2025-12-15,Deluxe,1,18277.0
13863,1087,Corporate,2025-12-14,2025-12-17,Deluxe,1,17108.0
13864,1090,Leisure,2025-12-14,2025-12-17,Family,1,26871.0
13865,1108,Leisure,2025-12-14,2025-12-15,Deluxe,1,18662.0
13866,1025,Leisure,2025-12-14,2025-12-17,Deluxe,1,17539.0
13867,1010,Corporate,2025-12-14,2025-12-17,Standard,1,12864.0
13868,1125,Leisure,2025-12-14,2025-12-15,Deluxe,1,16144.0
13869,1105,Travel Agency,2025-12-14,2025-12-15,Deluxe,1,14237.0
13870,1001,Leisure,2025-12-15,2025-12-19,Standard,1,12734.0
13871,1059,Leisure,2025-12-15,2025-12-16,Standard,1,13064.0
13872,1120,Corporate,2025-12-15,2025-12-18,Standard,1,12135.0
13873,1075,Travel Agency,2025-12-15,2025-12-18,Deluxe,1,17925.0
13874,1067,Leisure,2025-12-15,2025-12-17,Standard,1,13488.0
13875,1036,Leisure,2025-12-15,2025-12-16,Deluxe,1,17649.0
13876,1025,Corporate,2025-12-15,2025-12-17,Family,1,24217.0
13877,1025,Corporate,2025-12-15,2025-12-18,Family,1,25919.0
13878,1108,Corporate,2025-12-15,2025-12-16,Family,1,25871.0
13879,1067,Travel Agency,2025-12-15,2025-12-19,Standard,1,11145.0
13880,1094,Leisure,2025-12-15,2025-12-16,Standard,1,12807.0
13881,1029,Travel Agency,2025-12-15,2025-12-17,Suite,1,32138.0
13882,1092,Corporate,2025-12-15,2025-12-17,Standard,1,14081.0
13883,1046,Travel Agency,2025-12-15,2025-12-16,Standard,1,13257.0
13884,1120,Travel Agency,2025-12-15,2025-12-17,Family,1,29189.0
13885,1072,Leisure,2025-12-15,2025-12-17,Standard,1,13514.0
13886,1120,Travel Agency,2025-12-15,2025-12-17,Deluxe,1,18930.0
13887,1023,Event Group,2025-12-15,2025-12-17,Standard,1,13459.0
13888,1101,Leisure,2025-12-15,2025-12-16,Family,1,24500.0
13889,1058,Corporate,2025-12-15,2025-12-17,Deluxe,1,17177.0
13890,1053,Event Group,2025-12-15,2025-12-16,Standard,1,13595.0
13891,1037,Travel Agency,2025-12-15,2025-12-17,Suite,1,29998.0
13892,1109,Leisure,2025-12-15,2025-12-18,Family,1,26137.0
13893,1104,Corporate,2025-12-15,2025-12-19,Suite,1,33871.0
13894,1005,Corporate,2025-12-15,2025-12-18,Deluxe,1,18711.0
13895,1093,Travel Agency,2025-12-15,2025-12-18,Family,1,24282.0
13896,1057,Event Group,2025-12-15,2025-12-16,Standard,1,12068.0
13897,1005,Corporate,2025-12-15,2025-12-18,Standard,1,12327.0
13898,1040,Travel Agency,2025-12-15,2025-12-16,Standard,1,12667.0
13899,1008,Leisure,2025-12-15,2025-12-18,Deluxe,1,19639.0
13900,1034,Corporate,2025-12-15,2025-12-16,Family,1,27057.0
13901,1119,Leisure,2025-12-15,2025-12-19,Deluxe,1,15963.0
13902,1076,Leisure,2025-12-15,2025-12-16,Deluxe,1,18698.0
13903,1058,Travel Agency,2025-12-15,2025-12-19,Deluxe,1,17748.0
13904,1054,Travel Agency,2025-12-15,2025-12-18,Standard,1,12367.0
13905,1093,Travel Agency,2025-12-15,2025-12-17,Deluxe,1,17999.0
13906,1061,Leisure,2025-12-15,2025-12-17,Standard,1,11461.0
13907,1027,Leisure,2025-12-15,2025-12-19,Standard,1,13361.0
13908,1115,Leisure,2025-12-15,2025-12-18,Family,1,27845.0
13909,1075,Corporate,2025-12-15,2025-12-17,Deluxe,1,20093.0
13910,1008,Leisure,2025-12-15,2025-12-19,Deluxe,1,18915.0
13911,1069,Corporate,2025-12-16,2025-12-18,Standard,1,13135.0
13912,1057,Leisure,2025-12-16,2025-12-17,Deluxe,1,17405.0
13913,1025,Event Group,2025-12-16,2025-12-17,Family,1,22039.0
13914,1037,Corporate,2025-12-16,2025-12-17,Standard,1,12517.0
13915,1102,Leisure,2025-12-16,2025-12-17,Deluxe,1,17131.0
13916,1016,Event Group,2025-12-16,2025-12-17,Family,1,25635.0
13917,1010,Corporate,2025-12-16,2025-12-20,Standard,1,12584.0
13918,1031,Corporate,2025-12-16,2025-12-18,Standard,1,10303.0
13919,1056,Leisure,2025-12-16,2025-12-19,Family,1,26943.0
13920,1088,Corporate,2025-12-16,2025-12-18,Standard,1,12830.0
13921,1100,Corporate,2025-12-16,2025-12-18,Family,1,23662.0
13922,1092,Corporate,2025-12-16,2025-12-20,Deluxe,1,18626.0
13923,1063,Leisure,2025-12-16,2025-12-18,Standard,1,10895.0
13924,1033,Leisure,2025-12-16,2025-12-20,Family,1,25671.0
13925,1014,Leisure,2025-12-16,2025-12-17,Deluxe,1,19267.0
13926,1042,Corporate,2025-12-16,2025-12-19,Standard,1,13586.0
13927,1011,Leisure,2025-12-16,2025-12-18,Deluxe,1,19100.0
13928,1039,Corporate,2025-12-16,2025-12-19,Family,1,28569.0
13929,1022,Leisure,2025-12-16,2025-12-20,Standard,1,12650.0
13930,1013,Leisure,2025-12-16,2025-12-17,Standard,1,13253.0
13931,1080,Event Group,2025-12-16,2025-12-19,Deluxe,1,18966.0
13932,1011,Corporate,2025-12-16,2025-12-17,Family,1,23205.0
13933,1100,Event Group,2025-12-16,2025-12-18,Standard,1,11273.0
13934,1075,Travel Agency,2025-12-16,2025-12-18,Deluxe,1,20110.0
13935,1009,Leisure,2025-12-16,2025-12-21,Standard,1,13720.0
13936,1097,Leisure,2025-12-16,2025-12-18,Standard,1,12456.0
13937,1075,Leisure,2025-12-16,2025-12-18,Standard,1,11359.0
13938,1021,Corporate,2025-12-16,2025-12-17,Deluxe,1,19642.0
13939,1093,Event Group,2025-12-16,2025-12-20,Family,1,25810.0
13940,1099,Leisure,2025-12-16,2025-12-17,Family,1,25902.0
13941,1097,Leisure,2025-12-16,2025-12-18,Deluxe,1,21216.0
13942,1061,Travel Agency,2025-12-16,2025-12-17,Standard,1,12883.0
13943,1019,Leisure,2025-12-16,2025-12-17,Standard,1,13789.0
13944,1106,Leisure,2025-12-16,2025-12-18,Standard,1,14212.0
13945,1084,Leisure,2025-12-17,2025-12-18,Standard,1,13282.0
13946,1061,Corporate,2025-12-17,2025-12-18,Standard,1,12546.0
13947,1035,Corporate,2025-12-17,2025-12-19,Family,1,22883.0
13948,1090,Travel Agency,2025-12-17,2025-12-21,Deluxe,1,17745.0
13949,1078,Travel Agency,2025-12-17,2025-12-19,Deluxe,1,18585.0
13950,1103,Event Group,2025-12-17,2025-12-18,Deluxe,1,20084.0
13951,1077,Leisure,2025-12-17,2025-12-20,Standard,1,12429.0
13952,1063,Event Group,2025-12-17,2025-12-18,Deluxe,1,18166.0
13953,1065,Corporate,2025-12-17,2025-12-20,Family,1,24558.0
13954,1094,Corporate,2025-12-17,2025-12-20,Standard,1,12483.0
13955,1001,Corporate,2025-12-17,2025-12-20,Standard,1,13030.0
13956,1041,Corporate,2025-12-17,2025-12-18,Deluxe,1,18000.0
13957,1073,Corporate,2025-12-17,2025-12-21,Standard,1,11527.0
13958,1060,Event Group,2025-12-17,2025-12-20,Suite,1,28950.0
13959,1109,Leisure,2025-12-17,2025-12-20,Standard,1,13272.0
13960,1057,Corporate,2025-12-17,2025-12-22,Suite,1,29840.0
13961,1105,Event Group,2025-12-17,2025-12-18,Standard,1,11179.0
13962,1037,Leisure,2025-12-17,2025-12-20,Standard,1,12046.0
13963,1095,Corporate,2025-12-17,2025-12-21,Standard,1,12128.0
13964,1062,Travel Agency,2025-12-17,2025-12-19,Family,1,23143.0
13965,1056,Corporate,2025-12-17,2025-12-21,Deluxe,1,18546.0
13966,1091,Corporate,2025-12-17,2025-12-18,Standard,1,13368.0
13967,1006,Travel Agency,2025-12-17,2025-12-19,Standard,1,12514.0
13968,1016,Travel Agency,2025-12-17,2025-12-19,Deluxe,1,19177.0
13969,1001,Travel Agency,2025-12-17,2025-12-20,Standard,1,13325.0
13970,1071,Leisure,2025-12-17,2025-12-18,Deluxe,1,18471.0
13971,1111,Leisure,2025-12-17,2025-12-21,Standard,1,12486.0
13972,1108,Leisure,2025-12-17,2025-12-20,Deluxe,1,20446.0
13973,1030,Leisure,2025-12-17,2025-12-20,Standard,1,12300.0
13974,1020,Event Group,2025-12-17,2025-12-18,Standard,1,13098.0
13975,1021,Corporate,2025-12-17,2025-12-20,Family,1,23869.0
13976,1110,Leisure,2025-12-17,2025-12-18,Deluxe,1,18119.0
13977,1122,Leisure,2025-12-17,2025-12-21,Standard,1,12038.0
13978,1062,Leisure,2025-12-18,2025-12-19,Deluxe,1,18796.0
13979,1102,Corporate,2025-12-18,2025-12-19,Suite,1,32234.0
13980,1006,Leisure,2025-12-18,2025-12-21,Standard,1,11508.0
13981,1064,Event Group,2025-12-18,2025-12-20,Deluxe,1,19812.0
13982,1003,Corporate,2025-12-18,2025-12-21,Deluxe,1,19509.0
13983,1084,Corporate,2025-12-18,2025-12-20,Deluxe,1,20404.0
13984,1003,Event Group,2025-12-18,2025-12-20,Family,1,27290.0
13985,1032,Leisure,2025-12-18,2025-12-20,Standard,1,12310.0
13986,1072,Corporate,2025-12-18,2025-12-20,Family,1,27145.0
13987,1008,Corporate,2025-12-18,2025-12-20,Suite,1,34562.0
13988,1038,Leisure,2025-12-18,2025-12-21,Family,1,22680.0
13989,1007,Event Group,2025-12-18,2025-12-19,Deluxe,1,17735.0
13990,1055,Corporate,2025-12-18,2025-12-19,Standard,1,10753.0
13991,1080,Travel Agency,2025-12-18,2025-12-23,Deluxe,1,15744.0
13992,1110,Corporate,2025-12-18,2025-12-20,Standard,1,13624.0
13993,1085,Travel Agency,2025-12-18,2025-12-21,Standard,1,14023.0
13994,1006,Leisure,2025-12-18,2025-12-19,Standard,1,11514.0
13995,1072,Leisure,2025-12-18,2025-12-21,Deluxe,1,20471.0
13996,1085,Leisure,2025-12-18,2025-12-19,Standard,1,12301.0
13997,1105,Corporate,2025-12-18,2025-12-21,Family,1,27669.0
13998,1062,Travel Agency,2025-12-18,2025-12-20,Deluxe,1,19305.0
13999,1063,Travel Agency,2025-12-18,2025-12-19,Standard,1,12394.0
14000,1061,Corporate,2025-12-18,2025-12-19,Standard,1,11533.0
14001,1078,Leisure,2025-12-18,2025-12-20,Suite,1,31203.0
14002,1118,Corporate,2025-12-18,2025-12-19,Standard,1,12038.0
14003,1094,Leisure,2025-12-18,2025-12-21,Standard,1,12889.0
14004,1024,Corporate,2025-12-18,2025-12-20,Deluxe,1,17390.0
14005,1119,Event Group,2025-12-18,2025-12-20,Standard,1,11305.0
14006,1075,Travel Agency,2025-12-18,2025-12-19,Deluxe,1,17060.0
14007,1037,Leisure,2025-12-18,2025-12-19,Suite,1,29366.0
14008,1090,Leisure,2025-12-18,2025-12-22,Standard,1,11482.0
14009,1101,Leisure,2025-12-18,2025-12-21,Standard,1,13440.0
14010,1097,Travel Agency,2025-12-18,2025-12-21,Deluxe,1,17486.0
14011,1009,Leisure,2025-12-18,2025-12-21,Deluxe,1,17788.0
14012,1004,Leisure,2025-12-18,2025-12-21,Suite,1,34113.0
14013,1043,Travel Agency,2025-12-18,2025-12-19,Standard,1,14096.0
14014,1060,Leisure,2025-12-18,2025-12-21,Standard,1,11251.0
14015,1115,Leisure,2025-12-18,2025-12-21,Family,1,26658.0
14016,1038,Corporate,2025-12-19,2025-12-23,Standard,1,11517.0
14017,1104,Leisure,2025-12-19,2025-12-21,Deluxe,1,18177.0
14018,1042,Leisure,2025-12-19,2025-12-21,Family,1,25260.0
14019,1014,Leisure,2025-12-19,2025-12-20,Standard,1,14065.0
14020,1050,Event Group,2025-12-19,2025-12-22,Family,1,26909.0
14021,1019,Corporate,2025-12-19,2025-12-20,Standard,1,11214.0
14022,1034,Corporate,2025-12-19,2025-12-21,Suite,1,32713.0
14023,1055,Corporate,2025-12-19,2025-12-21,Deluxe,1,18914.0
14024,1097,Corporate,2025-12-19,2025-12-20,Deluxe,1,18192.0
14025,1099,Travel Agency,2025-12-19,2025-12-21,Family,1,27823.0
14026,1053,Leisure,2025-12-19,2025-12-21,Deluxe,1,18739.0
14027,1106,Leisure,2025-12-19,2025-12-22,Standard,1,12048.0
14028,1025,Leisure,2025-12-19,2025-12-21,Standard,1,12153.0
14029,1005,Leisure,2025-12-19,2025-12-22,Family,1,29205.0
14030,1107,Corporate,2025-12-19,2025-12-23,Deluxe,1,18765.0
14031,1032,Leisure,2025-12-19,2025-12-21,Deluxe,1,18642.0
14032,1025,Travel Agency,2025-12-19,2025-12-20,Deluxe,1,18384.0
14033,1116,Corporate,2025-12-19,2025-12-20,Standard,1,11571.0
14034,1019,Corporate,2025-12-19,2025-12-20,Deluxe,1,17130.0
14035,1054,Corporate,2025-12-19,2025-12-20,Standard,1,11662.0
14036,1064,Travel Agency,2025-12-19,2025-12-23,Family,1,28332.0
14037,1012,Leisure,2025-12-19,2025-12-22,Standard,1,13003.0
14038,1074,Leisure,2025-12-19,2025-12-22,Standard,1,13651.0
14039,1053,Corporate,2025-12-19,2025-12-21,Deluxe,1,20121.0
14040,1066,Corporate,2025-12-19,2025-12-22,Suite,1,31733.0
14041,1085,Leisure,2025-12-19,2025-12-21,Suite,1,34489.0
14042,1004,Corporate,2025-12-19,2025-12-21,Deluxe,1,17908.0
14043,1008,Travel Agency,2025-12-19,2025-12-21,Deluxe,1,15100.0
14044,1108,Corporate,2025-12-19,2025-12-20,Standard,1,13992.0
14045,1044,Leisure,2025-12-19,2025-12-22,Standard,1,14046.0
14046,1060,Corporate,2025-12-19,2025-12-20,Deluxe,1,18600.0
14047,1122,Corporate,2025-12-19,2025-12-20,Suite,1,31735.0
14048,1054,Event Group,2025-12-19,2025-12-21,Standard,1,11414.0
14049,1094,Travel Agency,2025-12-19,2025-12-21,Deluxe,1,19405.0
14050,1080,Corporate,2025-12-19,2025-12-23,Standard,1,9753.0
14051,1020,Leisure,2025-12-19,2025-12-20,Deluxe,1,18189.0
14052,1068,Leisure,2025-12-19,2025-12-21,Family,1,26087.0
14053,1058,Travel Agency,2025-12-19,2025-12-20,Standard,1,13377.0
14054,1057,Corporate,2025-12-19,2025-12-20,Standard,1,12376.0
14055,1030,Corporate,2025-12-19,2025-12-20,Suite,1,35490.0
14056,1113,Travel Agency,2025-12-19,2025-12-24,Deluxe,1,18814.0
14057,1083,Event Group,2025-12-19,2025-12-22,Deluxe,1,18306.0
14058,1063,Event Group,2025-12-19,2025-12-22,Suite,1,32306.0
14059,1072,Leisure,2025-12-19,2025-12-21,Standard,1,13820.0
14060,1065,Leisure,2025-12-19,2025-12-20,Family,1,29213.0
14061,1084,Event Group,2025-12-19,2025-12-20,Standard,1,11269.0
14062,1104,Event Group,2025-12-20,2025-12-23,Standard,1,10534.0
14063,1121,Corporate,2025-12-20,2025-12-22,Standard,1,13471.0
14064,1091,Corporate,2025-12-20,2025-12-24,Standard,1,13258.0
14065,1073,Leisure,2025-12-20,2025-12-25,Standard,1,14157.0
14066,1050,Leisure,2025-12-20,2025-12-21,Standard,1,13257.0
14067,1108,Leisure,2025-12-20,2025-12-22,Family,1,23479.0
14068,1075,Corporate,2025-12-20,2025-12-22,Standard,1,14104.0
14069,1012,Leisure,2025-12-20,2025-12-21,Suite,1,31408.0
14070,1025,Leisure,2025-12-20,2025-12-21,Standard,1,14369.0
14071,1021,Corporate,2025-12-20,2025-12-22,Standard,1,11815.0
14072,1099,Corporate,2025-12-20,2025-12-21,Suite,1,32421.0
14073,1077,Event Group,2025-12-20,2025-12-24,Deluxe,1,19249.0
14074,1064,Leisure,2025-12-20,2025-12-22,Family,1,27114.0
14075,1012,Leisure,2025-12-20,2025-12-21,Standard,1,12330.0
14076,1069,Travel Agency,2025-12-20,2025-12-21,Standard,1,12987.0
14077,1038,Event Group,2025-12-20,2025-12-22,Standard,1,11827.0
14078,1061,Leisure,2025-12-20,2025-12-21,Standard,1,13040.0
14079,1093,Leisure,2025-12-20,2025-12-22,Family,1,24430.0
14080,1020,Corporate,2025-12-20,2025-12-22,Deluxe,1,19921.0
14081,1123,Leisure,2025-12-20,2025-12-22,Standard,1,11941.0
14082,1011,Travel Agency,2025-12-20,2025-12-21,Standard,1,13466.0
14083,1108,Corporate,2025-12-20,2025-12-21,Standard,1,13425.0
14084,1035,Leisure,2025-12-20,2025-12-21,Standard,1,12245.0
14085,1018,Corporate,2025-12-20,2025-12-21,Standard,1,13195.0
14086,1024,Travel Agency,2025-12-20,2025-12-22,Family,1,26910.0
14087,1087,Corporate,2025-12-20,2025-12-21,Family,1,26143.0
14088,1092,Travel Agency,2025-12-20,2025-12-21,Deluxe,1,18728.0
14089,1042,Event Group,2025-12-20,2025-12-23,Deluxe,1,16406.0
14090,1074,Corporate,2025-12-20,2025-12-21,Standard,1,11043.0
14091,1090,Leisure,2025-12-20,2025-12-24,Deluxe,1,19426.0
14092,1097,Travel Agency,2025-12-20,2025-12-23,Standard,1,10779.0
14093,1094,Leisure,2025-12-20,2025-12-22,Standard,1,12815.0
14094,1122,Corporate,2025-12-20,2025-12-21,Standard,1,13698.0
14095,1060,Travel Agency,2025-12-20,2025-12-21,Standard,1,11370.0
14096,1008,Travel Agency,2025-12-20,2025-12-21,Family,1,21942.0
14097,1086,Event Group,2025-12-20,2025-12-21,Standard,1,10935.0
14098,1039,Travel Agency,2025-12-20,2025-12-21,Standard,1,10514.0
14099,1100,Corporate,2025-12-20,2025-12-21,Deluxe,1,19460.0
14100,1074,Travel Agency,2025-12-21,2025-12-24,Deluxe,1,19156.0
14101,1036,Leisure,2025-12-21,2025-12-22,Family,1,24313.0
14102,1041,Corporate,2025-12-21,2025-12-23,Family,1,26232.0
14103,1100,Leisure,2025-12-21,2025-12-23,Standard,1,12305.0
14104,1033,Travel Agency,2025-12-21,2025-12-23,Standard,1,13419.0
14105,1117,Corporate,2025-12-21,2025-12-22,Standard,1,12972.0
14106,1065,Corporate,2025-12-21,2025-12-24,Standard,1,13548.0
14107,1065,Leisure,2025-12-21,2025-12-25,Family,1,25761.0
14108,1073,Corporate,2025-12-21,2025-12-23,Standard,1,13823.0
14109,1061,Event Group,2025-12-21,2025-12-22,Deluxe,1,17189.0
14110,1111,Corporate,2025-12-21,2025-12-25,Standard,1,11953.0
14111,1098,Leisure,2025-12-21,2025-12-22,Family,1,24043.0
14112,1113,Travel Agency,2025-12-21,2025-12-22,Suite,1,32485.0
14113,1095,Corporate,2025-12-21,2025-12-23,Standard,1,12280.0
14114,1013,Corporate,2025-12-21,2025-12-22,Suite,1,34907.0
14115,1083,Travel Agency,2025-12-21,2025-12-25,Family,1,22561.0
14116,1059,Leisure,2025-12-21,2025-12-23,Family,1,28304.0
14117,1019,Leisure,2025-12-21,2025-12-24,Standard,1,13623.0
14118,1013,Leisure,2025-12-21,2025-12-24,Suite,1,32919.0
14119,1084,Travel Agency,2025-12-21,2025-12-22,Standard,1,11998.0
14120,1098,Corporate,2025-12-21,2025-12-22,Deluxe,1,15911.0
14121,1069,Leisure,2025-12-21,2025-12-23,Family,1,26542.0
14122,1101,Leisure,2025-12-21,2025-12-25,Standard,1,12375.0
14123,1007,Leisure,2025-12-21,2025-12-25,Standard,1,12610.0
14124,1010,Leisure,2025-12-21,2025-12-25,Standard,1,11426.0
14125,1049,Corporate,2025-12-21,2025-12-22,Standard,1,14851.0
14126,1027,Corporate,2025-12-21,2025-12-25,Standard,1,12730.0
14127,1035,Leisure,2025-12-21,2025-12-24,Standard,1,14045.0
14128,1116,Event Group,2025-12-21,2025-12-22,Deluxe,1,17333.0
14129,1072,Corporate,2025-12-21,2025-12-22,Family,1,21192.0
14130,1012,Travel Agency,2025-12-21,2025-12-22,Deluxe,1,19363.0
14131,1008,Leisure,2025-12-21,2025-12-24,Standard,1,13565.0
14132,1027,Corporate,2025-12-21,2025-12-25,Family,1,23785.0
14133,1052,Leisure,2025-12-21,2025-12-22,Family,1,24109.0
14134,1063,Travel Agency,2025-12-21,2025-12-23,Standard,1,13845.0
14135,1110,Corporate,2025-12-21,2025-12-22,Standard,1,13977.0
14136,1017,Leisure,2025-12-21,2025-12-22,Deluxe,1,19874.0
14137,1042,Corporate,2025-12-21,2025-12-22,Standard,1,11986.0
14138,1061,Corporate,2025-12-21,2025-12-22,Deluxe,1,17077.0
14139,1035,Leisure,2025-12-21,2025-12-24,Deluxe,1,18283.0
14140,1052,Leisure,2025-12-21,2025-12-23,Standard,1,15251.0
14141,1112,Leisure,2025-12-21,2025-12-25,Standard,1,11009.0
14142,1061,Corporate,2025-12-21,2025-12-23,Deluxe,1,17026.0
14143,1053,Corporate,2025-12-21,2025-12-23,Suite,1,31148.0
14144,1088,Event Group,2025-12-21,2025-12-22,Standard,1,13833.0
14145,1024,Corporate,2025-12-21,2025-12-23,Standard,1,12049.0
14146,1079,Leisure,2025-12-21,2025-12-22,Standard,1,13296.0
14147,1120,Leisure,2025-12-21,2025-12-25,Standard,1,12473.0
14148,1080,Corporate,2025-12-21,2025-12-23,Standard,1,11749.0
14149,1010,Corporate,2025-12-21,2025-12-22,Standard,1,13042.0
14150,1044,Travel Agency,2025-12-21,2025-12-25,Standard,1,11316.0
14151,1097,Corporate,2025-12-22,2025-12-24,Deluxe,1,17000.0
14152,1118,Travel Agency,2025-12-22,2025-12-24,Deluxe,1,18076.0
14153,1003,Travel Agency,2025-12-22,2025-12-26,Family,1,24164.0
14154,1068,Corporate,2025-12-22,2025-12-24,Standard,1,12309.0
14155,1017,Travel Agency,2025-12-22,2025-12-23,Deluxe,1,19713.0
14156,1124,Corporate,2025-12-22,2025-12-25,Suite,1,31467.0
14157,1042,Event Group,2025-12-22,2025-12-23,Standard,1,12321.0
14158,1007,Travel Agency,2025-12-22,2025-12-23,Standard,1,13095.0
14159,1112,Leisure,2025-12-22,2025-12-25,Deluxe,1,19134.0
14160,1067,Leisure,2025-12-22,2025-12-25,Standard,1,14216.0
14161,1015,Event Group,2025-12-22,2025-12-27,Standard,1,12651.0
14162,1099,Travel Agency,2025-12-22,2025-12-23,Suite,1,37540.0
14163,1066,Corporate,2025-12-22,2025-12-24,Standard,1,12267.0
14164,1060,Travel Agency,2025-12-22,2025-12-24,Suite,1,28731.0
14165,1080,Leisure,2025-12-22,2025-12-23,Family,1,27672.0
14166,1095,Leisure,2025-12-22,2025-12-23,Deluxe,1,18646.0
14167,1001,Event Group,2025-12-22,2025-12-24,Deluxe,1,15396.0
14168,1038,Leisure,2025-12-22,2025-12-26,Standard,1,13486.0
14169,1002,Event Group,2025-12-22,2025-12-24,Deluxe,1,16680.0
14170,1089,Leisure,2025-12-22,2025-12-24,Deluxe,1,18023.0
14171,1036,Corporate,2025-12-22,2025-12-25,Standard,1,10838.0
14172,1100,Event Group,2025-12-22,2025-12-24,Standard,1,11572.0
14173,1027,Travel Agency,2025-12-22,2025-12-23,Standard,1,11691.0
14174,1010,Leisure,2025-12-22,2025-12-24,Deluxe,1,17963.0
14175,1058,Leisure,2025-12-22,2025-12-27,Standard,1,12480.0
14176,1061,Leisure,2025-12-22,2025-12-24,Standard,1,12221.0
14177,1066,Corporate,2025-12-22,2025-12-26,Standard,1,11264.0
14178,1092,Corporate,2025-12-22,2025-12-26,Standard,1,12542.0
14179,1067,Leisure,2025-12-22,2025-12-23,Standard,1,12337.0
14180,1017,Leisure,2025-12-22,2025-12-25,Family,1,28128.0
14181,1052,Leisure,2025-12-22,2025-12-26,Standard,1,13249.0
14182,1058,Corporate,2025-12-22,2025-12-24,Deluxe,1,17759.0
14183,1085,Corporate,2025-12-22,2025-12-25,Standard,1,12297.0
14184,1046,Leisure,2025-12-22,2025-12-23,Deluxe,1,18428.0
14185,1077,Leisure,2025-12-22,2025-12-23,Family,1,24768.0
14186,1112,Leisure,2025-12-22,2025-12-23,Standard,1,13155.0
14187,1005,Leisure,2025-12-22,2025-12-23,Standard,1,10643.0
14188,1106,Leisure,2025-12-22,2025-12-23,Family,1,25854.0
14189,1007,Travel Agency,2025-12-22,2025-12-24,Deluxe,1,22271.0
14190,1064,Corporate,2025-12-22,2025-12-26,Deluxe,1,18453.0
14191,1100,Travel Agency,2025-12-22,2025-12-24,Standard,1,13479.0
14192,1046,Leisure,2025-12-22,2025-12-23,Deluxe,1,20008.0
14193,1089,Travel Agency,2025-12-22,2025-12-24,Deluxe,1,18011.0
14194,1088,Travel Agency,2025-12-22,2025-12-23,Standard,1,12206.0
14195,1024,Corporate,2025-12-22,2025-12-23,Standard,1,11300.0
14196,1115,Leisure,2025-12-22,2025-12-25,Deluxe,1,17904.0
14197,1013,Corporate,2025-12-22,2025-12-27,Deluxe,1,19291.0
14198,1008,Event Group,2025-12-23,2025-12-28,Standard,1,13285.0
14199,1115,Corporate,2025-12-23,2025-12-26,Standard,1,10924.0
14200,1032,Corporate,2025-12-23,2025-12-27,Deluxe,1,17760.0
14201,1033,Event Group,2025-12-23,2025-12-24,Standard,1,11519.0
14202,1062,Leisure,2025-12-23,2025-12-24,Standard,1,12443.0
14203,1023,Event Group,2025-12-23,2025-12-25,Deluxe,1,17857.0
14204,1056,Event Group,2025-12-23,2025-12-26,Suite,1,29783.0
14205,1020,Leisure,2025-12-23,2025-12-26,Standard,1,12800.0
14206,1087,Corporate,2025-12-23,2025-12-24,Standard,1,12822.0
14207,1003,Corporate,2025-12-23,2025-12-24,Standard,1,13510.0
14208,1096,Travel Agency,2025-12-23,2025-12-24,Standard,1,14673.0
14209,1122,Leisure,2025-12-23,2025-12-28,Family,1,21283.0
14210,1017,Leisure,2025-12-23,2025-12-24,Deluxe,1,18384.0
14211,1013,Corporate,2025-12-23,2025-12-24,Suite,1,33139.0
14212,1080,Leisure,2025-12-23,2025-12-24,Family,1,25337.0
14213,1078,Leisure,2025-12-23,2025-12-26,Standard,1,13781.0
14214,1097,Travel Agency,2025-12-23,2025-12-26,Suite,1,32947.0
14215,1057,Leisure,2025-12-23,2025-12-24,Deluxe,1,19355.0
14216,1039,Leisure,2025-12-23,2025-12-24,Standard,1,12940.0
14217,1064,Travel Agency,2025-12-23,2025-12-25,Family,1,24063.0
14218,1087,Leisure,2025-12-23,2025-12-24,Standard,1,10665.0
14219,1119,Event Group,2025-12-23,2025-12-25,Standard,1,12643.0
14220,1113,Leisure,2025-12-23,2025-12-24,Standard,1,11175.0
14221,1098,Corporate,2025-12-23,2025-12-25,Deluxe,1,16413.0
14222,1121,Leisure,2025-12-23,2025-12-24,Standard,1,13489.0
14223,1024,Leisure,2025-12-23,2025-12-24,Deluxe,1,18065.0
14224,1090,Corporate,2025-12-23,2025-12-24,Family,1,27240.0
14225,1091,Corporate,2025-12-23,2025-12-25,Deluxe,1,19769.0
14226,1054,Travel Agency,2025-12-23,2025-12-26,Suite,1,30635.0
14227,1004,Leisure,2025-12-23,2025-12-25,Family,1,26319.0
14228,1077,Corporate,2025-12-23,2025-12-25,Standard,1,11972.0
14229,1031,Corporate,2025-12-23,2025-12-26,Family,1,25879.0
14230,1114,Leisure,2025-12-23,2025-12-25,Standard,1,11598.0
14231,1043,Corporate,2025-12-23,2025-12-25,Deluxe,1,17988.0
14232,1092,Leisure,2025-12-23,2025-12-25,Standard,1,12640.0
14233,1014,Leisure,2025-12-23,2025-12-25,Standard,1,13232.0
14234,1054,Corporate,2025-12-23,2025-12-27,Suite,1,35240.0
14235,1083,Leisure,2025-12-23,2025-12-25,Standard,1,11997.0
14236,1021,Corporate,2025-12-23,2025-12-25,Deluxe,1,19194.0
14237,1003,Corporate,2025-12-23,2025-12-24,Standard,1,12835.0
14238,1015,Corporate,2025-12-23,2025-12-27,Standard,1,11993.0
14239,1125,Travel Agency,2025-12-23,2025-12-26,Standard,1,12861.0
14240,1013,Leisure,2025-12-23,2025-12-26,Standard,1,13382.0
14241,1122,Leisure,2025-12-23,2025-12-24,Standard,1,14279.0
14242,1099,Leisure,2025-12-24,2025-12-26,Family,1,25098.0
14243,1073,Leisure,2025-12-24,2025-12-27,Standard,1,13276.0
14244,1121,Leisure,2025-12-24,2025-12-25,Standard,1,14228.0
14245,1059,Leisure,2025-12-24,2025-12-27,Deluxe,1,19139.0
14246,1074,Corporate,2025-12-24,2025-12-28,Standard,1,12074.0
14247,1028,Leisure,2025-12-24,2025-12-28,Standard,1,11976.0
14248,1120,Event Group,2025-12-24,2025-12-26,Standard,1,13523.0
14249,1105,Leisure,2025-12-24,2025-12-28,Family,1,22315.0
14250,1092,Event Group,2025-12-24,2025-12-25,Deluxe,1,18939.0
14251,1081,Corporate,2025-12-24,2025-12-25,Deluxe,1,16605.0
14252,1110,Travel Agency,2025-12-24,2025-12-26,Deluxe,1,15338.0
14253,1114,Travel Agency,2025-12-24,2025-12-26,Standard,1,12863.0
14254,1030,Leisure,2025-12-24,2025-12-25,Family,1,24198.0
14255,1074,Leisure,2025-12-24,2025-12-26,Standard,1,12707.0
14256,1097,Travel Agency,2025-12-24,2025-12-25,Standard,1,12324.0
14257,1053,Corporate,2025-12-24,2025-12-27,Family,1,27122.0
14258,1074,Travel Agency,2025-12-24,2025-12-25,Standard,1,13333.0
14259,1029,Corporate,2025-12-24,2025-12-27,Standard,1,12990.0
14260,1090,Corporate,2025-12-24,2025-12-29,Deluxe,1,18660.0
14261,1007,Leisure,2025-12-24,2025-12-25,Deluxe,1,19577.0
14262,1114,Travel Agency,2025-12-24,2025-12-26,Family,1,24049.0
14263,1106,Event Group,2025-12-24,2025-12-25,Standard,1,12232.0
14264,1061,Event Group,2025-12-24,2025-12-29,Deluxe,1,21751.0
14265,1115,Corporate,2025-12-24,2025-12-25,Standard,1,13478.0
14266,1087,Leisure,2025-12-24,2025-12-25,Family,1,27440.0
14267,1053,Leisure,2025-12-24,2025-12-25,Suite,1,37834.0
14268,1108,Corporate,2025-12-24,2025-12-26,Family,1,23727.0
14269,1041,Travel Agency,2025-12-24,2025-12-25,Family,1,23744.0
14270,1033,Travel Agency,2025-12-24,2025-12-25,Standard,1,13082.0
14271,1068,Corporate,2025-12-24,2025-12-27,Standard,1,11700.0
14272,1002,Leisure,2025-12-24,2025-12-28,Standard,1,11674.0
14273,1084,Leisure,2025-12-24,2025-12-28,Standard,1,12858.0
14274,1039,Corporate,2025-12-24,2025-12-25,Suite,1,34540.0
14275,1002,Corporate,2025-12-24,2025-12-28,Standard,1,12170.0
14276,1026,Corporate,2025-12-24,2025-12-26,Standard,1,11475.0
14277,1067,Leisure,2025-12-24,2025-12-28,Deluxe,1,20170.0
14278,1075,Leisure,2025-12-24,2025-12-27,Suite,1,31266.0
14279,1081,Leisure,2025-12-24,2025-12-27,Deluxe,1,18515.0
14280,1010,Leisure,2025-12-24,2025-12-27,Standard,1,11996.0
14281,1097,Corporate,2025-12-24,2025-12-26,Standard,1,12889.0
14282,1060,Travel Agency,2025-12-24,2025-12-26,Standard,1,13830.0
14283,1026,Leisure,2025-12-24,2025-12-25,Suite,1,33302.0
14284,1017,Leisure,2025-12-24,2025-12-26,Suite,1,31926.0
14285,1054,Corporate,2025-12-24,2025-12-25,Standard,1,12936.0
14286,1035,Corporate,2025-12-24,2025-12-25,Family,1,24969.0
14287,1096,Travel Agency,2025-12-24,2025-12-26,Standard,1,12417.0
14288,1094,Travel Agency,2025-12-24,2025-12-25,Deluxe,1,15935.0
14289,1063,Event Group,2025-12-24,2025-12-25,Deluxe,1,18952.0
14290,1068,Leisure,2025-12-24,2025-12-27,Standard,1,14129.0
14291,1075,Leisure,2025-12-24,2025-12-27,Standard,1,11199.0
14292,1096,Leisure,2025-12-24,2025-12-26,Family,1,22820.0
14293,1043,Event Group,2025-12-25,2025-12-26,Deluxe,1,18371.0
14294,1113,Leisure,2025-12-25,2025-12-26,Standard,1,12205.0
14295,1031,Corporate,2025-12-25,2025-12-26,Standard,1,12959.0
14296,1107,Corporate,2025-12-25,2025-12-27,Standard,1,12298.0
14297,1035,Corporate,2025-12-25,2025-12-29,Standard,1,12597.0
14298,1038,Event Group,2025-12-25,2025-12-27,Family,1,26165.0
14299,1026,Leisure,2025-12-25,2025-12-26,Family,1,26004.0
14300,1003,Travel Agency,2025-12-25,2025-12-27,Deluxe,1,17421.0
14301,1015,Travel Agency,2025-12-25,2025-12-28,Family,1,24643.0
14302,1035,Event Group,2025-12-25,2025-12-26,Standard,1,12514.0
14303,1064,Corporate,2025-12-25,2025-12-27,Deluxe,1,18493.0
14304,1087,Travel Agency,2025-12-25,2025-12-27,Deluxe,1,15397.0
14305,1094,Leisure,2025-12-25,2025-12-26,Standard,1,13247.0
14306,1111,Event Group,2025-12-25,2025-12-28,Standard,1,13232.0
14307,1037,Leisure,2025-12-25,2025-12-26,Standard,1,12466.0
14308,1029,Corporate,2025-12-25,2025-12-27,Standard,1,12925.0
14309,1083,Leisure,2025-12-25,2025-12-27,Suite,1,32930.0
14310,1002,Leisure,2025-12-25,2025-12-26,Family,1,28063.0
14311,1075,Leisure,2025-12-25,2025-12-26,Deluxe,1,16126.0
14312,1072,Corporate,2025-12-25,2025-12-30,Standard,1,12610.0
14313,1033,Leisure,2025-12-25,2025-12-27,Standard,1,14947.0
14314,1085,Leisure,2025-12-25,2025-12-28,Standard,1,11548.0
14315,1026,Event Group,2025-12-25,2025-12-26,Standard,1,12160.0
14316,1073,Leisure,2025-12-25,2025-12-26,Deluxe,1,17630.0
14317,1122,Travel Agency,2025-12-25,2025-12-28,Standard,1,14520.0
14318,1075,Corporate,2025-12-25,2025-12-28,Standard,1,14196.0
14319,1052,Corporate,2025-12-25,2025-12-28,Family,1,26309.0
14320,1086,Leisure,2025-12-25,2025-12-29,Standard,1,13774.0
14321,1085,Corporate,2025-12-25,2025-12-27,Standard,1,12838.0
14322,1094,Leisure,2025-12-25,2025-12-28,Suite,1,31172.0
14323,1071,Leisure,2025-12-25,2025-12-27,Deluxe,1,17883.0
14324,1112,Travel Agency,2025-12-25,2025-12-28,Suite,1,29965.0
14325,1090,Travel Agency,2025-12-25,2025-12-26,Standard,1,12756.0
14326,1122,Leisure,2025-12-25,2025-12-26,Standard,1,14623.0
14327,1049,Leisure,2025-12-25,2025-12-29,Standard,1,11247.0
14328,1014,Event Group,2025-12-25,2025-12-26,Deluxe,1,19077.0
14329,1046,Corporate,2025-12-25,2025-12-27,Suite,1,30176.0
14330,1083,Leisure,2025-12-25,2025-12-27,Standard,1,13073.0
14331,1097,Corporate,2025-12-25,2025-12-27,Deluxe,1,19897.0
14332,1044,Travel Agency,2025-12-26,2025-12-31,Standard,1,13706.0
14333,1008,Corporate,2025-12-26,2025-12-29,Standard,1,13475.0
14334,1071,Leisure,2025-12-26,2025-12-28,Standard,1,12448.0
14335,1080,Leisure,2025-12-26,2025-12-27,Standard,1,13481.0
14336,1056,Leisure,2025-12-26,2025-12-27,Standard,1,14010.0
14337,1023,Leisure,2025-12-26,2025-12-30,Standard,1,12712.0
14338,1069,Corporate,2025-12-26,2025-12-30,Deluxe,1,17322.0
14339,1018,Leisure,2025-12-26,2025-12-29,Deluxe,1,18578.0
14340,1114,Corporate,2025-12-26,2025-12-28,Suite,1,32968.0
14341,1038,Corporate,2025-12-26,2025-12-30,Standard,1,13973.0
14342,1026,Event Group,2025-12-26,2025-12-27,Deluxe,1,21291.0
14343,1093,Leisure,2025-12-26,2025-12-27,Standard,1,11959.0
14344,1095,Corporate,2025-12-26,2025-12-27,Standard,1,12373.0
14345,1073,Travel Agency,2025-12-26,2025-12-29,Deluxe,1,18161.0
14346,1085,Corporate,2025-12-26,2025-12-28,Standard,1,12982.0
14347,1119,Corporate,2025-12-26,2025-12-27,Standard,1,11242.0
14348,1044,Leisure,2025-12-26,2025-12-28,Standard,1,11775.0
14349,1124,Leisure,2025-12-26,2025-12-27,Family,1,27674.0
14350,1018,Travel Agency,2025-12-26,2025-12-30,Family,1,27369.0
14351,1025,Corporate,2025-12-26,2025-12-29,Standard,1,11609.0
14352,1067,Leisure,2025-12-26,2025-12-27,Standard,1,12088.0
14353,1046,Leisure,2025-12-26,2025-12-27,Standard,1,12288.0
14354,1058,Leisure,2025-12-26,2025-12-28,Standard,1,12290.0
14355,1104,Leisure,2025-12-26,2025-12-27,Suite,1,37552.0
14356,1059,Corporate,2025-12-26,2025-12-29,Deluxe,1,18323.0
14357,1054,Leisure,2025-12-26,2025-12-28,Standard,1,11978.0
14358,1027,Corporate,2025-12-26,2025-12-27,Deluxe,1,16636.0
14359,1059,Leisure,2025-12-26,2025-12-31,Deluxe,1,20519.0
14360,1044,Leisure,2025-12-26,2025-12-29,Deluxe,1,17529.0
14361,1070,Travel Agency,2025-12-26,2025-12-27,Family,1,25164.0
14362,1103,Corporate,2025-12-26,2025-12-27,Deluxe,1,18796.0
14363,1012,Travel Agency,2025-12-26,2025-12-27,Deluxe,1,18752.0
14364,1072,Leisure,2025-12-26,2025-12-27,Deluxe,1,19611.0
14365,1008,Corporate,2025-12-26,2025-12-29,Standard,1,12396.0
14366,1071,Corporate,2025-12-26,2025-12-28,Suite,1,29591.0
14367,1125,Corporate,2025-12-26,2025-12-27,Standard,1,12717.0
14368,1092,Leisure,2025-12-26,2025-12-27,Standard,1,11920.0
14369,1065,Corporate,2025-12-26,2025-12-29,Deluxe,1,16784.0
14370,1118,Leisure,2025-12-26,2025-12-29,Standard,1,14169.0
14371,1104,Leisure,2025-12-26,2025-12-27,Standard,1,10583.0
14372,1068,Travel Agency,2025-12-26,2025-12-27,Standard,1,11160.0
14373,1025,Travel Agency,2025-12-26,2025-12-27,Standard,1,12387.0
14374,1061,Event Group,2025-12-26,2025-12-29,Suite,1,30352.0
14375,1017,Corporate,2025-12-26,2025-12-27,Deluxe,1,19580.0
14376,1125,Travel Agency,2025-12-26,2025-12-27,Deluxe,1,19618.0
14377,1115,Travel Agency,2025-12-26,2025-12-27,Standard,1,12808.0
14378,1105,Corporate,2025-12-26,2025-12-29,Deluxe,1,20821.0
14379,1102,Leisure,2025-12-26,2025-12-27,Deluxe,1,16087.0
14380,1056,Leisure,2025-12-26,2025-12-27,Standard,1,12308.0
14381,1004,Corporate,2025-12-26,2025-12-28,Standard,1,11132.0
14382,1098,Corporate,2025-12-27,2025-12-29,Deluxe,1,21025.0
14383,1088,Leisure,2025-12-27,2025-12-30,Deluxe,1,18802.0
14384,1086,Travel Agency,2025-12-27,2025-12-28,Deluxe,1,18472.0
14385,1094,Event Group,2025-12-27,2025-12-29,Deluxe,1,19869.0
14386,1085,Leisure,2025-12-27,2025-12-28,Standard,1,12171.0
14387,1086,Leisure,2025-12-27,2025-12-31,Standard,1,10651.0
14388,1012,Corporate,2025-12-27,2025-12-30,Family,1,24624.0
14389,1024,Event Group,2025-12-27,2025-12-30,Standard,1,11692.0
14390,1078,Corporate,2025-12-27,2025-12-29,Deluxe,1,20142.0
14391,1007,Corporate,2025-12-27,2025-12-29,Family,1,24566.0
14392,1017,Travel Agency,2025-12-27,2025-12-29,Deluxe,1,17998.0
14393,1064,Leisure,2025-12-27,2025-12-30,Deluxe,1,19652.0
14394,1095,Corporate,2025-12-27,2025-12-31,Family,1,25708.0
14395,1072,Travel Agency,2025-12-27,2025-12-30,Standard,1,12820.0
14396,1061,Corporate,2025-12-27,2025-12-31,Standard,1,13035.0
14397,1030,Leisure,2025-12-27,2025-12-28,Deluxe,1,17881.0
14398,1055,Corporate,2025-12-27,2025-12-28,Deluxe,1,17343.0
14399,1056,Travel Agency,2025-12-27,2025-12-29,Deluxe,1,15365.0
14400,1076,Leisure,2025-12-27,2025-12-29,Deluxe,1,16706.0
14401,1005,Corporate,2025-12-27,2025-12-28,Deluxe,1,18193.0
14402,1063,Event Group,2025-12-27,2025-12-29,Family,1,25035.0
14403,1003,Leisure,2025-12-27,2025-12-28,Deluxe,1,19814.0
14404,1105,Corporate,2025-12-27,2025-12-31,Family,1,26031.0
14405,1003,Travel Agency,2025-12-27,2025-12-28,Standard,1,12373.0
14406,1026,Leisure,2025-12-27,2025-12-30,Suite,1,32324.0
14407,1026,Leisure,2025-12-27,2025-12-29,Standard,1,13885.0
14408,1089,Leisure,2025-12-27,2025-12-28,Standard,1,13995.0
14409,1118,Corporate,2025-12-27,2025-12-30,Standard,1,14524.0
14410,1103,Corporate,2025-12-27,2025-12-31,Standard,1,13826.0
14411,1084,Event Group,2025-12-27,2025-12-28,Deluxe,1,16805.0
14412,1050,Corporate,2025-12-27,2025-12-29,Standard,1,12819.0
14413,1063,Leisure,2025-12-27,2025-12-28,Standard,1,13588.0
14414,1107,Corporate,2025-12-27,2025-12-28,Standard,1,12559.0
14415,1050,Corporate,2025-12-27,2025-12-28,Family,1,25972.0
14416,1033,Corporate,2025-12-27,2025-12-29,Deluxe,1,18980.0
14417,1117,Corporate,2025-12-27,2025-12-28,Standard,1,14864.0
14418,1068,Corporate,2025-12-27,2025-12-29,Standard,1,11241.0
14419,1082,Leisure,2025-12-27,2025-12-28,Deluxe,1,15357.0
14420,1083,Corporate,2025-12-27,2025-12-30,Standard,1,11735.0
14421,1004,Leisure,2025-12-27,2025-12-29,Deluxe,1,19508.0
14422,1107,Leisure,2025-12-27,2025-12-28,Suite,1,30068.0
14423,1003,Leisure,2025-12-27,2025-12-29,Standard,1,10593.0
14424,1018,Travel Agency,2025-12-27,2025-12-29,Standard,1,13055.0
14425,1088,Travel Agency,2025-12-27,2025-12-28,Standard,1,13409.0
14426,1063,Corporate,2025-12-27,2025-12-28,Standard,1,13525.0
14427,1045,Travel Agency,2025-12-27,2026-01-01,Deluxe,1,17656.0
14428,1060,Corporate,2025-12-27,2025-12-30,Deluxe,1,18626.0
14429,1096,Travel Agency,2025-12-27,2025-12-29,Family,1,22204.0
14430,1058,Leisure,2025-12-28,2025-12-30,Deluxe,1,19690.0
14431,1034,Corporate,2025-12-28,2026-01-02,Deluxe,1,18547.0
14432,1100,Leisure,2025-12-28,2026-01-02,Family,1,25254.0
14433,1080,Leisure,2025-12-28,2025-12-31,Standard,1,12727.0
14434,1121,Leisure,2025-12-28,2025-12-31,Standard,1,12312.0
14435,1121,Leisure,2025-12-28,2025-12-30,Family,1,29457.0
14436,1048,Leisure,2025-12-28,2025-12-29,Deluxe,1,20190.0
14437,1059,Travel Agency,2025-12-28,2026-01-02,Standard,1,13533.0
14438,1019,Corporate,2025-12-28,2025-12-29,Deluxe,1,21021.0
14439,1118,Travel Agency,2025-12-28,2025-12-30,Standard,1,12532.0
14440,1075,Leisure,2025-12-28,2026-01-01,Deluxe,1,20078.0
14441,1124,Corporate,2025-12-28,2025-12-31,Standard,1,13882.0
14442,1026,Travel Agency,2025-12-28,2025-12-29,Deluxe,1,17806.0
14443,1125,Corporate,2025-12-28,2026-01-01,Suite,1,34101.0
14444,1068,Leisure,2025-12-28,2025-12-31,Standard,1,13122.0
14445,1116,Corporate,2025-12-28,2025-12-29,Family,1,25626.0
14446,1064,Corporate,2025-12-28,2025-12-31,Standard,1,12728.0
14447,1059,Leisure,2025-12-28,2025-12-29,Family,1,24017.0
14448,1125,Corporate,2025-12-28,2025-12-30,Family,1,28058.0
14449,1123,Leisure,2025-12-28,2025-12-29,Standard,1,11841.0
14450,1112,Corporate,2025-12-28,2025-12-30,Deluxe,1,18164.0
14451,1019,Corporate,2025-12-28,2025-12-29,Standard,1,13098.0
14452,1062,Leisure,2025-12-28,2025-12-29,Standard,1,11812.0
14453,1069,Leisure,2025-12-28,2025-12-30,Standard,1,12510.0
14454,1026,Corporate,2025-12-28,2026-01-02,Standard,1,12204.0
14455,1106,Corporate,2025-12-28,2025-12-29,Standard,1,13962.0
14456,1025,Leisure,2025-12-28,2025-12-29,Deluxe,1,20256.0
14457,1074,Leisure,2025-12-28,2025-12-30,Standard,1,12184.0
14458,1012,Travel Agency,2025-12-28,2025-12-29,Standard,1,12048.0
14459,1071,Leisure,2025-12-28,2025-12-31,Standard,1,13181.0
14460,1079,Corporate,2025-12-28,2025-12-30,Standard,1,11450.0
14461,1001,Leisure,2025-12-28,2025-12-31,Deluxe,1,18864.0
14462,1046,Event Group,2025-12-28,2025-12-30,Family,1,24849.0
14463,1037,Leisure,2025-12-28,2026-01-01,Standard,1,12886.0
14464,1105,Leisure,2025-12-28,2025-12-31,Standard,1,12399.0
14465,1059,Travel Agency,2025-12-28,2026-01-02,Family,1,19508.0
14466,1113,Event Group,2025-12-28,2025-12-29,Standard,1,12306.0
14467,1026,Leisure,2025-12-28,2025-12-29,Standard,1,12782.0
14468,1120,Leisure,2025-12-28,2025-12-30,Standard,1,12680.0
14469,1104,Travel Agency,2025-12-28,2025-12-29,Deluxe,1,18706.0
14470,1069,Corporate,2025-12-28,2025-12-30,Deluxe,1,18351.0
14471,1123,Event Group,2025-12-28,2025-12-31,Standard,1,12784.0
14472,1014,Corporate,2025-12-28,2026-01-01,Standard,1,12243.0
14473,1047,Leisure,2025-12-28,2025-12-29,Suite,1,31721.0
14474,1094,Corporate,2025-12-28,2025-12-29,Deluxe,1,18629.0
14475,1114,Leisure,2025-12-28,2025-12-30,Standard,1,11082.0
14476,1090,Leisure,2025-12-29,2025-12-30,Family,1,26027.0
14477,1116,Corporate,2025-12-29,2025-12-31,Standard,1,13562.0
14478,1060,Corporate,2025-12-29,2025-12-31,Deluxe,1,16447.0
14479,1047,Leisure,2025-12-29,2025-12-31,Deluxe,1,15700.0
14480,1090,Travel Agency,2025-12-29,2025-12-31,Standard,1,11486.0
14481,1079,Leisure,2025-12-29,2026-01-01,Standard,1,13684.0
14482,1095,Travel Agency,2025-12-29,2025-12-31,Standard,1,12502.0
14483,1045,Leisure,2025-12-29,2026-01-01,Deluxe,1,16635.0
14484,1081,Travel Agency,2025-12-29,2026-01-02,Standard,1,12955.0
14485,1049,Event Group,2025-12-29,2025-12-31,Standard,1,14164.0
14486,1043,Event Group,2025-12-29,2026-01-03,Deluxe,1,17646.0
14487,1103,Leisure,2025-12-29,2025-12-31,Family,1,25160.0
14488,1001,Travel Agency,2025-12-29,2026-01-01,Family,1,26221.0
14489,1069,Corporate,2025-12-29,2026-01-01,Standard,1,12408.0
14490,1067,Event Group,2025-12-29,2025-12-31,Standard,1,11507.0
14491,1049,Leisure,2025-12-29,2025-12-31,Standard,1,11339.0
14492,1069,Leisure,2025-12-29,2026-01-01,Family,1,28163.0
14493,1056,Travel Agency,2025-12-29,2025-12-31,Standard,1,12218.0
14494,1080,Leisure,2025-12-29,2025-12-31,Deluxe,1,18307.0
14495,1079,Leisure,2025-12-29,2026-01-01,Standard,1,12721.0
14496,1091,Corporate,2025-12-29,2025-12-31,Standard,1,11482.0
14497,1056,Leisure,2025-12-29,2025-12-31,Family,1,23154.0
14498,1032,Leisure,2025-12-29,2026-01-01,Deluxe,1,16573.0
14499,1119,Leisure,2025-12-29,2025-12-30,Standard,1,11618.0
14500,1011,Leisure,2025-12-29,2026-01-01,Standard,1,12185.0
14501,1016,Leisure,2025-12-29,2026-01-03,Deluxe,1,14680.0
14502,1022,Corporate,2025-12-29,2026-01-01,Standard,1,12420.0
14503,1063,Event Group,2025-12-29,2025-12-31,Standard,1,10614.0
14504,1071,Corporate,2025-12-29,2026-01-01,Standard,1,12054.0
14505,1036,Corporate,2025-12-29,2026-01-01,Deluxe,1,17817.0
14506,1038,Leisure,2025-12-29,2025-12-30,Family,1,23830.0
14507,1050,Travel Agency,2025-12-29,2025-12-30,Standard,1,12466.0
14508,1112,Corporate,2025-12-29,2026-01-02,Suite,1,34594.0
14509,1105,Event Group,2025-12-29,2026-01-03,Deluxe,1,20340.0
14510,1055,Travel Agency,2025-12-29,2025-12-30,Standard,1,12396.0
14511,1011,Leisure,2025-12-29,2025-12-31,Standard,1,14119.0
14512,1083,Event Group,2025-12-29,2025-12-31,Standard,1,14534.0
14513,1087,Travel Agency,2025-12-29,2025-12-31,Standard,1,12760.0
14514,1088,Leisure,2025-12-29,2025-12-31,Deluxe,1,21438.0
14515,1032,Leisure,2025-12-29,2025-12-30,Standard,1,12359.0
14516,1071,Corporate,2025-12-29,2025-12-30,Deluxe,1,18502.0
14517,1081,Leisure,2025-12-29,2025-12-31,Standard,1,13355.0
14518,1089,Leisure,2025-12-29,2026-01-01,Standard,1,10901.0
14519,1099,Corporate,2025-12-29,2026-01-02,Suite,1,33908.0
14520,1102,Leisure,2025-12-29,2025-12-30,Deluxe,1,18577.0
14521,1088,Leisure,2025-12-30,2026-01-01,Suite,1,32418.0
14522,1096,Event Group,2025-12-30,2026-01-01,Deluxe,1,19176.0
14523,1051,Travel Agency,2025-12-30,2026-01-01,Family,1,26678.0
14524,1090,Leisure,2025-12-30,2026-01-03,Standard,1,13182.0
14525,1029,Corporate,2025-12-30,2026-01-02,Standard,1,11843.0
14526,1105,Leisure,2025-12-30,2026-01-03,Suite,1,31103.0
14527,1068,Travel Agency,2025-12-30,2026-01-01,Deluxe,1,19308.0
14528,1079,Travel Agency,2025-12-30,2025-12-31,Standard,1,12701.0
14529,1112,Leisure,2025-12-30,2026-01-01,Standard,1,12897.0
14530,1060,Corporate,2025-12-30,2025-12-31,Family,1,24767.0
14531,1026,Leisure,2025-12-30,2026-01-03,Family,1,29072.0
14532,1081,Corporate,2025-12-30,2026-01-01,Standard,1,13508.0
14533,1064,Leisure,2025-12-30,2026-01-01,Suite,1,34565.0
14534,1063,Event Group,2025-12-30,2026-01-01,Suite,1,35238.0
14535,1092,Corporate,2025-12-30,2025-12-31,Standard,1,11485.0
14536,1044,Travel Agency,2025-12-30,2025-12-31,Standard,1,13162.0
14537,1063,Leisure,2025-12-30,2026-01-01,Family,1,23208.0
14538,1094,Corporate,2025-12-30,2026-01-04,Deluxe,1,19667.0
14539,1097,Corporate,2025-12-30,2026-01-04,Standard,1,12800.0
14540,1051,Corporate,2025-12-30,2026-01-02,Deluxe,1,18247.0
14541,1093,Corporate,2025-12-30,2026-01-01,Family,1,27838.0
14542,1048,Leisure,2025-12-30,2026-01-03,Deluxe,1,16610.0
14543,1053,Corporate,2025-12-30,2026-01-02,Standard,1,12487.0
14544,1117,Leisure,2025-12-30,2025-12-31,Standard,1,12465.0
14545,1113,Leisure,2025-12-30,2026-01-02,Standard,1,12239.0
14546,1087,Travel Agency,2025-12-30,2026-01-03,Standard,1,13566.0
14547,1103,Leisure,2025-12-30,2026-01-03,Deluxe,1,16414.0
14548,1115,Travel Agency,2025-12-30,2025-12-31,Standard,1,10770.0
14549,1014,Leisure,2025-12-30,2026-01-01,Standard,1,14282.0
14550,1092,Travel Agency,2025-12-30,2025-12-31,Standard,1,12859.0
14551,1022,Leisure,2025-12-30,2025-12-31,Deluxe,1,19103.0
14552,1014,Corporate,2025-12-30,2026-01-03,Standard,1,11046.0
14553,1032,Travel Agency,2025-12-30,2026-01-01,Standard,1,13203.0
14554,1043,Travel Agency,2025-12-30,2026-01-04,Family,1,23735.0
14555,1064,Travel Agency,2025-12-30,2025-12-31,Suite,1,31977.0
14556,1037,Leisure,2025-12-30,2025-12-31,Standard,1,11915.0
14557,1041,Leisure,2025-12-30,2025-12-31,Standard,1,11702.0
14558,1055,Travel Agency,2025-12-30,2026-01-03,Deluxe,1,17033.0
14559,1049,Leisure,2025-12-30,2025-12-31,Family,1,21957.0
14560,1004,Travel Agency,2025-12-30,2026-01-02,Standard,1,13523.0
14561,1034,Leisure,2025-12-30,2025-12-31,Suite,1,28959.0
14562,1107,Leisure,2025-12-30,2026-01-04,Deluxe,1,17748.0
14563,1098,Leisure,2025-12-30,2025-12-31,Family,1,26201.0
14564,1071,Corporate,2025-12-30,2026-01-02,Standard,1,12378.0
14565,1028,Corporate,2025-12-30,2026-01-03,Standard,1,12414.0
14566,1020,Leisure,2025-12-31,2026-01-01,Standard,1,12327.0
14567,1100,Leisure,2025-12-31,2026-01-01,Standard,1,11193.0
14568,1086,Travel Agency,2025-12-31,2026-01-03,Family,1,24107.0
14569,1062,Corporate,2025-12-31,2026-01-03,Standard,1,12062.0
14570,1076,Corporate,2025-12-31,2026-01-04,Deluxe,1,16857.0
14571,1096,Leisure,2025-12-31,2026-01-02,Deluxe,1,19902.0
14572,1084,Leisure,2025-12-31,2026-01-01,Standard,1,12081.0
14573,1069,Event Group,2025-12-31,2026-01-01,Standard,1,13163.0
14574,1056,Leisure,2025-12-31,2026-01-03,Deluxe,1,17443.0
14575,1079,Event Group,2025-12-31,2026-01-02,Deluxe,1,16568.0
14576,1118,Travel Agency,2025-12-31,2026-01-01,Deluxe,1,18978.0
14577,1104,Leisure,2025-12-31,2026-01-04,Family,1,26556.0
14578,1094,Corporate,2025-12-31,2026-01-01,Family,1,27344.0
14579,1048,Leisure,2025-12-31,2026-01-01,Deluxe,1,19082.0
14580,1100,Corporate,2025-12-31,2026-01-02,Family,1,26119.0
14581,1090,Corporate,2025-12-31,2026-01-02,Standard,1,12549.0
14582,1033,Leisure,2025-12-31,2026-01-02,Standard,1,13908.0
14583,1115,Leisure,2025-12-31,2026-01-01,Standard,1,15973.0
14584,1020,Travel Agency,2025-12-31,2026-01-02,Family,1,28696.0
14585,1049,Corporate,2025-12-31,2026-01-03,Standard,1,13503.0
14586,1051,Corporate,2025-12-31,2026-01-03,Suite,1,27249.0
14587,1063,Corporate,2025-12-31,2026-01-01,Suite,1,29346.0
14588,1010,Event Group,2025-12-31,2026-01-01,Standard,1,10586.0
14589,1114,Event Group,2025-12-31,2026-01-04,Standard,1,12488.0
14590,1044,Leisure,2025-12-31,2026-01-02,Family,1,29361.0
14591,1037,Event Group,2025-12-31,2026-01-04,Deluxe,1,19028.0
14592,1062,Leisure,2025-12-31,2026-01-01,Family,1,28053.0
14593,1021,Corporate,2025-12-31,2026-01-01,Suite,1,36140.0
14594,1056,Corporate,2025-12-31,2026-01-02,Family,1,27994.0
14595,1061,Travel Agency,2025-12-31,2026-01-01,Suite,1,27132.0
14596,1077,Travel Agency,2025-12-31,2026-01-01,Standard,1,12897.0
14597,1080,Leisure,2025-12-31,2026-01-01,Standard,1,11804.0
14598,1075,Corporate,2025-12-31,2026-01-05,Standard,1,13461.0
14599,1071,Leisure,2025-12-31,2026-01-01,Suite,1,30980.0
14600,1051,Leisure,2025-12-31,2026-01-05,Standard,1,13646.0
14601,1045,Leisure,2025-12-31,2026-01-02,Deluxe,1,19299.0
14602,1081,Leisure,2025-12-31,2026-01-04,Standard,1,12672.0
14603,1053,Travel Agency,2025-12-31,2026-01-01,Suite,1,27909.0
14604,1108,Leisure,2025-12-31,2026-01-02,Deluxe,1,17569.0
14605,1036,Leisure,2025-12-31,2026-01-01,Deluxe,1,17043.0
