invoice_id,booking_id,customer_id,invoice_date,due_date,payment_terms_days,room_revenue_jpy,ancillary_revenue_jpy,invoice_amount_jpy
1,1,1087,2025-01-02,2025-02-01,30,12475.0,2854.0,15329.0
2,2,1030,2025-01-03,2025-02-17,45,38080.0,11058.0,49138.0
3,3,1084,2025-01-02,2025-02-01,30,18530.0,2724.0,21254.0
4,4,1098,2025-01-03,2025-02-02,30,35754.0,11881.0,47635.0
5,5,1020,2025-01-04,2025-02-18,45,111945.0,31364.0,143309.0
6,6,1045,2025-01-04,2025-02-18,45,35865.0,9806.0,45671.0
7,7,1069,2025-01-04,2025-02-18,45,58053.0,13986.0,72039.0
8,8,1114,2025-01-05,2025-01-20,15,49072.0,15943.0,65015.0
9,9,1006,2025-01-03,2025-02-02,30,56090.0,11901.0,67991.0
10,10,1049,2025-01-04,2025-02-03,30,60645.0,13424.0,74069.0
11,11,1048,2025-01-03,2025-02-17,45,22096.0,5721.0,27817.0
12,12,1082,2025-01-04,2025-01-19,15,37476.0,7542.0,45018.0
13,13,1049,2025-01-04,2025-02-03,30,36882.0,7161.0,44043.0
14,14,1099,2025-01-05,2025-01-20,15,51280.0,9481.0,60761.0
15,15,1041,2025-01-02,2025-02-01,30,34439.0,6125.0,40564.0
16,16,1028,2025-01-02,2025-02-01,30,11181.0,3865.0,15046.0
17,17,1059,2025-01-03,2025-02-02,30,34882.0,11592.0,46474.0
18,18,1055,2025-01-02,2025-01-17,15,11022.0,1409.0,12431.0
19,19,1018,2025-01-03,2025-02-02,30,48972.0,17868.0,66840.0
20,20,1102,2025-01-02,2025-02-01,30,19997.0,4295.0,24292.0
21,21,1077,2025-01-03,2025-02-02,30,39430.0,10655.0,50085.0
22,22,1093,2025-01-03,2025-02-17,45,50994.0,12692.0,63686.0
23,23,1099,2025-01-05,2025-02-19,45,50128.0,13514.0,63642.0
24,24,1113,2025-01-02,2025-02-01,30,14903.0,2847.0,17750.0
25,25,1065,2025-01-06,2025-02-05,30,97235.0,36864.0,134099.0
26,26,1020,2025-01-05,2025-01-20,15,94072.0,13210.0,107282.0
27,27,1119,2025-01-02,2025-02-16,45,11587.0,3238.0,14825.0
28,28,1113,2025-01-02,2025-02-01,30,21761.0,5178.0,26939.0
29,29,1031,2025-01-04,2025-02-03,30,77604.0,27839.0,105443.0
30,30,1098,2025-01-05,2025-01-20,15,98144.0,32942.0,131086.0
31,31,1122,2025-01-02,2025-02-16,45,18449.0,4039.0,22488.0
32,32,1070,2025-01-02,2025-02-16,45,17501.0,3582.0,21083.0
33,33,1052,2025-01-04,2025-01-19,15,56616.0,20978.0,77594.0
34,34,1029,2025-01-03,2025-02-17,45,48556.0,13375.0,61931.0
35,35,1076,2025-01-02,2025-02-01,30,12593.0,1953.0,14546.0
36,36,1111,2025-01-02,2025-02-01,30,12940.0,3528.0,16468.0
37,37,1063,2025-01-03,2025-01-18,15,29658.0,8924.0,38582.0
38,38,1101,2025-01-02,2025-01-17,15,11617.0,3767.0,15384.0
39,39,1085,2025-01-03,2025-02-02,30,24312.0,6142.0,30454.0
40,40,1083,2025-01-03,2025-02-17,45,24904.0,8267.0,33171.0
41,41,1111,2025-01-03,2025-02-02,30,22298.0,3958.0,26256.0
42,42,1060,2025-01-02,2025-02-01,30,13060.0,1880.0,14940.0
43,43,1111,2025-01-05,2025-02-19,45,52588.0,7355.0,59943.0
44,44,1012,2025-01-04,2025-02-03,30,35748.0,6685.0,42433.0
45,45,1052,2025-01-05,2025-02-04,30,71706.0,20523.0,92229.0
46,46,1050,2025-01-03,2025-01-18,15,25426.0,5333.0,30759.0
47,47,1101,2025-01-05,2025-02-19,45,31200.0,7370.0,38570.0
48,48,1038,2025-01-05,2025-02-04,30,60360.0,19723.0,80083.0
49,49,1007,2025-01-03,2025-02-02,30,13464.0,1653.0,15117.0
50,50,1021,2025-01-04,2025-02-03,30,37754.0,7122.0,44876.0
51,51,1111,2025-01-04,2025-02-18,45,25990.0,3495.0,29485.0
52,52,1032,2025-01-03,2025-02-17,45,12808.0,4622.0,17430.0
53,53,1041,2025-01-03,2025-02-02,30,17356.0,4604.0,21960.0
54,54,1031,2025-01-03,2025-02-02,30,23118.0,4196.0,27314.0
55,55,1120,2025-01-03,2025-02-17,45,10406.0,2940.0,13346.0
56,56,1013,2025-01-04,2025-01-19,15,26536.0,6064.0,32600.0
57,57,1113,2025-01-03,2025-02-02,30,14557.0,4837.0,19394.0
58,58,1070,2025-01-03,2025-01-18,15,11800.0,3403.0,15203.0
59,59,1105,2025-01-04,2025-02-03,30,36590.0,8111.0,44701.0
60,60,1113,2025-01-06,2025-02-05,30,72992.0,23402.0,96394.0
61,61,1078,2025-01-03,2025-02-02,30,11888.0,1880.0,13768.0
62,62,1110,2025-01-03,2025-01-18,15,12385.0,2005.0,14390.0
63,63,1055,2025-01-04,2025-02-03,30,25806.0,7527.0,33333.0
64,64,1017,2025-01-03,2025-01-18,15,31267.0,8286.0,39553.0
65,65,1002,2025-01-03,2025-02-02,30,16926.0,5361.0,22287.0
66,66,1020,2025-01-06,2025-01-21,15,49236.0,9041.0,58277.0
67,67,1040,2025-01-05,2025-02-04,30,56577.0,15149.0,71726.0
68,68,1006,2025-01-06,2025-01-21,15,52296.0,12472.0,64768.0
69,69,1114,2025-01-03,2025-02-02,30,28113.0,10356.0,38469.0
70,70,1119,2025-01-07,2025-02-06,30,137100.0,32136.0,169236.0
71,71,1004,2025-01-06,2025-02-20,45,107428.0,19940.0,127368.0
72,72,1053,2025-01-06,2025-02-05,30,42844.0,16086.0,58930.0
73,73,1014,2025-01-06,2025-02-20,45,126888.0,43092.0,169980.0
74,74,1026,2025-01-03,2025-02-02,30,14421.0,5073.0,19494.0
75,75,1004,2025-01-04,2025-02-18,45,65440.0,16491.0,81931.0
76,76,1009,2025-01-04,2025-01-19,15,34770.0,6694.0,41464.0
77,77,1069,2025-01-03,2025-01-18,15,20692.0,5275.0,25967.0
78,78,1034,2025-01-03,2025-01-18,15,14331.0,3440.0,17771.0
79,79,1094,2025-01-07,2025-02-06,30,67450.0,21357.0,88807.0
80,80,1015,2025-01-04,2025-02-18,45,67864.0,13367.0,81231.0
81,81,1119,2025-01-04,2025-01-19,15,25270.0,8343.0,33613.0
82,82,1095,2025-01-05,2025-02-04,30,96165.0,23576.0,119741.0
83,83,1041,2025-01-04,2025-02-03,30,35448.0,10163.0,45611.0
84,84,1065,2025-01-03,2025-02-02,30,17269.0,4219.0,21488.0
85,85,1054,2025-01-04,2025-02-03,30,25002.0,6058.0,31060.0
86,86,1023,2025-01-04,2025-02-03,30,38274.0,9183.0,47457.0
87,87,1056,2025-01-03,2025-01-18,15,19611.0,2766.0,22377.0
88,88,1057,2025-01-04,2025-02-18,45,64410.0,14132.0,78542.0
89,89,1022,2025-01-07,2025-02-06,30,51596.0,15905.0,67501.0
90,90,1122,2025-01-04,2025-02-18,45,17923.0,6009.0,23932.0
91,91,1026,2025-01-06,2025-01-21,15,53868.0,15404.0,69272.0
92,92,1059,2025-01-04,2025-02-03,30,11325.0,2618.0,13943.0
93,93,1090,2025-01-05,2025-02-04,30,23072.0,3053.0,26125.0
94,94,1111,2025-01-05,2025-02-04,30,23666.0,6737.0,30403.0
95,95,1023,2025-01-04,2025-02-18,45,27170.0,7183.0,34353.0
96,96,1016,2025-01-06,2025-02-05,30,80448.0,16731.0,97179.0
97,97,1072,2025-01-06,2025-02-05,30,35556.0,4599.0,40155.0
98,98,1065,2025-01-08,2025-01-23,15,83085.0,23473.0,106558.0
99,99,1021,2025-01-07,2025-02-06,30,46404.0,12054.0,58458.0
100,100,1099,2025-01-05,2025-02-04,30,36872.0,8030.0,44902.0
101,101,1057,2025-01-05,2025-01-20,15,71740.0,21181.0,92921.0
102,102,1018,2025-01-04,2025-02-18,45,12115.0,1890.0,14005.0
103,103,1028,2025-01-05,2025-02-19,45,27584.0,3778.0,31362.0
104,104,1054,2025-01-05,2025-02-19,45,24110.0,3439.0,27549.0
105,105,1003,2025-01-06,2025-01-21,15,38994.0,5038.0,44032.0
106,106,1097,2025-01-06,2025-02-20,45,81549.0,29629.0,111178.0
107,107,1069,2025-01-07,2025-02-06,30,50740.0,7668.0,58408.0
108,108,1056,2025-01-05,2025-02-04,30,37182.0,6536.0,43718.0
109,109,1103,2025-01-05,2025-02-04,30,38836.0,11711.0,50547.0
110,110,1004,2025-01-04,2025-02-03,30,13632.0,5132.0,18764.0
111,111,1011,2025-01-05,2025-01-20,15,54660.0,17822.0,72482.0
112,112,1028,2025-01-04,2025-02-03,30,19766.0,4345.0,24111.0
113,113,1036,2025-01-04,2025-02-03,30,12957.0,2335.0,15292.0
114,114,1070,2025-01-06,2025-02-05,30,55962.0,19084.0,75046.0
115,115,1009,2025-01-08,2025-02-07,30,63745.0,17281.0,81026.0
116,116,1003,2025-01-06,2025-02-05,30,101496.0,23003.0,124499.0
117,117,1015,2025-01-04,2025-01-19,15,18094.0,4641.0,22735.0
118,118,1078,2025-01-04,2025-02-18,45,18495.0,5469.0,23964.0
119,119,1021,2025-01-06,2025-02-05,30,72240.0,22767.0,95007.0
120,120,1123,2025-01-04,2025-02-03,30,24145.0,3554.0,27699.0
121,121,1076,2025-01-07,2025-02-06,30,56232.0,8197.0,64429.0
122,122,1077,2025-01-05,2025-02-04,30,37608.0,11494.0,49102.0
123,123,1006,2025-01-06,2025-02-05,30,81690.0,18244.0,99934.0
124,124,1109,2025-01-05,2025-02-04,30,23452.0,4737.0,28189.0
125,125,1047,2025-01-05,2025-01-20,15,25230.0,8660.0,33890.0
126,126,1124,2025-01-06,2025-02-05,30,48597.0,8909.0,57506.0
127,127,1100,2025-01-05,2025-02-04,30,38688.0,7119.0,45807.0
128,128,1107,2025-01-05,2025-02-04,30,36136.0,12787.0,48923.0
129,129,1086,2025-01-05,2025-01-20,15,25308.0,8994.0,34302.0
130,130,1024,2025-01-05,2025-02-19,45,11335.0,2676.0,14011.0
131,131,1113,2025-01-06,2025-02-20,45,36066.0,13068.0,49134.0
132,132,1011,2025-01-05,2025-02-04,30,13989.0,3790.0,17779.0
133,133,1092,2025-01-06,2025-01-21,15,25440.0,6069.0,31509.0
134,134,1029,2025-01-07,2025-02-06,30,60213.0,15562.0,75775.0
135,135,1045,2025-01-05,2025-02-04,30,11776.0,1965.0,13741.0
136,136,1090,2025-01-07,2025-01-22,15,40776.0,8214.0,48990.0
137,137,1096,2025-01-05,2025-01-20,15,12492.0,4197.0,16689.0
138,138,1028,2025-01-07,2025-02-06,30,51417.0,8041.0,59458.0
139,139,1013,2025-01-05,2025-01-20,15,18527.0,2653.0,21180.0
140,140,1039,2025-01-05,2025-02-19,45,28735.0,8410.0,37145.0
141,141,1090,2025-01-06,2025-02-05,30,27836.0,9017.0,36853.0
142,142,1014,2025-01-06,2025-02-05,30,49774.0,9136.0,58910.0
143,143,1007,2025-01-06,2025-02-20,45,48194.0,6883.0,55077.0
144,144,1009,2025-01-08,2025-02-07,30,51544.0,17090.0,68634.0
145,145,1073,2025-01-05,2025-02-04,30,13193.0,2031.0,15224.0
146,146,1072,2025-01-05,2025-02-19,45,25680.0,6997.0,32677.0
147,147,1058,2025-01-06,2025-01-21,15,37344.0,5364.0,42708.0
148,148,1055,2025-01-05,2025-02-19,45,27733.0,4640.0,32373.0
149,149,1027,2025-01-06,2025-02-05,30,24994.0,7126.0,32120.0
150,150,1031,2025-01-05,2025-02-04,30,14832.0,2510.0,17342.0
151,151,1038,2025-01-05,2025-01-20,15,11357.0,2131.0,13488.0
152,152,1111,2025-01-05,2025-02-04,30,13066.0,3744.0,16810.0
153,153,1085,2025-01-07,2025-02-06,30,38952.0,7266.0,46218.0
154,154,1029,2025-01-05,2025-02-04,30,28693.0,4555.0,33248.0
155,155,1040,2025-01-08,2025-02-07,30,76796.0,23810.0,100606.0
156,156,1057,2025-01-07,2025-02-06,30,56355.0,8281.0,64636.0
157,157,1064,2025-01-07,2025-02-21,45,41298.0,12467.0,53765.0
158,158,1095,2025-01-06,2025-01-21,15,24460.0,3288.0,27748.0
159,159,1074,2025-01-05,2025-01-20,15,14519.0,2426.0,16945.0
160,160,1106,2025-01-05,2025-02-04,30,17737.0,3623.0,21360.0
161,161,1118,2025-01-05,2025-02-04,30,11206.0,1830.0,13036.0
162,162,1105,2025-01-09,2025-02-08,30,64605.0,20218.0,84823.0
163,163,1110,2025-01-05,2025-02-04,30,17304.0,4638.0,21942.0
164,164,1085,2025-01-06,2025-02-20,45,27910.0,4482.0,32392.0
165,165,1042,2025-01-07,2025-02-21,45,70833.0,11343.0,82176.0
166,166,1106,2025-01-07,2025-02-21,45,38688.0,10168.0,48856.0
167,167,1047,2025-01-07,2025-01-22,15,72552.0,14319.0,86871.0
168,168,1007,2025-01-06,2025-02-05,30,37784.0,11748.0,49532.0
169,169,1016,2025-01-06,2025-01-21,15,22400.0,7254.0,29654.0
170,170,1091,2025-01-06,2025-01-21,15,26488.0,7451.0,33939.0
171,171,1117,2025-01-06,2025-01-21,15,30560.0,6205.0,36765.0
172,172,1020,2025-01-08,2025-02-07,30,57576.0,20099.0,77675.0
173,173,1061,2025-01-07,2025-02-06,30,53970.0,7927.0,61897.0
174,174,1118,2025-01-06,2025-02-20,45,29098.0,7673.0,36771.0
175,175,1110,2025-01-07,2025-01-22,15,62082.0,14205.0,76287.0
176,176,1106,2025-01-08,2025-02-07,30,53560.0,9917.0,63477.0
177,177,1111,2025-01-07,2025-02-06,30,34041.0,10662.0,44703.0
178,178,1071,2025-01-06,2025-01-21,15,23870.0,4269.0,28139.0
179,179,1031,2025-01-06,2025-02-05,30,42450.0,8705.0,51155.0
180,180,1006,2025-01-05,2025-02-04,30,15376.0,4854.0,20230.0
181,181,1102,2025-01-06,2025-02-05,30,20862.0,2549.0,23411.0
182,182,1005,2025-01-09,2025-02-08,30,187110.0,69673.0,256783.0
183,183,1013,2025-01-09,2025-02-08,30,71140.0,11453.0,82593.0
184,184,1020,2025-01-07,2025-02-06,30,33174.0,8056.0,41230.0
185,185,1080,2025-01-08,2025-01-23,15,40323.0,10774.0,51097.0
186,186,1049,2025-01-07,2025-01-22,15,40296.0,6397.0,46693.0
187,187,1063,2025-01-07,2025-02-06,30,44184.0,13602.0,57786.0
188,188,1030,2025-01-06,2025-02-05,30,22203.0,7216.0,29419.0
189,189,1082,2025-01-07,2025-02-06,30,31932.0,8310.0,40242.0
190,190,1042,2025-01-06,2025-02-05,30,18291.0,2548.0,20839.0
191,191,1019,2025-01-06,2025-02-05,30,32794.0,5132.0,37926.0
192,192,1079,2025-01-07,2025-02-06,30,25834.0,3270.0,29104.0
193,193,1117,2025-01-07,2025-02-06,30,52872.0,16325.0,69197.0
194,194,1116,2025-01-06,2025-02-05,30,16288.0,4939.0,21227.0
195,195,1021,2025-01-09,2025-02-08,30,132640.0,38463.0,171103.0
196,196,1089,2025-01-09,2025-01-24,15,47452.0,17296.0,64748.0
197,197,1050,2025-01-08,2025-02-22,45,45348.0,11562.0,56910.0
198,198,1090,2025-01-06,2025-02-05,30,24228.0,4797.0,29025.0
199,199,1036,2025-01-10,2025-02-09,30,66535.0,23078.0,89613.0
200,200,1096,2025-01-09,2025-02-08,30,59372.0,13078.0,72450.0
201,201,1103,2025-01-09,2025-01-24,15,71464.0,22433.0,93897.0
202,202,1097,2025-01-08,2025-01-23,15,38796.0,10424.0,49220.0
203,203,1081,2025-01-08,2025-01-23,15,58320.0,21567.0,79887.0
204,204,1047,2025-01-07,2025-02-21,45,25426.0,9019.0,34445.0
205,205,1096,2025-01-06,2025-02-20,45,18028.0,2414.0,20442.0
206,206,1065,2025-01-06,2025-02-05,30,13339.0,3928.0,17267.0
207,207,1106,2025-01-08,2025-02-22,45,71841.0,21708.0,93549.0
208,208,1060,2025-01-10,2025-02-09,30,139045.0,44409.0,183454.0
209,209,1111,2025-01-06,2025-02-05,30,22642.0,3742.0,26384.0
210,210,1012,2025-01-08,2025-01-23,15,58392.0,18568.0,76960.0
211,211,1059,2025-01-06,2025-02-20,45,29489.0,3993.0,33482.0
212,212,1048,2025-01-08,2025-02-07,30,34773.0,13108.0,47881.0
213,213,1114,2025-01-06,2025-02-20,45,13632.0,4557.0,18189.0
214,214,1060,2025-01-06,2025-02-05,30,23576.0,7980.0,31556.0
215,215,1018,2025-01-06,2025-01-21,15,22999.0,4191.0,27190.0
216,216,1069,2025-01-06,2025-02-05,30,13202.0,4682.0,17884.0
217,217,1096,2025-01-07,2025-02-06,30,26288.0,5321.0,31609.0
218,218,1084,2025-01-07,2025-02-06,30,35902.0,7854.0,43756.0
219,219,1122,2025-01-07,2025-02-21,45,21132.0,6626.0,27758.0
220,220,1047,2025-01-08,2025-02-07,30,35856.0,4547.0,40403.0
221,221,1083,2025-01-08,2025-02-07,30,38709.0,5198.0,43907.0
222,222,1059,2025-01-07,2025-02-06,30,28128.0,7602.0,35730.0
223,223,1125,2025-01-06,2025-01-21,15,14014.0,4851.0,18865.0
224,224,1009,2025-01-08,2025-02-07,30,40701.0,13489.0,54190.0
225,225,1105,2025-01-07,2025-02-06,30,69124.0,8455.0,77579.0
226,226,1110,2025-01-06,2025-02-05,30,25424.0,5985.0,31409.0
227,227,1103,2025-01-10,2025-02-09,30,126055.0,31543.0,157598.0
228,228,1031,2025-01-08,2025-01-23,15,43290.0,16220.0,59510.0
229,229,1017,2025-01-06,2025-02-05,30,18642.0,5273.0,23915.0
230,230,1066,2025-01-07,2025-02-21,45,31748.0,9503.0,41251.0
231,231,1079,2025-01-07,2025-02-06,30,37560.0,12372.0,49932.0
232,232,1124,2025-01-08,2025-02-07,30,34620.0,12747.0,47367.0
233,233,1055,2025-01-10,2025-02-24,45,62495.0,21637.0,84132.0
234,234,1078,2025-01-07,2025-02-21,45,23137.0,8066.0,31203.0
235,235,1049,2025-01-07,2025-02-06,30,11277.0,4072.0,15349.0
236,236,1078,2025-01-08,2025-02-07,30,47336.0,12414.0,59750.0
237,237,1071,2025-01-09,2025-02-08,30,34443.0,12861.0,47304.0
238,238,1030,2025-01-07,2025-02-21,45,15907.0,5617.0,21524.0
239,239,1041,2025-01-09,2025-02-08,30,37614.0,11580.0,49194.0
240,240,1119,2025-01-08,2025-01-23,15,34272.0,5557.0,39829.0
241,241,1048,2025-01-07,2025-02-06,30,11129.0,2760.0,13889.0
242,242,1072,2025-01-08,2025-02-07,30,67934.0,19760.0,87694.0
243,243,1055,2025-01-09,2025-02-08,30,62568.0,22192.0,84760.0
244,244,1077,2025-01-09,2025-02-23,45,65592.0,20214.0,85806.0
245,245,1109,2025-01-07,2025-02-21,45,13304.0,2911.0,16215.0
246,246,1098,2025-01-09,2025-02-08,30,40827.0,12059.0,52886.0
247,247,1080,2025-01-07,2025-02-21,45,11047.0,1779.0,12826.0
248,248,1119,2025-01-08,2025-02-07,30,34920.0,8624.0,43544.0
249,249,1118,2025-01-09,2025-02-08,30,54108.0,14853.0,68961.0
250,250,1073,2025-01-07,2025-02-06,30,14347.0,3800.0,18147.0
251,251,1068,2025-01-07,2025-02-21,45,19036.0,4679.0,23715.0
252,252,1048,2025-01-08,2025-02-07,30,25144.0,5679.0,30823.0
253,253,1020,2025-01-07,2025-01-22,15,10924.0,1517.0,12441.0
254,254,1035,2025-01-08,2025-01-23,15,22916.0,8231.0,31147.0
255,255,1066,2025-01-08,2025-02-07,30,24090.0,8427.0,32517.0
256,256,1087,2025-01-08,2025-01-23,15,26024.0,7038.0,33062.0
257,257,1008,2025-01-08,2025-01-23,15,38364.0,11196.0,49560.0
258,258,1018,2025-01-07,2025-02-06,30,15520.0,5475.0,20995.0
259,259,1017,2025-01-07,2025-01-22,15,16838.0,2665.0,19503.0
260,260,1107,2025-01-09,2025-01-24,15,38004.0,11845.0,49849.0
261,261,1059,2025-01-08,2025-02-22,45,36642.0,8664.0,45306.0
262,262,1074,2025-01-10,2025-02-24,45,92544.0,11215.0,103759.0
263,263,1022,2025-01-08,2025-02-07,30,20942.0,2911.0,23853.0
264,264,1118,2025-01-08,2025-02-07,30,71936.0,17718.0,89654.0
265,265,1011,2025-01-08,2025-02-07,30,23418.0,3068.0,26486.0
266,266,1043,2025-01-07,2025-01-22,15,13053.0,3229.0,16282.0
267,267,1100,2025-01-07,2025-02-06,30,30540.0,9432.0,39972.0
268,268,1105,2025-01-09,2025-01-24,15,37569.0,9224.0,46793.0
269,269,1098,2025-01-07,2025-01-22,15,12920.0,2999.0,15919.0
270,270,1064,2025-01-07,2025-02-21,45,19152.0,6366.0,25518.0
271,271,1083,2025-01-08,2025-01-23,15,23546.0,8903.0,32449.0
272,272,1081,2025-01-08,2025-02-07,30,31274.0,8827.0,40101.0
273,273,1076,2025-01-08,2025-02-07,30,22852.0,3771.0,26623.0
274,274,1058,2025-01-08,2025-01-23,15,22646.0,8342.0,30988.0
275,275,1012,2025-01-09,2025-02-08,30,25754.0,4642.0,30396.0
276,276,1115,2025-01-09,2025-02-08,30,31886.0,8941.0,40827.0
277,277,1025,2025-01-11,2025-01-26,15,48200.0,9785.0,57985.0
278,278,1116,2025-01-09,2025-01-24,15,26176.0,9196.0,35372.0
279,279,1083,2025-01-12,2025-01-27,15,163280.0,58827.0,222107.0
280,280,1021,2025-01-08,2025-02-07,30,11507.0,3852.0,15359.0
281,281,1100,2025-01-11,2025-01-26,15,52428.0,18205.0,70633.0
282,282,1013,2025-01-09,2025-02-08,30,24850.0,3647.0,28497.0
283,283,1110,2025-01-09,2025-02-08,30,35932.0,12118.0,48050.0
284,284,1019,2025-01-11,2025-01-26,15,69708.0,10392.0,80100.0
285,285,1085,2025-01-08,2025-02-07,30,27617.0,10189.0,37806.0
286,286,1102,2025-01-09,2025-02-08,30,24580.0,6535.0,31115.0
287,287,1122,2025-01-08,2025-02-22,45,13566.0,4128.0,17694.0
288,288,1047,2025-01-10,2025-01-25,15,52383.0,7000.0,59383.0
289,289,1044,2025-01-08,2025-02-07,30,11807.0,3973.0,15780.0
290,290,1109,2025-01-09,2025-01-24,15,51654.0,12990.0,64644.0
291,291,1095,2025-01-09,2025-02-08,30,65970.0,14376.0,80346.0
292,292,1049,2025-01-08,2025-02-07,30,25410.0,4339.0,29749.0
293,293,1080,2025-01-08,2025-02-07,30,12116.0,2617.0,14733.0
294,294,1031,2025-01-08,2025-02-22,45,28922.0,6751.0,35673.0
295,295,1101,2025-01-09,2025-02-08,30,53830.0,16611.0,70441.0
296,296,1107,2025-01-09,2025-02-08,30,26120.0,5194.0,31314.0
297,297,1057,2025-01-10,2025-01-25,15,34764.0,9333.0,44097.0
298,298,1105,2025-01-08,2025-02-07,30,10054.0,2073.0,12127.0
299,299,1007,2025-01-09,2025-02-08,30,24396.0,8295.0,32691.0
300,300,1109,2025-01-11,2025-02-10,30,82704.0,29616.0,112320.0
301,301,1058,2025-01-08,2025-02-07,30,13826.0,2985.0,16811.0
302,302,1058,2025-01-08,2025-02-07,30,26654.0,8947.0,35601.0
303,303,1051,2025-01-11,2025-02-10,30,99304.0,33852.0,133156.0
304,304,1120,2025-01-08,2025-01-23,15,18151.0,6351.0,24502.0
305,305,1019,2025-01-10,2025-01-25,15,38463.0,14260.0,52723.0
306,306,1091,2025-01-08,2025-02-07,30,12466.0,3613.0,16079.0
307,307,1003,2025-01-09,2025-02-08,30,24256.0,6772.0,31028.0
308,308,1015,2025-01-10,2025-02-09,30,37419.0,10483.0,47902.0
309,309,1031,2025-01-08,2025-01-23,15,29077.0,5349.0,34426.0
310,310,1077,2025-01-10,2025-02-09,30,43005.0,15547.0,58552.0
311,311,1092,2025-01-09,2025-02-08,30,40900.0,11295.0,52195.0
312,312,1086,2025-01-09,2025-01-24,15,25424.0,8784.0,34208.0
313,313,1123,2025-01-09,2025-02-23,45,39850.0,10504.0,50354.0
314,314,1061,2025-01-09,2025-01-24,15,34038.0,7769.0,41807.0
315,315,1096,2025-01-09,2025-01-24,15,24628.0,8119.0,32747.0
316,316,1099,2025-01-10,2025-02-24,45,37494.0,4982.0,42476.0
317,317,1046,2025-01-10,2025-02-09,30,49023.0,18588.0,67611.0
318,318,1090,2025-01-10,2025-01-25,15,56100.0,9896.0,65996.0
319,319,1092,2025-01-08,2025-02-22,45,11538.0,1843.0,13381.0
320,320,1006,2025-01-09,2025-02-23,45,67708.0,15660.0,83368.0
321,321,1105,2025-01-08,2025-02-22,45,12833.0,2639.0,15472.0
322,322,1100,2025-01-08,2025-02-07,30,18900.0,5755.0,24655.0
323,323,1103,2025-01-10,2025-01-25,15,40611.0,8498.0,49109.0
324,324,1125,2025-01-12,2025-02-11,30,82712.0,23539.0,106251.0
325,325,1011,2025-01-11,2025-02-10,30,38649.0,5980.0,44629.0
326,326,1106,2025-01-09,2025-02-08,30,17291.0,5967.0,23258.0
327,327,1058,2025-01-09,2025-02-08,30,12252.0,2116.0,14368.0
328,328,1045,2025-01-10,2025-02-09,30,38976.0,11040.0,50016.0
329,329,1082,2025-01-11,2025-02-10,30,35514.0,10242.0,45756.0
330,330,1082,2025-01-12,2025-01-27,15,95484.0,14758.0,110242.0
331,331,1109,2025-01-10,2025-02-24,45,25572.0,4946.0,30518.0
332,332,1009,2025-01-11,2025-02-25,45,56139.0,8899.0,65038.0
333,333,1020,2025-01-10,2025-02-24,45,25794.0,4221.0,30015.0
334,334,1098,2025-01-12,2025-02-26,45,73128.0,20380.0,93508.0
335,335,1123,2025-01-09,2025-02-08,30,12328.0,2056.0,14384.0
336,336,1050,2025-01-11,2025-02-10,30,40206.0,12470.0,52676.0
337,337,1079,2025-01-09,2025-02-08,30,24899.0,5455.0,30354.0
338,338,1016,2025-01-12,2025-01-27,15,47904.0,14053.0,61957.0
339,339,1104,2025-01-09,2025-01-24,15,11857.0,2710.0,14567.0
340,340,1045,2025-01-11,2025-02-10,30,40431.0,14569.0,55000.0
341,341,1091,2025-01-10,2025-02-24,45,36268.0,7528.0,43796.0
342,342,1066,2025-01-10,2025-01-25,15,52854.0,11823.0,64677.0
343,343,1047,2025-01-13,2025-02-27,45,63740.0,13387.0,77127.0
344,344,1071,2025-01-10,2025-02-09,30,40224.0,7314.0,47538.0
345,345,1062,2025-01-12,2025-02-26,45,45440.0,11980.0,57420.0
346,346,1010,2025-01-11,2025-01-26,15,59388.0,15524.0,74912.0
347,347,1017,2025-01-09,2025-02-08,30,11457.0,4229.0,15686.0
348,348,1024,2025-01-11,2025-02-10,30,77460.0,10327.0,87787.0
349,349,1067,2025-01-09,2025-02-08,30,20278.0,2590.0,22868.0
350,350,1091,2025-01-09,2025-02-08,30,11243.0,3348.0,14591.0
351,351,1026,2025-01-12,2025-02-11,30,50252.0,12302.0,62554.0
352,352,1039,2025-01-10,2025-01-25,15,37966.0,10869.0,48835.0
353,353,1022,2025-01-09,2025-01-24,15,16773.0,3915.0,20688.0
354,354,1108,2025-01-11,2025-02-10,30,52026.0,16992.0,69018.0
355,355,1099,2025-01-09,2025-02-08,30,29602.0,10146.0,39748.0
356,356,1054,2025-01-11,2025-02-25,45,60456.0,21670.0,82126.0
357,357,1039,2025-01-09,2025-01-24,15,16376.0,3775.0,20151.0
358,358,1039,2025-01-11,2025-02-25,45,53412.0,14865.0,68277.0
359,359,1044,2025-01-11,2025-01-26,15,26190.0,6507.0,32697.0
360,360,1125,2025-01-10,2025-01-25,15,18110.0,6629.0,24739.0
361,361,1014,2025-01-12,2025-02-26,45,31950.0,8694.0,40644.0
362,362,1038,2025-01-11,2025-02-10,30,25312.0,3126.0,28438.0
363,363,1124,2025-01-13,2025-02-12,30,104852.0,32357.0,137209.0
364,364,1098,2025-01-10,2025-01-25,15,23752.0,6107.0,29859.0
365,365,1113,2025-01-14,2025-02-13,30,61195.0,21277.0,82472.0
366,366,1028,2025-01-10,2025-01-25,15,10012.0,3312.0,13324.0
367,367,1077,2025-01-10,2025-02-09,30,18269.0,2224.0,20493.0
368,368,1056,2025-01-12,2025-01-27,15,64443.0,18014.0,82457.0
369,369,1052,2025-01-10,2025-02-09,30,12202.0,2513.0,14715.0
370,370,1010,2025-01-11,2025-02-10,30,26176.0,3427.0,29603.0
371,371,1106,2025-01-11,2025-01-26,15,27716.0,6795.0,34511.0
372,372,1102,2025-01-12,2025-02-11,30,81903.0,14068.0,95971.0
373,373,1019,2025-01-11,2025-01-26,15,49968.0,14648.0,64616.0
374,374,1043,2025-01-11,2025-02-10,30,26354.0,4586.0,30940.0
375,375,1115,2025-01-11,2025-02-10,30,65186.0,22676.0,87862.0
376,376,1095,2025-01-10,2025-01-25,15,20750.0,2806.0,23556.0
377,377,1066,2025-01-11,2025-02-10,30,77824.0,10403.0,88227.0
378,378,1087,2025-01-12,2025-02-26,45,56898.0,20713.0,77611.0
379,379,1116,2025-01-11,2025-02-10,30,23524.0,5054.0,28578.0
380,380,1101,2025-01-12,2025-02-11,30,43809.0,6494.0,50303.0
381,381,1007,2025-01-11,2025-02-10,30,52282.0,19088.0,71370.0
382,382,1019,2025-01-10,2025-01-25,15,16338.0,5816.0,22154.0
383,383,1090,2025-01-10,2025-01-25,15,28823.0,5893.0,34716.0
384,384,1053,2025-01-10,2025-02-09,30,13550.0,3760.0,17310.0
385,385,1109,2025-01-11,2025-02-10,30,40472.0,7223.0,47695.0
386,386,1085,2025-01-10,2025-02-24,45,18746.0,5485.0,24231.0
387,387,1059,2025-01-11,2025-01-26,15,27030.0,4663.0,31693.0
388,388,1083,2025-01-10,2025-02-09,30,25745.0,7167.0,32912.0
389,389,1123,2025-01-10,2025-02-09,30,28124.0,4916.0,33040.0
390,390,1037,2025-01-11,2025-01-26,15,26976.0,3825.0,30801.0
391,391,1062,2025-01-12,2025-02-11,30,54570.0,10838.0,65408.0
392,392,1087,2025-01-13,2025-02-12,30,50296.0,7880.0,58176.0
393,393,1045,2025-01-13,2025-01-28,15,76568.0,21854.0,98422.0
394,394,1045,2025-01-11,2025-01-26,15,12135.0,3641.0,15776.0
395,395,1035,2025-01-13,2025-01-28,15,78456.0,22245.0,100701.0
396,396,1079,2025-01-13,2025-02-12,30,87003.0,13600.0,100603.0
397,397,1030,2025-01-11,2025-02-10,30,19271.0,4430.0,23701.0
398,398,1013,2025-01-12,2025-02-26,45,24488.0,8610.0,33098.0
399,399,1084,2025-01-11,2025-02-10,30,19255.0,5684.0,24939.0
400,400,1026,2025-01-14,2025-02-13,30,100544.0,29187.0,129731.0
401,401,1084,2025-01-11,2025-02-25,45,20747.0,7346.0,28093.0
402,402,1120,2025-01-12,2025-02-11,30,38630.0,4756.0,43386.0
403,403,1005,2025-01-14,2025-01-29,15,55536.0,14079.0,69615.0
404,404,1120,2025-01-12,2025-02-11,30,42558.0,5446.0,48004.0
405,405,1078,2025-01-14,2025-02-13,30,78420.0,27952.0,106372.0
406,406,1083,2025-01-15,2025-02-14,30,64245.0,7932.0,72177.0
407,407,1025,2025-01-12,2025-02-11,30,38762.0,10279.0,49041.0
408,408,1083,2025-01-11,2025-02-10,30,29870.0,6542.0,36412.0
409,409,1097,2025-01-11,2025-02-25,45,12982.0,2704.0,15686.0
410,410,1052,2025-01-12,2025-02-11,30,22764.0,3904.0,26668.0
411,411,1018,2025-01-12,2025-01-27,15,62800.0,10658.0,73458.0
412,412,1050,2025-01-14,2025-02-13,30,48340.0,14324.0,62664.0
413,413,1002,2025-01-13,2025-02-12,30,36390.0,7178.0,43568.0
414,414,1086,2025-01-12,2025-02-11,30,28372.0,9166.0,37538.0
415,415,1091,2025-01-11,2025-02-25,45,10501.0,2646.0,13147.0
416,416,1121,2025-01-13,2025-01-28,15,55050.0,7263.0,62313.0
417,417,1096,2025-01-12,2025-02-26,45,26080.0,9797.0,35877.0
418,418,1117,2025-01-12,2025-01-27,15,52338.0,9065.0,61403.0
419,419,1097,2025-01-12,2025-02-11,30,25600.0,7768.0,33368.0
420,420,1068,2025-01-13,2025-02-12,30,58464.0,13424.0,71888.0
421,421,1065,2025-01-11,2025-02-25,45,20116.0,3568.0,23684.0
422,422,1110,2025-01-12,2025-01-27,15,26264.0,9498.0,35762.0
423,423,1066,2025-01-11,2025-02-10,30,17843.0,6512.0,24355.0
424,424,1054,2025-01-11,2025-02-10,30,12429.0,2768.0,15197.0
425,425,1051,2025-01-11,2025-02-10,30,13218.0,4085.0,17303.0
426,426,1010,2025-01-11,2025-02-25,45,11130.0,2946.0,14076.0
427,427,1009,2025-01-11,2025-02-25,45,15012.0,2924.0,17936.0
428,428,1024,2025-01-12,2025-02-11,30,50252.0,14921.0,65173.0
429,429,1115,2025-01-13,2025-02-12,30,52395.0,19297.0,71692.0
430,430,1049,2025-01-14,2025-02-13,30,47244.0,16355.0,63599.0
431,431,1016,2025-01-15,2025-01-30,15,69985.0,23759.0,93744.0
432,432,1094,2025-01-12,2025-02-11,30,28278.0,5359.0,33637.0
433,433,1093,2025-01-13,2025-02-12,30,82608.0,27245.0,109853.0
434,434,1032,2025-01-12,2025-02-11,30,36358.0,4398.0,40756.0
435,435,1005,2025-01-11,2025-02-25,45,13870.0,2516.0,16386.0
436,436,1114,2025-01-12,2025-02-11,30,58204.0,13060.0,71264.0
437,437,1087,2025-01-11,2025-02-25,45,23471.0,3613.0,27084.0
438,438,1052,2025-01-11,2025-02-10,30,17509.0,2715.0,20224.0
439,439,1038,2025-01-12,2025-01-27,15,25482.0,3230.0,28712.0
440,440,1074,2025-01-14,2025-01-29,15,48404.0,9615.0,58019.0
441,441,1085,2025-01-13,2025-02-12,30,54414.0,14841.0,69255.0
442,442,1072,2025-01-12,2025-02-26,45,38352.0,5413.0,43765.0
443,443,1064,2025-01-14,2025-01-29,15,95196.0,11515.0,106711.0
444,444,1049,2025-01-11,2025-02-10,30,11890.0,2160.0,14050.0
445,445,1097,2025-01-11,2025-02-25,45,33682.0,10197.0,43879.0
446,446,1110,2025-01-11,2025-02-10,30,19553.0,5268.0,24821.0
447,447,1072,2025-01-13,2025-02-12,30,44502.0,10117.0,54619.0
448,448,1058,2025-01-13,2025-02-12,30,36222.0,12388.0,48610.0
449,449,1025,2025-01-12,2025-02-11,30,33115.0,11886.0,45001.0
450,450,1103,2025-01-13,2025-02-12,30,26062.0,4988.0,31050.0
451,451,1062,2025-01-14,2025-02-13,30,55623.0,15444.0,71067.0
452,452,1025,2025-01-15,2025-01-30,15,52948.0,13567.0,66515.0
453,453,1062,2025-01-12,2025-01-27,15,24544.0,8252.0,32796.0
454,454,1042,2025-01-14,2025-01-29,15,72324.0,25157.0,97481.0
455,455,1046,2025-01-13,2025-02-12,30,66704.0,10796.0,77500.0
456,456,1093,2025-01-13,2025-02-12,30,21736.0,7043.0,28779.0
457,457,1048,2025-01-14,2025-01-29,15,39111.0,6460.0,45571.0
458,458,1071,2025-01-12,2025-02-11,30,12640.0,2214.0,14854.0
459,459,1020,2025-01-13,2025-01-28,15,49870.0,8628.0,58498.0
460,460,1121,2025-01-12,2025-02-26,45,12684.0,4063.0,16747.0
461,461,1124,2025-01-12,2025-01-27,15,20261.0,3645.0,23906.0
462,462,1018,2025-01-14,2025-01-29,15,54756.0,7443.0,62199.0
463,463,1070,2025-01-13,2025-01-28,15,34072.0,10573.0,44645.0
464,464,1105,2025-01-16,2025-01-31,15,128610.0,26496.0,155106.0
465,465,1108,2025-01-14,2025-01-29,15,53730.0,6851.0,60581.0
466,466,1008,2025-01-12,2025-01-27,15,18717.0,3213.0,21930.0
467,467,1062,2025-01-14,2025-02-13,30,59979.0,12471.0,72450.0
468,468,1093,2025-01-12,2025-01-27,15,18171.0,5215.0,23386.0
469,469,1105,2025-01-16,2025-02-15,30,63740.0,8045.0,71785.0
470,470,1068,2025-01-13,2025-01-28,15,39632.0,6334.0,45966.0
471,471,1105,2025-01-12,2025-02-11,30,14694.0,4418.0,19112.0
472,472,1032,2025-01-14,2025-01-29,15,41205.0,9153.0,50358.0
473,473,1109,2025-01-12,2025-02-11,30,24732.0,6257.0,30989.0
474,474,1049,2025-01-16,2025-01-31,15,68305.0,15925.0,84230.0
475,475,1022,2025-01-12,2025-02-11,30,18697.0,6211.0,24908.0
476,476,1125,2025-01-14,2025-02-13,30,33867.0,6403.0,40270.0
477,477,1028,2025-01-13,2025-01-28,15,30160.0,5827.0,35987.0
478,478,1088,2025-01-14,2025-01-29,15,74076.0,25286.0,99362.0
479,479,1005,2025-01-15,2025-02-14,30,119428.0,21410.0,140838.0
480,480,1106,2025-01-15,2025-03-01,45,51200.0,11732.0,62932.0
481,481,1021,2025-01-13,2025-01-28,15,38384.0,8734.0,47118.0
482,482,1050,2025-01-13,2025-02-27,45,35176.0,10950.0,46126.0
483,483,1093,2025-01-12,2025-02-11,30,16754.0,4146.0,20900.0
484,484,1010,2025-01-14,2025-02-13,30,39753.0,14386.0,54139.0
485,485,1004,2025-01-15,2025-02-14,30,33780.0,6911.0,40691.0
486,486,1030,2025-01-15,2025-02-14,30,59799.0,10972.0,70771.0
487,487,1011,2025-01-16,2025-03-02,45,48056.0,10586.0,58642.0
488,488,1010,2025-01-13,2025-02-12,30,28776.0,5389.0,34165.0
489,489,1041,2025-01-13,2025-02-12,30,11543.0,2080.0,13623.0
490,490,1057,2025-01-13,2025-02-27,45,11412.0,2183.0,13595.0
491,491,1072,2025-01-13,2025-02-12,30,13073.0,2354.0,15427.0
492,492,1071,2025-01-13,2025-02-12,30,19884.0,6396.0,26280.0
493,493,1050,2025-01-14,2025-02-13,30,24038.0,4823.0,28861.0
494,494,1032,2025-01-15,2025-03-01,45,100839.0,18608.0,119447.0
495,495,1064,2025-01-13,2025-01-28,15,19201.0,2449.0,21650.0
496,496,1039,2025-01-13,2025-02-12,30,13306.0,3424.0,16730.0
497,497,1077,2025-01-13,2025-01-28,15,18444.0,4904.0,23348.0
498,498,1001,2025-01-14,2025-01-29,15,40922.0,11425.0,52347.0
499,499,1043,2025-01-13,2025-02-12,30,25903.0,8368.0,34271.0
500,500,1077,2025-01-15,2025-02-14,30,35391.0,8498.0,43889.0
501,501,1124,2025-01-13,2025-02-27,45,12917.0,3519.0,16436.0
502,502,1082,2025-01-13,2025-02-12,30,13487.0,4259.0,17746.0
503,503,1051,2025-01-14,2025-02-13,30,32942.0,6368.0,39310.0
504,504,1070,2025-01-16,2025-02-15,30,55836.0,16833.0,72669.0
505,505,1027,2025-01-15,2025-03-01,45,36912.0,11883.0,48795.0
506,506,1105,2025-01-13,2025-02-12,30,10253.0,2208.0,12461.0
507,507,1033,2025-01-15,2025-01-30,15,100809.0,25247.0,126056.0
508,508,1010,2025-01-15,2025-02-14,30,58077.0,15200.0,73277.0
509,509,1112,2025-01-14,2025-02-13,30,20818.0,2872.0,23690.0
510,510,1047,2025-01-14,2025-02-13,30,35370.0,4694.0,40064.0
511,511,1032,2025-01-15,2025-02-14,30,57024.0,8187.0,65211.0
512,512,1006,2025-01-14,2025-02-28,45,36074.0,9527.0,45601.0
513,513,1102,2025-01-14,2025-01-29,15,39386.0,8409.0,47795.0
514,514,1066,2025-01-13,2025-02-12,30,12462.0,4426.0,16888.0
515,515,1060,2025-01-14,2025-02-13,30,37316.0,12787.0,50103.0
516,516,1045,2025-01-14,2025-02-28,45,69306.0,24861.0,94167.0
517,517,1107,2025-01-14,2025-02-28,45,52106.0,8804.0,60910.0
518,518,1059,2025-01-13,2025-02-12,30,24889.0,9013.0,33902.0
519,519,1058,2025-01-14,2025-02-13,30,71140.0,8813.0,79953.0
520,520,1015,2025-01-13,2025-02-12,30,13582.0,4199.0,17781.0
521,521,1095,2025-01-13,2025-02-27,45,13372.0,3510.0,16882.0
522,522,1072,2025-01-13,2025-02-12,30,10431.0,2737.0,13168.0
523,523,1085,2025-01-14,2025-02-13,30,24408.0,7941.0,32349.0
524,524,1026,2025-01-13,2025-02-12,30,12177.0,2610.0,14787.0
525,525,1091,2025-01-14,2025-02-28,45,25658.0,3981.0,29639.0
526,526,1112,2025-01-13,2025-02-12,30,34230.0,7773.0,42003.0
527,527,1063,2025-01-14,2025-02-13,30,40110.0,5285.0,45395.0
528,528,1079,2025-01-14,2025-02-13,30,39680.0,5478.0,45158.0
529,529,1087,2025-01-13,2025-02-12,30,12049.0,2666.0,14715.0
530,530,1011,2025-01-13,2025-02-27,45,18637.0,6942.0,25579.0
531,531,1019,2025-01-14,2025-02-13,30,11876.0,1866.0,13742.0
532,532,1082,2025-01-15,2025-01-30,15,35394.0,8229.0,43623.0
533,533,1023,2025-01-17,2025-02-16,30,76120.0,17621.0,93741.0
534,534,1007,2025-01-15,2025-02-14,30,35528.0,5387.0,40915.0
535,535,1025,2025-01-18,2025-02-02,15,136685.0,39744.0,176429.0
536,536,1054,2025-01-18,2025-02-02,15,141440.0,46801.0,188241.0
537,537,1073,2025-01-15,2025-03-01,45,36942.0,10765.0,47707.0
538,538,1022,2025-01-16,2025-01-31,15,37365.0,13965.0,51330.0
539,539,1064,2025-01-15,2025-02-14,30,70722.0,13645.0,84367.0
540,540,1047,2025-01-14,2025-02-28,45,18831.0,3712.0,22543.0
541,541,1057,2025-01-16,2025-02-15,30,47079.0,13999.0,61078.0
542,542,1039,2025-01-18,2025-02-17,30,97920.0,34377.0,132297.0
543,543,1111,2025-01-14,2025-02-28,45,22342.0,4223.0,26565.0
544,544,1104,2025-01-15,2025-01-30,15,65008.0,12503.0,77511.0
545,545,1079,2025-01-16,2025-01-31,15,51993.0,9263.0,61256.0
546,546,1008,2025-01-14,2025-02-13,30,18670.0,2513.0,21183.0
547,547,1022,2025-01-15,2025-02-14,30,38730.0,7537.0,46267.0
548,548,1116,2025-01-16,2025-01-31,15,37299.0,11592.0,48891.0
549,549,1101,2025-01-14,2025-02-13,30,21291.0,6560.0,27851.0
550,550,1017,2025-01-14,2025-02-13,30,11773.0,1427.0,13200.0
551,551,1098,2025-01-16,2025-02-15,30,34032.0,10133.0,44165.0
552,552,1049,2025-01-15,2025-02-14,30,59522.0,9518.0,69040.0
553,553,1012,2025-01-15,2025-01-30,15,23196.0,8313.0,31509.0
554,554,1063,2025-01-16,2025-03-02,45,40347.0,12455.0,52802.0
555,555,1094,2025-01-14,2025-01-29,15,11873.0,3761.0,15634.0
556,556,1102,2025-01-18,2025-02-17,30,60045.0,13902.0,73947.0
557,557,1028,2025-01-14,2025-02-13,30,15688.0,2099.0,17787.0
558,558,1110,2025-01-14,2025-01-29,15,17655.0,5683.0,23338.0
559,559,1007,2025-01-14,2025-02-13,30,18172.0,3867.0,22039.0
560,560,1021,2025-01-15,2025-02-14,30,29936.0,6682.0,36618.0
561,561,1026,2025-01-14,2025-02-13,30,12888.0,3648.0,16536.0
562,562,1113,2025-01-17,2025-02-16,30,95920.0,11910.0,107830.0
563,563,1048,2025-01-16,2025-03-02,45,43809.0,11357.0,55166.0
564,564,1097,2025-01-15,2025-02-14,30,33464.0,4874.0,38338.0
565,565,1001,2025-01-16,2025-02-15,30,34482.0,8989.0,43471.0
566,566,1002,2025-01-14,2025-02-28,45,11560.0,2552.0,14112.0
567,567,1055,2025-01-16,2025-01-31,15,54615.0,11225.0,65840.0
568,568,1014,2025-01-15,2025-02-14,30,41314.0,5689.0,47003.0
569,569,1100,2025-01-17,2025-03-03,45,54500.0,16693.0,71193.0
570,570,1073,2025-01-17,2025-03-03,45,127084.0,35027.0,162111.0
571,571,1093,2025-01-16,2025-02-15,30,36924.0,4998.0,41922.0
572,572,1028,2025-01-16,2025-02-15,30,57144.0,8081.0,65225.0
573,573,1124,2025-01-15,2025-02-14,30,11807.0,1973.0,13780.0
574,574,1083,2025-01-17,2025-02-01,15,36354.0,8843.0,45197.0
575,575,1089,2025-01-16,2025-02-15,30,22556.0,7242.0,29798.0
576,576,1027,2025-01-17,2025-02-01,15,34650.0,5458.0,40108.0
577,577,1115,2025-01-16,2025-02-15,30,36522.0,8293.0,44815.0
578,578,1031,2025-01-15,2025-01-30,15,33028.0,11263.0,44291.0
579,579,1120,2025-01-16,2025-02-15,30,45382.0,15982.0,61364.0
580,580,1054,2025-01-16,2025-02-15,30,24468.0,6009.0,30477.0
581,581,1003,2025-01-17,2025-02-16,30,42945.0,10224.0,53169.0
582,582,1119,2025-01-15,2025-02-14,30,17687.0,4812.0,22499.0
583,583,1054,2025-01-17,2025-02-01,15,35475.0,9391.0,44866.0
584,584,1069,2025-01-16,2025-03-02,45,23574.0,6243.0,29817.0
585,585,1104,2025-01-15,2025-02-14,30,17410.0,5078.0,22488.0
586,586,1098,2025-01-15,2025-02-14,30,12602.0,3445.0,16047.0
587,587,1109,2025-01-17,2025-03-03,45,92637.0,13763.0,106400.0
588,588,1015,2025-01-15,2025-02-14,30,11097.0,1564.0,12661.0
589,589,1016,2025-01-16,2025-02-15,30,25126.0,8932.0,34058.0
590,590,1064,2025-01-15,2025-02-14,30,10990.0,2125.0,13115.0
591,591,1017,2025-01-16,2025-02-15,30,50154.0,7502.0,57656.0
592,592,1016,2025-01-18,2025-02-17,30,70100.0,8742.0,78842.0
593,593,1092,2025-01-15,2025-02-14,30,32071.0,5663.0,37734.0
594,594,1066,2025-01-16,2025-02-15,30,52056.0,17596.0,69652.0
595,595,1014,2025-01-16,2025-02-15,30,24254.0,5715.0,29969.0
596,596,1095,2025-01-17,2025-02-16,30,79344.0,25355.0,104699.0
597,597,1050,2025-01-15,2025-03-01,45,18457.0,3231.0,21688.0
598,598,1005,2025-01-15,2025-01-30,15,27585.0,8666.0,36251.0
599,599,1054,2025-01-18,2025-02-17,30,69064.0,15774.0,84838.0
600,600,1074,2025-01-15,2025-02-14,30,26165.0,7613.0,33778.0
601,601,1006,2025-01-16,2025-01-31,15,26870.0,6011.0,32881.0
602,602,1037,2025-01-15,2025-01-30,15,28602.0,8578.0,37180.0
603,603,1038,2025-01-15,2025-02-14,30,29819.0,8997.0,38816.0
604,604,1060,2025-01-15,2025-02-14,30,18779.0,3113.0,21892.0
605,605,1070,2025-01-19,2025-03-05,45,64580.0,10346.0,74926.0
606,606,1053,2025-01-15,2025-02-14,30,16041.0,2045.0,18086.0
607,607,1043,2025-01-16,2025-03-02,45,25202.0,9544.0,34746.0
608,608,1094,2025-01-17,2025-02-16,30,37554.0,7650.0,45204.0
609,609,1125,2025-01-15,2025-03-01,45,10391.0,1738.0,12129.0
610,610,1118,2025-01-17,2025-02-01,15,83373.0,11936.0,95309.0
611,611,1096,2025-01-17,2025-02-16,30,40614.0,13118.0,53732.0
612,612,1105,2025-01-15,2025-02-14,30,11966.0,3302.0,15268.0
613,613,1038,2025-01-16,2025-01-31,15,24740.0,7636.0,32376.0
614,614,1090,2025-01-15,2025-02-14,30,12193.0,4059.0,16252.0
615,615,1018,2025-01-15,2025-02-14,30,32835.0,9772.0,42607.0
616,616,1022,2025-01-16,2025-02-15,30,76688.0,10834.0,87522.0
617,617,1058,2025-01-15,2025-03-01,45,11558.0,1832.0,13390.0
618,618,1106,2025-01-16,2025-02-15,30,13495.0,2515.0,16010.0
619,619,1110,2025-01-17,2025-02-16,30,40548.0,12624.0,53172.0
620,620,1087,2025-01-16,2025-01-31,15,11901.0,1791.0,13692.0
621,621,1122,2025-01-18,2025-03-04,45,40818.0,7209.0,48027.0
622,622,1103,2025-01-17,2025-02-01,15,25302.0,5308.0,30610.0
623,623,1100,2025-01-16,2025-02-15,30,35068.0,12647.0,47715.0
624,624,1083,2025-01-16,2025-03-02,45,23316.0,6875.0,30191.0
625,625,1010,2025-01-17,2025-03-03,45,27354.0,7465.0,34819.0
626,626,1116,2025-01-16,2025-01-31,15,12152.0,2560.0,14712.0
627,627,1121,2025-01-18,2025-02-17,30,98013.0,18163.0,116176.0
628,628,1004,2025-01-16,2025-02-15,30,13092.0,2796.0,15888.0
629,629,1117,2025-01-17,2025-02-16,30,23474.0,8919.0,32393.0
630,630,1032,2025-01-16,2025-01-31,15,14023.0,4080.0,18103.0
631,631,1062,2025-01-17,2025-02-01,15,37684.0,14225.0,51909.0
632,632,1068,2025-01-16,2025-01-31,15,13307.0,3603.0,16910.0
633,633,1003,2025-01-20,2025-03-06,45,73240.0,13491.0,86731.0
634,634,1117,2025-01-18,2025-03-04,45,69180.0,25789.0,94969.0
635,635,1004,2025-01-16,2025-02-15,30,17932.0,4215.0,22147.0
636,636,1061,2025-01-16,2025-02-15,30,12713.0,3000.0,15713.0
637,637,1125,2025-01-18,2025-02-17,30,53691.0,15503.0,69194.0
638,638,1095,2025-01-16,2025-02-15,30,10899.0,3666.0,14565.0
639,639,1109,2025-01-20,2025-02-19,30,61370.0,9643.0,71013.0
640,640,1031,2025-01-17,2025-02-16,30,53098.0,14837.0,67935.0
641,641,1117,2025-01-18,2025-02-02,15,55056.0,18577.0,73633.0
642,642,1122,2025-01-18,2025-02-02,15,52974.0,17111.0,70085.0
643,643,1064,2025-01-20,2025-02-04,15,62095.0,10248.0,72343.0
644,644,1003,2025-01-16,2025-02-15,30,20274.0,2799.0,23073.0
645,645,1026,2025-01-16,2025-02-15,30,19090.0,5538.0,24628.0
646,646,1008,2025-01-16,2025-02-15,30,33878.0,10357.0,44235.0
647,647,1100,2025-01-17,2025-02-16,30,21444.0,6827.0,28271.0
648,648,1085,2025-01-17,2025-02-01,15,28138.0,10389.0,38527.0
649,649,1018,2025-01-16,2025-02-15,30,13346.0,1808.0,15154.0
650,650,1041,2025-01-18,2025-03-04,45,71403.0,13912.0,85315.0
651,651,1119,2025-01-20,2025-02-19,30,58760.0,13062.0,71822.0
652,652,1094,2025-01-17,2025-02-16,30,37932.0,5485.0,43417.0
653,653,1122,2025-01-16,2025-02-15,30,17081.0,5826.0,22907.0
654,654,1024,2025-01-17,2025-02-16,30,37298.0,12626.0,49924.0
655,655,1029,2025-01-19,2025-03-05,45,66040.0,17163.0,83203.0
656,656,1045,2025-01-16,2025-02-15,30,18111.0,2910.0,21021.0
657,657,1012,2025-01-16,2025-02-15,30,26011.0,7470.0,33481.0
658,658,1027,2025-01-18,2025-02-02,15,96000.0,16420.0,112420.0
659,659,1014,2025-01-16,2025-01-31,15,12782.0,2099.0,14881.0
660,660,1053,2025-01-16,2025-03-02,45,17623.0,5752.0,23375.0
661,661,1013,2025-01-17,2025-02-16,30,37658.0,10571.0,48229.0
662,662,1058,2025-01-18,2025-02-17,30,96885.0,23521.0,120406.0
663,663,1041,2025-01-18,2025-02-02,15,35781.0,8169.0,43950.0
664,664,1010,2025-01-16,2025-03-02,45,13107.0,4618.0,17725.0
665,665,1077,2025-01-19,2025-02-03,15,71344.0,21455.0,92799.0
666,666,1078,2025-01-19,2025-02-18,30,90492.0,20448.0,110940.0
667,667,1027,2025-01-16,2025-02-15,30,26533.0,6929.0,33462.0
668,668,1085,2025-01-17,2025-02-16,30,55104.0,20763.0,75867.0
669,669,1074,2025-01-16,2025-02-15,30,12081.0,3537.0,15618.0
670,670,1106,2025-01-17,2025-02-16,30,12289.0,2383.0,14672.0
671,671,1038,2025-01-18,2025-02-02,15,38578.0,10395.0,48973.0
672,672,1101,2025-01-18,2025-03-04,45,50998.0,16032.0,67030.0
673,673,1024,2025-01-18,2025-02-17,30,27432.0,4433.0,31865.0
674,674,1006,2025-01-18,2025-03-04,45,26674.0,5879.0,32553.0
675,675,1097,2025-01-18,2025-02-17,30,25216.0,7168.0,32384.0
676,676,1104,2025-01-17,2025-02-16,30,18922.0,6305.0,25227.0
677,677,1105,2025-01-21,2025-03-07,45,78685.0,20872.0,99557.0
678,678,1120,2025-01-21,2025-03-07,45,87335.0,22483.0,109818.0
679,679,1092,2025-01-20,2025-02-04,15,58288.0,14119.0,72407.0
680,680,1074,2025-01-18,2025-03-04,45,27380.0,8731.0,36111.0
681,681,1022,2025-01-18,2025-02-17,30,36882.0,6360.0,43242.0
682,682,1055,2025-01-19,2025-02-18,30,72162.0,13039.0,85201.0
683,683,1077,2025-01-19,2025-02-03,15,38706.0,6568.0,45274.0
684,684,1009,2025-01-20,2025-02-04,15,48544.0,8900.0,57444.0
685,685,1118,2025-01-18,2025-02-17,30,26822.0,8064.0,34886.0
686,686,1067,2025-01-19,2025-02-03,15,70137.0,17335.0,87472.0
687,687,1124,2025-01-17,2025-02-16,30,29088.0,8941.0,38029.0
688,688,1013,2025-01-20,2025-03-06,45,96852.0,19418.0,116270.0
689,689,1084,2025-01-20,2025-03-06,45,134608.0,34650.0,169258.0
690,690,1036,2025-01-18,2025-02-17,30,35200.0,12434.0,47634.0
691,691,1113,2025-01-18,2025-03-04,45,23644.0,6868.0,30512.0
692,692,1118,2025-01-17,2025-02-16,30,13238.0,2549.0,15787.0
693,693,1108,2025-01-18,2025-02-02,15,25774.0,7161.0,32935.0
694,694,1112,2025-01-19,2025-02-18,30,51531.0,9387.0,60918.0
695,695,1094,2025-01-17,2025-02-16,30,12784.0,2284.0,15068.0
696,696,1028,2025-01-18,2025-02-17,30,23540.0,6554.0,30094.0
697,697,1008,2025-01-18,2025-02-17,30,46704.0,17417.0,64121.0
698,698,1065,2025-01-17,2025-02-16,30,18253.0,2197.0,20450.0
699,699,1113,2025-01-19,2025-02-03,15,36246.0,8107.0,44353.0
700,700,1059,2025-01-19,2025-02-18,30,94602.0,21897.0,116499.0
701,701,1051,2025-01-18,2025-02-02,15,23770.0,2890.0,26660.0
702,702,1048,2025-01-17,2025-02-16,30,19610.0,2505.0,22115.0
703,703,1045,2025-01-18,2025-02-17,30,33120.0,8118.0,41238.0
704,704,1089,2025-01-20,2025-02-04,15,51416.0,15735.0,67151.0
705,705,1028,2025-01-17,2025-02-16,30,13719.0,5079.0,18798.0
706,706,1035,2025-01-18,2025-02-17,30,45004.0,14070.0,59074.0
707,707,1061,2025-01-22,2025-02-21,30,116605.0,15315.0,131920.0
708,708,1104,2025-01-19,2025-02-03,15,53684.0,14230.0,67914.0
709,709,1036,2025-01-20,2025-02-19,30,76146.0,28713.0,104859.0
710,710,1087,2025-01-19,2025-02-18,30,25272.0,8399.0,33671.0
711,711,1001,2025-01-19,2025-02-03,15,40100.0,11704.0,51804.0
712,712,1078,2025-01-20,2025-02-19,30,50715.0,10137.0,60852.0
713,713,1044,2025-01-20,2025-02-04,15,41064.0,15191.0,56255.0
714,714,1115,2025-01-19,2025-03-05,45,50154.0,15955.0,66109.0
715,715,1031,2025-01-18,2025-02-17,30,20714.0,7003.0,27717.0
716,716,1088,2025-01-20,2025-02-19,30,68679.0,19827.0,88506.0
717,717,1038,2025-01-18,2025-02-17,30,11775.0,3788.0,15563.0
718,718,1074,2025-01-19,2025-02-03,15,28398.0,4476.0,32874.0
719,719,1088,2025-01-18,2025-02-17,30,33090.0,5740.0,38830.0
720,720,1109,2025-01-20,2025-03-06,45,52722.0,7136.0,59858.0
721,721,1038,2025-01-20,2025-02-19,30,34764.0,11079.0,45843.0
722,722,1024,2025-01-18,2025-02-17,30,13265.0,3722.0,16987.0
723,723,1029,2025-01-21,2025-03-07,45,88376.0,11635.0,100011.0
724,724,1034,2025-01-20,2025-02-19,30,38595.0,6727.0,45322.0
725,725,1007,2025-01-19,2025-02-03,15,34234.0,12238.0,46472.0
726,726,1065,2025-01-19,2025-02-03,15,58258.0,10259.0,68517.0
727,727,1053,2025-01-20,2025-02-19,30,40707.0,14867.0,55574.0
728,728,1073,2025-01-21,2025-02-20,30,51876.0,17215.0,69091.0
729,729,1111,2025-01-22,2025-02-21,30,136380.0,32732.0,169112.0
730,730,1082,2025-01-20,2025-02-19,30,53328.0,9938.0,63266.0
731,731,1100,2025-01-19,2025-02-18,30,24374.0,6186.0,30560.0
732,732,1079,2025-01-20,2025-02-19,30,38061.0,5684.0,43745.0
733,733,1062,2025-01-19,2025-02-18,30,24434.0,6719.0,31153.0
734,734,1042,2025-01-18,2025-03-04,45,12531.0,4060.0,16591.0
735,735,1001,2025-01-19,2025-02-03,15,37154.0,6636.0,43790.0
736,736,1050,2025-01-18,2025-02-17,30,17968.0,2655.0,20623.0
737,737,1006,2025-01-18,2025-02-17,30,19041.0,2549.0,21590.0
738,738,1114,2025-01-18,2025-02-17,30,11894.0,1788.0,13682.0
739,739,1063,2025-01-18,2025-02-02,15,17639.0,4527.0,22166.0
740,740,1030,2025-01-18,2025-02-17,30,13546.0,4042.0,17588.0
741,741,1003,2025-01-22,2025-02-21,30,60720.0,21185.0,81905.0
742,742,1113,2025-01-18,2025-03-04,45,18162.0,6447.0,24609.0
743,743,1077,2025-01-20,2025-02-19,30,54213.0,18346.0,72559.0
744,744,1054,2025-01-20,2025-02-19,30,85119.0,23982.0,109101.0
745,745,1090,2025-01-18,2025-02-02,15,12842.0,4336.0,17178.0
746,746,1085,2025-01-19,2025-03-05,45,20262.0,4459.0,24721.0
747,747,1066,2025-01-20,2025-02-19,30,31302.0,11114.0,42416.0
748,748,1014,2025-01-19,2025-02-18,30,19938.0,5652.0,25590.0
749,749,1046,2025-01-20,2025-02-19,30,40680.0,6077.0,46757.0
750,750,1064,2025-01-19,2025-03-05,45,14949.0,1932.0,16881.0
751,751,1012,2025-01-21,2025-02-05,15,75996.0,19391.0,95387.0
752,752,1020,2025-01-21,2025-02-05,15,76869.0,24684.0,101553.0
753,753,1083,2025-01-21,2025-02-20,30,73725.0,25090.0,98815.0
754,754,1060,2025-01-23,2025-02-07,15,52425.0,15930.0,68355.0
755,755,1087,2025-01-21,2025-02-20,30,39669.0,8618.0,48287.0
756,756,1098,2025-01-21,2025-02-20,30,35652.0,7299.0,42951.0
757,757,1115,2025-01-19,2025-02-18,30,24212.0,3761.0,27973.0
758,758,1012,2025-01-20,2025-02-04,15,23858.0,4930.0,28788.0
759,759,1107,2025-01-19,2025-02-03,15,11745.0,3357.0,15102.0
760,760,1084,2025-01-22,2025-02-21,30,53220.0,7281.0,60501.0
761,761,1109,2025-01-19,2025-03-05,45,24455.0,8747.0,33202.0
762,762,1103,2025-01-20,2025-02-04,15,19642.0,4626.0,24268.0
763,763,1111,2025-01-20,2025-02-19,30,37538.0,10524.0,48062.0
764,764,1017,2025-01-21,2025-02-20,30,49230.0,15772.0,65002.0
765,765,1084,2025-01-20,2025-02-19,30,35808.0,8918.0,44726.0
766,766,1099,2025-01-21,2025-03-07,45,38349.0,11857.0,50206.0
767,767,1067,2025-01-21,2025-02-20,30,63828.0,16733.0,80561.0
768,768,1085,2025-01-21,2025-02-05,15,52737.0,12794.0,65531.0
769,769,1106,2025-01-20,2025-02-19,30,35746.0,4382.0,40128.0
770,770,1083,2025-01-23,2025-02-22,30,88760.0,29510.0,118270.0
771,771,1097,2025-01-20,2025-02-04,15,48166.0,13331.0,61497.0
772,772,1007,2025-01-19,2025-02-18,30,18423.0,6599.0,25022.0
773,773,1057,2025-01-20,2025-02-04,15,37288.0,8596.0,45884.0
774,774,1058,2025-01-20,2025-02-19,30,62496.0,12937.0,75433.0
775,775,1005,2025-01-23,2025-02-22,30,68360.0,17816.0,86176.0
776,776,1078,2025-01-19,2025-02-18,30,18567.0,4349.0,22916.0
777,777,1059,2025-01-20,2025-02-19,30,45144.0,14488.0,59632.0
778,778,1029,2025-01-20,2025-02-19,30,48346.0,18045.0,66391.0
779,779,1047,2025-01-19,2025-02-18,30,28890.0,9888.0,38778.0
780,780,1029,2025-01-19,2025-02-03,15,17026.0,3953.0,20979.0
781,781,1048,2025-01-20,2025-02-19,30,26086.0,7884.0,33970.0
782,782,1018,2025-01-19,2025-02-03,15,16636.0,5967.0,22603.0
783,783,1016,2025-01-21,2025-02-05,15,96462.0,17035.0,113497.0
784,784,1101,2025-01-20,2025-02-19,30,53272.0,16366.0,69638.0
785,785,1087,2025-01-19,2025-02-03,15,14023.0,1887.0,15910.0
786,786,1085,2025-01-21,2025-02-05,15,57003.0,15115.0,72118.0
787,787,1071,2025-01-20,2025-02-04,15,41604.0,8817.0,50421.0
788,788,1066,2025-01-21,2025-03-07,45,76170.0,16135.0,92305.0
789,789,1014,2025-01-22,2025-02-21,30,137540.0,16877.0,154417.0
790,790,1065,2025-01-20,2025-02-19,30,28600.0,7394.0,35994.0
791,791,1051,2025-01-20,2025-02-19,30,49520.0,8392.0,57912.0
792,792,1018,2025-01-23,2025-03-09,45,119350.0,24277.0,143627.0
793,793,1071,2025-01-20,2025-02-04,15,21416.0,4203.0,25619.0
794,794,1081,2025-01-21,2025-02-05,15,74997.0,15403.0,90400.0
795,795,1017,2025-01-22,2025-03-08,45,58167.0,20825.0,78992.0
796,796,1042,2025-01-22,2025-02-21,30,66555.0,25255.0,91810.0
797,797,1075,2025-01-22,2025-02-06,15,55035.0,14054.0,69089.0
798,798,1037,2025-01-22,2025-02-21,30,55086.0,20344.0,75430.0
799,799,1014,2025-01-21,2025-02-05,15,42832.0,9483.0,52315.0
800,800,1021,2025-01-20,2025-03-06,45,13172.0,3367.0,16539.0
801,801,1008,2025-01-22,2025-02-21,30,85515.0,14418.0,99933.0
802,802,1014,2025-01-20,2025-02-19,30,21045.0,6242.0,27287.0
803,803,1029,2025-01-22,2025-02-21,30,56832.0,8557.0,65389.0
804,804,1037,2025-01-21,2025-02-20,30,37928.0,10432.0,48360.0
805,805,1054,2025-01-20,2025-02-19,30,15825.0,5003.0,20828.0
806,806,1033,2025-01-24,2025-02-23,30,124950.0,26888.0,151838.0
807,807,1057,2025-01-23,2025-02-22,30,50388.0,15559.0,65947.0
808,808,1070,2025-01-23,2025-02-22,30,118432.0,32478.0,150910.0
809,809,1025,2025-01-20,2025-02-19,30,16424.0,3797.0,20221.0
810,810,1066,2025-01-20,2025-02-19,30,12891.0,3947.0,16838.0
811,811,1034,2025-01-20,2025-02-04,15,13227.0,4796.0,18023.0
812,812,1020,2025-01-21,2025-02-20,30,23756.0,7428.0,31184.0
813,813,1100,2025-01-23,2025-02-07,15,56168.0,17117.0,73285.0
814,814,1046,2025-01-21,2025-03-07,45,45330.0,16408.0,61738.0
815,815,1123,2025-01-22,2025-02-21,30,38184.0,12475.0,50659.0
816,816,1012,2025-01-20,2025-02-19,30,11565.0,3072.0,14637.0
817,817,1043,2025-01-23,2025-02-22,30,53132.0,16141.0,69273.0
818,818,1106,2025-01-20,2025-02-19,30,9298.0,1819.0,11117.0
819,819,1045,2025-01-21,2025-03-07,45,34908.0,6725.0,41633.0
820,820,1088,2025-01-23,2025-02-22,30,43196.0,15176.0,58372.0
821,821,1015,2025-01-21,2025-03-07,45,43546.0,13284.0,56830.0
822,822,1048,2025-01-21,2025-02-05,15,28492.0,5730.0,34222.0
823,823,1038,2025-01-21,2025-02-20,30,33908.0,9278.0,43186.0
824,824,1123,2025-01-20,2025-02-04,15,26461.0,4260.0,30721.0
825,825,1027,2025-01-21,2025-02-20,30,63404.0,14251.0,77655.0
826,826,1069,2025-01-22,2025-02-21,30,53361.0,8379.0,61740.0
827,827,1056,2025-01-23,2025-02-22,30,131012.0,23288.0,154300.0
828,828,1043,2025-01-23,2025-02-22,30,77312.0,27300.0,104612.0
829,829,1033,2025-01-20,2025-03-06,45,13573.0,2195.0,15768.0
830,830,1081,2025-01-21,2025-02-20,30,36642.0,8544.0,45186.0
831,831,1016,2025-01-20,2025-02-19,30,13651.0,3599.0,17250.0
832,832,1090,2025-01-21,2025-02-05,15,36946.0,5381.0,42327.0
833,833,1038,2025-01-21,2025-02-05,15,57566.0,17437.0,75003.0
834,834,1051,2025-01-20,2025-02-04,15,32465.0,8931.0,41396.0
835,835,1029,2025-01-20,2025-03-06,45,29449.0,4938.0,34387.0
836,836,1019,2025-01-21,2025-03-07,45,20372.0,4310.0,24682.0
837,837,1111,2025-01-23,2025-02-22,30,47688.0,6005.0,53693.0
838,838,1016,2025-01-21,2025-03-07,45,33264.0,6474.0,39738.0
839,839,1027,2025-01-22,2025-02-21,30,24484.0,7999.0,32483.0
840,840,1053,2025-01-24,2025-02-23,30,72868.0,11558.0,84426.0
841,841,1033,2025-01-24,2025-02-08,15,105720.0,34543.0,140263.0
842,842,1110,2025-01-21,2025-02-20,30,13933.0,4862.0,18795.0
843,843,1010,2025-01-23,2025-02-22,30,33786.0,8484.0,42270.0
844,844,1093,2025-01-21,2025-03-07,45,12210.0,4259.0,16469.0
845,845,1037,2025-01-25,2025-02-09,15,89445.0,31686.0,121131.0
846,846,1058,2025-01-24,2025-02-23,30,69812.0,23739.0,93551.0
847,847,1104,2025-01-23,2025-02-22,30,40209.0,7622.0,47831.0
848,848,1032,2025-01-22,2025-02-21,30,27442.0,6137.0,33579.0
849,849,1087,2025-01-23,2025-02-07,15,95382.0,20248.0,115630.0
850,850,1046,2025-01-24,2025-02-08,15,79080.0,23143.0,102223.0
851,851,1036,2025-01-22,2025-02-21,30,63100.0,21224.0,84324.0
852,852,1034,2025-01-21,2025-02-05,15,24637.0,6716.0,31353.0
853,853,1081,2025-01-22,2025-03-08,45,41264.0,13095.0,54359.0
854,854,1076,2025-01-22,2025-03-08,45,22830.0,7669.0,30499.0
855,855,1084,2025-01-21,2025-02-20,30,13641.0,2761.0,16402.0
856,856,1099,2025-01-22,2025-03-08,45,60434.0,20112.0,80546.0
857,857,1047,2025-01-24,2025-02-23,30,71036.0,23351.0,94387.0
858,858,1104,2025-01-23,2025-02-22,30,55185.0,18681.0,73866.0
859,859,1073,2025-01-23,2025-02-07,15,78174.0,12666.0,90840.0
860,860,1095,2025-01-23,2025-02-22,30,78660.0,10698.0,89358.0
861,861,1034,2025-01-24,2025-02-23,30,73908.0,18206.0,92114.0
862,862,1117,2025-01-21,2025-02-20,30,11917.0,3861.0,15778.0
863,863,1084,2025-01-22,2025-02-06,15,65482.0,11322.0,76804.0
864,864,1107,2025-01-23,2025-03-09,45,37362.0,6622.0,43984.0
865,865,1049,2025-01-23,2025-03-09,45,35280.0,5116.0,40396.0
866,866,1067,2025-01-23,2025-03-09,45,36690.0,6150.0,42840.0
867,867,1045,2025-01-25,2025-02-24,30,55505.0,20759.0,76264.0
868,868,1065,2025-01-22,2025-02-21,30,39828.0,12210.0,52038.0
869,869,1020,2025-01-22,2025-02-21,30,47326.0,6824.0,54150.0
870,870,1016,2025-01-22,2025-02-21,30,25150.0,4816.0,29966.0
871,871,1062,2025-01-22,2025-02-06,15,40142.0,10869.0,51011.0
872,872,1003,2025-01-21,2025-02-05,15,13642.0,2170.0,15812.0
873,873,1115,2025-01-21,2025-02-20,30,13454.0,4585.0,18039.0
874,874,1024,2025-01-21,2025-02-05,15,19722.0,5285.0,25007.0
875,875,1094,2025-01-22,2025-02-21,30,32878.0,12176.0,45054.0
876,876,1058,2025-01-21,2025-02-20,30,16100.0,3278.0,19378.0
877,877,1019,2025-01-22,2025-02-21,30,37380.0,9447.0,46827.0
878,878,1085,2025-01-23,2025-03-09,45,104403.0,25110.0,129513.0
879,879,1009,2025-01-21,2025-02-05,15,20152.0,7579.0,27731.0
880,880,1065,2025-01-23,2025-03-09,45,26482.0,4256.0,30738.0
881,881,1023,2025-01-24,2025-02-23,30,63561.0,23435.0,86996.0
882,882,1016,2025-01-23,2025-03-09,45,25806.0,8655.0,34461.0
883,883,1070,2025-01-24,2025-02-08,15,34440.0,7233.0,41673.0
884,884,1048,2025-01-25,2025-02-24,30,121392.0,39239.0,160631.0
885,885,1121,2025-01-24,2025-02-23,30,69951.0,12050.0,82001.0
886,886,1098,2025-01-24,2025-02-08,15,85827.0,27656.0,113483.0
887,887,1033,2025-01-23,2025-02-22,30,59902.0,22336.0,82238.0
888,888,1053,2025-01-22,2025-03-08,45,12220.0,4556.0,16776.0
889,889,1001,2025-01-22,2025-02-21,30,14676.0,4375.0,19051.0
890,890,1041,2025-01-22,2025-02-06,15,17132.0,3664.0,20796.0
891,891,1075,2025-01-22,2025-03-08,45,11375.0,3466.0,14841.0
892,892,1088,2025-01-25,2025-02-24,30,48440.0,13676.0,62116.0
893,893,1072,2025-01-22,2025-02-06,15,13257.0,2273.0,15530.0
894,894,1045,2025-01-23,2025-02-22,30,36740.0,9530.0,46270.0
895,895,1111,2025-01-23,2025-02-07,15,68808.0,24731.0,93539.0
896,896,1028,2025-01-24,2025-03-10,45,54378.0,8372.0,62750.0
897,897,1079,2025-01-24,2025-02-23,30,52707.0,19986.0,72693.0
898,898,1012,2025-01-24,2025-02-23,30,55644.0,18444.0,74088.0
899,899,1012,2025-01-23,2025-02-22,30,64282.0,13105.0,77387.0
900,900,1052,2025-01-22,2025-03-08,45,13619.0,2008.0,15627.0
901,901,1077,2025-01-23,2025-02-07,15,37482.0,11002.0,48484.0
902,902,1109,2025-01-24,2025-03-10,45,37506.0,12397.0,49903.0
903,903,1005,2025-01-24,2025-03-10,45,55224.0,6944.0,62168.0
904,904,1047,2025-01-23,2025-02-07,15,58620.0,21272.0,79892.0
905,905,1036,2025-01-22,2025-02-21,30,11647.0,1914.0,13561.0
906,906,1095,2025-01-23,2025-02-22,30,59066.0,7545.0,66611.0
907,907,1093,2025-01-25,2025-02-24,30,69940.0,9830.0,79770.0
908,908,1078,2025-01-25,2025-02-24,30,136872.0,49328.0,186200.0
909,909,1001,2025-01-23,2025-02-07,15,49856.0,13295.0,63151.0
910,910,1122,2025-01-23,2025-02-22,30,26818.0,9940.0,36758.0
911,911,1069,2025-01-23,2025-02-07,15,26042.0,7871.0,33913.0
912,912,1099,2025-01-23,2025-02-07,15,70880.0,26799.0,97679.0
913,913,1088,2025-01-22,2025-03-08,45,12374.0,2522.0,14896.0
914,914,1082,2025-01-23,2025-03-09,45,25864.0,3401.0,29265.0
915,915,1103,2025-01-22,2025-02-21,30,32843.0,10892.0,43735.0
916,916,1032,2025-01-26,2025-02-25,30,72790.0,10205.0,82995.0
917,917,1044,2025-01-23,2025-02-22,30,25534.0,8396.0,33930.0
918,918,1035,2025-01-25,2025-02-24,30,45404.0,5888.0,51292.0
919,919,1025,2025-01-24,2025-03-10,45,43071.0,7160.0,50231.0
920,920,1026,2025-01-26,2025-02-10,15,73624.0,23874.0,97498.0
921,921,1011,2025-01-25,2025-02-24,30,97305.0,33963.0,131268.0
922,922,1098,2025-01-25,2025-02-24,30,53004.0,15198.0,68202.0
923,923,1115,2025-01-27,2025-02-26,30,120420.0,28980.0,149400.0
924,924,1063,2025-01-26,2025-02-25,30,106300.0,30167.0,136467.0
925,925,1017,2025-01-25,2025-02-24,30,33900.0,4519.0,38419.0
926,926,1070,2025-01-25,2025-03-11,45,40977.0,11488.0,52465.0
927,927,1016,2025-01-23,2025-02-07,15,12831.0,1967.0,14798.0
928,928,1002,2025-01-24,2025-02-23,30,33588.0,11423.0,45011.0
929,929,1024,2025-01-24,2025-02-08,15,33022.0,11382.0,44404.0
930,930,1079,2025-01-23,2025-02-07,15,20638.0,2855.0,23493.0
931,931,1047,2025-01-23,2025-02-22,30,11173.0,3466.0,14639.0
932,932,1017,2025-01-23,2025-02-07,15,26946.0,6761.0,33707.0
933,933,1072,2025-01-25,2025-02-09,15,73902.0,26460.0,100362.0
934,934,1123,2025-01-24,2025-02-23,30,21706.0,6591.0,28297.0
935,935,1115,2025-01-24,2025-02-08,15,35406.0,11527.0,46933.0
936,936,1101,2025-01-24,2025-02-23,30,65710.0,24167.0,89877.0
937,937,1021,2025-01-23,2025-02-22,30,19042.0,5674.0,24716.0
938,938,1081,2025-01-25,2025-02-24,30,38358.0,5306.0,43664.0
939,939,1104,2025-01-25,2025-02-09,15,35472.0,8051.0,43523.0
940,940,1112,2025-01-23,2025-02-22,30,13644.0,1689.0,15333.0
941,941,1100,2025-01-24,2025-02-23,30,34646.0,11593.0,46239.0
942,942,1100,2025-01-23,2025-02-22,30,11633.0,3228.0,14861.0
943,943,1019,2025-01-26,2025-02-25,30,71708.0,12795.0,84503.0
944,944,1054,2025-01-24,2025-03-10,45,56172.0,7389.0,63561.0
945,945,1030,2025-01-24,2025-02-23,30,38378.0,14332.0,52710.0
946,946,1078,2025-01-25,2025-02-09,15,38733.0,11054.0,49787.0
947,947,1076,2025-01-23,2025-02-22,30,19310.0,3541.0,22851.0
948,948,1110,2025-01-24,2025-03-10,45,34676.0,12075.0,46751.0
949,949,1011,2025-01-25,2025-02-24,30,42339.0,6195.0,48534.0
950,950,1120,2025-01-24,2025-02-23,30,24150.0,5111.0,29261.0
951,951,1011,2025-01-24,2025-02-23,30,45104.0,8708.0,53812.0
952,952,1120,2025-01-24,2025-02-08,15,27376.0,6205.0,33581.0
953,953,1017,2025-01-23,2025-02-22,30,24695.0,7275.0,31970.0
954,954,1046,2025-01-23,2025-02-22,30,20418.0,6365.0,26783.0
955,955,1035,2025-01-23,2025-03-09,45,27793.0,5751.0,33544.0
956,956,1070,2025-01-23,2025-02-07,15,18113.0,6031.0,24144.0
957,957,1068,2025-01-24,2025-02-08,15,23586.0,3793.0,27379.0
958,958,1062,2025-01-24,2025-02-23,30,33942.0,11669.0,45611.0
959,959,1039,2025-01-25,2025-03-11,45,24398.0,4134.0,28532.0
960,960,1069,2025-01-25,2025-02-24,30,26390.0,8054.0,34444.0
961,961,1062,2025-01-27,2025-02-11,15,53116.0,6671.0,59787.0
962,962,1071,2025-01-26,2025-02-25,30,33507.0,7658.0,41165.0
963,963,1051,2025-01-25,2025-02-09,15,23232.0,7608.0,30840.0
964,964,1011,2025-01-26,2025-03-12,45,38964.0,6850.0,45814.0
965,965,1117,2025-01-24,2025-02-23,30,12021.0,3037.0,15058.0
966,966,1035,2025-01-26,2025-02-10,15,51960.0,8420.0,60380.0
967,967,1038,2025-01-27,2025-02-26,30,46592.0,8623.0,55215.0
968,968,1042,2025-01-25,2025-03-11,45,24578.0,4974.0,29552.0
969,969,1024,2025-01-24,2025-03-10,45,11529.0,4169.0,15698.0
970,970,1012,2025-01-24,2025-03-10,45,25059.0,8481.0,33540.0
971,971,1040,2025-01-25,2025-02-24,30,25398.0,4004.0,29402.0
972,972,1011,2025-01-25,2025-02-09,15,63972.0,23917.0,87889.0
973,973,1100,2025-01-28,2025-02-12,15,157910.0,25333.0,183243.0
974,974,1049,2025-01-25,2025-02-09,15,26518.0,6029.0,32547.0
975,975,1032,2025-01-24,2025-02-23,30,31009.0,6297.0,37306.0
976,976,1095,2025-01-28,2025-02-27,30,66620.0,19634.0,86254.0
977,977,1061,2025-01-25,2025-02-09,15,64282.0,22023.0,86305.0
978,978,1096,2025-01-28,2025-02-27,30,67685.0,8948.0,76633.0
979,979,1082,2025-01-25,2025-02-24,30,56086.0,15910.0,71996.0
980,980,1031,2025-01-25,2025-02-24,30,22578.0,7528.0,30106.0
981,981,1036,2025-01-24,2025-02-23,30,14969.0,2497.0,17466.0
982,982,1089,2025-01-25,2025-02-24,30,40610.0,15369.0,55979.0
983,983,1012,2025-01-25,2025-02-24,30,24780.0,6922.0,31702.0
984,984,1098,2025-01-25,2025-02-09,15,22478.0,2794.0,25272.0
985,985,1090,2025-01-24,2025-02-23,30,21706.0,4250.0,25956.0
986,986,1083,2025-01-24,2025-02-23,30,17634.0,2447.0,20081.0
987,987,1025,2025-01-26,2025-03-12,45,60357.0,9388.0,69745.0
988,988,1091,2025-01-25,2025-03-11,45,25298.0,4044.0,29342.0
989,989,1025,2025-01-24,2025-03-10,45,12937.0,2896.0,15833.0
990,990,1077,2025-01-25,2025-02-24,30,30996.0,8427.0,39423.0
991,991,1020,2025-01-25,2025-03-11,45,52206.0,12848.0,65054.0
992,992,1065,2025-01-26,2025-02-25,30,38504.0,12482.0,50986.0
993,993,1031,2025-01-25,2025-02-24,30,13739.0,4017.0,17756.0
994,994,1105,2025-01-25,2025-02-24,30,11279.0,2089.0,13368.0
995,995,1042,2025-01-26,2025-02-25,30,22656.0,6103.0,28759.0
996,996,1085,2025-01-25,2025-03-11,45,12207.0,2420.0,14627.0
997,997,1063,2025-01-27,2025-03-13,45,39378.0,10112.0,49490.0
998,998,1050,2025-01-25,2025-02-24,30,12165.0,3386.0,15551.0
999,999,1078,2025-01-26,2025-02-25,30,36696.0,10656.0,47352.0
1000,1000,1084,2025-01-25,2025-02-24,30,19805.0,4370.0,24175.0
1001,1001,1072,2025-01-28,2025-03-14,45,74256.0,10336.0,84592.0
1002,1002,1102,2025-01-28,2025-02-27,30,71624.0,10606.0,82230.0
1003,1003,1039,2025-01-27,2025-03-13,45,56832.0,19413.0,76245.0
1004,1004,1013,2025-01-25,2025-02-24,30,12748.0,4329.0,17077.0
1005,1005,1081,2025-01-26,2025-02-25,30,34604.0,9667.0,44271.0
1006,1006,1096,2025-01-26,2025-02-10,15,50098.0,13921.0,64019.0
1007,1007,1114,2025-01-26,2025-02-25,30,22406.0,5110.0,27516.0
1008,1008,1065,2025-01-27,2025-02-11,15,39102.0,6247.0,45349.0
1009,1009,1041,2025-01-25,2025-02-24,30,11767.0,1992.0,13759.0
1010,1010,1053,2025-01-29,2025-02-28,30,94405.0,21931.0,116336.0
1011,1011,1028,2025-01-26,2025-02-25,30,33856.0,11636.0,45492.0
1012,1012,1047,2025-01-26,2025-03-12,45,23660.0,3548.0,27208.0
1013,1013,1077,2025-01-26,2025-02-25,30,48888.0,8350.0,57238.0
1014,1014,1001,2025-01-25,2025-02-24,30,9794.0,3529.0,13323.0
1015,1015,1089,2025-01-25,2025-02-24,30,14513.0,4512.0,19025.0
1016,1016,1074,2025-01-28,2025-03-14,45,131404.0,42445.0,173849.0
1017,1017,1047,2025-01-25,2025-02-24,30,24619.0,3139.0,27758.0
1018,1018,1039,2025-01-25,2025-02-24,30,26170.0,5339.0,31509.0
1019,1019,1102,2025-01-26,2025-02-25,30,24980.0,9466.0,34446.0
1020,1020,1090,2025-01-26,2025-02-25,30,32102.0,4666.0,36768.0
1021,1021,1074,2025-01-28,2025-02-12,15,70628.0,15296.0,85924.0
1022,1022,1043,2025-01-27,2025-02-26,30,42624.0,11048.0,53672.0
1023,1023,1030,2025-01-27,2025-03-13,45,42084.0,15381.0,57465.0
1024,1024,1082,2025-01-27,2025-02-26,30,48618.0,14440.0,63058.0
1025,1025,1020,2025-01-26,2025-02-10,15,11671.0,4018.0,15689.0
1026,1026,1125,2025-01-28,2025-02-27,30,33120.0,11963.0,45083.0
1027,1027,1029,2025-01-27,2025-02-26,30,19112.0,4764.0,23876.0
1028,1028,1096,2025-01-28,2025-02-12,15,36171.0,5833.0,42004.0
1029,1029,1065,2025-01-27,2025-03-13,45,27272.0,8811.0,36083.0
1030,1030,1051,2025-01-28,2025-02-27,30,35946.0,11607.0,47553.0
1031,1031,1095,2025-01-26,2025-02-10,15,18517.0,6064.0,24581.0
1032,1032,1074,2025-01-26,2025-02-25,30,16376.0,2417.0,18793.0
1033,1033,1045,2025-01-28,2025-02-12,15,39912.0,14462.0,54374.0
1034,1034,1045,2025-01-26,2025-02-25,30,12726.0,1961.0,14687.0
1035,1035,1019,2025-01-30,2025-02-14,15,87550.0,27773.0,115323.0
1036,1036,1094,2025-01-29,2025-02-28,30,49668.0,17650.0,67318.0
1037,1037,1122,2025-01-26,2025-02-25,30,24217.0,3539.0,27756.0
1038,1038,1103,2025-01-26,2025-02-25,30,18083.0,5548.0,23631.0
1039,1039,1027,2025-01-27,2025-02-11,15,27104.0,6854.0,33958.0
1040,1040,1080,2025-01-26,2025-02-10,15,18404.0,6407.0,24811.0
1041,1041,1003,2025-01-26,2025-02-25,30,16543.0,4181.0,20724.0
1042,1042,1026,2025-01-29,2025-02-13,15,50552.0,6219.0,56771.0
1043,1043,1084,2025-01-27,2025-02-11,15,66214.0,20267.0,86481.0
1044,1044,1047,2025-01-26,2025-02-10,15,22975.0,4366.0,27341.0
1045,1045,1084,2025-01-26,2025-03-12,45,21480.0,3741.0,25221.0
1046,1046,1063,2025-01-30,2025-02-14,15,60505.0,22681.0,83186.0
1047,1047,1065,2025-01-27,2025-02-26,30,42118.0,7191.0,49309.0
1048,1048,1040,2025-01-27,2025-03-13,45,59466.0,7687.0,67153.0
1049,1049,1045,2025-01-27,2025-02-11,15,26430.0,7966.0,34396.0
1050,1050,1036,2025-01-27,2025-02-26,30,44960.0,14283.0,59243.0
1051,1051,1114,2025-01-27,2025-02-11,15,64040.0,11040.0,75080.0
1052,1052,1044,2025-01-30,2025-03-01,30,133370.0,45046.0,178416.0
1053,1053,1049,2025-01-28,2025-03-14,45,74535.0,16944.0,91479.0
1054,1054,1074,2025-01-28,2025-02-12,15,53418.0,12140.0,65558.0
1055,1055,1043,2025-01-30,2025-03-16,45,58405.0,10623.0,69028.0
1056,1056,1026,2025-01-26,2025-02-10,15,11309.0,2412.0,13721.0
1057,1057,1068,2025-01-26,2025-02-10,15,23802.0,4306.0,28108.0
1058,1058,1073,2025-01-27,2025-02-26,30,51344.0,7450.0,58794.0
1059,1059,1122,2025-01-26,2025-02-10,15,22366.0,3135.0,25501.0
1060,1060,1041,2025-01-26,2025-02-25,30,18620.0,2401.0,21021.0
1061,1061,1057,2025-01-27,2025-02-26,30,51384.0,9041.0,60425.0
1062,1062,1025,2025-01-28,2025-02-27,30,55014.0,14908.0,69922.0
1063,1063,1079,2025-01-26,2025-02-10,15,12071.0,1943.0,14014.0
1064,1064,1004,2025-01-27,2025-02-11,15,35046.0,12637.0,47683.0
1065,1065,1065,2025-01-28,2025-02-27,30,36699.0,7785.0,44484.0
1066,1066,1061,2025-01-27,2025-02-11,15,66456.0,14156.0,80612.0
1067,1067,1098,2025-01-26,2025-02-25,30,13567.0,4587.0,18154.0
1068,1068,1026,2025-01-29,2025-02-13,15,103272.0,29090.0,132362.0
1069,1069,1057,2025-01-26,2025-02-10,15,20563.0,7478.0,28041.0
1070,1070,1052,2025-01-28,2025-02-12,15,23560.0,7863.0,31423.0
1071,1071,1121,2025-01-28,2025-03-14,45,63440.0,20962.0,84402.0
1072,1072,1113,2025-01-28,2025-03-14,45,33904.0,5505.0,39409.0
1073,1073,1113,2025-01-27,2025-03-13,45,15492.0,1887.0,17379.0
1074,1074,1095,2025-01-28,2025-02-27,30,52820.0,17444.0,70264.0
1075,1075,1057,2025-01-28,2025-02-27,30,26578.0,3773.0,30351.0
1076,1076,1060,2025-01-27,2025-02-26,30,12497.0,1593.0,14090.0
1077,1077,1060,2025-01-27,2025-02-11,15,11843.0,3539.0,15382.0
1078,1078,1015,2025-01-28,2025-02-27,30,54038.0,13334.0,67372.0
1079,1079,1042,2025-01-28,2025-02-27,30,23362.0,7591.0,30953.0
1080,1080,1092,2025-01-27,2025-02-26,30,12359.0,2563.0,14922.0
1081,1081,1092,2025-01-30,2025-03-01,30,95944.0,19734.0,115678.0
1082,1082,1015,2025-01-29,2025-02-28,30,106587.0,24918.0,131505.0
1083,1083,1125,2025-01-28,2025-02-12,15,35542.0,5401.0,40943.0
1084,1084,1049,2025-01-30,2025-03-01,30,64452.0,15283.0,79735.0
1085,1085,1021,2025-01-27,2025-03-13,45,14042.0,4392.0,18434.0
1086,1086,1054,2025-01-27,2025-02-11,15,22383.0,4189.0,26572.0
1087,1087,1116,2025-01-29,2025-02-28,30,37488.0,12668.0,50156.0
1088,1088,1033,2025-01-27,2025-03-13,45,13270.0,2579.0,15849.0
1089,1089,1064,2025-01-28,2025-03-14,45,26278.0,8922.0,35200.0
1090,1090,1053,2025-01-28,2025-02-27,30,22708.0,7994.0,30702.0
1091,1091,1081,2025-01-28,2025-02-27,30,26506.0,9855.0,36361.0
1092,1092,1019,2025-01-29,2025-03-15,45,52794.0,8857.0,61651.0
1093,1093,1078,2025-01-27,2025-02-11,15,13952.0,1945.0,15897.0
1094,1094,1054,2025-01-30,2025-03-16,45,51676.0,13439.0,65115.0
1095,1095,1074,2025-01-27,2025-02-11,15,23633.0,5944.0,29577.0
1096,1096,1075,2025-01-27,2025-02-11,15,28813.0,4168.0,32981.0
1097,1097,1105,2025-01-27,2025-02-26,30,11696.0,3491.0,15187.0
1098,1098,1038,2025-01-28,2025-02-27,30,29176.0,5570.0,34746.0
1099,1099,1027,2025-01-27,2025-02-11,15,12151.0,2872.0,15023.0
1100,1100,1094,2025-01-28,2025-02-27,30,39474.0,6441.0,45915.0
1101,1101,1101,2025-01-28,2025-02-12,15,49706.0,16333.0,66039.0
1102,1102,1041,2025-01-27,2025-02-26,30,22579.0,6935.0,29514.0
1103,1103,1064,2025-01-28,2025-02-27,30,27806.0,7871.0,35677.0
1104,1104,1024,2025-01-28,2025-02-12,15,35004.0,5999.0,41003.0
1105,1105,1060,2025-01-27,2025-02-26,30,25653.0,5956.0,31609.0
1106,1106,1103,2025-01-27,2025-02-26,30,19092.0,3001.0,22093.0
1107,1107,1028,2025-01-28,2025-02-27,30,33676.0,12553.0,46229.0
1108,1108,1102,2025-01-27,2025-02-26,30,14135.0,3283.0,17418.0
1109,1109,1043,2025-01-27,2025-02-11,15,12703.0,4148.0,16851.0
1110,1110,1004,2025-01-29,2025-02-13,15,36465.0,6062.0,42527.0
1111,1111,1061,2025-01-27,2025-02-11,15,34798.0,8954.0,43752.0
1112,1112,1081,2025-01-28,2025-02-12,15,61640.0,12511.0,74151.0
1113,1113,1119,2025-01-30,2025-03-01,30,43380.0,11824.0,55204.0
1114,1114,1093,2025-01-29,2025-02-13,15,57093.0,15356.0,72449.0
1115,1115,1118,2025-01-28,2025-02-12,15,34464.0,11043.0,45507.0
1116,1116,1036,2025-01-28,2025-02-27,30,48902.0,6282.0,55184.0
1117,1117,1078,2025-01-27,2025-02-26,30,30684.0,11099.0,41783.0
1118,1118,1041,2025-01-29,2025-02-13,15,25330.0,3838.0,29168.0
1119,1119,1113,2025-01-28,2025-03-14,45,16099.0,4790.0,20889.0
1120,1120,1015,2025-01-29,2025-02-13,15,25662.0,9209.0,34871.0
1121,1121,1012,2025-01-28,2025-03-14,45,13489.0,4452.0,17941.0
1122,1122,1119,2025-01-28,2025-02-27,30,11993.0,1926.0,13919.0
1123,1123,1042,2025-01-31,2025-02-15,15,73600.0,27775.0,101375.0
1124,1124,1017,2025-01-31,2025-03-02,30,56228.0,14832.0,71060.0
1125,1125,1111,2025-01-28,2025-02-12,15,12073.0,2538.0,14611.0
1126,1126,1012,2025-01-28,2025-02-27,30,17638.0,6289.0,23927.0
1127,1127,1099,2025-01-31,2025-03-02,30,45584.0,15783.0,61367.0
1128,1128,1042,2025-01-28,2025-02-12,15,17218.0,6228.0,23446.0
1129,1129,1099,2025-01-28,2025-02-27,30,14625.0,2212.0,16837.0
1130,1130,1080,2025-01-28,2025-02-12,15,12624.0,2223.0,14847.0
1131,1131,1071,2025-01-28,2025-02-12,15,18655.0,5627.0,24282.0
1132,1132,1010,2025-01-28,2025-02-27,30,12493.0,3523.0,16016.0
1133,1133,1007,2025-01-31,2025-03-02,30,53568.0,6794.0,60362.0
1134,1134,1055,2025-01-29,2025-02-28,30,25830.0,9064.0,34894.0
1135,1135,1081,2025-01-30,2025-03-01,30,38574.0,13196.0,51770.0
1136,1136,1092,2025-01-30,2025-02-14,15,91152.0,31373.0,122525.0
1137,1137,1119,2025-01-30,2025-03-01,30,62727.0,21010.0,83737.0
1138,1138,1060,2025-01-29,2025-02-28,30,39344.0,7063.0,46407.0
1139,1139,1099,2025-01-28,2025-02-27,30,10552.0,3018.0,13570.0
1140,1140,1117,2025-01-28,2025-02-27,30,13551.0,3926.0,17477.0
1141,1141,1043,2025-01-28,2025-02-12,15,11576.0,4266.0,15842.0
1142,1142,1045,2025-01-31,2025-02-15,15,140292.0,33782.0,174074.0
1143,1143,1045,2025-01-30,2025-03-16,45,38601.0,11906.0,50507.0
1144,1144,1042,2025-01-28,2025-02-27,30,19482.0,3930.0,23412.0
1145,1145,1060,2025-01-28,2025-02-12,15,16005.0,3719.0,19724.0
1146,1146,1050,2025-01-29,2025-02-28,30,20080.0,7236.0,27316.0
1147,1147,1056,2025-01-28,2025-02-27,30,11839.0,4072.0,15911.0
1148,1148,1085,2025-01-29,2025-02-28,30,60766.0,12303.0,73069.0
1149,1149,1108,2025-01-30,2025-03-01,30,54306.0,12204.0,66510.0
1150,1150,1023,2025-01-29,2025-02-28,30,31654.0,11443.0,43097.0
1151,1151,1088,2025-01-29,2025-03-15,45,24024.0,7169.0,31193.0
1152,1152,1012,2025-01-30,2025-03-01,30,85254.0,19070.0,104324.0
1153,1153,1097,2025-01-28,2025-02-27,30,12703.0,3012.0,15715.0
1154,1154,1050,2025-01-28,2025-02-27,30,19472.0,3150.0,22622.0
1155,1155,1113,2025-01-29,2025-02-13,15,39722.0,13332.0,53054.0
1156,1156,1056,2025-01-29,2025-02-13,15,23670.0,6656.0,30326.0
1157,1157,1075,2025-01-31,2025-02-15,15,86888.0,13171.0,100059.0
1158,1158,1048,2025-02-01,2025-03-18,45,66190.0,9354.0,75544.0
1159,1159,1072,2025-02-01,2025-03-03,30,132570.0,48502.0,181072.0
1160,1160,1090,2025-01-29,2025-02-28,30,66908.0,13248.0,80156.0
1161,1161,1028,2025-01-30,2025-03-01,30,34186.0,12059.0,46245.0
1162,1162,1050,2025-01-30,2025-03-16,45,38552.0,11222.0,49774.0
1163,1163,1017,2025-01-30,2025-03-01,30,61896.0,11132.0,73028.0
1164,1164,1093,2025-01-29,2025-02-13,15,14645.0,1945.0,16590.0
1165,1165,1104,2025-01-31,2025-03-02,30,78069.0,24095.0,102164.0
1166,1166,1078,2025-01-30,2025-02-14,15,26128.0,3161.0,29289.0
1167,1167,1050,2025-01-30,2025-03-01,30,43938.0,15748.0,59686.0
1168,1168,1074,2025-01-29,2025-03-15,45,13510.0,3318.0,16828.0
1169,1169,1074,2025-01-31,2025-03-02,30,53982.0,15298.0,69280.0
1170,1170,1091,2025-02-02,2025-02-17,15,74730.0,13388.0,88118.0
1171,1171,1068,2025-01-30,2025-03-01,30,28170.0,4330.0,32500.0
1172,1172,1060,2025-02-02,2025-03-19,45,134395.0,49159.0,183554.0
1173,1173,1085,2025-01-30,2025-03-01,30,36924.0,12405.0,49329.0
1174,1174,1103,2025-01-29,2025-02-28,30,28155.0,4198.0,32353.0
1175,1175,1059,2025-01-30,2025-03-01,30,36376.0,13037.0,49413.0
1176,1176,1054,2025-01-30,2025-03-16,45,36706.0,12695.0,49401.0
1177,1177,1077,2025-02-02,2025-03-04,30,67115.0,9211.0,76326.0
1178,1178,1008,2025-01-31,2025-02-15,15,61113.0,23081.0,84194.0
1179,1179,1095,2025-01-30,2025-03-01,30,35442.0,6709.0,42151.0
1180,1180,1065,2025-01-29,2025-02-28,30,17383.0,4569.0,21952.0
1181,1181,1033,2025-01-31,2025-03-02,30,36132.0,11354.0,47486.0
1182,1182,1076,2025-01-29,2025-02-28,30,12110.0,3510.0,15620.0
1183,1183,1031,2025-01-31,2025-03-02,30,58686.0,19267.0,77953.0
1184,1184,1044,2025-01-31,2025-03-02,30,62082.0,9648.0,71730.0
1185,1185,1097,2025-02-02,2025-03-04,30,134905.0,47806.0,182711.0
1186,1186,1057,2025-01-31,2025-03-02,30,65478.0,20569.0,86047.0
1187,1187,1034,2025-01-29,2025-02-28,30,18668.0,3655.0,22323.0
1188,1188,1052,2025-01-29,2025-02-28,30,17988.0,4507.0,22495.0
1189,1189,1088,2025-01-30,2025-03-01,30,26604.0,10036.0,36640.0
1190,1190,1112,2025-01-30,2025-03-01,30,35794.0,5287.0,41081.0
1191,1191,1068,2025-01-29,2025-02-28,30,12000.0,4200.0,16200.0
1192,1192,1082,2025-01-29,2025-03-15,45,19266.0,4393.0,23659.0
1193,1193,1035,2025-01-31,2025-03-17,45,36552.0,8612.0,45164.0
1194,1194,1051,2025-01-29,2025-02-28,30,11991.0,4395.0,16386.0
1195,1195,1067,2025-01-31,2025-03-17,45,35496.0,5846.0,41342.0
1196,1196,1071,2025-01-31,2025-03-02,30,33357.0,4799.0,38156.0
1197,1197,1088,2025-01-29,2025-02-13,15,11602.0,3018.0,14620.0
1198,1198,1025,2025-01-29,2025-02-13,15,13304.0,2228.0,15532.0
1199,1199,1028,2025-01-30,2025-03-01,30,21740.0,4756.0,26496.0
1200,1200,1016,2025-01-30,2025-03-01,30,45818.0,6800.0,52618.0
1201,1201,1103,2025-02-01,2025-03-18,45,40086.0,8669.0,48755.0
1202,1202,1120,2025-02-02,2025-03-04,30,101008.0,22386.0,123394.0
1203,1203,1099,2025-01-31,2025-03-02,30,27570.0,10219.0,37789.0
1204,1204,1010,2025-02-02,2025-03-04,30,49528.0,10333.0,59861.0
1205,1205,1008,2025-01-30,2025-03-16,45,13189.0,3605.0,16794.0
1206,1206,1026,2025-02-01,2025-03-03,30,45618.0,6226.0,51844.0
1207,1207,1019,2025-01-30,2025-03-01,30,20133.0,5833.0,25966.0
1208,1208,1034,2025-01-31,2025-03-02,30,39296.0,14786.0,54082.0
1209,1209,1033,2025-01-30,2025-03-01,30,13326.0,3521.0,16847.0
1210,1210,1005,2025-01-30,2025-03-01,30,32138.0,9695.0,41833.0
1211,1211,1116,2025-01-30,2025-02-14,15,18350.0,6099.0,24449.0
1212,1212,1052,2025-01-30,2025-02-14,15,12802.0,2733.0,15535.0
1213,1213,1070,2025-02-01,2025-03-03,30,87864.0,30528.0,118392.0
1214,1214,1069,2025-01-31,2025-02-15,15,25492.0,3136.0,28628.0
1215,1215,1052,2025-01-31,2025-02-15,15,48578.0,7544.0,56122.0
1216,1216,1044,2025-02-03,2025-02-18,15,56675.0,9891.0,66566.0
1217,1217,1083,2025-01-31,2025-03-17,45,28268.0,10160.0,38428.0
1218,1218,1050,2025-01-31,2025-03-17,45,24392.0,5004.0,29396.0
1219,1219,1011,2025-01-31,2025-03-02,30,47712.0,10725.0,58437.0
1220,1220,1076,2025-01-31,2025-03-02,30,51494.0,7498.0,58992.0
1221,1221,1083,2025-01-31,2025-03-02,30,25402.0,3117.0,28519.0
1222,1222,1005,2025-01-31,2025-03-02,30,18936.0,7025.0,25961.0
1223,1223,1052,2025-01-30,2025-02-14,15,13699.0,3308.0,17007.0
1224,1224,1112,2025-02-01,2025-03-03,30,33534.0,5015.0,38549.0
1225,1225,1010,2025-02-01,2025-02-16,15,56919.0,11442.0,68361.0
1226,1226,1006,2025-01-30,2025-03-01,30,10423.0,1713.0,12136.0
1227,1227,1081,2025-01-31,2025-02-15,15,26114.0,5683.0,31797.0
1228,1228,1076,2025-01-30,2025-03-01,30,12054.0,2619.0,14673.0
1229,1229,1077,2025-02-01,2025-03-03,30,38454.0,7025.0,45479.0
1230,1230,1095,2025-01-30,2025-02-14,15,27991.0,10466.0,38457.0
1231,1231,1074,2025-01-30,2025-03-16,45,19603.0,2837.0,22440.0
1232,1232,1023,2025-01-30,2025-03-01,30,18503.0,5472.0,23975.0
1233,1233,1054,2025-01-30,2025-03-01,30,12951.0,3018.0,15969.0
1234,1234,1018,2025-01-31,2025-03-02,30,25406.0,9220.0,34626.0
1235,1235,1100,2025-02-01,2025-03-03,30,41958.0,12319.0,54277.0
1236,1236,1091,2025-02-02,2025-03-19,45,59832.0,11593.0,71425.0
1237,1237,1104,2025-02-02,2025-02-17,15,74208.0,19316.0,93524.0
1238,1238,1058,2025-01-31,2025-02-15,15,66950.0,20538.0,87488.0
1239,1239,1005,2025-02-02,2025-02-17,15,53120.0,17975.0,71095.0
1240,1240,1039,2025-02-01,2025-03-03,30,62232.0,12630.0,74862.0
1241,1241,1016,2025-01-30,2025-03-01,30,13645.0,2538.0,16183.0
1242,1242,1065,2025-02-03,2025-03-20,45,145865.0,33932.0,179797.0
1243,1243,1036,2025-02-01,2025-03-03,30,31167.0,5478.0,36645.0
1244,1244,1064,2025-01-30,2025-03-01,30,13888.0,3530.0,17418.0
1245,1245,1083,2025-02-01,2025-03-03,30,32391.0,7680.0,40071.0
1246,1246,1059,2025-01-30,2025-03-01,30,11071.0,1532.0,12603.0
1247,1247,1023,2025-02-01,2025-03-18,45,33675.0,9389.0,43064.0
1248,1248,1057,2025-01-30,2025-03-01,30,13319.0,2695.0,16014.0
1249,1249,1087,2025-01-30,2025-03-01,30,18864.0,2764.0,21628.0
1250,1250,1053,2025-01-30,2025-03-01,30,25507.0,5902.0,31409.0
1251,1251,1114,2025-02-01,2025-03-03,30,46018.0,15024.0,61042.0
1252,1252,1023,2025-01-31,2025-03-17,45,12861.0,3704.0,16565.0
1253,1253,1026,2025-01-31,2025-03-02,30,10788.0,1621.0,12409.0
1254,1254,1036,2025-01-31,2025-03-02,30,10616.0,2075.0,12691.0
1255,1255,1114,2025-02-03,2025-03-20,45,52364.0,8150.0,60514.0
1256,1256,1122,2025-01-31,2025-03-02,30,13467.0,2526.0,15993.0
1257,1257,1110,2025-01-31,2025-03-02,30,18784.0,6880.0,25664.0
1258,1258,1061,2025-02-03,2025-03-05,30,71620.0,12322.0,83942.0
1259,1259,1042,2025-01-31,2025-02-15,15,32032.0,6666.0,38698.0
1260,1260,1122,2025-01-31,2025-03-02,30,11891.0,4288.0,16179.0
1261,1261,1061,2025-02-01,2025-02-16,15,25874.0,7900.0,33774.0
1262,1262,1051,2025-02-01,2025-03-18,45,36696.0,12265.0,48961.0
1263,1263,1072,2025-02-02,2025-03-04,30,35799.0,9790.0,45589.0
1264,1264,1028,2025-02-02,2025-03-04,30,56163.0,7061.0,63224.0
1265,1265,1040,2025-01-31,2025-03-02,30,13624.0,2592.0,16216.0
1266,1266,1075,2025-02-01,2025-03-03,30,26548.0,9899.0,36447.0
1267,1267,1102,2025-02-01,2025-02-16,15,26752.0,9740.0,36492.0
1268,1268,1001,2025-02-01,2025-03-18,45,47666.0,6021.0,53687.0
1269,1269,1055,2025-01-31,2025-03-02,30,25040.0,6244.0,31284.0
1270,1270,1074,2025-02-02,2025-03-04,30,56187.0,20890.0,77077.0
1271,1271,1008,2025-02-02,2025-03-19,45,105837.0,39971.0,145808.0
1272,1272,1007,2025-02-03,2025-03-05,30,67060.0,19967.0,87027.0
1273,1273,1072,2025-02-01,2025-02-16,15,24466.0,8807.0,33273.0
1274,1274,1018,2025-02-01,2025-03-03,30,38166.0,9514.0,47680.0
1275,1275,1075,2025-01-31,2025-02-15,15,20555.0,7568.0,28123.0
1276,1276,1098,2025-02-02,2025-03-19,45,77835.0,11565.0,89400.0
1277,1277,1009,2025-02-01,2025-03-03,30,24608.0,6312.0,30920.0
1278,1278,1107,2025-02-01,2025-03-03,30,23824.0,4987.0,28811.0
1279,1279,1080,2025-02-02,2025-03-19,45,35478.0,7610.0,43088.0
1280,1280,1121,2025-02-02,2025-03-19,45,37434.0,8293.0,45727.0
1281,1281,1023,2025-01-31,2025-03-02,30,27019.0,7799.0,34818.0
1282,1282,1036,2025-02-04,2025-02-19,15,65875.0,24481.0,90356.0
1283,1283,1003,2025-01-31,2025-03-02,30,13357.0,3399.0,16756.0
1284,1284,1017,2025-02-04,2025-03-21,45,75210.0,24152.0,99362.0
1285,1285,1003,2025-02-01,2025-03-03,30,26598.0,7371.0,33969.0
1286,1286,1083,2025-01-31,2025-03-02,30,25476.0,6779.0,32255.0
1287,1287,1086,2025-02-01,2025-03-03,30,25836.0,3998.0,29834.0
1288,1288,1039,2025-02-02,2025-03-04,30,50241.0,17987.0,68228.0
1289,1289,1048,2025-02-03,2025-03-20,45,74632.0,11139.0,85771.0
1290,1290,1046,2025-02-02,2025-03-19,45,71676.0,15397.0,87073.0
1291,1291,1024,2025-02-04,2025-02-19,15,66580.0,21606.0,88186.0
1292,1292,1086,2025-02-02,2025-02-17,15,82266.0,15161.0,97427.0
1293,1293,1057,2025-01-31,2025-03-02,30,35565.0,12767.0,48332.0
1294,1294,1005,2025-01-31,2025-03-02,30,12598.0,3377.0,15975.0
1295,1295,1069,2025-02-04,2025-03-21,45,73000.0,11560.0,84560.0
1296,1296,1064,2025-02-03,2025-03-20,45,54108.0,19263.0,73371.0
1297,1297,1070,2025-02-03,2025-03-05,30,82284.0,12041.0,94325.0
1298,1298,1061,2025-01-31,2025-03-02,30,29756.0,10433.0,40189.0
1299,1299,1103,2025-02-05,2025-03-07,30,80170.0,10701.0,90871.0
1300,1300,1116,2025-02-04,2025-03-21,45,70036.0,25470.0,95506.0
1301,1301,1004,2025-02-03,2025-03-05,30,33381.0,8063.0,41444.0
1302,1302,1083,2025-02-03,2025-02-18,15,38805.0,10704.0,49509.0
1303,1303,1099,2025-02-02,2025-03-04,30,25674.0,4598.0,30272.0
1304,1304,1012,2025-02-01,2025-03-18,45,11228.0,3129.0,14357.0
1305,1305,1078,2025-02-02,2025-03-04,30,52630.0,15776.0,68406.0
1306,1306,1110,2025-02-04,2025-03-21,45,71460.0,25655.0,97115.0
1307,1307,1045,2025-02-02,2025-03-19,45,26178.0,7500.0,33678.0
1308,1308,1057,2025-02-05,2025-03-07,30,70210.0,12378.0,82588.0
1309,1309,1021,2025-02-02,2025-03-04,30,39284.0,6592.0,45876.0
1310,1310,1076,2025-02-05,2025-02-20,15,166620.0,50280.0,216900.0
1311,1311,1112,2025-02-01,2025-03-03,30,17911.0,3602.0,21513.0
1312,1312,1001,2025-02-01,2025-02-16,15,17197.0,2397.0,19594.0
1313,1313,1072,2025-02-04,2025-03-06,30,48480.0,13163.0,61643.0
1314,1314,1038,2025-02-02,2025-03-19,45,26498.0,4036.0,30534.0
1315,1315,1107,2025-02-01,2025-03-18,45,21041.0,5463.0,26504.0
1316,1316,1020,2025-02-02,2025-03-04,30,37630.0,7204.0,44834.0
1317,1317,1061,2025-02-05,2025-03-22,45,72090.0,17915.0,90005.0
1318,1318,1083,2025-02-03,2025-03-05,30,40791.0,10275.0,51066.0
1319,1319,1125,2025-02-01,2025-02-16,15,14641.0,4843.0,19484.0
1320,1320,1081,2025-02-03,2025-03-20,45,32349.0,5959.0,38308.0
1321,1321,1048,2025-02-05,2025-02-20,15,86065.0,19733.0,105798.0
1322,1322,1041,2025-02-02,2025-03-04,30,37332.0,9215.0,46547.0
1323,1323,1007,2025-02-03,2025-03-05,30,38850.0,7230.0,46080.0
1324,1324,1068,2025-02-02,2025-03-04,30,24266.0,8707.0,32973.0
1325,1325,1081,2025-02-01,2025-03-03,30,19358.0,4523.0,23881.0
1326,1326,1106,2025-02-01,2025-03-03,30,10673.0,2341.0,13014.0
1327,1327,1090,2025-02-03,2025-03-05,30,92346.0,29241.0,121587.0
1328,1328,1067,2025-02-01,2025-03-03,30,18505.0,3727.0,22232.0
1329,1329,1118,2025-02-03,2025-02-18,15,37512.0,10125.0,47637.0
1330,1330,1115,2025-02-01,2025-03-03,30,25536.0,6599.0,32135.0
1331,1331,1109,2025-02-03,2025-03-05,30,58008.0,15525.0,73533.0
1332,1332,1010,2025-02-02,2025-02-17,15,39268.0,10292.0,49560.0
1333,1333,1045,2025-02-01,2025-02-16,15,13388.0,2223.0,15611.0
1334,1334,1098,2025-02-02,2025-03-04,30,27402.0,7651.0,35053.0
1335,1335,1096,2025-02-01,2025-02-16,15,23555.0,5216.0,28771.0
1336,1336,1017,2025-02-01,2025-03-03,30,33356.0,10143.0,43499.0
1337,1337,1098,2025-02-05,2025-03-07,30,66080.0,19359.0,85439.0
1338,1338,1014,2025-02-01,2025-03-03,30,32235.0,9033.0,41268.0
1339,1339,1061,2025-02-03,2025-03-05,30,37056.0,5729.0,42785.0
1340,1340,1101,2025-02-01,2025-02-16,15,11810.0,2871.0,14681.0
1341,1341,1026,2025-02-02,2025-03-04,30,22352.0,3938.0,26290.0
1342,1342,1122,2025-02-02,2025-03-19,45,28036.0,8168.0,36204.0
1343,1343,1100,2025-02-02,2025-03-04,30,31014.0,4954.0,35968.0
1344,1344,1002,2025-02-01,2025-03-18,45,19971.0,3890.0,23861.0
1345,1345,1022,2025-02-03,2025-03-05,30,58584.0,16730.0,75314.0
1346,1346,1065,2025-02-02,2025-03-04,30,52886.0,9662.0,62548.0
1347,1347,1024,2025-02-02,2025-03-04,30,52232.0,11597.0,63829.0
1348,1348,1028,2025-02-05,2025-03-07,30,60225.0,13754.0,73979.0
1349,1349,1041,2025-02-02,2025-03-19,45,39076.0,8309.0,47385.0
1350,1350,1072,2025-02-01,2025-03-03,30,12772.0,1748.0,14520.0
1351,1351,1050,2025-02-01,2025-03-03,30,16108.0,2367.0,18475.0
1352,1352,1071,2025-02-02,2025-03-04,30,27468.0,6009.0,33477.0
1353,1353,1110,2025-02-05,2025-02-20,15,62435.0,11237.0,73672.0
1354,1354,1087,2025-02-03,2025-03-20,45,37128.0,8233.0,45361.0
1355,1355,1019,2025-02-02,2025-03-19,45,18063.0,2582.0,20645.0
1356,1356,1095,2025-02-04,2025-03-06,30,36876.0,10394.0,47270.0
1357,1357,1077,2025-02-06,2025-02-21,15,135590.0,19940.0,155530.0
1358,1358,1055,2025-02-03,2025-03-05,30,63674.0,10152.0,73826.0
1359,1359,1102,2025-02-02,2025-02-17,15,17377.0,3613.0,20990.0
1360,1360,1086,2025-02-05,2025-03-07,30,124748.0,25510.0,150258.0
1361,1361,1014,2025-02-03,2025-03-05,30,35892.0,5411.0,41303.0
1362,1362,1121,2025-02-03,2025-03-05,30,28702.0,5003.0,33705.0
1363,1363,1125,2025-02-02,2025-03-04,30,14036.0,3998.0,18034.0
1364,1364,1039,2025-02-03,2025-03-05,30,26566.0,9098.0,35664.0
1365,1365,1102,2025-02-02,2025-03-04,30,18425.0,2727.0,21152.0
1366,1366,1065,2025-02-02,2025-03-04,30,10921.0,2806.0,13727.0
1367,1367,1005,2025-02-02,2025-03-04,30,10258.0,1689.0,11947.0
1368,1368,1058,2025-02-05,2025-03-07,30,95428.0,11508.0,106936.0
1369,1369,1111,2025-02-03,2025-03-05,30,27826.0,8505.0,36331.0
1370,1370,1056,2025-02-05,2025-03-07,30,131496.0,37157.0,168653.0
1371,1371,1085,2025-02-04,2025-03-06,30,41469.0,5571.0,47040.0
1372,1372,1072,2025-02-03,2025-03-05,30,39600.0,10649.0,50249.0
1373,1373,1079,2025-02-03,2025-02-18,15,39842.0,12732.0,52574.0
1374,1374,1008,2025-02-04,2025-02-19,15,55593.0,17780.0,73373.0
1375,1375,1004,2025-02-02,2025-03-04,30,11680.0,1699.0,13379.0
1376,1376,1055,2025-02-03,2025-02-18,15,40740.0,6805.0,47545.0
1377,1377,1083,2025-02-03,2025-02-18,15,24492.0,6192.0,30684.0
1378,1378,1112,2025-02-02,2025-02-17,15,12002.0,2537.0,14539.0
1379,1379,1111,2025-02-02,2025-03-04,30,12132.0,2402.0,14534.0
1380,1380,1003,2025-02-03,2025-03-05,30,27298.0,5685.0,32983.0
1381,1381,1074,2025-02-03,2025-03-20,45,34694.0,7941.0,42635.0
1382,1382,1027,2025-02-03,2025-02-18,15,26700.0,3984.0,30684.0
1383,1383,1047,2025-02-03,2025-02-18,15,23808.0,3232.0,27040.0
1384,1384,1125,2025-02-02,2025-03-04,30,27665.0,3341.0,31006.0
1385,1385,1074,2025-02-04,2025-03-06,30,96039.0,28478.0,124517.0
1386,1386,1012,2025-02-02,2025-03-04,30,12957.0,2630.0,15587.0
1387,1387,1068,2025-02-03,2025-03-05,30,36244.0,10270.0,46514.0
1388,1388,1084,2025-02-02,2025-02-17,15,13944.0,4198.0,18142.0
1389,1389,1054,2025-02-03,2025-03-05,30,62088.0,8492.0,70580.0
1390,1390,1098,2025-02-03,2025-03-05,30,23798.0,5381.0,29179.0
1391,1391,1064,2025-02-05,2025-03-22,45,69836.0,21087.0,90923.0
1392,1392,1060,2025-02-06,2025-03-23,45,62920.0,12272.0,75192.0
1393,1393,1120,2025-02-03,2025-03-05,30,27954.0,5128.0,33082.0
1394,1394,1047,2025-02-03,2025-02-18,15,31678.0,10951.0,42629.0
1395,1395,1053,2025-02-05,2025-03-07,30,55965.0,15211.0,71176.0
1396,1396,1106,2025-02-05,2025-03-22,45,38850.0,11913.0,50763.0
1397,1397,1031,2025-02-03,2025-02-18,15,13650.0,3126.0,16776.0
1398,1398,1060,2025-02-03,2025-03-05,30,12703.0,4642.0,17345.0
1399,1399,1116,2025-02-07,2025-03-09,30,105785.0,39697.0,145482.0
1400,1400,1085,2025-02-03,2025-03-20,45,12554.0,2718.0,15272.0
1401,1401,1093,2025-02-04,2025-03-21,45,42104.0,15257.0,57361.0
1402,1402,1111,2025-02-03,2025-03-05,30,20126.0,2606.0,22732.0
1403,1403,1086,2025-02-07,2025-03-09,30,66705.0,11233.0,77938.0
1404,1404,1015,2025-02-03,2025-03-05,30,18269.0,3171.0,21440.0
1405,1405,1086,2025-02-04,2025-03-06,30,35200.0,9397.0,44597.0
1406,1406,1031,2025-02-06,2025-03-23,45,128556.0,23006.0,151562.0
1407,1407,1107,2025-02-05,2025-02-20,15,64377.0,14570.0,78947.0
1408,1408,1019,2025-02-04,2025-03-06,30,37072.0,13965.0,51037.0
1409,1409,1053,2025-02-03,2025-03-20,45,13707.0,3712.0,17419.0
1410,1410,1041,2025-02-04,2025-03-06,30,21818.0,6786.0,28604.0
1411,1411,1036,2025-02-04,2025-03-06,30,41884.0,5739.0,47623.0
1412,1412,1003,2025-02-06,2025-03-08,30,97984.0,20248.0,118232.0
1413,1413,1095,2025-02-06,2025-03-08,30,62924.0,9080.0,72004.0
1414,1414,1071,2025-02-06,2025-03-08,30,74652.0,11468.0,86120.0
1415,1415,1116,2025-02-04,2025-03-21,45,23846.0,4223.0,28069.0
1416,1416,1117,2025-02-03,2025-03-05,30,33799.0,12028.0,45827.0
1417,1417,1039,2025-02-06,2025-02-21,15,94940.0,19172.0,114112.0
1418,1418,1118,2025-02-05,2025-03-07,30,39522.0,6974.0,46496.0
1419,1419,1083,2025-02-03,2025-03-20,45,14712.0,2408.0,17120.0
1420,1420,1061,2025-02-03,2025-03-20,45,13717.0,4953.0,18670.0
1421,1421,1055,2025-02-06,2025-03-08,30,61064.0,19767.0,80831.0
1422,1422,1046,2025-02-05,2025-03-22,45,73605.0,16419.0,90024.0
1423,1423,1042,2025-02-05,2025-03-07,30,34530.0,12620.0,47150.0
1424,1424,1102,2025-02-03,2025-03-20,45,11751.0,3145.0,14896.0
1425,1425,1040,2025-02-03,2025-03-05,30,16787.0,2388.0,19175.0
1426,1426,1107,2025-02-03,2025-02-18,15,9988.0,3112.0,13100.0
1427,1427,1053,2025-02-03,2025-03-05,30,18000.0,2414.0,20414.0
1428,1428,1088,2025-02-03,2025-03-05,30,32014.0,9755.0,41769.0
1429,1429,1011,2025-02-03,2025-03-20,45,17261.0,4099.0,21360.0
1430,1430,1029,2025-02-03,2025-03-20,45,14627.0,3494.0,18121.0
1431,1431,1079,2025-02-03,2025-03-20,45,11935.0,4484.0,16419.0
1432,1432,1022,2025-02-06,2025-03-08,30,76524.0,20301.0,96825.0
1433,1433,1020,2025-02-04,2025-02-19,15,28282.0,9855.0,38137.0
1434,1434,1056,2025-02-04,2025-03-06,30,26329.0,6665.0,32994.0
1435,1435,1027,2025-02-07,2025-03-09,30,121456.0,42801.0,164257.0
1436,1436,1037,2025-02-07,2025-03-09,30,50708.0,16403.0,67111.0
1437,1437,1106,2025-02-05,2025-03-07,30,37352.0,13165.0,50517.0
1438,1438,1053,2025-02-06,2025-03-08,30,39987.0,7087.0,47074.0
1439,1439,1032,2025-02-04,2025-03-06,30,32457.0,10216.0,42673.0
1440,1440,1002,2025-02-06,2025-03-23,45,41262.0,12069.0,53331.0
1441,1441,1050,2025-02-07,2025-02-22,15,48364.0,8132.0,56496.0
1442,1442,1013,2025-02-06,2025-03-08,30,57030.0,9897.0,66927.0
1443,1443,1078,2025-02-04,2025-03-06,30,17046.0,2583.0,19629.0
1444,1444,1096,2025-02-08,2025-02-23,15,128220.0,47446.0,175666.0
1445,1445,1086,2025-02-04,2025-03-06,30,26998.0,9073.0,36071.0
1446,1446,1075,2025-02-08,2025-03-10,30,72735.0,16622.0,89357.0
1447,1447,1012,2025-02-04,2025-03-06,30,12046.0,2205.0,14251.0
1448,1448,1015,2025-02-05,2025-03-22,45,27226.0,9877.0,37103.0
1449,1449,1047,2025-02-08,2025-02-23,15,67305.0,20790.0,88095.0
1450,1450,1079,2025-02-04,2025-03-06,30,25026.0,3481.0,28507.0
1451,1451,1095,2025-02-07,2025-03-24,45,123108.0,21140.0,144248.0
1452,1452,1110,2025-02-06,2025-03-08,30,77331.0,29137.0,106468.0
1453,1453,1024,2025-02-05,2025-03-07,30,51108.0,8992.0,60100.0
1454,1454,1056,2025-02-04,2025-03-06,30,12964.0,3826.0,16790.0
1455,1455,1072,2025-02-07,2025-03-09,30,39276.0,12314.0,51590.0
1456,1456,1111,2025-02-05,2025-03-22,45,39970.0,9864.0,49834.0
1457,1457,1096,2025-02-04,2025-03-06,30,12241.0,1610.0,13851.0
1458,1458,1075,2025-02-04,2025-02-19,15,21130.0,5089.0,26219.0
1459,1459,1118,2025-02-08,2025-03-25,45,63585.0,22808.0,86393.0
1460,1460,1114,2025-02-06,2025-03-23,45,36045.0,12176.0,48221.0
1461,1461,1119,2025-02-04,2025-03-21,45,13355.0,5012.0,18367.0
1462,1462,1011,2025-02-06,2025-02-21,15,79974.0,14795.0,94769.0
1463,1463,1085,2025-02-06,2025-03-23,45,36285.0,11766.0,48051.0
1464,1464,1122,2025-02-08,2025-03-25,45,60355.0,13704.0,74059.0
1465,1465,1017,2025-02-07,2025-02-22,15,56628.0,17676.0,74304.0
1466,1466,1042,2025-02-04,2025-03-06,30,11652.0,4383.0,16035.0
1467,1467,1033,2025-02-06,2025-03-08,30,93873.0,29658.0,123531.0
1468,1468,1012,2025-02-08,2025-02-23,15,61915.0,9513.0,71428.0
1469,1469,1123,2025-02-04,2025-02-19,15,11455.0,4082.0,15537.0
1470,1470,1056,2025-02-04,2025-03-06,30,19623.0,5483.0,25106.0
1471,1471,1013,2025-02-07,2025-03-09,30,69180.0,23460.0,92640.0
1472,1472,1114,2025-02-05,2025-03-07,30,61458.0,8652.0,70110.0
1473,1473,1048,2025-02-04,2025-02-19,15,13545.0,3431.0,16976.0
1474,1474,1006,2025-02-05,2025-03-22,45,38456.0,13645.0,52101.0
1475,1475,1120,2025-02-08,2025-03-10,30,85020.0,13952.0,98972.0
1476,1476,1038,2025-02-05,2025-03-07,30,33074.0,10957.0,44031.0
1477,1477,1088,2025-02-04,2025-03-06,30,11743.0,2286.0,14029.0
1478,1478,1038,2025-02-06,2025-02-21,15,92517.0,29160.0,121677.0
1479,1479,1053,2025-02-05,2025-03-07,30,33292.0,11821.0,45113.0
1480,1480,1033,2025-02-06,2025-03-23,45,37644.0,11677.0,49321.0
1481,1481,1060,2025-02-05,2025-03-22,45,28608.0,4021.0,32629.0
1482,1482,1039,2025-02-05,2025-03-07,30,14444.0,1802.0,16246.0
1483,1483,1058,2025-02-07,2025-03-09,30,41055.0,14993.0,56048.0
1484,1484,1024,2025-02-05,2025-03-07,30,19055.0,6793.0,25848.0
1485,1485,1087,2025-02-09,2025-02-24,15,60895.0,20391.0,81286.0
1486,1486,1062,2025-02-06,2025-02-21,15,26224.0,4706.0,30930.0
1487,1487,1096,2025-02-06,2025-03-23,45,26132.0,5434.0,31566.0
1488,1488,1087,2025-02-06,2025-03-23,45,39548.0,10927.0,50475.0
1489,1489,1012,2025-02-07,2025-02-22,15,74964.0,14047.0,89011.0
1490,1490,1110,2025-02-05,2025-03-07,30,15323.0,2373.0,17696.0
1491,1491,1031,2025-02-06,2025-03-08,30,25836.0,7441.0,33277.0
1492,1492,1060,2025-02-06,2025-03-08,30,25922.0,4511.0,30433.0
1493,1493,1116,2025-02-06,2025-02-21,15,26896.0,9171.0,36067.0
1494,1494,1075,2025-02-07,2025-03-09,30,32028.0,11264.0,43292.0
1495,1495,1051,2025-02-05,2025-03-07,30,13007.0,4815.0,17822.0
1496,1496,1109,2025-02-05,2025-03-07,30,12002.0,2780.0,14782.0
1497,1497,1038,2025-02-06,2025-02-21,15,28812.0,9728.0,38540.0
1498,1498,1116,2025-02-06,2025-03-08,30,24548.0,6738.0,31286.0
1499,1499,1068,2025-02-06,2025-03-08,30,52498.0,14104.0,66602.0
1500,1500,1114,2025-02-06,2025-02-21,15,24972.0,8788.0,33760.0
1501,1501,1045,2025-02-06,2025-03-23,45,28208.0,8328.0,36536.0
1502,1502,1057,2025-02-06,2025-03-08,30,24960.0,5865.0,30825.0
1503,1503,1044,2025-02-05,2025-03-07,30,11524.0,1980.0,13504.0
1504,1504,1093,2025-02-08,2025-03-10,30,84752.0,25628.0,110380.0
1505,1505,1087,2025-02-09,2025-02-24,15,95000.0,33075.0,128075.0
1506,1506,1027,2025-02-06,2025-03-08,30,38522.0,7495.0,46017.0
1507,1507,1017,2025-02-07,2025-03-24,45,37623.0,4910.0,42533.0
1508,1508,1064,2025-02-05,2025-03-22,45,13304.0,2168.0,15472.0
1509,1509,1003,2025-02-05,2025-03-07,30,10317.0,3446.0,13763.0
1510,1510,1065,2025-02-05,2025-03-07,30,13563.0,1660.0,15223.0
1511,1511,1080,2025-02-05,2025-03-07,30,14435.0,5118.0,19553.0
1512,1512,1099,2025-02-06,2025-03-08,30,28846.0,8177.0,37023.0
1513,1513,1020,2025-02-08,2025-03-10,30,50316.0,14794.0,65110.0
1514,1514,1122,2025-02-08,2025-02-23,15,103268.0,22214.0,125482.0
1515,1515,1015,2025-02-06,2025-03-08,30,25696.0,4059.0,29755.0
1516,1516,1072,2025-02-07,2025-03-09,30,77673.0,27800.0,105473.0
1517,1517,1112,2025-02-05,2025-03-07,30,12286.0,2176.0,14462.0
1518,1518,1064,2025-02-06,2025-02-21,15,24408.0,9188.0,33596.0
1519,1519,1043,2025-02-05,2025-03-07,30,15992.0,3513.0,19505.0
1520,1520,1001,2025-02-05,2025-03-07,30,36531.0,8519.0,45050.0
1521,1521,1065,2025-02-07,2025-02-22,15,36963.0,6938.0,43901.0
1522,1522,1032,2025-02-05,2025-03-07,30,11423.0,1463.0,12886.0
1523,1523,1030,2025-02-07,2025-02-22,15,40128.0,8656.0,48784.0
1524,1524,1067,2025-02-06,2025-02-21,15,29298.0,10584.0,39882.0
1525,1525,1019,2025-02-06,2025-02-21,15,56818.0,20840.0,77658.0
1526,1526,1052,2025-02-07,2025-02-22,15,102963.0,27997.0,130960.0
1527,1527,1083,2025-02-06,2025-02-21,15,25472.0,7516.0,32988.0
1528,1528,1092,2025-02-07,2025-03-09,30,22332.0,4476.0,26808.0
1529,1529,1090,2025-02-09,2025-03-11,30,110036.0,40773.0,150809.0
1530,1530,1117,2025-02-06,2025-02-21,15,19889.0,4583.0,24472.0
1531,1531,1052,2025-02-08,2025-03-25,45,36633.0,11955.0,48588.0
1532,1532,1101,2025-02-06,2025-03-08,30,12285.0,1616.0,13901.0
1533,1533,1100,2025-02-07,2025-02-22,15,38414.0,7734.0,46148.0
1534,1534,1043,2025-02-06,2025-03-08,30,11295.0,3556.0,14851.0
1535,1535,1028,2025-02-08,2025-03-25,45,34194.0,6510.0,40704.0
1536,1536,1097,2025-02-07,2025-03-24,45,24976.0,9249.0,34225.0
1537,1537,1107,2025-02-06,2025-03-08,30,17297.0,3431.0,20728.0
1538,1538,1015,2025-02-08,2025-03-10,30,95115.0,20534.0,115649.0
1539,1539,1097,2025-02-08,2025-03-10,30,52932.0,7646.0,60578.0
1540,1540,1095,2025-02-06,2025-02-21,15,18364.0,2930.0,21294.0
1541,1541,1092,2025-02-06,2025-03-23,45,12614.0,1679.0,14293.0
1542,1542,1077,2025-02-07,2025-02-22,15,45258.0,11617.0,56875.0
1543,1543,1018,2025-02-06,2025-03-08,30,13175.0,4289.0,17464.0
1544,1544,1042,2025-02-07,2025-03-24,45,33278.0,9687.0,42965.0
1545,1545,1055,2025-02-06,2025-03-08,30,17605.0,3334.0,20939.0
1546,1546,1114,2025-02-06,2025-03-23,45,32611.0,6694.0,39305.0
1547,1547,1072,2025-02-06,2025-03-08,30,12194.0,1594.0,13788.0
1548,1548,1064,2025-02-07,2025-02-22,15,34122.0,9817.0,43939.0
1549,1549,1054,2025-02-10,2025-03-12,30,103305.0,28994.0,132299.0
1550,1550,1092,2025-02-06,2025-02-21,15,30854.0,10697.0,41551.0
1551,1551,1059,2025-02-10,2025-03-27,45,55590.0,16959.0,72549.0
1552,1552,1048,2025-02-08,2025-03-10,30,37098.0,11052.0,48150.0
1553,1553,1038,2025-02-06,2025-02-21,15,26795.0,10122.0,36917.0
1554,1554,1048,2025-02-06,2025-03-23,45,13271.0,1605.0,14876.0
1555,1555,1007,2025-02-07,2025-03-24,45,26994.0,6281.0,33275.0
1556,1556,1024,2025-02-06,2025-03-08,30,27404.0,7400.0,34804.0
1557,1557,1054,2025-02-07,2025-02-22,15,58350.0,16062.0,74412.0
1558,1558,1044,2025-02-06,2025-03-08,30,20822.0,7689.0,28511.0
1559,1559,1065,2025-02-07,2025-03-24,45,57526.0,10753.0,68279.0
1560,1560,1020,2025-02-08,2025-03-10,30,50589.0,11024.0,61613.0
1561,1561,1030,2025-02-06,2025-02-21,15,24237.0,9047.0,33284.0
1562,1562,1086,2025-02-06,2025-03-23,45,23515.0,8591.0,32106.0
1563,1563,1074,2025-02-08,2025-03-25,45,82236.0,22320.0,104556.0
1564,1564,1083,2025-02-08,2025-03-10,30,50037.0,12814.0,62851.0
1565,1565,1007,2025-02-07,2025-03-09,30,23350.0,7022.0,30372.0
1566,1566,1065,2025-02-07,2025-03-24,45,46998.0,11586.0,58584.0
1567,1567,1101,2025-02-06,2025-03-08,30,25469.0,9414.0,34883.0
1568,1568,1075,2025-02-08,2025-03-10,30,38487.0,13032.0,51519.0
1569,1569,1111,2025-02-08,2025-03-10,30,37200.0,13527.0,50727.0
1570,1570,1004,2025-02-06,2025-02-21,15,25655.0,9533.0,35188.0
1571,1571,1022,2025-02-06,2025-02-21,15,25996.0,5558.0,31554.0
1572,1572,1020,2025-02-06,2025-03-08,30,12955.0,4266.0,17221.0
1573,1573,1004,2025-02-08,2025-03-10,30,27240.0,8402.0,35642.0
1574,1574,1034,2025-02-07,2025-03-09,30,20346.0,6533.0,26879.0
1575,1575,1026,2025-02-09,2025-03-11,30,42957.0,5527.0,48484.0
1576,1576,1122,2025-02-08,2025-03-10,30,22906.0,5474.0,28380.0
1577,1577,1053,2025-02-07,2025-03-09,30,12585.0,1735.0,14320.0
1578,1578,1071,2025-02-07,2025-03-24,45,12818.0,3305.0,16123.0
1579,1579,1072,2025-02-09,2025-03-11,30,75294.0,9733.0,85027.0
1580,1580,1065,2025-02-07,2025-03-09,30,15714.0,3139.0,18853.0
1581,1581,1022,2025-02-11,2025-03-13,30,66510.0,9079.0,75589.0
1582,1582,1001,2025-02-08,2025-02-23,15,69198.0,14983.0,84181.0
1583,1583,1084,2025-02-11,2025-03-13,30,153545.0,45514.0,199059.0
1584,1584,1108,2025-02-07,2025-03-24,45,22585.0,4285.0,26870.0
1585,1585,1028,2025-02-11,2025-02-26,15,93110.0,28216.0,121326.0
1586,1586,1039,2025-02-08,2025-03-10,30,36542.0,4424.0,40966.0
1587,1587,1093,2025-02-09,2025-03-26,45,34053.0,5575.0,39628.0
1588,1588,1041,2025-02-07,2025-03-09,30,15557.0,3866.0,19423.0
1589,1589,1097,2025-02-10,2025-03-27,45,88192.0,11764.0,99956.0
1590,1590,1123,2025-02-07,2025-03-24,45,17960.0,5771.0,23731.0
1591,1591,1083,2025-02-07,2025-03-09,30,19312.0,5905.0,25217.0
1592,1592,1072,2025-02-08,2025-03-10,30,53094.0,16367.0,69461.0
1593,1593,1069,2025-02-09,2025-03-11,30,76125.0,24915.0,101040.0
1594,1594,1105,2025-02-10,2025-03-12,30,42300.0,14115.0,56415.0
1595,1595,1105,2025-02-09,2025-03-11,30,52956.0,7154.0,60110.0
1596,1596,1002,2025-02-08,2025-03-10,30,27266.0,8850.0,36116.0
1597,1597,1002,2025-02-08,2025-02-23,15,22166.0,4739.0,26905.0
1598,1598,1012,2025-02-07,2025-02-22,15,13489.0,2242.0,15731.0
1599,1599,1029,2025-02-08,2025-02-23,15,62102.0,11368.0,73470.0
1600,1600,1091,2025-02-08,2025-02-23,15,24458.0,8558.0,33016.0
1601,1601,1082,2025-02-07,2025-03-09,30,21531.0,7632.0,29163.0
1602,1602,1085,2025-02-10,2025-03-27,45,45476.0,10108.0,55584.0
1603,1603,1023,2025-02-09,2025-03-11,30,55410.0,16868.0,72278.0
1604,1604,1030,2025-02-07,2025-02-22,15,12571.0,4630.0,17201.0
1605,1605,1109,2025-02-09,2025-03-11,30,83772.0,29955.0,113727.0
1606,1606,1072,2025-02-11,2025-02-26,15,86500.0,28941.0,115441.0
1607,1607,1087,2025-02-07,2025-02-22,15,24982.0,4768.0,29750.0
1608,1608,1036,2025-02-07,2025-03-09,30,19282.0,5083.0,24365.0
1609,1609,1067,2025-02-08,2025-03-25,45,28014.0,8083.0,36097.0
1610,1610,1058,2025-02-10,2025-02-25,15,72528.0,22263.0,94791.0
1611,1611,1113,2025-02-08,2025-03-10,30,27380.0,6965.0,34345.0
1612,1612,1010,2025-02-07,2025-03-09,30,19931.0,4493.0,24424.0
1613,1613,1009,2025-02-07,2025-03-09,30,25008.0,3935.0,28943.0
1614,1614,1081,2025-02-10,2025-02-25,15,36975.0,9047.0,46022.0
1615,1615,1107,2025-02-10,2025-03-12,30,60774.0,18467.0,79241.0
1616,1616,1121,2025-02-08,2025-03-10,30,13072.0,3816.0,16888.0
1617,1617,1016,2025-02-09,2025-03-11,30,27116.0,5305.0,32421.0
1618,1618,1041,2025-02-08,2025-02-23,15,13272.0,3999.0,17271.0
1619,1619,1008,2025-02-10,2025-02-25,15,86016.0,19133.0,105149.0
1620,1620,1087,2025-02-09,2025-03-11,30,26684.0,7676.0,34360.0
1621,1621,1053,2025-02-08,2025-02-23,15,11507.0,1526.0,13033.0
1622,1622,1002,2025-02-09,2025-03-11,30,26924.0,4930.0,31854.0
1623,1623,1084,2025-02-09,2025-02-24,15,24620.0,3675.0,28295.0
1624,1624,1043,2025-02-10,2025-03-12,30,73977.0,11884.0,85861.0
1625,1625,1108,2025-02-08,2025-03-25,45,17949.0,6399.0,24348.0
1626,1626,1033,2025-02-09,2025-03-11,30,22658.0,8464.0,31122.0
1627,1627,1006,2025-02-09,2025-03-26,45,25732.0,5021.0,30753.0
1628,1628,1123,2025-02-08,2025-03-10,30,13157.0,3213.0,16370.0
1629,1629,1061,2025-02-09,2025-03-11,30,35204.0,6607.0,41811.0
1630,1630,1002,2025-02-08,2025-03-10,30,12505.0,1859.0,14364.0
1631,1631,1072,2025-02-10,2025-03-12,30,55848.0,11935.0,67783.0
1632,1632,1026,2025-02-09,2025-03-26,45,58064.0,16806.0,74870.0
1633,1633,1089,2025-02-08,2025-03-25,45,19022.0,6057.0,25079.0
1634,1634,1075,2025-02-09,2025-02-24,15,54870.0,11880.0,66750.0
1635,1635,1113,2025-02-08,2025-02-23,15,18072.0,6411.0,24483.0
1636,1636,1001,2025-02-08,2025-03-25,45,33267.0,8417.0,41684.0
1637,1637,1099,2025-02-10,2025-03-12,30,56361.0,20307.0,76668.0
1638,1638,1027,2025-02-08,2025-03-10,30,27555.0,4301.0,31856.0
1639,1639,1072,2025-02-10,2025-02-25,15,40803.0,6138.0,46941.0
1640,1640,1075,2025-02-08,2025-03-25,45,12709.0,2874.0,15583.0
1641,1641,1029,2025-02-09,2025-02-24,15,51640.0,13066.0,64706.0
1642,1642,1071,2025-02-10,2025-02-25,15,80613.0,23384.0,103997.0
1643,1643,1107,2025-02-08,2025-03-25,45,12615.0,2662.0,15277.0
1644,1644,1015,2025-02-09,2025-02-24,15,38156.0,10836.0,48992.0
1645,1645,1022,2025-02-08,2025-02-23,15,11983.0,1630.0,13613.0
1646,1646,1113,2025-02-12,2025-03-14,30,133635.0,28499.0,162134.0
1647,1647,1025,2025-02-10,2025-03-12,30,39141.0,8055.0,47196.0
1648,1648,1077,2025-02-09,2025-03-11,30,24580.0,5254.0,29834.0
1649,1649,1110,2025-02-09,2025-03-11,30,25522.0,4264.0,29786.0
1650,1650,1007,2025-02-10,2025-03-12,30,49344.0,18528.0,67872.0
1651,1651,1063,2025-02-08,2025-03-10,30,16453.0,3363.0,19816.0
1652,1652,1085,2025-02-08,2025-03-10,30,12580.0,1520.0,14100.0
1653,1653,1048,2025-02-08,2025-03-10,30,20215.0,6381.0,26596.0
1654,1654,1048,2025-02-09,2025-03-11,30,33494.0,5239.0,38733.0
1655,1655,1082,2025-02-09,2025-03-26,45,32968.0,11262.0,44230.0
1656,1656,1111,2025-02-10,2025-03-27,45,51118.0,13681.0,64799.0
1657,1657,1049,2025-02-09,2025-03-11,30,13319.0,3739.0,17058.0
1658,1658,1011,2025-02-12,2025-03-14,30,70596.0,23197.0,93793.0
1659,1659,1006,2025-02-10,2025-03-27,45,24960.0,8798.0,33758.0
1660,1660,1103,2025-02-10,2025-03-12,30,23268.0,3050.0,26318.0
1661,1661,1057,2025-02-09,2025-02-24,15,18706.0,2352.0,21058.0
1662,1662,1066,2025-02-10,2025-03-12,30,28682.0,9079.0,37761.0
1663,1663,1030,2025-02-09,2025-02-24,15,19801.0,5625.0,25426.0
1664,1664,1043,2025-02-09,2025-02-24,15,12856.0,1997.0,14853.0
1665,1665,1109,2025-02-11,2025-02-26,15,39861.0,11686.0,51547.0
1666,1666,1095,2025-02-11,2025-02-26,15,43023.0,13101.0,56124.0
1667,1667,1037,2025-02-09,2025-03-11,30,18375.0,5492.0,23867.0
1668,1668,1084,2025-02-11,2025-02-26,15,88155.0,16525.0,104680.0
1669,1669,1122,2025-02-11,2025-03-28,45,40182.0,9311.0,49493.0
1670,1670,1067,2025-02-10,2025-03-12,30,25288.0,5659.0,30947.0
1671,1671,1105,2025-02-10,2025-03-12,30,33460.0,7410.0,40870.0
1672,1672,1090,2025-02-11,2025-03-28,45,39933.0,13952.0,53885.0
1673,1673,1004,2025-02-10,2025-03-12,30,28510.0,4020.0,32530.0
1674,1674,1104,2025-02-10,2025-02-25,15,25564.0,9483.0,35047.0
1675,1675,1055,2025-02-10,2025-03-27,45,36656.0,7394.0,44050.0
1676,1676,1003,2025-02-10,2025-02-25,15,34258.0,12303.0,46561.0
1677,1677,1122,2025-02-09,2025-03-26,45,18094.0,6687.0,24781.0
1678,1678,1051,2025-02-10,2025-02-25,15,55130.0,15736.0,70866.0
1679,1679,1069,2025-02-09,2025-03-11,30,23936.0,7167.0,31103.0
1680,1680,1039,2025-02-10,2025-03-12,30,28108.0,5292.0,33400.0
1681,1681,1005,2025-02-09,2025-03-11,30,12308.0,3792.0,16100.0
1682,1682,1050,2025-02-10,2025-03-27,45,67972.0,9030.0,77002.0
1683,1683,1009,2025-02-09,2025-02-24,15,14764.0,3230.0,17994.0
1684,1684,1051,2025-02-10,2025-02-25,15,23240.0,5560.0,28800.0
1685,1685,1062,2025-02-09,2025-02-24,15,14617.0,5046.0,19663.0
1686,1686,1040,2025-02-10,2025-03-12,30,38408.0,14114.0,52522.0
1687,1687,1078,2025-02-11,2025-03-13,30,43860.0,5615.0,49475.0
1688,1688,1026,2025-02-09,2025-02-24,15,18062.0,5115.0,23177.0
1689,1689,1052,2025-02-09,2025-03-26,45,11553.0,4287.0,15840.0
1690,1690,1060,2025-02-09,2025-03-26,45,16849.0,3828.0,20677.0
1691,1691,1113,2025-02-11,2025-03-13,30,53037.0,11472.0,64509.0
1692,1692,1106,2025-02-09,2025-03-11,30,25830.0,5392.0,31222.0
1693,1693,1116,2025-02-09,2025-03-11,30,29724.0,7684.0,37408.0
1694,1694,1013,2025-02-10,2025-03-12,30,34334.0,4683.0,39017.0
1695,1695,1112,2025-02-12,2025-03-14,30,45328.0,16500.0,61828.0
1696,1696,1093,2025-02-12,2025-03-14,30,49848.0,7989.0,57837.0
1697,1697,1098,2025-02-09,2025-02-24,15,17926.0,2946.0,20872.0
1698,1698,1042,2025-02-13,2025-03-15,30,101910.0,22088.0,123998.0
1699,1699,1006,2025-02-09,2025-03-11,30,13710.0,3964.0,17674.0
1700,1700,1096,2025-02-09,2025-03-11,30,12648.0,2608.0,15256.0
1701,1701,1018,2025-02-10,2025-03-27,45,12644.0,2567.0,15211.0
1702,1702,1009,2025-02-12,2025-03-14,30,42720.0,13086.0,55806.0
1703,1703,1036,2025-02-12,2025-02-27,15,34785.0,12870.0,47655.0
1704,1704,1013,2025-02-10,2025-03-12,30,33308.0,11031.0,44339.0
1705,1705,1002,2025-02-10,2025-03-12,30,13390.0,3442.0,16832.0
1706,1706,1028,2025-02-10,2025-03-12,30,20314.0,7463.0,27777.0
1707,1707,1082,2025-02-13,2025-03-15,30,71880.0,20923.0,92803.0
1708,1708,1115,2025-02-11,2025-03-28,45,64974.0,17627.0,82601.0
1709,1709,1049,2025-02-12,2025-03-14,30,37167.0,10995.0,48162.0
1710,1710,1031,2025-02-13,2025-03-15,30,72524.0,22068.0,94592.0
1711,1711,1088,2025-02-10,2025-03-12,30,14518.0,4339.0,18857.0
1712,1712,1103,2025-02-10,2025-03-12,30,18649.0,3064.0,21713.0
1713,1713,1105,2025-02-12,2025-02-27,15,105513.0,28827.0,134340.0
1714,1714,1027,2025-02-11,2025-03-13,30,25962.0,6680.0,32642.0
1715,1715,1042,2025-02-11,2025-03-13,30,50812.0,13726.0,64538.0
1716,1716,1050,2025-02-11,2025-03-13,30,26252.0,3855.0,30107.0
1717,1717,1006,2025-02-10,2025-03-12,30,12398.0,2704.0,15102.0
1718,1718,1077,2025-02-10,2025-02-25,15,14043.0,2389.0,16432.0
1719,1719,1073,2025-02-14,2025-03-16,30,96265.0,19567.0,115832.0
1720,1720,1081,2025-02-14,2025-03-31,45,52195.0,10058.0,62253.0
1721,1721,1082,2025-02-12,2025-03-14,30,53826.0,8821.0,62647.0
1722,1722,1086,2025-02-12,2025-02-27,15,51477.0,9818.0,61295.0
1723,1723,1082,2025-02-10,2025-03-27,45,17156.0,4567.0,21723.0
1724,1724,1002,2025-02-11,2025-03-13,30,35328.0,5069.0,40397.0
1725,1725,1097,2025-02-11,2025-03-13,30,24102.0,4094.0,28196.0
1726,1726,1064,2025-02-10,2025-02-25,15,14194.0,2007.0,16201.0
1727,1727,1077,2025-02-10,2025-03-27,45,14879.0,3315.0,18194.0
1728,1728,1018,2025-02-11,2025-02-26,15,52764.0,19592.0,72356.0
1729,1729,1083,2025-02-11,2025-02-26,15,19770.0,5705.0,25475.0
1730,1730,1094,2025-02-12,2025-03-14,30,93816.0,21965.0,115781.0
1731,1731,1032,2025-02-10,2025-02-25,15,13896.0,4784.0,18680.0
1732,1732,1112,2025-02-12,2025-03-14,30,90273.0,21013.0,111286.0
1733,1733,1009,2025-02-10,2025-03-12,30,14692.0,3890.0,18582.0
1734,1734,1121,2025-02-10,2025-02-25,15,25455.0,4169.0,29624.0
1735,1735,1031,2025-02-10,2025-02-25,15,13796.0,3099.0,16895.0
1736,1736,1022,2025-02-11,2025-02-26,15,30846.0,6554.0,37400.0
1737,1737,1058,2025-02-10,2025-03-12,30,18408.0,5616.0,24024.0
1738,1738,1062,2025-02-10,2025-03-27,45,26959.0,3653.0,30612.0
1739,1739,1065,2025-02-11,2025-03-13,30,13958.0,1711.0,15669.0
1740,1740,1098,2025-02-12,2025-03-29,45,40036.0,8053.0,48089.0
1741,1741,1118,2025-02-14,2025-03-16,30,49268.0,17282.0,66550.0
1742,1742,1040,2025-02-12,2025-03-14,30,26192.0,7671.0,33863.0
1743,1743,1010,2025-02-12,2025-03-29,45,27068.0,4052.0,31120.0
1744,1744,1111,2025-02-13,2025-03-30,45,38190.0,9323.0,47513.0
1745,1745,1119,2025-02-13,2025-03-15,30,54996.0,9696.0,64692.0
1746,1746,1076,2025-02-12,2025-03-14,30,24004.0,3018.0,27022.0
1747,1747,1016,2025-02-14,2025-03-31,45,52912.0,6771.0,59683.0
1748,1748,1117,2025-02-12,2025-03-14,30,23868.0,3804.0,27672.0
1749,1749,1082,2025-02-11,2025-03-13,30,18840.0,6891.0,25731.0
1750,1750,1032,2025-02-13,2025-03-15,30,61650.0,13878.0,75528.0
1751,1751,1091,2025-02-14,2025-03-16,30,47660.0,14927.0,62587.0
1752,1752,1088,2025-02-13,2025-03-15,30,54855.0,11771.0,66626.0
1753,1753,1085,2025-02-11,2025-02-26,15,13763.0,2611.0,16374.0
1754,1754,1051,2025-02-11,2025-03-13,30,28661.0,8629.0,37290.0
1755,1755,1117,2025-02-15,2025-03-17,30,79065.0,12149.0,91214.0
1756,1756,1124,2025-02-12,2025-02-27,15,25270.0,3807.0,29077.0
1757,1757,1094,2025-02-14,2025-03-31,45,78596.0,16039.0,94635.0
1758,1758,1100,2025-02-14,2025-03-16,30,55484.0,8414.0,63898.0
1759,1759,1027,2025-02-13,2025-03-15,30,102423.0,36959.0,139382.0
1760,1760,1001,2025-02-12,2025-03-14,30,58028.0,16736.0,74764.0
1761,1761,1054,2025-02-13,2025-03-30,45,37494.0,10552.0,48046.0
1762,1762,1026,2025-02-13,2025-02-28,15,50337.0,17888.0,68225.0
1763,1763,1073,2025-02-12,2025-02-27,15,40056.0,9042.0,49098.0
1764,1764,1034,2025-02-11,2025-03-13,30,33983.0,7389.0,41372.0
1765,1765,1117,2025-02-14,2025-03-31,45,113660.0,20200.0,133860.0
1766,1766,1036,2025-02-14,2025-03-16,30,72064.0,13796.0,85860.0
1767,1767,1063,2025-02-11,2025-03-28,45,13600.0,4766.0,18366.0
1768,1768,1075,2025-02-11,2025-03-13,30,18402.0,6224.0,24626.0
1769,1769,1102,2025-02-11,2025-03-13,30,31890.0,3963.0,35853.0
1770,1770,1061,2025-02-12,2025-02-27,15,25634.0,5039.0,30673.0
1771,1771,1088,2025-02-12,2025-03-29,45,29988.0,5493.0,35481.0
1772,1772,1049,2025-02-15,2025-04-01,45,140450.0,31719.0,172169.0
1773,1773,1104,2025-02-15,2025-03-02,15,88055.0,29969.0,118024.0
1774,1774,1018,2025-02-12,2025-02-27,15,24644.0,7100.0,31744.0
1775,1775,1122,2025-02-11,2025-03-13,30,10558.0,2639.0,13197.0
1776,1776,1061,2025-02-13,2025-02-28,15,50433.0,17712.0,68145.0
1777,1777,1082,2025-02-13,2025-02-28,15,50817.0,7582.0,58399.0
1778,1778,1104,2025-02-13,2025-03-15,30,74715.0,11608.0,86323.0
1779,1779,1063,2025-02-13,2025-03-30,45,56241.0,19280.0,75521.0
1780,1780,1120,2025-02-12,2025-02-27,15,21086.0,5745.0,26831.0
1781,1781,1013,2025-02-13,2025-02-28,15,41025.0,6237.0,47262.0
1782,1782,1074,2025-02-11,2025-03-13,30,19509.0,7380.0,26889.0
1783,1783,1064,2025-02-13,2025-03-15,30,103932.0,21304.0,125236.0
1784,1784,1022,2025-02-11,2025-03-28,45,27193.0,6010.0,33203.0
1785,1785,1070,2025-02-15,2025-03-17,30,120280.0,42766.0,163046.0
1786,1786,1056,2025-02-11,2025-03-13,30,12415.0,4039.0,16454.0
1787,1787,1042,2025-02-11,2025-03-13,30,24561.0,3834.0,28395.0
1788,1788,1115,2025-02-13,2025-03-15,30,75570.0,17405.0,92975.0
1789,1789,1082,2025-02-13,2025-03-15,30,60216.0,20609.0,80825.0
1790,1790,1099,2025-02-11,2025-03-13,30,20765.0,2655.0,23420.0
1791,1791,1117,2025-02-11,2025-03-28,45,21920.0,4025.0,25945.0
1792,1792,1110,2025-02-13,2025-03-15,30,51642.0,14439.0,66081.0
1793,1793,1038,2025-02-11,2025-03-13,30,11637.0,1484.0,13121.0
1794,1794,1015,2025-02-11,2025-02-26,15,14194.0,5166.0,19360.0
1795,1795,1049,2025-02-11,2025-03-13,30,17465.0,3531.0,20996.0
1796,1796,1055,2025-02-11,2025-03-13,30,15618.0,2819.0,18437.0
1797,1797,1078,2025-02-13,2025-03-15,30,26008.0,6823.0,32831.0
1798,1798,1110,2025-02-12,2025-02-27,15,16693.0,5859.0,22552.0
1799,1799,1059,2025-02-12,2025-03-14,30,13271.0,3207.0,16478.0
1800,1800,1109,2025-02-12,2025-03-14,30,11633.0,2056.0,13689.0
1801,1801,1016,2025-02-14,2025-03-16,30,88086.0,26465.0,114551.0
1802,1802,1081,2025-02-14,2025-03-31,45,46572.0,12491.0,59063.0
1803,1803,1043,2025-02-13,2025-03-30,45,54024.0,10909.0,64933.0
1804,1804,1120,2025-02-14,2025-03-01,15,43935.0,15598.0,59533.0
1805,1805,1063,2025-02-14,2025-03-01,15,99819.0,35584.0,135403.0
1806,1806,1117,2025-02-12,2025-03-14,30,17708.0,2906.0,20614.0
1807,1807,1045,2025-02-16,2025-03-03,15,150880.0,42712.0,193592.0
1808,1808,1037,2025-02-13,2025-03-30,45,40580.0,15320.0,55900.0
1809,1809,1042,2025-02-15,2025-03-02,15,48852.0,10021.0,58873.0
1810,1810,1109,2025-02-13,2025-03-15,30,36404.0,9819.0,46223.0
1811,1811,1062,2025-02-12,2025-03-14,30,23366.0,4567.0,27933.0
1812,1812,1096,2025-02-12,2025-03-14,30,12141.0,2145.0,14286.0
1813,1813,1101,2025-02-14,2025-03-16,30,38820.0,4861.0,43681.0
1814,1814,1055,2025-02-12,2025-03-14,30,24562.0,4645.0,29207.0
1815,1815,1121,2025-02-12,2025-02-27,15,17373.0,5084.0,22457.0
1816,1816,1076,2025-02-16,2025-03-03,15,67770.0,25313.0,93083.0
1817,1817,1051,2025-02-12,2025-03-14,30,12666.0,4106.0,16772.0
1818,1818,1084,2025-02-14,2025-03-16,30,57420.0,18145.0,75565.0
1819,1819,1060,2025-02-14,2025-03-31,45,54285.0,20486.0,74771.0
1820,1820,1084,2025-02-14,2025-03-16,30,73587.0,24339.0,97926.0
1821,1821,1117,2025-02-12,2025-03-14,30,13694.0,4099.0,17793.0
1822,1822,1074,2025-02-12,2025-03-14,30,19863.0,5470.0,25333.0
1823,1823,1083,2025-02-14,2025-03-16,30,35457.0,12983.0,48440.0
1824,1824,1042,2025-02-12,2025-02-27,15,17602.0,3558.0,21160.0
1825,1825,1003,2025-02-15,2025-03-02,15,53548.0,17099.0,70647.0
1826,1826,1068,2025-02-14,2025-03-16,30,43050.0,6233.0,49283.0
1827,1827,1016,2025-02-13,2025-02-28,15,35626.0,6163.0,41789.0
1828,1828,1016,2025-02-12,2025-03-29,45,15866.0,5979.0,21845.0
1829,1829,1016,2025-02-13,2025-03-30,45,21878.0,7171.0,29049.0
1830,1830,1012,2025-02-13,2025-02-28,15,24074.0,7424.0,31498.0
1831,1831,1047,2025-02-15,2025-04-01,45,80540.0,24298.0,104838.0
1832,1832,1085,2025-02-12,2025-03-14,30,24998.0,5083.0,30081.0
1833,1833,1085,2025-02-12,2025-03-14,30,10895.0,2468.0,13363.0
1834,1834,1041,2025-02-12,2025-03-14,30,18087.0,3743.0,21830.0
1835,1835,1013,2025-02-16,2025-03-03,15,87095.0,29404.0,116499.0
1836,1836,1019,2025-02-12,2025-03-29,45,18160.0,3221.0,21381.0
1837,1837,1046,2025-02-14,2025-03-31,45,36252.0,8291.0,44543.0
1838,1838,1084,2025-02-15,2025-03-17,30,35706.0,7209.0,42915.0
1839,1839,1033,2025-02-14,2025-03-16,30,49630.0,7568.0,57198.0
1840,1840,1035,2025-02-16,2025-03-03,15,75976.0,20081.0,96057.0
1841,1841,1048,2025-02-15,2025-03-17,30,84099.0,17854.0,101953.0
1842,1842,1041,2025-02-14,2025-03-01,15,39610.0,7506.0,47116.0
1843,1843,1078,2025-02-14,2025-03-31,45,57046.0,16277.0,73323.0
1844,1844,1043,2025-02-13,2025-03-15,30,12233.0,3603.0,15836.0
1845,1845,1035,2025-02-14,2025-03-16,30,34046.0,7133.0,41179.0
1846,1846,1029,2025-02-15,2025-03-17,30,44862.0,13866.0,58728.0
1847,1847,1023,2025-02-13,2025-02-28,15,14279.0,4195.0,18474.0
1848,1848,1045,2025-02-16,2025-03-18,30,74520.0,14853.0,89373.0
1849,1849,1078,2025-02-16,2025-04-02,45,71128.0,21259.0,92387.0
1850,1850,1104,2025-02-13,2025-03-15,30,12658.0,3654.0,16312.0
1851,1851,1077,2025-02-17,2025-03-19,30,87355.0,11262.0,98617.0
1852,1852,1092,2025-02-14,2025-03-31,45,50250.0,15179.0,65429.0
1853,1853,1095,2025-02-13,2025-03-15,30,14189.0,3018.0,17207.0
1854,1854,1087,2025-02-16,2025-03-18,30,45792.0,14806.0,60598.0
1855,1855,1046,2025-02-15,2025-03-17,30,60777.0,11903.0,72680.0
1856,1856,1113,2025-02-14,2025-03-16,30,53362.0,10821.0,64183.0
1857,1857,1012,2025-02-13,2025-03-15,30,27416.0,7223.0,34639.0
1858,1858,1094,2025-02-14,2025-03-01,15,51990.0,11885.0,63875.0
1859,1859,1011,2025-02-13,2025-03-15,30,12871.0,3950.0,16821.0
1860,1860,1055,2025-02-14,2025-03-16,30,42106.0,10904.0,53010.0
1861,1861,1064,2025-02-16,2025-03-03,15,62904.0,17185.0,80089.0
1862,1862,1079,2025-02-17,2025-03-04,15,89585.0,11867.0,101452.0
1863,1863,1055,2025-02-15,2025-03-17,30,35019.0,10458.0,45477.0
1864,1864,1106,2025-02-15,2025-03-02,15,54450.0,6851.0,61301.0
1865,1865,1006,2025-02-16,2025-03-18,30,81372.0,20732.0,102104.0
1866,1866,1029,2025-02-17,2025-03-19,30,98605.0,23020.0,121625.0
1867,1867,1046,2025-02-14,2025-03-16,30,23634.0,5873.0,29507.0
1868,1868,1117,2025-02-14,2025-03-01,15,49212.0,13379.0,62591.0
1869,1869,1110,2025-02-15,2025-03-17,30,56748.0,15353.0,72101.0
1870,1870,1073,2025-02-13,2025-03-15,30,13031.0,2403.0,15434.0
1871,1871,1123,2025-02-16,2025-03-18,30,57048.0,11995.0,69043.0
1872,1872,1063,2025-02-15,2025-03-17,30,49239.0,15876.0,65115.0
1873,1873,1039,2025-02-13,2025-02-28,15,12973.0,2559.0,15532.0
1874,1874,1013,2025-02-13,2025-03-15,30,13020.0,3864.0,16884.0
1875,1875,1116,2025-02-13,2025-03-30,45,13522.0,4616.0,18138.0
1876,1876,1029,2025-02-13,2025-02-28,15,13477.0,3175.0,16652.0
1877,1877,1115,2025-02-14,2025-03-31,45,27754.0,6219.0,33973.0
1878,1878,1021,2025-02-15,2025-03-02,15,32571.0,5626.0,38197.0
1879,1879,1015,2025-02-16,2025-04-02,45,41502.0,15582.0,57084.0
1880,1880,1096,2025-02-14,2025-03-16,30,11587.0,4319.0,15906.0
1881,1881,1035,2025-02-14,2025-03-31,45,15081.0,2464.0,17545.0
1882,1882,1088,2025-02-15,2025-03-17,30,23666.0,6842.0,30508.0
1883,1883,1119,2025-02-14,2025-03-01,15,19680.0,5624.0,25304.0
1884,1884,1123,2025-02-16,2025-03-18,30,51675.0,15050.0,66725.0
1885,1885,1031,2025-02-14,2025-03-16,30,10922.0,3647.0,14569.0
1886,1886,1077,2025-02-16,2025-04-02,45,37950.0,12168.0,50118.0
1887,1887,1032,2025-02-15,2025-03-02,15,31840.0,7580.0,39420.0
1888,1888,1036,2025-02-16,2025-03-03,15,55860.0,11850.0,67710.0
1889,1889,1026,2025-02-17,2025-04-03,45,73780.0,10346.0,84126.0
1890,1890,1094,2025-02-16,2025-03-18,30,43578.0,8935.0,52513.0
1891,1891,1030,2025-02-14,2025-03-01,15,16645.0,2615.0,19260.0
1892,1892,1025,2025-02-15,2025-03-02,15,23744.0,3296.0,27040.0
1893,1893,1053,2025-02-15,2025-04-01,45,51702.0,13253.0,64955.0
1894,1894,1029,2025-02-16,2025-03-18,30,55971.0,13643.0,69614.0
1895,1895,1035,2025-02-15,2025-03-17,30,24234.0,7127.0,31361.0
1896,1896,1032,2025-02-17,2025-03-04,15,47892.0,13673.0,61565.0
1897,1897,1028,2025-02-14,2025-03-31,45,14234.0,3874.0,18108.0
1898,1898,1056,2025-02-14,2025-03-01,15,13188.0,2426.0,15614.0
1899,1899,1002,2025-02-17,2025-03-04,15,49988.0,7100.0,57088.0
1900,1900,1047,2025-02-16,2025-03-18,30,57078.0,10089.0,67167.0
1901,1901,1084,2025-02-15,2025-03-17,30,34008.0,11357.0,45365.0
1902,1902,1014,2025-02-15,2025-03-17,30,24948.0,7189.0,32137.0
1903,1903,1084,2025-02-16,2025-03-18,30,32220.0,4277.0,36497.0
1904,1904,1013,2025-02-14,2025-03-01,15,29260.0,6982.0,36242.0
1905,1905,1026,2025-02-15,2025-03-17,30,24356.0,8401.0,32757.0
1906,1906,1054,2025-02-14,2025-03-16,30,14003.0,4445.0,18448.0
1907,1907,1125,2025-02-14,2025-03-16,30,20341.0,4068.0,24409.0
1908,1908,1016,2025-02-15,2025-03-02,15,21790.0,4714.0,26504.0
1909,1909,1003,2025-02-14,2025-03-01,15,27477.0,6696.0,34173.0
1910,1910,1038,2025-02-14,2025-03-16,30,12149.0,4295.0,16444.0
1911,1911,1051,2025-02-15,2025-03-17,30,24150.0,2898.0,27048.0
1912,1912,1010,2025-02-15,2025-03-17,30,32262.0,10131.0,42393.0
1913,1913,1035,2025-02-16,2025-04-02,45,38514.0,9432.0,47946.0
1914,1914,1076,2025-02-14,2025-03-31,45,11643.0,3420.0,15063.0
1915,1915,1068,2025-02-17,2025-03-19,30,64724.0,9998.0,74722.0
1916,1916,1035,2025-02-17,2025-03-19,30,52356.0,16417.0,68773.0
1917,1917,1019,2025-02-14,2025-03-16,30,18431.0,5603.0,24034.0
1918,1918,1112,2025-02-14,2025-03-31,45,25870.0,5798.0,31668.0
1919,1919,1001,2025-02-15,2025-03-17,30,67236.0,14323.0,81559.0
1920,1920,1042,2025-02-15,2025-03-17,30,33540.0,9463.0,43003.0
1921,1921,1079,2025-02-16,2025-03-18,30,37407.0,11854.0,49261.0
1922,1922,1002,2025-02-18,2025-03-20,30,58145.0,15741.0,73886.0
1923,1923,1069,2025-02-14,2025-03-16,30,35254.0,9912.0,45166.0
1924,1924,1075,2025-02-17,2025-03-19,30,87680.0,12382.0,100062.0
1925,1925,1082,2025-02-16,2025-04-02,45,34464.0,11318.0,45782.0
1926,1926,1042,2025-02-14,2025-03-16,30,15953.0,2313.0,18266.0
1927,1927,1030,2025-02-17,2025-03-19,30,106731.0,26349.0,133080.0
1928,1928,1059,2025-02-16,2025-03-18,30,33384.0,8567.0,41951.0
1929,1929,1063,2025-02-18,2025-04-04,45,51224.0,7732.0,58956.0
1930,1930,1105,2025-02-15,2025-03-02,15,23746.0,4925.0,28671.0
1931,1931,1010,2025-02-16,2025-03-03,15,29214.0,8471.0,37685.0
1932,1932,1018,2025-02-16,2025-03-18,30,22642.0,5993.0,28635.0
1933,1933,1049,2025-02-17,2025-03-19,30,59277.0,21730.0,81007.0
1934,1934,1017,2025-02-15,2025-04-01,45,13796.0,3577.0,17373.0
1935,1935,1081,2025-02-15,2025-03-17,30,10582.0,3251.0,13833.0
1936,1936,1105,2025-02-17,2025-03-19,30,56628.0,6823.0,63451.0
1937,1937,1062,2025-02-17,2025-03-04,15,34284.0,11597.0,45881.0
1938,1938,1032,2025-02-18,2025-03-20,30,71228.0,25665.0,96893.0
1939,1939,1016,2025-02-17,2025-03-04,15,41193.0,9566.0,50759.0
1940,1940,1054,2025-02-15,2025-03-17,30,14338.0,4398.0,18736.0
1941,1941,1055,2025-02-18,2025-03-05,15,55672.0,20492.0,76164.0
1942,1942,1088,2025-02-16,2025-04-02,45,28010.0,3591.0,31601.0
1943,1943,1022,2025-02-17,2025-03-04,15,71544.0,17106.0,88650.0
1944,1944,1043,2025-02-15,2025-03-02,15,25140.0,3590.0,28730.0
1945,1945,1115,2025-02-18,2025-03-20,30,52180.0,10009.0,62189.0
1946,1946,1055,2025-02-15,2025-04-01,45,12325.0,3852.0,16177.0
1947,1947,1105,2025-02-17,2025-03-04,15,39603.0,10286.0,49889.0
1948,1948,1034,2025-02-18,2025-03-20,30,46716.0,17229.0,63945.0
1949,1949,1001,2025-02-17,2025-03-19,30,96636.0,19032.0,115668.0
1950,1950,1058,2025-02-19,2025-03-06,15,129960.0,33357.0,163317.0
1951,1951,1009,2025-02-17,2025-03-04,15,57189.0,15020.0,72209.0
1952,1952,1017,2025-02-16,2025-04-02,45,26398.0,9902.0,36300.0
1953,1953,1055,2025-02-16,2025-03-03,15,26710.0,5648.0,32358.0
1954,1954,1121,2025-02-19,2025-03-06,15,89375.0,33334.0,122709.0
1955,1955,1064,2025-02-15,2025-03-17,30,17792.0,6626.0,24418.0
1956,1956,1092,2025-02-16,2025-04-02,45,36954.0,4606.0,41560.0
1957,1957,1096,2025-02-16,2025-03-18,30,26140.0,9727.0,35867.0
1958,1958,1047,2025-02-15,2025-03-17,30,13221.0,4590.0,17811.0
1959,1959,1008,2025-02-19,2025-03-21,30,105735.0,22104.0,127839.0
1960,1960,1059,2025-02-16,2025-04-02,45,50998.0,11237.0,62235.0
1961,1961,1117,2025-02-18,2025-03-20,30,48420.0,12984.0,61404.0
1962,1962,1090,2025-02-15,2025-03-17,30,12640.0,2363.0,15003.0
1963,1963,1124,2025-02-16,2025-04-02,45,35330.0,7758.0,43088.0
1964,1964,1077,2025-02-15,2025-03-17,30,11646.0,2289.0,13935.0
1965,1965,1011,2025-02-15,2025-04-01,45,24170.0,6055.0,30225.0
1966,1966,1061,2025-02-15,2025-04-01,45,11158.0,4028.0,15186.0
1967,1967,1039,2025-02-17,2025-03-04,15,58968.0,18582.0,77550.0
1968,1968,1015,2025-02-17,2025-03-19,30,37647.0,14068.0,51715.0
1969,1969,1097,2025-02-18,2025-03-20,30,50080.0,11602.0,61682.0
1970,1970,1059,2025-02-17,2025-03-04,15,26362.0,4187.0,30549.0
1971,1971,1055,2025-02-18,2025-03-20,30,48258.0,8168.0,56426.0
1972,1972,1049,2025-02-16,2025-03-03,15,25263.0,8589.0,33852.0
1973,1973,1024,2025-02-16,2025-04-02,45,24257.0,2963.0,27220.0
1974,1974,1010,2025-02-20,2025-03-22,30,154840.0,22703.0,177543.0
1975,1975,1022,2025-02-17,2025-04-03,45,58334.0,8753.0,67087.0
1976,1976,1035,2025-02-17,2025-03-19,30,22348.0,7267.0,29615.0
1977,1977,1037,2025-02-16,2025-03-18,30,12788.0,3911.0,16699.0
1978,1978,1002,2025-02-16,2025-03-18,30,12452.0,1984.0,14436.0
1979,1979,1035,2025-02-16,2025-04-02,45,18156.0,5771.0,23927.0
1980,1980,1102,2025-02-17,2025-03-04,15,24904.0,9186.0,34090.0
1981,1981,1097,2025-02-16,2025-03-03,15,16913.0,3644.0,20557.0
1982,1982,1097,2025-02-17,2025-03-19,30,30600.0,4229.0,34829.0
1983,1983,1115,2025-02-17,2025-04-03,45,24472.0,4256.0,28728.0
1984,1984,1020,2025-02-16,2025-03-18,30,17225.0,5824.0,23049.0
1985,1985,1021,2025-02-18,2025-03-20,30,38520.0,5291.0,43811.0
1986,1986,1012,2025-02-17,2025-04-03,45,24890.0,5322.0,30212.0
1987,1987,1092,2025-02-16,2025-03-18,30,24834.0,5561.0,30395.0
1988,1988,1094,2025-02-20,2025-03-22,30,60715.0,15759.0,76474.0
1989,1989,1038,2025-02-17,2025-03-19,30,35322.0,9330.0,44652.0
1990,1990,1115,2025-02-19,2025-03-21,30,51296.0,17982.0,69278.0
1991,1991,1123,2025-02-18,2025-03-20,30,61233.0,18926.0,80159.0
1992,1992,1104,2025-02-17,2025-04-03,45,25248.0,3042.0,28290.0
1993,1993,1115,2025-02-18,2025-03-20,30,41601.0,13925.0,55526.0
1994,1994,1120,2025-02-16,2025-03-18,30,11313.0,4066.0,15379.0
1995,1995,1091,2025-02-16,2025-04-02,45,12415.0,4321.0,16736.0
1996,1996,1033,2025-02-16,2025-03-03,15,32988.0,5776.0,38764.0
1997,1997,1063,2025-02-17,2025-03-04,15,44106.0,13083.0,57189.0
1998,1998,1110,2025-02-19,2025-03-21,30,46612.0,12826.0,59438.0
1999,1999,1041,2025-02-18,2025-04-04,45,49038.0,7424.0,56462.0
2000,2000,1034,2025-02-18,2025-03-20,30,37617.0,6474.0,44091.0
2001,2001,1102,2025-02-20,2025-04-06,45,129935.0,25841.0,155776.0
2002,2002,1110,2025-02-18,2025-04-04,45,37803.0,9261.0,47064.0
2003,2003,1112,2025-02-17,2025-03-19,30,26172.0,4401.0,30573.0
2004,2004,1083,2025-02-16,2025-03-18,30,12079.0,2369.0,14448.0
2005,2005,1123,2025-02-18,2025-03-20,30,56097.0,20161.0,76258.0
2006,2006,1043,2025-02-18,2025-03-05,15,78534.0,11961.0,90495.0
2007,2007,1015,2025-02-16,2025-04-02,45,13037.0,3548.0,16585.0
2008,2008,1061,2025-02-16,2025-03-03,15,14268.0,3981.0,18249.0
2009,2009,1008,2025-02-16,2025-03-03,15,14391.0,2135.0,16526.0
2010,2010,1061,2025-02-17,2025-04-03,45,50066.0,9202.0,59268.0
2011,2011,1033,2025-02-16,2025-03-03,15,12707.0,3773.0,16480.0
2012,2012,1052,2025-02-16,2025-03-03,15,16859.0,6067.0,22926.0
2013,2013,1115,2025-02-19,2025-03-21,30,48140.0,13068.0,61208.0
2014,2014,1116,2025-02-18,2025-04-04,45,38970.0,7037.0,46007.0
2015,2015,1062,2025-02-17,2025-03-19,30,13780.0,3663.0,17443.0
2016,2016,1089,2025-02-19,2025-04-05,45,37017.0,7380.0,44397.0
2017,2017,1115,2025-02-19,2025-03-21,30,51297.0,14168.0,65465.0
2018,2018,1106,2025-02-17,2025-03-19,30,17432.0,2096.0,19528.0
2019,2019,1041,2025-02-19,2025-04-05,45,72309.0,24391.0,96700.0
2020,2020,1102,2025-02-20,2025-04-06,45,47068.0,16718.0,63786.0
2021,2021,1001,2025-02-18,2025-04-04,45,50612.0,12149.0,62761.0
2022,2022,1075,2025-02-20,2025-03-07,15,93520.0,25688.0,119208.0
2023,2023,1054,2025-02-17,2025-03-04,15,11571.0,2170.0,13741.0
2024,2024,1025,2025-02-19,2025-04-05,45,55839.0,12108.0,67947.0
2025,2025,1105,2025-02-18,2025-03-20,30,53316.0,17000.0,70316.0
2026,2026,1064,2025-02-17,2025-03-04,15,12870.0,2111.0,14981.0
2027,2027,1046,2025-02-18,2025-04-04,45,35422.0,6555.0,41977.0
2028,2028,1059,2025-02-18,2025-03-20,30,58358.0,17172.0,75530.0
2029,2029,1070,2025-02-17,2025-04-03,45,14633.0,4145.0,18778.0
2030,2030,1090,2025-02-17,2025-03-19,30,12041.0,3365.0,15406.0
2031,2031,1012,2025-02-20,2025-03-22,30,66040.0,20967.0,87007.0
2032,2032,1064,2025-02-17,2025-03-19,30,30225.0,4797.0,35022.0
2033,2033,1082,2025-02-18,2025-03-20,30,34778.0,9540.0,44318.0
2034,2034,1029,2025-02-18,2025-03-20,30,24776.0,4398.0,29174.0
2035,2035,1110,2025-02-18,2025-03-05,15,69614.0,20005.0,89619.0
2036,2036,1106,2025-02-17,2025-03-19,30,13546.0,2757.0,16303.0
2037,2037,1121,2025-02-19,2025-03-06,15,52857.0,19101.0,71958.0
2038,2038,1108,2025-02-17,2025-03-04,15,13227.0,2167.0,15394.0
2039,2039,1001,2025-02-20,2025-03-07,15,96844.0,33886.0,130730.0
2040,2040,1105,2025-02-18,2025-03-20,30,52836.0,14496.0,67332.0
2041,2041,1022,2025-02-19,2025-04-05,45,58713.0,12907.0,71620.0
2042,2042,1083,2025-02-21,2025-03-08,15,133030.0,33738.0,166768.0
2043,2043,1055,2025-02-17,2025-04-03,45,12540.0,2800.0,15340.0
2044,2044,1067,2025-02-18,2025-03-20,30,27322.0,5033.0,32355.0
2045,2045,1074,2025-02-18,2025-04-04,45,13006.0,1777.0,14783.0
2046,2046,1034,2025-02-20,2025-03-07,15,99366.0,16885.0,116251.0
2047,2047,1002,2025-02-18,2025-03-20,30,32689.0,8093.0,40782.0
2048,2048,1091,2025-02-19,2025-03-21,30,37172.0,5793.0,42965.0
2049,2049,1059,2025-02-22,2025-03-09,15,103830.0,27121.0,130951.0
2050,2050,1084,2025-02-20,2025-04-06,45,56337.0,11729.0,68066.0
2051,2051,1101,2025-02-18,2025-04-04,45,25405.0,9407.0,34812.0
2052,2052,1011,2025-02-18,2025-03-20,30,14410.0,5231.0,19641.0
2053,2053,1059,2025-02-19,2025-03-21,30,48938.0,13942.0,62880.0
2054,2054,1034,2025-02-18,2025-03-20,30,24848.0,4971.0,29819.0
2055,2055,1051,2025-02-18,2025-03-20,30,22811.0,6294.0,29105.0
2056,2056,1063,2025-02-20,2025-03-22,30,42384.0,10877.0,53261.0
2057,2057,1117,2025-02-18,2025-03-20,30,24056.0,4133.0,28189.0
2058,2058,1116,2025-02-18,2025-04-04,45,13270.0,1933.0,15203.0
2059,2059,1045,2025-02-19,2025-03-21,30,30718.0,8104.0,38822.0
2060,2060,1021,2025-02-19,2025-04-05,45,38378.0,5667.0,44045.0
2061,2061,1067,2025-02-18,2025-03-05,15,16967.0,4055.0,21022.0
2062,2062,1015,2025-02-18,2025-03-20,30,17272.0,4520.0,21792.0
2063,2063,1017,2025-02-18,2025-03-20,30,27988.0,7682.0,35670.0
2064,2064,1045,2025-02-19,2025-03-21,30,26854.0,3499.0,30353.0
2065,2065,1122,2025-02-20,2025-03-07,15,56913.0,7226.0,64139.0
2066,2066,1088,2025-02-18,2025-03-20,30,11640.0,2516.0,14156.0
2067,2067,1076,2025-02-20,2025-03-22,30,107550.0,34734.0,142284.0
2068,2068,1063,2025-02-20,2025-03-22,30,41196.0,5305.0,46501.0
2069,2069,1014,2025-02-19,2025-04-05,45,25060.0,8481.0,33541.0
2070,2070,1048,2025-02-19,2025-04-05,45,39356.0,5555.0,44911.0
2071,2071,1033,2025-02-20,2025-03-07,15,87651.0,17759.0,105410.0
2072,2072,1083,2025-02-18,2025-04-04,45,16027.0,5020.0,21047.0
2073,2073,1055,2025-02-19,2025-03-06,15,56136.0,9528.0,65664.0
2074,2074,1085,2025-02-19,2025-03-21,30,70584.0,12762.0,83346.0
2075,2075,1092,2025-02-18,2025-03-20,30,14192.0,5069.0,19261.0
2076,2076,1116,2025-02-19,2025-03-21,30,25486.0,6312.0,31798.0
2077,2077,1072,2025-02-18,2025-03-05,15,12817.0,2036.0,14853.0
2078,2078,1111,2025-02-19,2025-03-21,30,26678.0,3909.0,30587.0
2079,2079,1105,2025-02-19,2025-03-06,15,35498.0,9307.0,44805.0
2080,2080,1064,2025-02-18,2025-04-04,45,11665.0,2753.0,14418.0
2081,2081,1076,2025-02-18,2025-03-20,30,11337.0,3984.0,15321.0
2082,2082,1083,2025-02-19,2025-03-21,30,26102.0,8402.0,34504.0
2083,2083,1124,2025-02-19,2025-03-21,30,61748.0,20283.0,82031.0
2084,2084,1006,2025-02-21,2025-03-23,30,51112.0,7272.0,58384.0
2085,2085,1039,2025-02-18,2025-03-20,30,13154.0,3337.0,16491.0
2086,2086,1072,2025-02-20,2025-03-22,30,35193.0,5586.0,40779.0
2087,2087,1064,2025-02-19,2025-04-05,45,59960.0,14398.0,74358.0
2088,2088,1048,2025-02-22,2025-04-08,45,196330.0,74536.0,270866.0
2089,2089,1042,2025-02-18,2025-04-04,45,25805.0,8450.0,34255.0
2090,2090,1012,2025-02-20,2025-03-22,30,72948.0,13064.0,86012.0
2091,2091,1120,2025-02-21,2025-03-23,30,60620.0,10991.0,71611.0
2092,2092,1006,2025-02-18,2025-03-20,30,15852.0,5329.0,21181.0
2093,2093,1104,2025-02-21,2025-03-23,30,47936.0,10856.0,58792.0
2094,2094,1075,2025-02-20,2025-03-22,30,41622.0,5903.0,47525.0
2095,2095,1124,2025-02-18,2025-03-20,30,12690.0,2618.0,15308.0
2096,2096,1067,2025-02-19,2025-03-21,30,42134.0,5787.0,47921.0
2097,2097,1094,2025-02-19,2025-03-06,15,39366.0,8178.0,47544.0
2098,2098,1092,2025-02-18,2025-04-04,45,18208.0,6831.0,25039.0
2099,2099,1027,2025-02-19,2025-03-21,30,23522.0,8179.0,31701.0
2100,2100,1060,2025-02-19,2025-03-21,30,18912.0,2334.0,21246.0
2101,2101,1027,2025-02-19,2025-03-21,30,35932.0,9303.0,45235.0
2102,2102,1091,2025-02-21,2025-03-08,15,89397.0,32857.0,122254.0
2103,2103,1118,2025-02-19,2025-03-21,30,14892.0,5506.0,20398.0
2104,2104,1026,2025-02-22,2025-03-24,30,45216.0,13481.0,58697.0
2105,2105,1022,2025-02-19,2025-03-21,30,33256.0,4166.0,37422.0
2106,2106,1014,2025-02-23,2025-03-10,15,98555.0,28648.0,127203.0
2107,2107,1024,2025-02-19,2025-03-21,30,19379.0,4875.0,24254.0
2108,2108,1071,2025-02-20,2025-04-06,45,24692.0,4190.0,28882.0
2109,2109,1065,2025-02-20,2025-03-22,30,26114.0,7698.0,33812.0
2110,2110,1049,2025-02-19,2025-03-06,15,12430.0,2704.0,15134.0
2111,2111,1052,2025-02-20,2025-03-07,15,37482.0,13955.0,51437.0
2112,2112,1007,2025-02-19,2025-03-21,30,12167.0,2876.0,15043.0
2113,2113,1007,2025-02-23,2025-03-25,30,91585.0,14987.0,106572.0
2114,2114,1113,2025-02-20,2025-03-22,30,47416.0,16018.0,63434.0
2115,2115,1013,2025-02-21,2025-03-23,30,54489.0,19890.0,74379.0
2116,2116,1027,2025-02-21,2025-03-23,30,36090.0,6363.0,42453.0
2117,2117,1094,2025-02-19,2025-03-06,15,12669.0,3399.0,16068.0
2118,2118,1110,2025-02-19,2025-03-21,30,11456.0,2545.0,14001.0
2119,2119,1009,2025-02-19,2025-03-06,15,22997.0,6140.0,29137.0
2120,2120,1055,2025-02-19,2025-03-21,30,14107.0,1935.0,16042.0
2121,2121,1010,2025-02-19,2025-03-21,30,12298.0,2632.0,14930.0
2122,2122,1001,2025-02-21,2025-03-08,15,35889.0,5271.0,41160.0
2123,2123,1105,2025-02-19,2025-03-21,30,19736.0,3885.0,23621.0
2124,2124,1097,2025-02-21,2025-03-23,30,38439.0,13341.0,51780.0
2125,2125,1095,2025-02-19,2025-03-21,30,13836.0,3591.0,17427.0
2126,2126,1033,2025-02-20,2025-03-22,30,22436.0,7634.0,30070.0
2127,2127,1091,2025-02-19,2025-03-21,30,12227.0,2108.0,14335.0
2128,2128,1062,2025-02-20,2025-03-22,30,27882.0,8641.0,36523.0
2129,2129,1003,2025-02-21,2025-03-23,30,33567.0,5118.0,38685.0
2130,2130,1004,2025-02-20,2025-04-06,45,27202.0,3281.0,30483.0
2131,2131,1047,2025-02-21,2025-03-08,15,37845.0,8872.0,46717.0
2132,2132,1036,2025-02-19,2025-03-21,30,12302.0,1901.0,14203.0
2133,2133,1058,2025-02-21,2025-03-08,15,77916.0,16316.0,94232.0
2134,2134,1043,2025-02-22,2025-04-08,45,107540.0,30238.0,137778.0
2135,2135,1067,2025-02-21,2025-03-23,30,25086.0,7301.0,32387.0
2136,2136,1102,2025-02-22,2025-03-09,15,56391.0,19525.0,75916.0
2137,2137,1064,2025-02-24,2025-03-11,15,60055.0,16417.0,76472.0
2138,2138,1067,2025-02-20,2025-03-07,15,30492.0,8095.0,38587.0
2139,2139,1103,2025-02-21,2025-03-23,30,49496.0,9059.0,58555.0
2140,2140,1106,2025-02-21,2025-03-23,30,26876.0,5602.0,32478.0
2141,2141,1001,2025-02-20,2025-03-22,30,16441.0,2781.0,19222.0
2142,2142,1101,2025-02-20,2025-03-07,15,13280.0,2664.0,15944.0
2143,2143,1035,2025-02-22,2025-03-24,30,77346.0,11152.0,88498.0
2144,2144,1118,2025-02-22,2025-03-09,15,39015.0,10591.0,49606.0
2145,2145,1082,2025-02-20,2025-03-22,30,11520.0,2464.0,13984.0
2146,2146,1115,2025-02-21,2025-04-07,45,28228.0,6888.0,35116.0
2147,2147,1042,2025-02-20,2025-03-07,15,11246.0,3000.0,14246.0
2148,2148,1033,2025-02-20,2025-04-06,45,30682.0,5264.0,35946.0
2149,2149,1081,2025-02-21,2025-04-07,45,27548.0,6484.0,34032.0
2150,2150,1107,2025-02-20,2025-03-22,30,13320.0,3862.0,17182.0
2151,2151,1092,2025-02-20,2025-04-06,45,11734.0,3932.0,15666.0
2152,2152,1124,2025-02-21,2025-04-07,45,29662.0,8240.0,37902.0
2153,2153,1097,2025-02-20,2025-04-06,45,13670.0,1852.0,15522.0
2154,2154,1075,2025-02-23,2025-03-25,30,49484.0,13890.0,63374.0
2155,2155,1097,2025-02-20,2025-03-22,30,17276.0,4523.0,21799.0
2156,2156,1060,2025-02-20,2025-04-06,45,31340.0,4367.0,35707.0
2157,2157,1107,2025-02-23,2025-04-09,45,132056.0,37700.0,169756.0
2158,2158,1106,2025-02-20,2025-03-07,15,25527.0,7133.0,32660.0
2159,2159,1087,2025-02-21,2025-03-23,30,28384.0,3906.0,32290.0
2160,2160,1067,2025-02-22,2025-04-08,45,57906.0,18141.0,76047.0
2161,2161,1110,2025-02-22,2025-03-24,30,38703.0,7942.0,46645.0
2162,2162,1120,2025-02-21,2025-03-23,30,28296.0,9274.0,37570.0
2163,2163,1078,2025-02-21,2025-04-07,45,25312.0,4248.0,29560.0
2164,2164,1014,2025-02-21,2025-03-08,15,50622.0,7618.0,58240.0
2165,2165,1052,2025-02-22,2025-04-08,45,39405.0,11823.0,51228.0
2166,2166,1109,2025-02-20,2025-03-22,30,18657.0,5787.0,24444.0
2167,2167,1056,2025-02-22,2025-03-09,15,59079.0,18576.0,77655.0
2168,2168,1096,2025-02-20,2025-03-22,30,11566.0,1672.0,13238.0
2169,2169,1038,2025-02-20,2025-03-22,30,16798.0,5861.0,22659.0
2170,2170,1048,2025-02-20,2025-03-22,30,12317.0,3544.0,15861.0
2171,2171,1055,2025-02-21,2025-04-07,45,39188.0,14438.0,53626.0
2172,2172,1050,2025-02-20,2025-03-07,15,13306.0,2321.0,15627.0
2173,2173,1006,2025-02-20,2025-03-22,30,13752.0,2797.0,16549.0
2174,2174,1113,2025-02-21,2025-04-07,45,47100.0,13663.0,60763.0
2175,2175,1065,2025-02-20,2025-04-06,45,16585.0,2819.0,19404.0
2176,2176,1020,2025-02-24,2025-03-26,30,48100.0,9225.0,57325.0
2177,2177,1092,2025-02-23,2025-03-10,15,37797.0,11805.0,49602.0
2178,2178,1009,2025-02-21,2025-03-23,30,22803.0,3090.0,25893.0
2179,2179,1061,2025-02-22,2025-03-24,30,42900.0,15988.0,58888.0
2180,2180,1034,2025-02-21,2025-03-23,30,16243.0,5400.0,21643.0
2181,2181,1045,2025-02-21,2025-04-07,45,12585.0,4429.0,17014.0
2182,2182,1030,2025-02-23,2025-03-25,30,62253.0,16918.0,79171.0
2183,2183,1061,2025-02-21,2025-03-23,30,12953.0,3565.0,16518.0
2184,2184,1014,2025-02-21,2025-03-23,30,14215.0,4425.0,18640.0
2185,2185,1097,2025-02-21,2025-03-08,15,23508.0,7026.0,30534.0
2186,2186,1096,2025-02-24,2025-03-26,30,101192.0,28666.0,129858.0
2187,2187,1108,2025-02-23,2025-03-25,30,38787.0,7116.0,45903.0
2188,2188,1082,2025-02-21,2025-03-23,30,12136.0,2131.0,14267.0
2189,2189,1057,2025-02-21,2025-03-23,30,18646.0,4042.0,22688.0
2190,2190,1102,2025-02-21,2025-03-08,15,16748.0,2200.0,18948.0
2191,2191,1086,2025-02-22,2025-03-24,30,26300.0,5713.0,32013.0
2192,2192,1073,2025-02-21,2025-03-23,30,14395.0,5431.0,19826.0
2193,2193,1094,2025-02-21,2025-03-23,30,18484.0,3239.0,21723.0
2194,2194,1106,2025-02-23,2025-03-25,30,77421.0,27186.0,104607.0
2195,2195,1072,2025-02-22,2025-03-24,30,26584.0,3684.0,30268.0
2196,2196,1073,2025-02-23,2025-04-09,45,67188.0,19789.0,86977.0
2197,2197,1016,2025-02-23,2025-03-10,15,33567.0,6661.0,40228.0
2198,2198,1038,2025-02-21,2025-03-23,30,21105.0,4052.0,25157.0
2199,2199,1009,2025-02-21,2025-03-23,30,25830.0,4412.0,30242.0
2200,2200,1067,2025-02-21,2025-03-08,15,23831.0,7586.0,31417.0
2201,2201,1008,2025-02-22,2025-03-09,15,49954.0,12286.0,62240.0
2202,2202,1084,2025-02-24,2025-03-11,15,89332.0,18295.0,107627.0
2203,2203,1043,2025-02-21,2025-03-08,15,11518.0,3989.0,15507.0
2204,2204,1097,2025-02-21,2025-03-08,15,26037.0,4404.0,30441.0
2205,2205,1010,2025-02-24,2025-04-10,45,68792.0,15735.0,84527.0
2206,2206,1045,2025-02-22,2025-03-24,30,69160.0,11443.0,80603.0
2207,2207,1079,2025-02-24,2025-03-26,30,88552.0,24147.0,112699.0
2208,2208,1014,2025-02-24,2025-03-11,15,110116.0,24006.0,134122.0
2209,2209,1056,2025-02-22,2025-03-09,15,27658.0,9860.0,37518.0
2210,2210,1004,2025-02-23,2025-03-10,15,38928.0,14190.0,53118.0
2211,2211,1111,2025-02-23,2025-03-25,30,114309.0,36558.0,150867.0
2212,2212,1049,2025-02-23,2025-03-25,30,34965.0,9592.0,44557.0
2213,2213,1018,2025-02-22,2025-04-08,45,37126.0,13551.0,50677.0
2214,2214,1044,2025-02-21,2025-03-23,30,13425.0,2314.0,15739.0
2215,2215,1076,2025-02-21,2025-03-08,15,12113.0,3034.0,15147.0
2216,2216,1006,2025-02-22,2025-03-24,30,26190.0,9368.0,35558.0
2217,2217,1105,2025-02-21,2025-04-07,45,22954.0,6580.0,29534.0
2218,2218,1078,2025-02-21,2025-03-23,30,12471.0,2991.0,15462.0
2219,2219,1078,2025-02-21,2025-03-23,30,19652.0,3365.0,23017.0
2220,2220,1027,2025-02-23,2025-04-09,45,44307.0,14313.0,58620.0
2221,2221,1118,2025-02-23,2025-03-25,30,60012.0,18003.0,78015.0
2222,2222,1112,2025-02-22,2025-03-09,15,47164.0,16446.0,63610.0
2223,2223,1090,2025-02-22,2025-03-24,30,39566.0,7089.0,46655.0
2224,2224,1063,2025-02-21,2025-03-23,30,15342.0,5134.0,20476.0
2225,2225,1125,2025-02-21,2025-03-23,30,13969.0,4413.0,18382.0
2226,2226,1101,2025-02-21,2025-03-23,30,20096.0,6627.0,26723.0
2227,2227,1084,2025-02-25,2025-03-27,30,68915.0,13289.0,82204.0
2228,2228,1076,2025-02-25,2025-03-27,30,95015.0,20163.0,115178.0
2229,2229,1064,2025-02-24,2025-03-11,15,37194.0,13284.0,50478.0
2230,2230,1029,2025-02-23,2025-03-10,15,28030.0,3974.0,32004.0
2231,2231,1070,2025-02-22,2025-04-08,45,13467.0,1910.0,15377.0
2232,2232,1097,2025-02-25,2025-03-12,15,75220.0,10513.0,85733.0
2233,2233,1097,2025-02-25,2025-04-11,45,105200.0,27407.0,132607.0
2234,2234,1111,2025-02-24,2025-03-26,30,34179.0,10329.0,44508.0
2235,2235,1050,2025-02-24,2025-03-11,15,39318.0,8230.0,47548.0
2236,2236,1121,2025-02-25,2025-03-27,30,102568.0,23166.0,125734.0
2237,2237,1123,2025-02-23,2025-04-09,45,37072.0,12042.0,49114.0
2238,2238,1017,2025-02-24,2025-04-10,45,35610.0,7439.0,43049.0
2239,2239,1099,2025-02-22,2025-04-08,45,24166.0,7366.0,31532.0
2240,2240,1079,2025-02-22,2025-03-24,30,23737.0,2999.0,26736.0
2241,2241,1002,2025-02-22,2025-03-24,30,11655.0,2312.0,13967.0
2242,2242,1034,2025-02-23,2025-04-09,45,22448.0,7892.0,30340.0
2243,2243,1046,2025-02-23,2025-03-25,30,65812.0,21786.0,87598.0
2244,2244,1008,2025-02-24,2025-03-26,30,55269.0,12416.0,67685.0
2245,2245,1057,2025-02-22,2025-03-24,30,14945.0,4930.0,19875.0
2246,2246,1112,2025-02-24,2025-03-26,30,35562.0,7105.0,42667.0
2247,2247,1030,2025-02-22,2025-03-24,30,19884.0,2471.0,22355.0
2248,2248,1111,2025-02-22,2025-03-24,30,11580.0,3196.0,14776.0
2249,2249,1034,2025-02-22,2025-03-24,30,12994.0,2144.0,15138.0
2250,2250,1109,2025-02-22,2025-03-24,30,30235.0,10961.0,41196.0
2251,2251,1057,2025-02-24,2025-03-26,30,37236.0,10336.0,47572.0
2252,2252,1074,2025-02-22,2025-04-08,45,12979.0,3052.0,16031.0
2253,2253,1019,2025-02-24,2025-03-26,30,34053.0,9125.0,43178.0
2254,2254,1125,2025-02-23,2025-03-25,30,22084.0,2922.0,25006.0
2255,2255,1021,2025-02-24,2025-03-26,30,42126.0,8220.0,50346.0
2256,2256,1076,2025-02-22,2025-03-24,30,12416.0,2542.0,14958.0
2257,2257,1066,2025-02-23,2025-04-09,45,21782.0,2764.0,24546.0
2258,2258,1049,2025-02-24,2025-04-10,45,95688.0,20147.0,115835.0
2259,2259,1011,2025-02-22,2025-03-24,30,25583.0,5385.0,30968.0
2260,2260,1073,2025-02-26,2025-03-28,30,150575.0,34414.0,184989.0
2261,2261,1109,2025-02-23,2025-03-10,15,32636.0,6768.0,39404.0
2262,2262,1085,2025-02-24,2025-04-10,45,80757.0,30117.0,110874.0
2263,2263,1032,2025-02-23,2025-03-25,30,38062.0,11596.0,49658.0
2264,2264,1030,2025-02-24,2025-03-26,30,35781.0,9185.0,44966.0
2265,2265,1113,2025-02-24,2025-03-26,30,38226.0,6799.0,45025.0
2266,2266,1010,2025-02-22,2025-03-24,30,14292.0,2881.0,17173.0
2267,2267,1073,2025-02-24,2025-04-10,45,69897.0,24435.0,94332.0
2268,2268,1087,2025-02-27,2025-03-29,30,161895.0,46561.0,208456.0
2269,2269,1037,2025-02-23,2025-03-25,30,21623.0,7744.0,29367.0
2270,2270,1064,2025-02-23,2025-04-09,45,12077.0,1648.0,13725.0
2271,2271,1113,2025-02-25,2025-03-12,15,55122.0,18483.0,73605.0
2272,2272,1061,2025-02-23,2025-03-25,30,12805.0,1989.0,14794.0
2273,2273,1056,2025-02-23,2025-04-09,45,16090.0,4943.0,21033.0
2274,2274,1050,2025-02-23,2025-04-09,45,11413.0,2315.0,13728.0
2275,2275,1072,2025-02-24,2025-04-10,45,50136.0,18132.0,68268.0
2276,2276,1078,2025-02-23,2025-03-10,15,13065.0,1873.0,14938.0
2277,2277,1095,2025-02-27,2025-03-29,30,86055.0,30526.0,116581.0
2278,2278,1056,2025-02-26,2025-03-28,30,92144.0,23329.0,115473.0
2279,2279,1024,2025-02-24,2025-03-11,15,22864.0,3339.0,26203.0
2280,2280,1001,2025-02-24,2025-03-26,30,35110.0,11015.0,46125.0
2281,2281,1049,2025-02-24,2025-04-10,45,36700.0,7916.0,44616.0
2282,2282,1030,2025-02-23,2025-03-25,30,12331.0,1559.0,13890.0
2283,2283,1115,2025-02-23,2025-03-25,30,14363.0,3268.0,17631.0
2284,2284,1097,2025-02-24,2025-03-26,30,36164.0,9752.0,45916.0
2285,2285,1095,2025-02-23,2025-03-10,15,13622.0,4248.0,17870.0
2286,2286,1041,2025-02-25,2025-03-12,15,73695.0,27986.0,101681.0
2287,2287,1036,2025-02-23,2025-03-25,30,14700.0,3530.0,18230.0
2288,2288,1078,2025-02-23,2025-03-25,30,19459.0,4231.0,23690.0
2289,2289,1019,2025-02-26,2025-03-28,30,71900.0,26798.0,98698.0
2290,2290,1006,2025-02-24,2025-03-26,30,26634.0,5772.0,32406.0
2291,2291,1001,2025-02-24,2025-03-26,30,55372.0,8911.0,64283.0
2292,2292,1055,2025-02-25,2025-03-12,15,53067.0,15167.0,68234.0
2293,2293,1038,2025-02-24,2025-03-26,30,43814.0,13220.0,57034.0
2294,2294,1064,2025-02-25,2025-03-27,30,85182.0,26051.0,111233.0
2295,2295,1094,2025-02-26,2025-03-28,30,56408.0,8143.0,64551.0
2296,2296,1010,2025-02-27,2025-04-13,45,91810.0,34887.0,126697.0
2297,2297,1081,2025-02-24,2025-03-11,15,23866.0,3587.0,27453.0
2298,2298,1005,2025-02-25,2025-03-27,30,51657.0,6728.0,58385.0
2299,2299,1041,2025-02-26,2025-03-13,15,42696.0,8581.0,51277.0
2300,2300,1081,2025-02-24,2025-03-26,30,21830.0,5643.0,27473.0
2301,2301,1121,2025-02-23,2025-03-25,30,10891.0,3679.0,14570.0
2302,2302,1064,2025-02-23,2025-03-10,15,12002.0,3701.0,15703.0
2303,2303,1122,2025-02-23,2025-04-09,45,12713.0,3733.0,16446.0
2304,2304,1079,2025-02-25,2025-03-27,30,50502.0,9331.0,59833.0
2305,2305,1034,2025-02-23,2025-03-25,30,13121.0,3389.0,16510.0
2306,2306,1123,2025-02-24,2025-03-26,30,34696.0,12307.0,47003.0
2307,2307,1038,2025-02-23,2025-03-25,30,13663.0,2765.0,16428.0
2308,2308,1038,2025-02-24,2025-03-11,15,33788.0,5291.0,39079.0
2309,2309,1097,2025-02-23,2025-03-25,30,11919.0,4290.0,16209.0
2310,2310,1023,2025-02-24,2025-03-11,15,36850.0,5630.0,42480.0
2311,2311,1090,2025-02-23,2025-04-09,45,13714.0,3423.0,17137.0
2312,2312,1077,2025-02-23,2025-03-10,15,13734.0,5125.0,18859.0
2313,2313,1101,2025-02-24,2025-03-26,30,10527.0,2231.0,12758.0
2314,2314,1087,2025-02-25,2025-04-11,45,25100.0,4528.0,29628.0
2315,2315,1035,2025-02-25,2025-03-12,15,21708.0,7978.0,29686.0
2316,2316,1006,2025-02-24,2025-03-26,30,20331.0,6090.0,26421.0
2317,2317,1081,2025-02-25,2025-03-12,15,25988.0,9857.0,35845.0
2318,2318,1017,2025-02-28,2025-03-15,15,66225.0,18416.0,84641.0
2319,2319,1091,2025-02-24,2025-03-11,15,18607.0,4370.0,22977.0
2320,2320,1009,2025-02-25,2025-03-27,30,24466.0,6119.0,30585.0
2321,2321,1069,2025-02-25,2025-03-27,30,37348.0,12004.0,49352.0
2322,2322,1021,2025-02-26,2025-03-28,30,39633.0,10831.0,50464.0
2323,2323,1005,2025-02-24,2025-03-26,30,24798.0,6560.0,31358.0
2324,2324,1065,2025-02-26,2025-03-28,30,78369.0,26852.0,105221.0
2325,2325,1099,2025-02-25,2025-04-11,45,24834.0,4045.0,28879.0
2326,2326,1105,2025-02-24,2025-03-11,15,19409.0,4973.0,24382.0
2327,2327,1011,2025-02-26,2025-03-13,15,96234.0,26600.0,122834.0
2328,2328,1094,2025-02-25,2025-03-27,30,23698.0,3751.0,27449.0
2329,2329,1095,2025-02-24,2025-03-26,30,12191.0,4092.0,16283.0
2330,2330,1110,2025-02-25,2025-03-27,30,35766.0,8738.0,44504.0
2331,2331,1026,2025-02-24,2025-03-26,30,13451.0,4300.0,17751.0
2332,2332,1049,2025-02-28,2025-03-30,30,63845.0,17645.0,81490.0
2333,2333,1117,2025-02-24,2025-03-11,15,11571.0,1830.0,13401.0
2334,2334,1064,2025-02-25,2025-03-12,15,35534.0,12233.0,47767.0
2335,2335,1074,2025-02-28,2025-03-30,30,90215.0,34196.0,124411.0
2336,2336,1048,2025-02-25,2025-03-27,30,46268.0,16661.0,62929.0
2337,2337,1011,2025-02-24,2025-04-10,45,13533.0,3388.0,16921.0
2338,2338,1063,2025-02-24,2025-03-11,15,13771.0,3466.0,17237.0
2339,2339,1108,2025-02-24,2025-03-26,30,19342.0,3168.0,22510.0
2340,2340,1033,2025-02-24,2025-03-26,30,16875.0,4268.0,21143.0
2341,2341,1077,2025-02-26,2025-03-28,30,42468.0,8709.0,51177.0
2342,2342,1097,2025-02-24,2025-03-26,30,13002.0,2897.0,15899.0
2343,2343,1060,2025-02-25,2025-03-27,30,38890.0,6229.0,45119.0
2344,2344,1094,2025-02-25,2025-03-27,30,36256.0,12850.0,49106.0
2345,2345,1021,2025-02-24,2025-03-26,30,11441.0,4134.0,15575.0
2346,2346,1114,2025-02-25,2025-03-27,30,18894.0,4589.0,23483.0
2347,2347,1063,2025-02-25,2025-03-27,30,12287.0,2018.0,14305.0
2348,2348,1038,2025-02-28,2025-03-15,15,52620.0,12646.0,65266.0
2349,2349,1042,2025-02-28,2025-03-30,30,73772.0,19102.0,92874.0
2350,2350,1027,2025-02-26,2025-03-28,30,39058.0,8339.0,47397.0
2351,2351,1078,2025-03-01,2025-03-31,30,173175.0,55232.0,228407.0
2352,2352,1110,2025-02-26,2025-03-13,15,28196.0,5847.0,34043.0
2353,2353,1061,2025-02-25,2025-03-27,30,23871.0,5539.0,29410.0
2354,2354,1040,2025-02-26,2025-03-13,15,30372.0,8285.0,38657.0
2355,2355,1059,2025-02-25,2025-04-11,45,20053.0,3807.0,23860.0
2356,2356,1072,2025-02-25,2025-03-27,30,13171.0,3617.0,16788.0
2357,2357,1025,2025-02-25,2025-03-12,15,26865.0,5636.0,32501.0
2358,2358,1080,2025-02-27,2025-04-13,45,35712.0,9314.0,45026.0
2359,2359,1083,2025-02-28,2025-04-14,45,71052.0,12905.0,83957.0
2360,2360,1034,2025-02-25,2025-04-11,45,18255.0,6918.0,25173.0
2361,2361,1083,2025-02-25,2025-03-27,30,17216.0,3179.0,20395.0
2362,2362,1104,2025-02-25,2025-04-11,45,17407.0,4403.0,21810.0
2363,2363,1027,2025-02-26,2025-03-28,30,35502.0,11331.0,46833.0
2364,2364,1019,2025-02-27,2025-04-13,45,42549.0,11123.0,53672.0
2365,2365,1010,2025-02-26,2025-03-28,30,27282.0,8017.0,35299.0
2366,2366,1042,2025-02-25,2025-03-12,15,22520.0,5192.0,27712.0
2367,2367,1051,2025-02-27,2025-03-29,30,39612.0,5822.0,45434.0
2368,2368,1068,2025-02-26,2025-03-13,15,24370.0,5229.0,29599.0
2369,2369,1022,2025-02-26,2025-03-28,30,27576.0,9463.0,37039.0
2370,2370,1063,2025-02-27,2025-03-29,30,80067.0,19315.0,99382.0
2371,2371,1116,2025-02-25,2025-03-27,30,16806.0,3814.0,20620.0
2372,2372,1086,2025-02-25,2025-03-12,15,11897.0,4155.0,16052.0
2373,2373,1113,2025-02-26,2025-03-28,30,26994.0,9448.0,36442.0
2374,2374,1002,2025-02-28,2025-03-30,30,106996.0,22979.0,129975.0
2375,2375,1076,2025-02-26,2025-04-12,45,28330.0,5611.0,33941.0
2376,2376,1078,2025-02-25,2025-03-27,30,12596.0,1661.0,14257.0
2377,2377,1051,2025-02-26,2025-03-28,30,29866.0,6307.0,36173.0
2378,2378,1106,2025-02-27,2025-03-14,15,32244.0,11893.0,44137.0
2379,2379,1078,2025-02-27,2025-04-13,45,32223.0,12220.0,44443.0
2380,2380,1104,2025-02-26,2025-03-28,30,40268.0,10733.0,51001.0
2381,2381,1092,2025-02-26,2025-03-28,30,22914.0,5553.0,28467.0
2382,2382,1109,2025-02-27,2025-04-13,45,40095.0,10865.0,50960.0
2383,2383,1041,2025-02-26,2025-03-13,15,26854.0,3520.0,30374.0
2384,2384,1003,2025-02-26,2025-03-13,15,26260.0,5239.0,31499.0
2385,2385,1115,2025-02-27,2025-03-29,30,41883.0,14230.0,56113.0
2386,2386,1121,2025-02-28,2025-03-30,30,80268.0,9835.0,90103.0
2387,2387,1008,2025-02-26,2025-03-13,15,35584.0,4606.0,40190.0
2388,2388,1057,2025-02-27,2025-03-29,30,37782.0,9432.0,47214.0
2389,2389,1053,2025-02-26,2025-03-28,30,24460.0,7458.0,31918.0
2390,2390,1045,2025-02-27,2025-03-29,30,40377.0,7349.0,47726.0
2391,2391,1012,2025-02-26,2025-03-28,30,25332.0,8572.0,33904.0
2392,2392,1024,2025-02-26,2025-03-28,30,40810.0,5773.0,46583.0
2393,2393,1022,2025-02-26,2025-03-28,30,27064.0,5499.0,32563.0
2394,2394,1032,2025-02-25,2025-04-11,45,35807.0,8706.0,44513.0
2395,2395,1111,2025-02-27,2025-04-13,45,40332.0,6864.0,47196.0
2396,2396,1023,2025-02-27,2025-03-29,30,42435.0,15023.0,57458.0
2397,2397,1026,2025-02-27,2025-04-13,45,26124.0,5808.0,31932.0
2398,2398,1034,2025-02-26,2025-03-28,30,11955.0,2206.0,14161.0
2399,2399,1107,2025-02-27,2025-04-13,45,25646.0,3554.0,29200.0
2400,2400,1107,2025-02-28,2025-03-30,30,49881.0,12143.0,62024.0
2401,2401,1083,2025-02-26,2025-03-13,15,19969.0,4840.0,24809.0
2402,2402,1090,2025-02-28,2025-04-14,45,96276.0,28038.0,124314.0
2403,2403,1027,2025-02-27,2025-03-14,15,50022.0,15959.0,65981.0
2404,2404,1015,2025-02-27,2025-03-29,30,27712.0,3803.0,31515.0
2405,2405,1073,2025-02-27,2025-03-29,30,34254.0,12222.0,46476.0
2406,2406,1090,2025-02-27,2025-03-14,15,25666.0,5959.0,31625.0
2407,2407,1044,2025-02-27,2025-03-14,15,26548.0,5867.0,32415.0
2408,2408,1040,2025-02-26,2025-03-13,15,19805.0,6041.0,25846.0
2409,2409,1076,2025-02-27,2025-04-13,45,22700.0,6378.0,29078.0
2410,2410,1107,2025-02-27,2025-04-13,45,38324.0,7323.0,45647.0
2411,2411,1006,2025-02-28,2025-03-15,15,34893.0,7810.0,42703.0
2412,2412,1116,2025-03-01,2025-04-15,45,102096.0,37326.0,139422.0
2413,2413,1076,2025-02-26,2025-04-12,45,24978.0,8176.0,33154.0
2414,2414,1114,2025-02-27,2025-03-14,15,27938.0,3354.0,31292.0
2415,2415,1018,2025-02-28,2025-03-15,15,60657.0,8244.0,68901.0
2416,2416,1125,2025-02-26,2025-03-13,15,12257.0,1500.0,13757.0
2417,2417,1059,2025-02-28,2025-03-15,15,36219.0,9322.0,45541.0
2418,2418,1039,2025-02-26,2025-03-28,30,13487.0,4914.0,18401.0
2419,2419,1020,2025-02-26,2025-04-12,45,11153.0,1875.0,13028.0
2420,2420,1062,2025-02-28,2025-03-30,30,57951.0,8787.0,66738.0
2421,2421,1061,2025-02-26,2025-04-12,45,12100.0,3942.0,16042.0
2422,2422,1098,2025-02-28,2025-04-14,45,57084.0,15133.0,72217.0
2423,2423,1042,2025-02-27,2025-03-29,30,54358.0,17122.0,71480.0
2424,2424,1055,2025-02-28,2025-03-30,30,73473.0,19943.0,93416.0
2425,2425,1004,2025-02-27,2025-03-14,15,33034.0,5366.0,38400.0
2426,2426,1048,2025-02-27,2025-03-29,30,20600.0,4662.0,25262.0
2427,2427,1010,2025-02-27,2025-03-29,30,23644.0,5380.0,29024.0
2428,2428,1028,2025-02-26,2025-03-28,30,17534.0,3696.0,21230.0
2429,2429,1040,2025-02-26,2025-03-28,30,12897.0,1668.0,14565.0
2430,2430,1123,2025-02-28,2025-03-30,30,39519.0,12698.0,52217.0
2431,2431,1104,2025-02-26,2025-03-28,30,24345.0,6668.0,31013.0
2432,2432,1111,2025-02-28,2025-03-30,30,37794.0,5983.0,43777.0
2433,2433,1088,2025-02-28,2025-03-15,15,40443.0,11139.0,51582.0
2434,2434,1052,2025-02-27,2025-04-13,45,27042.0,4416.0,31458.0
2435,2435,1104,2025-02-26,2025-04-12,45,12625.0,3566.0,16191.0
2436,2436,1061,2025-02-27,2025-03-14,15,61846.0,20016.0,81862.0
2437,2437,1055,2025-02-28,2025-04-14,45,57318.0,19109.0,76427.0
2438,2438,1020,2025-02-27,2025-04-13,45,37992.0,13961.0,51953.0
2439,2439,1079,2025-03-01,2025-03-16,15,50360.0,10543.0,60903.0
2440,2440,1037,2025-02-27,2025-04-13,45,40336.0,8671.0,49007.0
2441,2441,1048,2025-03-01,2025-03-31,30,55808.0,20099.0,75907.0
2442,2442,1105,2025-02-26,2025-03-13,15,13074.0,4489.0,17563.0
2443,2443,1039,2025-02-26,2025-03-13,15,11695.0,3915.0,15610.0
2444,2444,1032,2025-02-28,2025-03-30,30,41496.0,13437.0,54933.0
2445,2445,1019,2025-02-28,2025-03-30,30,26056.0,8630.0,34686.0
2446,2446,1032,2025-02-28,2025-03-30,30,41230.0,5862.0,47092.0
2447,2447,1106,2025-03-02,2025-03-17,15,99024.0,34662.0,133686.0
2448,2448,1093,2025-02-28,2025-03-30,30,35644.0,6931.0,42575.0
2449,2449,1093,2025-03-02,2025-04-01,30,75976.0,20253.0,96229.0
2450,2450,1122,2025-03-02,2025-04-16,45,49840.0,14471.0,64311.0
2451,2451,1011,2025-03-01,2025-04-15,45,55641.0,15738.0,71379.0
2452,2452,1039,2025-02-28,2025-03-15,15,65836.0,16114.0,81950.0
2453,2453,1089,2025-02-28,2025-03-30,30,38938.0,11157.0,50095.0
2454,2454,1096,2025-02-28,2025-03-30,30,64772.0,19432.0,84204.0
2455,2455,1006,2025-02-27,2025-03-29,30,16826.0,5207.0,22033.0
2456,2456,1003,2025-03-02,2025-04-01,30,72744.0,14819.0,87563.0
2457,2457,1060,2025-03-01,2025-04-15,45,104424.0,17166.0,121590.0
2458,2458,1042,2025-03-03,2025-04-17,45,92250.0,20652.0,112902.0
2459,2459,1078,2025-02-28,2025-03-30,30,25680.0,3509.0,29189.0
2460,2460,1120,2025-02-28,2025-04-14,45,61972.0,18216.0,80188.0
2461,2461,1106,2025-02-27,2025-03-14,15,19686.0,4043.0,23729.0
2462,2462,1087,2025-02-28,2025-03-30,30,26066.0,3711.0,29777.0
2463,2463,1074,2025-02-28,2025-03-15,15,28336.0,9844.0,38180.0
2464,2464,1068,2025-02-28,2025-03-15,15,49044.0,9481.0,58525.0
2465,2465,1087,2025-02-27,2025-04-13,45,13220.0,1909.0,15129.0
2466,2466,1054,2025-02-27,2025-03-29,30,11723.0,3360.0,15083.0
2467,2467,1072,2025-02-27,2025-03-14,15,23462.0,6389.0,29851.0
2468,2468,1122,2025-03-03,2025-04-02,30,85020.0,24278.0,109298.0
2469,2469,1015,2025-02-27,2025-03-14,15,31612.0,7252.0,38864.0
2470,2470,1052,2025-02-27,2025-04-13,45,18813.0,2843.0,21656.0
2471,2471,1116,2025-02-28,2025-03-30,30,32078.0,8152.0,40230.0
2472,2472,1123,2025-02-27,2025-03-14,15,20810.0,4279.0,25089.0
2473,2473,1069,2025-02-28,2025-03-15,15,40570.0,9298.0,49868.0
2474,2474,1058,2025-03-02,2025-04-01,30,43220.0,6157.0,49377.0
2475,2475,1001,2025-03-02,2025-04-01,30,52304.0,16404.0,68708.0
2476,2476,1050,2025-02-27,2025-03-29,30,19906.0,6646.0,26552.0
2477,2477,1025,2025-02-28,2025-03-30,30,42470.0,6967.0,49437.0
2478,2478,1077,2025-02-28,2025-03-15,15,28870.0,5903.0,34773.0
2479,2479,1079,2025-02-28,2025-03-30,30,29360.0,6280.0,35640.0
2480,2480,1096,2025-02-28,2025-03-15,15,26938.0,7527.0,34465.0
2481,2481,1066,2025-03-01,2025-03-31,30,57498.0,19343.0,76841.0
2482,2482,1023,2025-03-02,2025-04-01,30,89976.0,25387.0,115363.0
2483,2483,1017,2025-03-01,2025-03-31,30,42486.0,15048.0,57534.0
2484,2484,1078,2025-03-02,2025-04-01,30,47656.0,9192.0,56848.0
2485,2485,1060,2025-02-27,2025-03-14,15,12833.0,3373.0,16206.0
2486,2486,1021,2025-02-27,2025-03-29,30,16783.0,4569.0,21352.0
2487,2487,1096,2025-03-01,2025-03-31,30,43905.0,12191.0,56096.0
2488,2488,1010,2025-03-01,2025-04-15,45,43992.0,11209.0,55201.0
2489,2489,1069,2025-03-03,2025-04-02,30,160280.0,46101.0,206381.0
2490,2490,1062,2025-03-01,2025-03-31,30,37299.0,12791.0,50090.0
2491,2491,1006,2025-02-28,2025-03-30,30,34156.0,12861.0,47017.0
2492,2492,1084,2025-03-02,2025-04-16,45,33648.0,7765.0,41413.0
2493,2493,1075,2025-03-02,2025-04-01,30,40878.0,10269.0,51147.0
2494,2494,1053,2025-02-28,2025-04-14,45,16368.0,4922.0,21290.0
2495,2495,1043,2025-02-28,2025-04-14,45,17253.0,2684.0,19937.0
2496,2496,1063,2025-02-28,2025-03-30,30,18526.0,2770.0,21296.0
2497,2497,1058,2025-03-02,2025-03-17,15,53724.0,13443.0,67167.0
2498,2498,1098,2025-03-01,2025-03-31,30,34352.0,12647.0,46999.0
2499,2499,1092,2025-03-01,2025-04-15,45,27202.0,4989.0,32191.0
2500,2500,1082,2025-03-03,2025-04-17,45,47036.0,17681.0,64717.0
2501,2501,1017,2025-03-02,2025-04-01,30,41052.0,6830.0,47882.0
2502,2502,1082,2025-02-28,2025-03-30,30,14160.0,3898.0,18058.0
2503,2503,1047,2025-03-03,2025-03-18,15,50976.0,9932.0,60908.0
2504,2504,1052,2025-03-02,2025-04-01,30,55752.0,10961.0,66713.0
2505,2505,1065,2025-03-03,2025-03-18,15,47268.0,13620.0,60888.0
2506,2506,1063,2025-03-01,2025-03-31,30,23184.0,4826.0,28010.0
2507,2507,1086,2025-03-03,2025-04-02,30,67872.0,14522.0,82394.0
2508,2508,1029,2025-02-28,2025-03-15,15,25499.0,8775.0,34274.0
2509,2509,1064,2025-03-01,2025-03-31,30,26280.0,7577.0,33857.0
2510,2510,1108,2025-03-03,2025-04-02,30,52432.0,13999.0,66431.0
2511,2511,1047,2025-03-02,2025-04-16,45,61026.0,19616.0,80642.0
2512,2512,1043,2025-03-01,2025-04-15,45,33908.0,9062.0,42970.0
2513,2513,1011,2025-02-28,2025-04-14,45,19443.0,4786.0,24229.0
2514,2514,1032,2025-02-28,2025-04-14,45,23235.0,8236.0,31471.0
2515,2515,1030,2025-03-02,2025-04-01,30,43470.0,6846.0,50316.0
2516,2516,1078,2025-03-01,2025-03-16,15,34536.0,5490.0,40026.0
2517,2517,1116,2025-02-28,2025-04-14,45,12414.0,2628.0,15042.0
2518,2518,1030,2025-03-01,2025-03-31,30,41608.0,15052.0,56660.0
2519,2519,1007,2025-03-02,2025-04-01,30,43065.0,15005.0,58070.0
2520,2520,1015,2025-03-01,2025-03-16,15,27720.0,7322.0,35042.0
2521,2521,1039,2025-03-01,2025-03-16,15,22986.0,7763.0,30749.0
2522,2522,1015,2025-03-01,2025-03-31,30,34682.0,6245.0,40927.0
2523,2523,1097,2025-03-01,2025-03-16,15,33256.0,9026.0,42282.0
2524,2524,1077,2025-02-28,2025-03-15,15,11888.0,3994.0,15882.0
2525,2525,1083,2025-03-01,2025-03-31,30,23656.0,8852.0,32508.0
2526,2526,1036,2025-03-03,2025-03-18,15,50948.0,15951.0,66899.0
2527,2527,1024,2025-03-01,2025-03-31,30,40584.0,8648.0,49232.0
2528,2528,1061,2025-02-28,2025-03-30,30,19995.0,3565.0,23560.0
2529,2529,1111,2025-02-28,2025-03-15,15,18095.0,5247.0,23342.0
2530,2530,1024,2025-03-01,2025-03-31,30,24502.0,5050.0,29552.0
2531,2531,1099,2025-02-28,2025-03-30,30,12346.0,2404.0,14750.0
2532,2532,1079,2025-02-28,2025-03-15,15,19576.0,5340.0,24916.0
2533,2533,1022,2025-03-02,2025-04-01,30,39039.0,13016.0,52055.0
2534,2534,1084,2025-03-02,2025-04-01,30,61590.0,13354.0,74944.0
2535,2535,1030,2025-03-02,2025-03-17,15,34570.0,10613.0,45183.0
2536,2536,1043,2025-03-02,2025-04-01,30,49852.0,12874.0,62726.0
2537,2537,1040,2025-03-03,2025-03-18,15,57534.0,15067.0,72601.0
2538,2538,1124,2025-03-02,2025-04-01,30,25458.0,3375.0,28833.0
2539,2539,1059,2025-03-02,2025-03-17,15,23246.0,4682.0,27928.0
2540,2540,1038,2025-03-01,2025-03-31,30,19001.0,3160.0,22161.0
2541,2541,1049,2025-03-01,2025-03-31,30,36154.0,5037.0,41191.0
2542,2542,1110,2025-03-02,2025-03-17,15,25822.0,6050.0,31872.0
2543,2543,1093,2025-03-01,2025-03-31,30,13818.0,4975.0,18793.0
2544,2544,1085,2025-03-03,2025-03-18,15,38865.0,4908.0,43773.0
2545,2545,1032,2025-03-05,2025-03-20,15,62970.0,22286.0,85256.0
2546,2546,1036,2025-03-02,2025-04-16,45,27624.0,8053.0,35677.0
2547,2547,1061,2025-03-02,2025-04-16,45,39302.0,9568.0,48870.0
2548,2548,1020,2025-03-03,2025-03-18,15,38445.0,9249.0,47694.0
2549,2549,1072,2025-03-02,2025-03-17,15,46468.0,10320.0,56788.0
2550,2550,1068,2025-03-01,2025-03-31,30,12713.0,3589.0,16302.0
2551,2551,1099,2025-03-03,2025-04-17,45,90612.0,23847.0,114459.0
2552,2552,1116,2025-03-03,2025-04-17,45,35622.0,10733.0,46355.0
2553,2553,1042,2025-03-03,2025-04-02,30,110538.0,39010.0,149548.0
2554,2554,1033,2025-03-02,2025-03-17,15,23914.0,7581.0,31495.0
2555,2555,1083,2025-03-04,2025-04-18,45,65344.0,19277.0,84621.0
2556,2556,1117,2025-03-02,2025-04-01,30,27670.0,7692.0,35362.0
2557,2557,1005,2025-03-02,2025-04-01,30,52076.0,14968.0,67044.0
2558,2558,1043,2025-03-04,2025-04-03,30,94796.0,20219.0,115015.0
2559,2559,1125,2025-03-03,2025-03-18,15,54330.0,17907.0,72237.0
2560,2560,1074,2025-03-01,2025-03-31,30,15536.0,4903.0,20439.0
2561,2561,1097,2025-03-02,2025-04-16,45,49930.0,12036.0,61966.0
2562,2562,1095,2025-03-03,2025-04-17,45,31728.0,5189.0,36917.0
2563,2563,1074,2025-03-01,2025-03-31,30,13104.0,1678.0,14782.0
2564,2564,1003,2025-03-02,2025-04-01,30,26220.0,3942.0,30162.0
2565,2565,1050,2025-03-01,2025-04-15,45,11676.0,2903.0,14579.0
2566,2566,1087,2025-03-01,2025-03-31,30,12610.0,1885.0,14495.0
2567,2567,1026,2025-03-02,2025-03-17,15,38888.0,11596.0,50484.0
2568,2568,1020,2025-03-02,2025-04-01,30,41120.0,4956.0,46076.0
2569,2569,1013,2025-03-01,2025-03-31,30,11261.0,2588.0,13849.0
2570,2570,1123,2025-03-02,2025-04-01,30,25764.0,6477.0,32241.0
2571,2571,1085,2025-03-04,2025-04-03,30,45640.0,14743.0,60383.0
2572,2572,1028,2025-03-01,2025-03-31,30,12336.0,3359.0,15695.0
2573,2573,1121,2025-03-01,2025-03-16,15,38192.0,5447.0,43639.0
2574,2574,1095,2025-03-03,2025-03-18,15,33246.0,12021.0,45267.0
2575,2575,1026,2025-03-01,2025-03-16,15,13226.0,2990.0,16216.0
2576,2576,1117,2025-03-02,2025-04-01,30,26348.0,9874.0,36222.0
2577,2577,1027,2025-03-02,2025-03-17,15,37806.0,9094.0,46900.0
2578,2578,1025,2025-03-02,2025-03-17,15,25296.0,6038.0,31334.0
2579,2579,1062,2025-03-01,2025-03-31,30,11767.0,3974.0,15741.0
2580,2580,1052,2025-03-01,2025-03-16,15,14473.0,3184.0,17657.0
2581,2581,1040,2025-03-01,2025-03-16,15,25466.0,8321.0,33787.0
2582,2582,1011,2025-03-02,2025-04-01,30,57892.0,21509.0,79401.0
2583,2583,1094,2025-03-04,2025-04-18,45,52077.0,19421.0,71498.0
2584,2584,1032,2025-03-02,2025-04-16,45,14696.0,2702.0,17398.0
2585,2585,1005,2025-03-02,2025-04-16,45,10468.0,2044.0,12512.0
2586,2586,1085,2025-03-04,2025-04-18,45,31764.0,4243.0,36007.0
2587,2587,1067,2025-03-03,2025-04-02,30,18942.0,2356.0,21298.0
2588,2588,1024,2025-03-04,2025-04-18,45,60831.0,20197.0,81028.0
2589,2589,1052,2025-03-05,2025-04-04,30,41704.0,8832.0,50536.0
2590,2590,1042,2025-03-05,2025-04-19,45,58184.0,10171.0,68355.0
2591,2591,1019,2025-03-02,2025-04-01,30,8631.0,2607.0,11238.0
2592,2592,1077,2025-03-02,2025-04-16,45,20276.0,3466.0,23742.0
2593,2593,1054,2025-03-02,2025-04-01,30,13925.0,4606.0,18531.0
2594,2594,1054,2025-03-02,2025-04-16,45,20715.0,5761.0,26476.0
2595,2595,1040,2025-03-03,2025-04-17,45,36008.0,10426.0,46434.0
2596,2596,1042,2025-03-05,2025-04-04,30,36876.0,9874.0,46750.0
2597,2597,1096,2025-03-03,2025-04-02,30,28248.0,10114.0,38362.0
2598,2598,1066,2025-03-03,2025-04-02,30,45906.0,13224.0,59130.0
2599,2599,1052,2025-03-05,2025-03-20,15,40828.0,9907.0,50735.0
2600,2600,1033,2025-03-03,2025-03-18,15,20150.0,6862.0,27012.0
2601,2601,1067,2025-03-04,2025-04-03,30,33183.0,11983.0,45166.0
2602,2602,1116,2025-03-06,2025-03-21,15,70605.0,24722.0,95327.0
2603,2603,1005,2025-03-03,2025-04-02,30,16550.0,4943.0,21493.0
2604,2604,1102,2025-03-04,2025-03-19,15,39339.0,5284.0,44623.0
2605,2605,1021,2025-03-02,2025-04-01,30,11277.0,1992.0,13269.0
2606,2606,1110,2025-03-02,2025-04-01,30,10200.0,1457.0,11657.0
2607,2607,1028,2025-03-03,2025-03-18,15,18262.0,4889.0,23151.0
2608,2608,1096,2025-03-02,2025-03-17,15,9495.0,1522.0,11017.0
2609,2609,1033,2025-03-04,2025-04-03,30,27084.0,8046.0,35130.0
2610,2610,1059,2025-03-05,2025-04-04,30,45312.0,15228.0,60540.0
2611,2611,1047,2025-03-04,2025-04-03,30,41961.0,15616.0,57577.0
2612,2612,1013,2025-03-02,2025-04-16,45,9866.0,2026.0,11892.0
2613,2613,1112,2025-03-03,2025-03-18,15,18540.0,6812.0,25352.0
2614,2614,1121,2025-03-03,2025-04-02,30,19386.0,4446.0,23832.0
2615,2615,1066,2025-03-05,2025-04-19,45,33568.0,4051.0,37619.0
2616,2616,1003,2025-03-04,2025-04-03,30,33096.0,7850.0,40946.0
2617,2617,1068,2025-03-04,2025-04-18,45,30273.0,7012.0,37285.0
2618,2618,1030,2025-03-04,2025-04-03,30,38832.0,14038.0,52870.0
2619,2619,1082,2025-03-06,2025-04-05,30,76720.0,14964.0,91684.0
2620,2620,1097,2025-03-03,2025-04-17,45,31724.0,10091.0,41815.0
2621,2621,1007,2025-03-03,2025-04-02,30,27424.0,3559.0,30983.0
2622,2622,1116,2025-03-05,2025-04-04,30,81156.0,14618.0,95774.0
2623,2623,1039,2025-03-03,2025-04-02,30,27192.0,8034.0,35226.0
2624,2624,1040,2025-03-02,2025-04-16,45,11039.0,3391.0,14430.0
2625,2625,1018,2025-03-04,2025-04-03,30,33339.0,4764.0,38103.0
2626,2626,1104,2025-03-04,2025-04-03,30,31326.0,8511.0,39837.0
2627,2627,1076,2025-03-06,2025-04-05,30,103445.0,14799.0,118244.0
2628,2628,1124,2025-03-04,2025-04-18,45,31785.0,9888.0,41673.0
2629,2629,1087,2025-03-02,2025-04-01,30,19484.0,2352.0,21836.0
2630,2630,1098,2025-03-03,2025-03-18,15,17720.0,3046.0,20766.0
2631,2631,1077,2025-03-03,2025-03-18,15,17110.0,2503.0,19613.0
2632,2632,1016,2025-03-04,2025-04-03,30,29079.0,10391.0,39470.0
2633,2633,1093,2025-03-03,2025-04-17,45,31618.0,7494.0,39112.0
2634,2634,1049,2025-03-02,2025-04-16,45,8993.0,3347.0,12340.0
2635,2635,1091,2025-03-02,2025-04-01,30,24106.0,4653.0,28759.0
2636,2636,1029,2025-03-04,2025-04-03,30,44142.0,10969.0,55111.0
2637,2637,1031,2025-03-02,2025-03-17,15,16632.0,3403.0,20035.0
2638,2638,1124,2025-03-04,2025-04-03,30,57018.0,13534.0,70552.0
2639,2639,1094,2025-03-05,2025-03-20,15,30033.0,8046.0,38079.0
2640,2640,1046,2025-03-03,2025-04-02,30,8581.0,1315.0,9896.0
2641,2641,1032,2025-03-03,2025-04-02,30,10629.0,1665.0,12294.0
2642,2642,1106,2025-03-03,2025-04-02,30,14008.0,1713.0,15721.0
2643,2643,1049,2025-03-04,2025-04-18,45,36686.0,11480.0,48166.0
2644,2644,1108,2025-03-06,2025-04-05,30,59724.0,8399.0,68123.0
2645,2645,1016,2025-03-07,2025-04-06,30,127260.0,34168.0,161428.0
2646,2646,1105,2025-03-03,2025-04-17,45,19255.0,5771.0,25026.0
2647,2647,1101,2025-03-05,2025-04-19,45,26571.0,9136.0,35707.0
2648,2648,1104,2025-03-04,2025-04-03,30,21354.0,6375.0,27729.0
2649,2649,1004,2025-03-05,2025-04-04,30,44010.0,16229.0,60239.0
2650,2650,1053,2025-03-03,2025-03-18,15,9587.0,1788.0,11375.0
2651,2651,1033,2025-03-05,2025-03-20,15,80022.0,15851.0,95873.0
2652,2652,1101,2025-03-05,2025-04-04,30,31569.0,5025.0,36594.0
2653,2653,1034,2025-03-04,2025-03-19,15,19526.0,2461.0,21987.0
2654,2654,1095,2025-03-03,2025-03-18,15,15489.0,2475.0,17964.0
2655,2655,1109,2025-03-03,2025-04-02,30,9034.0,2422.0,11456.0
2656,2656,1124,2025-03-03,2025-04-17,45,12376.0,3742.0,16118.0
2657,2657,1093,2025-03-05,2025-04-04,30,28677.0,5599.0,34276.0
2658,2658,1026,2025-03-04,2025-04-03,30,18096.0,6002.0,24098.0
2659,2659,1104,2025-03-05,2025-04-19,45,26631.0,6132.0,32763.0
2660,2660,1025,2025-03-04,2025-04-03,30,19940.0,5692.0,25632.0
2661,2661,1072,2025-03-06,2025-04-20,45,58320.0,19437.0,77757.0
2662,2662,1012,2025-03-04,2025-03-19,15,19336.0,6134.0,25470.0
2663,2663,1052,2025-03-04,2025-04-03,30,19374.0,2828.0,22202.0
2664,2664,1050,2025-03-03,2025-04-17,45,19286.0,4592.0,23878.0
2665,2665,1114,2025-03-07,2025-04-06,30,51180.0,7275.0,58455.0
2666,2666,1106,2025-03-04,2025-04-18,45,49112.0,13544.0,62656.0
2667,2667,1036,2025-03-04,2025-04-18,45,20810.0,7761.0,28571.0
2668,2668,1057,2025-03-03,2025-04-02,30,10213.0,1660.0,11873.0
2669,2669,1032,2025-03-03,2025-04-02,30,16705.0,6110.0,22815.0
2670,2670,1073,2025-03-06,2025-04-20,45,71708.0,26968.0,98676.0
2671,2671,1116,2025-03-04,2025-04-03,30,9063.0,3150.0,12213.0
2672,2672,1047,2025-03-06,2025-04-20,45,63069.0,11565.0,74634.0
2673,2673,1041,2025-03-04,2025-03-19,15,29035.0,8459.0,37494.0
2674,2674,1042,2025-03-04,2025-04-03,30,12809.0,4308.0,17117.0
2675,2675,1118,2025-03-08,2025-04-22,45,94960.0,24965.0,119925.0
2676,2676,1041,2025-03-05,2025-04-04,30,49896.0,17763.0,67659.0
2677,2677,1125,2025-03-06,2025-04-05,30,27558.0,4072.0,31630.0
2678,2678,1074,2025-03-08,2025-04-07,30,79305.0,11176.0,90481.0
2679,2679,1022,2025-03-05,2025-03-20,15,49160.0,13017.0,62177.0
2680,2680,1115,2025-03-05,2025-04-04,30,19486.0,3531.0,23017.0
2681,2681,1093,2025-03-07,2025-03-22,15,39116.0,8328.0,47444.0
2682,2682,1004,2025-03-04,2025-03-19,15,9635.0,2020.0,11655.0
2683,2683,1028,2025-03-05,2025-04-04,30,35112.0,10322.0,45434.0
2684,2684,1039,2025-03-04,2025-04-03,30,13213.0,4656.0,17869.0
2685,2685,1070,2025-03-05,2025-03-20,15,20634.0,4827.0,25461.0
2686,2686,1125,2025-03-05,2025-04-19,45,39014.0,12932.0,51946.0
2687,2687,1079,2025-03-06,2025-04-05,30,50148.0,9407.0,59555.0
2688,2688,1025,2025-03-05,2025-03-20,15,22778.0,5865.0,28643.0
2689,2689,1084,2025-03-05,2025-04-19,45,20230.0,4976.0,25206.0
2690,2690,1013,2025-03-06,2025-04-05,30,62115.0,21155.0,83270.0
2691,2691,1090,2025-03-05,2025-03-20,15,37136.0,8614.0,45750.0
2692,2692,1040,2025-03-06,2025-03-21,15,31281.0,9890.0,41171.0
2693,2693,1052,2025-03-06,2025-04-20,45,28182.0,6570.0,34752.0
2694,2694,1011,2025-03-05,2025-04-19,45,19802.0,4515.0,24317.0
2695,2695,1072,2025-03-06,2025-04-05,30,32916.0,4981.0,37897.0
2696,2696,1124,2025-03-05,2025-04-04,30,20076.0,2749.0,22825.0
2697,2697,1073,2025-03-04,2025-04-03,30,18816.0,6746.0,25562.0
2698,2698,1025,2025-03-07,2025-04-06,30,65356.0,14134.0,79490.0
2699,2699,1088,2025-03-05,2025-04-19,45,29828.0,8290.0,38118.0
2700,2700,1115,2025-03-05,2025-04-04,30,39384.0,13545.0,52929.0
2701,2701,1057,2025-03-06,2025-03-21,15,25344.0,8826.0,34170.0
2702,2702,1123,2025-03-04,2025-03-19,15,9833.0,3310.0,13143.0
2703,2703,1088,2025-03-04,2025-03-19,15,26084.0,4136.0,30220.0
2704,2704,1064,2025-03-05,2025-04-04,30,19500.0,6379.0,25879.0
2705,2705,1085,2025-03-04,2025-04-18,45,9445.0,2082.0,11527.0
2706,2706,1015,2025-03-05,2025-04-04,30,30964.0,5940.0,36904.0
2707,2707,1063,2025-03-05,2025-04-04,30,9646.0,1376.0,11022.0
2708,2708,1104,2025-03-06,2025-03-21,15,22892.0,3379.0,26271.0
2709,2709,1076,2025-03-07,2025-04-21,45,68781.0,13977.0,82758.0
2710,2710,1074,2025-03-06,2025-04-05,30,18968.0,6859.0,25827.0
2711,2711,1083,2025-03-06,2025-04-05,30,31348.0,4596.0,35944.0
2712,2712,1055,2025-03-05,2025-04-04,30,10510.0,3281.0,13791.0
2713,2713,1063,2025-03-06,2025-03-21,15,23406.0,6908.0,30314.0
2714,2714,1099,2025-03-06,2025-03-21,15,18100.0,5784.0,23884.0
2715,2715,1107,2025-03-07,2025-04-06,30,36660.0,9206.0,45866.0
2716,2716,1070,2025-03-08,2025-04-22,45,33800.0,6905.0,40705.0
2717,2717,1004,2025-03-05,2025-04-04,30,9012.0,1529.0,10541.0
2718,2718,1106,2025-03-05,2025-04-04,30,10153.0,3156.0,13309.0
2719,2719,1109,2025-03-06,2025-04-20,45,28632.0,10103.0,38735.0
2720,2720,1122,2025-03-06,2025-04-05,30,20412.0,3647.0,24059.0
2721,2721,1092,2025-03-05,2025-04-04,30,9708.0,2843.0,12551.0
2722,2722,1027,2025-03-05,2025-04-19,45,11681.0,2888.0,14569.0
2723,2723,1116,2025-03-05,2025-03-20,15,20150.0,4918.0,25068.0
2724,2724,1106,2025-03-07,2025-04-06,30,36675.0,5484.0,42159.0
2725,2725,1020,2025-03-08,2025-04-22,45,38684.0,7548.0,46232.0
2726,2726,1074,2025-03-05,2025-04-04,30,10512.0,1477.0,11989.0
2727,2727,1121,2025-03-08,2025-04-07,30,54336.0,9035.0,63371.0
2728,2728,1053,2025-03-07,2025-04-06,30,57594.0,9844.0,67438.0
2729,2729,1100,2025-03-07,2025-04-06,30,27408.0,5209.0,32617.0
2730,2730,1058,2025-03-06,2025-04-05,30,25984.0,6314.0,32298.0
2731,2731,1015,2025-03-07,2025-03-22,15,31938.0,10037.0,41975.0
2732,2732,1121,2025-03-08,2025-04-07,30,40748.0,13764.0,54512.0
2733,2733,1089,2025-03-09,2025-03-24,15,76685.0,13081.0,89766.0
2734,2734,1016,2025-03-06,2025-04-20,45,19114.0,5154.0,24268.0
2735,2735,1012,2025-03-08,2025-04-07,30,38952.0,9019.0,47971.0
2736,2736,1014,2025-03-06,2025-04-20,45,31392.0,8134.0,39526.0
2737,2737,1011,2025-03-05,2025-04-19,45,9875.0,2628.0,12503.0
2738,2738,1019,2025-03-07,2025-03-22,15,40422.0,11891.0,52313.0
2739,2739,1099,2025-03-08,2025-04-22,45,24750.0,4938.0,29688.0
2740,2740,1122,2025-03-06,2025-03-21,15,9851.0,3113.0,12964.0
2741,2741,1116,2025-03-09,2025-04-08,30,41192.0,15549.0,56741.0
2742,2742,1038,2025-03-07,2025-03-22,15,31090.0,9794.0,40884.0
2743,2743,1004,2025-03-06,2025-04-05,30,13454.0,4671.0,18125.0
2744,2744,1068,2025-03-06,2025-04-05,30,21972.0,4650.0,26622.0
2745,2745,1009,2025-03-06,2025-04-05,30,9742.0,2177.0,11919.0
2746,2746,1022,2025-03-07,2025-04-06,30,20502.0,6633.0,27135.0
2747,2747,1001,2025-03-06,2025-04-05,30,15825.0,2475.0,18300.0
2748,2748,1099,2025-03-07,2025-04-21,45,18404.0,3115.0,21519.0
2749,2749,1003,2025-03-09,2025-04-08,30,63248.0,21003.0,84251.0
2750,2750,1083,2025-03-09,2025-04-08,30,58868.0,10069.0,68937.0
2751,2751,1063,2025-03-08,2025-04-07,30,31179.0,7569.0,38748.0
2752,2752,1059,2025-03-06,2025-03-21,15,13946.0,4154.0,18100.0
2753,2753,1037,2025-03-09,2025-04-23,45,41240.0,6794.0,48034.0
2754,2754,1033,2025-03-06,2025-04-05,30,13837.0,1700.0,15537.0
2755,2755,1059,2025-03-07,2025-04-06,30,40204.0,8848.0,49052.0
2756,2756,1052,2025-03-09,2025-04-08,30,37940.0,6682.0,44622.0
2757,2757,1059,2025-03-07,2025-04-06,30,17074.0,4366.0,21440.0
2758,2758,1047,2025-03-07,2025-04-06,30,31466.0,9659.0,41125.0
2759,2759,1092,2025-03-08,2025-03-23,15,27945.0,6605.0,34550.0
2760,2760,1085,2025-03-06,2025-04-05,30,9789.0,3570.0,13359.0
2761,2761,1048,2025-03-07,2025-04-21,45,55038.0,19481.0,74519.0
2762,2762,1014,2025-03-06,2025-03-21,15,12847.0,3449.0,16296.0
2763,2763,1053,2025-03-07,2025-04-06,30,33276.0,6600.0,39876.0
2764,2764,1021,2025-03-06,2025-03-21,15,9461.0,3243.0,12704.0
2765,2765,1027,2025-03-09,2025-03-24,15,58548.0,17843.0,76391.0
2766,2766,1096,2025-03-08,2025-04-07,30,29517.0,5561.0,35078.0
2767,2767,1020,2025-03-08,2025-04-07,30,37668.0,10815.0,48483.0
2768,2768,1041,2025-03-08,2025-04-07,30,22300.0,8382.0,30682.0
2769,2769,1081,2025-03-09,2025-04-08,30,49050.0,16383.0,65433.0
2770,2770,1111,2025-03-09,2025-04-08,30,59937.0,9191.0,69128.0
2771,2771,1120,2025-03-07,2025-03-22,15,19907.0,5005.0,24912.0
2772,2772,1047,2025-03-07,2025-04-06,30,20499.0,6646.0,27145.0
2773,2773,1058,2025-03-07,2025-04-21,45,16549.0,3276.0,19825.0
2774,2774,1116,2025-03-09,2025-04-23,45,32154.0,8390.0,40544.0
2775,2775,1117,2025-03-07,2025-04-06,30,21012.0,7677.0,28689.0
2776,2776,1089,2025-03-07,2025-04-06,30,12000.0,2016.0,14016.0
2777,2777,1122,2025-03-07,2025-04-21,45,26296.0,6137.0,32433.0
2778,2778,1049,2025-03-08,2025-04-07,30,20822.0,3583.0,24405.0
2779,2779,1105,2025-03-09,2025-03-24,15,31452.0,5147.0,36599.0
2780,2780,1063,2025-03-08,2025-04-22,45,19500.0,6772.0,26272.0
2781,2781,1011,2025-03-08,2025-04-07,30,39806.0,7775.0,47581.0
2782,2782,1020,2025-03-07,2025-04-06,30,19309.0,2613.0,21922.0
2783,2783,1026,2025-03-10,2025-03-25,15,42612.0,9485.0,52097.0
2784,2784,1078,2025-03-07,2025-04-06,30,20426.0,5241.0,25667.0
2785,2785,1076,2025-03-08,2025-03-23,15,39182.0,8764.0,47946.0
2786,2786,1067,2025-03-07,2025-04-21,45,10129.0,1297.0,11426.0
2787,2787,1022,2025-03-07,2025-04-21,45,21000.0,5575.0,26575.0
2788,2788,1006,2025-03-07,2025-04-21,45,9099.0,1602.0,10701.0
2789,2789,1085,2025-03-11,2025-04-10,30,50830.0,6508.0,57338.0
2790,2790,1095,2025-03-08,2025-03-23,15,21996.0,5320.0,27316.0
2791,2791,1061,2025-03-07,2025-04-06,30,14180.0,2889.0,17069.0
2792,2792,1103,2025-03-07,2025-03-22,15,9665.0,2670.0,12335.0
2793,2793,1091,2025-03-11,2025-03-26,15,67080.0,13577.0,80657.0
2794,2794,1035,2025-03-10,2025-04-24,45,36128.0,5671.0,41799.0
2795,2795,1104,2025-03-08,2025-03-23,15,19206.0,5689.0,24895.0
2796,2796,1104,2025-03-07,2025-04-06,30,15990.0,4170.0,20160.0
2797,2797,1031,2025-03-08,2025-03-23,15,15777.0,5603.0,21380.0
2798,2798,1002,2025-03-11,2025-04-10,30,104968.0,22419.0,127387.0
2799,2799,1124,2025-03-08,2025-04-22,45,15777.0,4861.0,20638.0
2800,2800,1101,2025-03-09,2025-04-08,30,41392.0,8505.0,49897.0
2801,2801,1119,2025-03-09,2025-04-08,30,32116.0,5748.0,37864.0
2802,2802,1001,2025-03-08,2025-04-07,30,11256.0,3605.0,14861.0
2803,2803,1081,2025-03-10,2025-04-09,30,29217.0,3832.0,33049.0
2804,2804,1064,2025-03-09,2025-04-08,30,26570.0,8801.0,35371.0
2805,2805,1008,2025-03-08,2025-04-07,30,13368.0,2581.0,15949.0
2806,2806,1125,2025-03-09,2025-03-24,15,16966.0,3840.0,20806.0
2807,2807,1090,2025-03-08,2025-04-07,30,11111.0,3655.0,14766.0
2808,2808,1097,2025-03-08,2025-03-23,15,14095.0,2381.0,16476.0
2809,2809,1065,2025-03-08,2025-04-07,30,18003.0,4891.0,22894.0
2810,2810,1045,2025-03-08,2025-04-07,30,13544.0,3179.0,16723.0
2811,2811,1097,2025-03-09,2025-03-24,15,30520.0,11186.0,41706.0
2812,2812,1116,2025-03-08,2025-03-23,15,9780.0,1304.0,11084.0
2813,2813,1092,2025-03-09,2025-04-08,30,32234.0,9140.0,41374.0
2814,2814,1041,2025-03-12,2025-04-11,30,52740.0,9777.0,62517.0
2815,2815,1009,2025-03-11,2025-04-10,30,54688.0,15016.0,69704.0
2816,2816,1046,2025-03-10,2025-04-09,30,38475.0,14031.0,52506.0
2817,2817,1096,2025-03-09,2025-03-24,15,28968.0,5783.0,34751.0
2818,2818,1046,2025-03-09,2025-04-08,30,18432.0,6137.0,24569.0
2819,2819,1052,2025-03-11,2025-04-10,30,41788.0,14849.0,56637.0
2820,2820,1019,2025-03-11,2025-04-10,30,33000.0,5752.0,38752.0
2821,2821,1049,2025-03-09,2025-04-08,30,31640.0,5375.0,37015.0
2822,2822,1002,2025-03-09,2025-04-23,45,35612.0,13516.0,49128.0
2823,2823,1028,2025-03-10,2025-04-09,30,33045.0,9594.0,42639.0
2824,2824,1044,2025-03-09,2025-04-08,30,22912.0,2858.0,25770.0
2825,2825,1036,2025-03-09,2025-03-24,15,21292.0,7573.0,28865.0
2826,2826,1056,2025-03-09,2025-03-24,15,17076.0,5185.0,22261.0
2827,2827,1014,2025-03-11,2025-03-26,15,38108.0,10885.0,48993.0
2828,2828,1038,2025-03-08,2025-04-07,30,9262.0,3519.0,12781.0
2829,2829,1123,2025-03-09,2025-04-08,30,20186.0,3519.0,23705.0
2830,2830,1088,2025-03-08,2025-04-07,30,10799.0,1576.0,12375.0
2831,2831,1048,2025-03-09,2025-03-24,15,26732.0,8092.0,34824.0
2832,2832,1125,2025-03-11,2025-04-10,30,99436.0,24061.0,123497.0
2833,2833,1089,2025-03-08,2025-03-23,15,9947.0,1796.0,11743.0
2834,2834,1118,2025-03-11,2025-03-26,15,47216.0,6453.0,53669.0
2835,2835,1090,2025-03-09,2025-03-24,15,36560.0,9189.0,45749.0
2836,2836,1081,2025-03-08,2025-04-07,30,11085.0,3838.0,14923.0
2837,2837,1032,2025-03-11,2025-03-26,15,51076.0,7614.0,58690.0
2838,2838,1097,2025-03-10,2025-04-09,30,27770.0,4698.0,32468.0
2839,2839,1060,2025-03-09,2025-04-08,30,9876.0,1628.0,11504.0
2840,2840,1100,2025-03-12,2025-04-26,45,57096.0,18950.0,76046.0
2841,2841,1047,2025-03-11,2025-04-10,30,32283.0,7890.0,40173.0
2842,2842,1106,2025-03-09,2025-04-08,30,23997.0,3523.0,27520.0
2843,2843,1123,2025-03-10,2025-04-24,45,27278.0,9529.0,36807.0
2844,2844,1083,2025-03-13,2025-03-28,15,42310.0,9561.0,51871.0
2845,2845,1038,2025-03-12,2025-03-27,15,38264.0,8727.0,46991.0
2846,2846,1102,2025-03-11,2025-03-26,15,44052.0,10244.0,54296.0
2847,2847,1039,2025-03-11,2025-03-26,15,27855.0,8441.0,36296.0
2848,2848,1011,2025-03-09,2025-04-23,45,9122.0,3076.0,12198.0
2849,2849,1058,2025-03-11,2025-04-10,30,26418.0,6061.0,32479.0
2850,2850,1036,2025-03-10,2025-03-25,15,28858.0,9401.0,38259.0
2851,2851,1037,2025-03-09,2025-04-08,30,9522.0,2815.0,12337.0
2852,2852,1071,2025-03-09,2025-04-08,30,11034.0,3889.0,14923.0
2853,2853,1049,2025-03-09,2025-04-08,30,11019.0,3421.0,14440.0
2854,2854,1108,2025-03-10,2025-04-09,30,27176.0,6132.0,33308.0
2855,2855,1097,2025-03-10,2025-04-09,30,30050.0,8104.0,38154.0
2856,2856,1009,2025-03-12,2025-04-26,45,57100.0,9871.0,66971.0
2857,2857,1021,2025-03-09,2025-03-24,15,18975.0,2609.0,21584.0
2858,2858,1053,2025-03-09,2025-04-08,30,21217.0,6924.0,28141.0
2859,2859,1008,2025-03-09,2025-03-24,15,9775.0,3523.0,13298.0
2860,2860,1105,2025-03-10,2025-04-09,30,31210.0,7331.0,38541.0
2861,2861,1112,2025-03-09,2025-03-24,15,11119.0,2427.0,13546.0
2862,2862,1108,2025-03-09,2025-03-24,15,9657.0,3587.0,13244.0
2863,2863,1098,2025-03-10,2025-03-25,15,28532.0,7380.0,35912.0
2864,2864,1097,2025-03-09,2025-04-23,45,9201.0,3174.0,12375.0
2865,2865,1092,2025-03-11,2025-04-10,30,28676.0,5486.0,34162.0
2866,2866,1076,2025-03-11,2025-03-26,15,29288.0,8752.0,38040.0
2867,2867,1113,2025-03-10,2025-03-25,15,9710.0,1405.0,11115.0
2868,2868,1028,2025-03-13,2025-03-28,15,40652.0,10963.0,51615.0
2869,2869,1048,2025-03-10,2025-04-24,45,9454.0,2232.0,11686.0
2870,2870,1078,2025-03-10,2025-03-25,15,13769.0,5148.0,18917.0
2871,2871,1058,2025-03-10,2025-04-09,30,9003.0,1312.0,10315.0
2872,2872,1066,2025-03-11,2025-04-25,45,21234.0,3726.0,24960.0
2873,2873,1120,2025-03-10,2025-04-09,30,24472.0,5180.0,29652.0
2874,2874,1096,2025-03-10,2025-04-09,30,20289.0,2599.0,22888.0
2875,2875,1060,2025-03-12,2025-04-26,45,28017.0,8334.0,36351.0
2876,2876,1114,2025-03-11,2025-03-26,15,19056.0,5202.0,24258.0
2877,2877,1111,2025-03-10,2025-03-25,15,28981.0,8821.0,37802.0
2878,2878,1093,2025-03-11,2025-04-25,45,20032.0,3845.0,23877.0
2879,2879,1072,2025-03-14,2025-04-28,45,51840.0,12525.0,64365.0
2880,2880,1121,2025-03-12,2025-04-11,30,46665.0,7701.0,54366.0
2881,2881,1110,2025-03-11,2025-04-10,30,21124.0,6987.0,28111.0
2882,2882,1057,2025-03-10,2025-03-25,15,9021.0,1107.0,10128.0
2883,2883,1025,2025-03-11,2025-04-10,30,20842.0,3072.0,23914.0
2884,2884,1036,2025-03-12,2025-04-26,45,60492.0,8436.0,68928.0
2885,2885,1034,2025-03-10,2025-04-24,45,10440.0,3050.0,13490.0
2886,2886,1118,2025-03-13,2025-04-12,30,38000.0,10421.0,48421.0
2887,2887,1120,2025-03-13,2025-04-27,45,39272.0,6012.0,45284.0
2888,2888,1093,2025-03-10,2025-04-09,30,19442.0,5044.0,24486.0
2889,2889,1090,2025-03-13,2025-04-27,45,37248.0,6839.0,44087.0
2890,2890,1028,2025-03-10,2025-04-09,30,14077.0,2563.0,16640.0
2891,2891,1053,2025-03-12,2025-04-11,30,25224.0,4770.0,29994.0
2892,2892,1085,2025-03-10,2025-04-09,30,9924.0,1612.0,11536.0
2893,2893,1103,2025-03-12,2025-04-26,45,29166.0,7449.0,36615.0
2894,2894,1025,2025-03-12,2025-04-26,45,32361.0,12150.0,44511.0
2895,2895,1107,2025-03-11,2025-03-26,15,17910.0,2437.0,20347.0
2896,2896,1102,2025-03-11,2025-04-10,30,34384.0,11721.0,46105.0
2897,2897,1059,2025-03-12,2025-04-11,30,27594.0,3814.0,31408.0
2898,2898,1070,2025-03-12,2025-04-11,30,55694.0,17747.0,73441.0
2899,2899,1023,2025-03-13,2025-03-28,15,27489.0,4053.0,31542.0
2900,2900,1087,2025-03-12,2025-04-11,30,28942.0,5450.0,34392.0
2901,2901,1047,2025-03-12,2025-04-11,30,27506.0,10390.0,37896.0
2902,2902,1083,2025-03-11,2025-04-10,30,22137.0,4054.0,26191.0
2903,2903,1022,2025-03-13,2025-04-12,30,33813.0,12725.0,46538.0
2904,2904,1044,2025-03-11,2025-04-10,30,20682.0,5846.0,26528.0
2905,2905,1103,2025-03-13,2025-04-12,30,42990.0,12108.0,55098.0
2906,2906,1106,2025-03-15,2025-04-14,30,74615.0,21706.0,96321.0
2907,2907,1006,2025-03-11,2025-04-10,30,9190.0,3275.0,12465.0
2908,2908,1095,2025-03-12,2025-03-27,15,24000.0,2929.0,26929.0
2909,2909,1015,2025-03-13,2025-04-12,30,27930.0,3490.0,31420.0
2910,2910,1105,2025-03-13,2025-03-28,15,32367.0,10427.0,42794.0
2911,2911,1089,2025-03-12,2025-03-27,15,19056.0,7224.0,26280.0
2912,2912,1115,2025-03-11,2025-04-10,30,12307.0,3689.0,15996.0
2913,2913,1125,2025-03-13,2025-04-12,30,45081.0,16681.0,61762.0
2914,2914,1031,2025-03-11,2025-04-10,30,16935.0,4781.0,21716.0
2915,2915,1082,2025-03-11,2025-04-10,30,15636.0,2878.0,18514.0
2916,2916,1024,2025-03-13,2025-04-27,45,30885.0,10408.0,41293.0
2917,2917,1058,2025-03-13,2025-04-12,30,76197.0,19072.0,95269.0
2918,2918,1039,2025-03-12,2025-04-26,45,35582.0,10426.0,46008.0
2919,2919,1080,2025-03-12,2025-04-11,30,21202.0,7116.0,28318.0
2920,2920,1005,2025-03-12,2025-04-11,30,31386.0,8843.0,40229.0
2921,2921,1061,2025-03-12,2025-04-26,45,29496.0,5326.0,34822.0
2922,2922,1080,2025-03-12,2025-03-27,15,43550.0,14477.0,58027.0
2923,2923,1004,2025-03-14,2025-03-29,15,84792.0,23950.0,108742.0
2924,2924,1012,2025-03-15,2025-04-14,30,52080.0,9766.0,61846.0
2925,2925,1119,2025-03-13,2025-04-12,30,30639.0,6356.0,36995.0
2926,2926,1042,2025-03-12,2025-04-11,30,18382.0,4006.0,22388.0
2927,2927,1028,2025-03-13,2025-04-27,45,28080.0,5232.0,33312.0
2928,2928,1004,2025-03-11,2025-04-10,30,12961.0,3571.0,16532.0
2929,2929,1060,2025-03-12,2025-03-27,15,36968.0,5103.0,42071.0
2930,2930,1033,2025-03-12,2025-03-27,15,17320.0,3071.0,20391.0
2931,2931,1116,2025-03-13,2025-03-28,15,41967.0,6320.0,48287.0
2932,2932,1088,2025-03-14,2025-04-13,30,36912.0,12246.0,49158.0
2933,2933,1063,2025-03-13,2025-04-12,30,28212.0,8277.0,36489.0
2934,2934,1049,2025-03-12,2025-04-11,30,19240.0,7284.0,26524.0
2935,2935,1088,2025-03-11,2025-04-25,45,9494.0,2654.0,12148.0
2936,2936,1015,2025-03-12,2025-04-11,30,30810.0,10665.0,41475.0
2937,2937,1122,2025-03-11,2025-04-10,30,8250.0,2999.0,11249.0
2938,2938,1091,2025-03-14,2025-04-28,45,42735.0,11227.0,53962.0
2939,2939,1036,2025-03-14,2025-04-28,45,46275.0,6348.0,52623.0
2940,2940,1012,2025-03-14,2025-04-28,45,31368.0,9103.0,40471.0
2941,2941,1117,2025-03-15,2025-04-14,30,33816.0,12520.0,46336.0
2942,2942,1012,2025-03-12,2025-04-11,30,21865.0,3123.0,24988.0
2943,2943,1034,2025-03-14,2025-04-13,30,46539.0,16677.0,63216.0
2944,2944,1075,2025-03-16,2025-03-31,15,49415.0,15753.0,65168.0
2945,2945,1090,2025-03-13,2025-04-12,30,20310.0,3113.0,23423.0
2946,2946,1002,2025-03-13,2025-03-28,15,20476.0,3915.0,24391.0
2947,2947,1018,2025-03-14,2025-04-13,30,34590.0,9908.0,44498.0
2948,2948,1028,2025-03-12,2025-04-11,30,9991.0,3322.0,13313.0
2949,2949,1082,2025-03-13,2025-03-28,15,21076.0,7471.0,28547.0
2950,2950,1086,2025-03-15,2025-04-14,30,60260.0,14474.0,74734.0
2951,2951,1010,2025-03-13,2025-03-28,15,21530.0,7798.0,29328.0
2952,2952,1108,2025-03-12,2025-04-11,30,14973.0,3506.0,18479.0
2953,2953,1006,2025-03-15,2025-04-29,45,51196.0,19414.0,70610.0
2954,2954,1086,2025-03-14,2025-04-13,30,63804.0,16899.0,80703.0
2955,2955,1117,2025-03-13,2025-04-12,30,29648.0,6959.0,36607.0
2956,2956,1114,2025-03-13,2025-03-28,15,18832.0,3551.0,22383.0
2957,2957,1064,2025-03-15,2025-04-14,30,39808.0,7638.0,47446.0
2958,2958,1009,2025-03-13,2025-04-27,45,55286.0,19406.0,74692.0
2959,2959,1036,2025-03-14,2025-04-13,30,43341.0,6141.0,49482.0
2960,2960,1118,2025-03-13,2025-04-12,30,19352.0,6833.0,26185.0
2961,2961,1061,2025-03-14,2025-04-13,30,33786.0,4152.0,37938.0
2962,2962,1089,2025-03-13,2025-04-12,30,26600.0,7528.0,34128.0
2963,2963,1018,2025-03-13,2025-03-28,15,25518.0,9498.0,35016.0
2964,2964,1044,2025-03-12,2025-04-11,30,9087.0,3135.0,12222.0
2965,2965,1112,2025-03-13,2025-04-12,30,25100.0,9053.0,34153.0
2966,2966,1116,2025-03-13,2025-03-28,15,17120.0,2816.0,19936.0
2967,2967,1043,2025-03-12,2025-03-27,15,10409.0,3686.0,14095.0
2968,2968,1055,2025-03-13,2025-04-27,45,28540.0,9004.0,37544.0
2969,2969,1089,2025-03-12,2025-04-11,30,14876.0,2697.0,17573.0
2970,2970,1103,2025-03-15,2025-04-29,45,27684.0,9445.0,37129.0
2971,2971,1093,2025-03-14,2025-03-29,15,19430.0,2910.0,22340.0
2972,2972,1024,2025-03-14,2025-03-29,15,41082.0,6795.0,47877.0
2973,2973,1051,2025-03-15,2025-03-30,15,50730.0,13511.0,64241.0
2974,2974,1078,2025-03-13,2025-04-27,45,13770.0,1741.0,15511.0
2975,2975,1071,2025-03-13,2025-03-28,15,9796.0,3545.0,13341.0
2976,2976,1059,2025-03-13,2025-04-27,45,23125.0,5947.0,29072.0
2977,2977,1066,2025-03-14,2025-04-13,30,36678.0,13299.0,49977.0
2978,2978,1077,2025-03-13,2025-04-12,30,12000.0,3753.0,15753.0
2979,2979,1018,2025-03-14,2025-04-13,30,21766.0,6146.0,27912.0
2980,2980,1036,2025-03-14,2025-04-13,30,22692.0,3750.0,26442.0
2981,2981,1013,2025-03-14,2025-04-13,30,20830.0,3805.0,24635.0
2982,2982,1002,2025-03-15,2025-03-30,15,64167.0,22961.0,87128.0
2983,2983,1037,2025-03-17,2025-05-01,45,46270.0,16407.0,62677.0
2984,2984,1071,2025-03-13,2025-04-27,45,9337.0,1150.0,10487.0
2985,2985,1075,2025-03-13,2025-04-12,30,9632.0,1582.0,11214.0
2986,2986,1079,2025-03-13,2025-03-28,15,10143.0,1647.0,11790.0
2987,2987,1079,2025-03-13,2025-04-12,30,9425.0,1152.0,10577.0
2988,2988,1029,2025-03-13,2025-04-12,30,22324.0,3480.0,25804.0
2989,2989,1118,2025-03-14,2025-04-13,30,21532.0,5289.0,26821.0
2990,2990,1077,2025-03-13,2025-03-28,15,9525.0,2451.0,11976.0
2991,2991,1109,2025-03-14,2025-04-28,45,55354.0,12414.0,67768.0
2992,2992,1079,2025-03-15,2025-04-14,30,29541.0,8092.0,37633.0
2993,2993,1056,2025-03-14,2025-04-13,30,14879.0,4642.0,19521.0
2994,2994,1064,2025-03-15,2025-04-14,30,56194.0,16836.0,73030.0
2995,2995,1010,2025-03-15,2025-04-29,45,29156.0,8321.0,37477.0
2996,2996,1101,2025-03-16,2025-04-30,45,45057.0,12341.0,57398.0
2997,2997,1116,2025-03-14,2025-04-13,30,9710.0,1607.0,11317.0
2998,2998,1004,2025-03-15,2025-04-14,30,22280.0,6771.0,29051.0
2999,2999,1003,2025-03-15,2025-04-29,45,32144.0,10772.0,42916.0
3000,3000,1063,2025-03-14,2025-03-29,15,10395.0,3673.0,14068.0
3001,3001,1035,2025-03-15,2025-03-30,15,18446.0,6865.0,25311.0
3002,3002,1022,2025-03-18,2025-05-02,45,50905.0,17189.0,68094.0
3003,3003,1005,2025-03-15,2025-04-14,30,18774.0,6030.0,24804.0
3004,3004,1012,2025-03-15,2025-04-29,45,39196.0,12059.0,51255.0
3005,3005,1068,2025-03-14,2025-04-13,30,13573.0,2096.0,15669.0
3006,3006,1110,2025-03-15,2025-04-14,30,38816.0,12936.0,51752.0
3007,3007,1009,2025-03-17,2025-04-16,30,37988.0,6151.0,44139.0
3008,3008,1084,2025-03-14,2025-04-13,30,10158.0,2094.0,12252.0
3009,3009,1061,2025-03-17,2025-05-01,45,100428.0,16993.0,117421.0
3010,3010,1104,2025-03-17,2025-04-01,15,73984.0,14448.0,88432.0
3011,3011,1101,2025-03-15,2025-03-30,15,39958.0,7564.0,47522.0
3012,3012,1098,2025-03-14,2025-04-13,30,9279.0,1563.0,10842.0
3013,3013,1042,2025-03-14,2025-03-29,15,10439.0,3298.0,13737.0
3014,3014,1003,2025-03-16,2025-04-30,45,67107.0,24262.0,91369.0
3015,3015,1109,2025-03-17,2025-04-16,30,60184.0,12608.0,72792.0
3016,3016,1074,2025-03-17,2025-04-01,15,42692.0,6706.0,49398.0
3017,3017,1021,2025-03-15,2025-04-14,30,48822.0,15882.0,64704.0
3018,3018,1049,2025-03-16,2025-04-30,45,37905.0,10686.0,48591.0
3019,3019,1071,2025-03-14,2025-04-28,45,8576.0,1291.0,9867.0
3020,3020,1124,2025-03-15,2025-04-14,30,29044.0,7400.0,36444.0
3021,3021,1052,2025-03-16,2025-04-30,45,46498.0,12009.0,58507.0
3022,3022,1104,2025-03-16,2025-04-15,30,26088.0,9720.0,35808.0
3023,3023,1108,2025-03-15,2025-04-29,45,9882.0,2189.0,12071.0
3024,3024,1041,2025-03-16,2025-04-30,45,18710.0,6970.0,25680.0
3025,3025,1100,2025-03-17,2025-04-16,30,45549.0,9069.0,54618.0
3026,3026,1084,2025-03-15,2025-04-14,30,14883.0,2806.0,17689.0
3027,3027,1116,2025-03-16,2025-03-31,15,43910.0,9024.0,52934.0
3028,3028,1113,2025-03-16,2025-03-31,15,18068.0,6112.0,24180.0
3029,3029,1032,2025-03-15,2025-04-29,45,10086.0,2354.0,12440.0
3030,3030,1060,2025-03-18,2025-04-02,15,78612.0,10905.0,89517.0
3031,3031,1010,2025-03-18,2025-04-02,15,81208.0,17511.0,98719.0
3032,3032,1112,2025-03-16,2025-04-15,30,24000.0,8752.0,32752.0
3033,3033,1040,2025-03-15,2025-03-30,15,25874.0,7634.0,33508.0
3034,3034,1035,2025-03-15,2025-03-30,15,21318.0,6266.0,27584.0
3035,3035,1048,2025-03-16,2025-04-30,45,21782.0,6849.0,28631.0
3036,3036,1037,2025-03-16,2025-04-15,30,17660.0,5040.0,22700.0
3037,3037,1114,2025-03-17,2025-04-16,30,30519.0,6306.0,36825.0
3038,3038,1094,2025-03-16,2025-04-15,30,22482.0,4170.0,26652.0
3039,3039,1020,2025-03-16,2025-04-15,30,29702.0,5728.0,35430.0
3040,3040,1035,2025-03-16,2025-03-31,15,34884.0,4724.0,39608.0
3041,3041,1079,2025-03-17,2025-04-01,15,31104.0,9253.0,40357.0
3042,3042,1025,2025-03-16,2025-04-15,30,18520.0,5345.0,23865.0
3043,3043,1114,2025-03-15,2025-04-14,30,11755.0,4304.0,16059.0
3044,3044,1009,2025-03-16,2025-04-15,30,19846.0,6344.0,26190.0
3045,3045,1101,2025-03-15,2025-04-14,30,9887.0,1826.0,11713.0
3046,3046,1011,2025-03-16,2025-04-15,30,21446.0,5631.0,27077.0
3047,3047,1094,2025-03-17,2025-04-16,30,41367.0,9092.0,50459.0
3048,3048,1114,2025-03-18,2025-04-17,30,78788.0,23057.0,101845.0
3049,3049,1042,2025-03-17,2025-04-01,15,65469.0,12799.0,78268.0
3050,3050,1104,2025-03-17,2025-05-01,45,49400.0,16352.0,65752.0
3051,3051,1043,2025-03-19,2025-04-03,15,62844.0,20885.0,83729.0
3052,3052,1052,2025-03-16,2025-04-15,30,20053.0,3233.0,23286.0
3053,3053,1072,2025-03-17,2025-04-16,30,19658.0,4579.0,24237.0
3054,3054,1032,2025-03-18,2025-04-17,30,34125.0,12849.0,46974.0
3055,3055,1096,2025-03-16,2025-03-31,15,9174.0,2496.0,11670.0
3056,3056,1032,2025-03-17,2025-05-01,45,19406.0,4737.0,24143.0
3057,3057,1114,2025-03-17,2025-04-16,30,21058.0,2537.0,23595.0
3058,3058,1054,2025-03-17,2025-04-01,15,20356.0,2595.0,22951.0
3059,3059,1113,2025-03-16,2025-03-31,15,10328.0,1751.0,12079.0
3060,3060,1028,2025-03-19,2025-04-03,15,82344.0,24439.0,106783.0
3061,3061,1021,2025-03-18,2025-05-02,45,28605.0,9792.0,38397.0
3062,3062,1013,2025-03-17,2025-04-01,15,27914.0,3775.0,31689.0
3063,3063,1012,2025-03-18,2025-04-17,30,27021.0,3508.0,30529.0
3064,3064,1020,2025-03-18,2025-04-02,15,58011.0,19653.0,77664.0
3065,3065,1047,2025-03-16,2025-03-31,15,22838.0,6061.0,28899.0
3066,3066,1086,2025-03-19,2025-05-03,45,67436.0,24753.0,92189.0
3067,3067,1075,2025-03-16,2025-03-31,15,14243.0,4991.0,19234.0
3068,3068,1119,2025-03-16,2025-03-31,15,10096.0,3728.0,13824.0
3069,3069,1076,2025-03-16,2025-04-15,30,10277.0,3510.0,13787.0
3070,3070,1079,2025-03-18,2025-04-17,30,29655.0,10665.0,40320.0
3071,3071,1090,2025-03-16,2025-03-31,15,9829.0,1448.0,11277.0
3072,3072,1037,2025-03-17,2025-04-16,30,32102.0,6275.0,38377.0
3073,3073,1046,2025-03-19,2025-04-03,15,37640.0,10198.0,47838.0
3074,3074,1105,2025-03-16,2025-04-30,45,17083.0,3680.0,20763.0
3075,3075,1042,2025-03-21,2025-05-05,45,53680.0,17590.0,71270.0
3076,3076,1113,2025-03-18,2025-04-02,15,20336.0,7226.0,27562.0
3077,3077,1020,2025-03-17,2025-04-01,15,9963.0,1924.0,11887.0
3078,3078,1062,2025-03-17,2025-04-16,30,14038.0,2981.0,17019.0
3079,3079,1121,2025-03-17,2025-05-01,45,10430.0,2246.0,12676.0
3080,3080,1084,2025-03-19,2025-04-03,15,41334.0,10442.0,51776.0
3081,3081,1009,2025-03-17,2025-04-16,30,8272.0,2021.0,10293.0
3082,3082,1060,2025-03-19,2025-04-18,30,26358.0,5338.0,31696.0
3083,3083,1042,2025-03-18,2025-04-02,15,31496.0,11747.0,43243.0
3084,3084,1123,2025-03-19,2025-05-03,45,28779.0,8765.0,37544.0
3085,3085,1001,2025-03-18,2025-04-17,30,35122.0,7498.0,42620.0
3086,3086,1043,2025-03-17,2025-04-16,30,22495.0,8231.0,30726.0
3087,3087,1078,2025-03-20,2025-04-04,15,43176.0,7727.0,50903.0
3088,3088,1002,2025-03-17,2025-04-16,30,14536.0,3161.0,17697.0
3089,3089,1048,2025-03-19,2025-04-18,30,44076.0,10814.0,54890.0
3090,3090,1019,2025-03-17,2025-04-16,30,10422.0,3392.0,13814.0
3091,3091,1065,2025-03-19,2025-05-03,45,29394.0,4915.0,34309.0
3092,3092,1026,2025-03-18,2025-05-02,45,16750.0,6354.0,23104.0
3093,3093,1059,2025-03-20,2025-04-04,15,35700.0,7921.0,43621.0
3094,3094,1037,2025-03-18,2025-04-17,30,43098.0,10610.0,53708.0
3095,3095,1102,2025-03-18,2025-04-02,15,19764.0,4996.0,24760.0
3096,3096,1074,2025-03-19,2025-05-03,45,24894.0,8790.0,33684.0
3097,3097,1058,2025-03-17,2025-04-01,15,10274.0,1294.0,11568.0
3098,3098,1075,2025-03-20,2025-04-19,30,41516.0,8133.0,49649.0
3099,3099,1006,2025-03-17,2025-04-01,15,8825.0,1284.0,10109.0
3100,3100,1010,2025-03-18,2025-04-17,30,11347.0,1561.0,12908.0
3101,3101,1065,2025-03-18,2025-04-17,30,23195.0,6423.0,29618.0
3102,3102,1101,2025-03-20,2025-04-19,30,57978.0,18074.0,76052.0
3103,3103,1085,2025-03-19,2025-04-18,30,20894.0,2752.0,23646.0
3104,3104,1119,2025-03-20,2025-04-19,30,43032.0,5287.0,48319.0
3105,3105,1088,2025-03-19,2025-05-03,45,37566.0,13775.0,51341.0
3106,3106,1062,2025-03-18,2025-05-02,45,9752.0,2732.0,12484.0
3107,3107,1086,2025-03-18,2025-04-17,30,9840.0,1261.0,11101.0
3108,3108,1094,2025-03-18,2025-04-17,30,11058.0,1365.0,12423.0
3109,3109,1071,2025-03-18,2025-04-02,15,9538.0,1578.0,11116.0
3110,3110,1016,2025-03-18,2025-04-17,30,15741.0,3321.0,19062.0
3111,3111,1121,2025-03-18,2025-05-02,45,20305.0,4316.0,24621.0
3112,3112,1044,2025-03-18,2025-05-02,45,8514.0,2701.0,11215.0
3113,3113,1086,2025-03-20,2025-04-04,15,28515.0,4334.0,32849.0
3114,3114,1012,2025-03-20,2025-05-04,45,43581.0,14529.0,58110.0
3115,3115,1117,2025-03-19,2025-04-18,30,22196.0,6617.0,28813.0
3116,3116,1012,2025-03-20,2025-04-04,15,56811.0,8477.0,65288.0
3117,3117,1025,2025-03-18,2025-04-17,30,17401.0,3352.0,20753.0
3118,3118,1004,2025-03-21,2025-04-20,30,38928.0,7111.0,46039.0
3119,3119,1104,2025-03-19,2025-04-18,30,21310.0,5744.0,27054.0
3120,3120,1062,2025-03-18,2025-05-02,45,10475.0,2522.0,12997.0
3121,3121,1085,2025-03-20,2025-04-19,30,79932.0,24474.0,104406.0
3122,3122,1059,2025-03-20,2025-04-19,30,59250.0,8738.0,67988.0
3123,3123,1001,2025-03-19,2025-05-03,45,21480.0,7579.0,29059.0
3124,3124,1048,2025-03-18,2025-04-17,30,14730.0,2340.0,17070.0
3125,3125,1011,2025-03-19,2025-04-18,30,33302.0,7346.0,40648.0
3126,3126,1099,2025-03-18,2025-04-17,30,9601.0,3237.0,12838.0
3127,3127,1044,2025-03-18,2025-04-02,15,11174.0,1638.0,12812.0
3128,3128,1082,2025-03-20,2025-04-19,30,29607.0,7827.0,37434.0
3129,3129,1008,2025-03-18,2025-04-02,15,9478.0,3130.0,12608.0
3130,3130,1090,2025-03-20,2025-04-19,30,68451.0,15225.0,83676.0
3131,3131,1010,2025-03-19,2025-04-18,30,18926.0,5385.0,24311.0
3132,3132,1095,2025-03-19,2025-04-18,30,42358.0,11418.0,53776.0
3133,3133,1112,2025-03-18,2025-04-17,30,9314.0,3472.0,12786.0
3134,3134,1013,2025-03-19,2025-04-18,30,22006.0,6660.0,28666.0
3135,3135,1024,2025-03-19,2025-04-03,15,10169.0,2714.0,12883.0
3136,3136,1098,2025-03-20,2025-04-19,30,30696.0,6560.0,37256.0
3137,3137,1104,2025-03-20,2025-04-19,30,29404.0,9073.0,38477.0
3138,3138,1085,2025-03-22,2025-04-21,30,48000.0,9941.0,57941.0
3139,3139,1006,2025-03-22,2025-04-21,30,37632.0,12138.0,49770.0
3140,3140,1018,2025-03-22,2025-04-06,15,36996.0,11038.0,48034.0
3141,3141,1014,2025-03-22,2025-04-06,15,44112.0,7382.0,51494.0
3142,3142,1021,2025-03-19,2025-05-03,45,19174.0,6592.0,25766.0
3143,3143,1011,2025-03-20,2025-05-04,45,29410.0,6517.0,35927.0
3144,3144,1104,2025-03-19,2025-05-03,45,9787.0,3359.0,13146.0
3145,3145,1022,2025-03-19,2025-04-18,30,9547.0,1491.0,11038.0
3146,3146,1088,2025-03-21,2025-05-05,45,43455.0,9978.0,53433.0
3147,3147,1100,2025-03-19,2025-04-18,30,15576.0,4130.0,19706.0
3148,3148,1050,2025-03-20,2025-05-04,45,45376.0,8976.0,54352.0
3149,3149,1052,2025-03-20,2025-04-04,15,20734.0,4746.0,25480.0
3150,3150,1114,2025-03-20,2025-04-19,30,39068.0,9648.0,48716.0
3151,3151,1064,2025-03-20,2025-04-19,30,21976.0,5544.0,27520.0
3152,3152,1074,2025-03-19,2025-04-18,30,9875.0,2538.0,12413.0
3153,3153,1086,2025-03-20,2025-04-19,30,17372.0,5990.0,23362.0
3154,3154,1010,2025-03-21,2025-04-20,30,29700.0,7412.0,37112.0
3155,3155,1123,2025-03-19,2025-05-03,45,14756.0,2659.0,17415.0
3156,3156,1053,2025-03-19,2025-05-03,45,10838.0,3044.0,13882.0
3157,3157,1093,2025-03-19,2025-05-03,45,10684.0,3345.0,14029.0
3158,3158,1067,2025-03-19,2025-04-18,30,15513.0,3962.0,19475.0
3159,3159,1082,2025-03-20,2025-04-04,15,28480.0,9218.0,37698.0
3160,3160,1032,2025-03-20,2025-04-19,30,17864.0,5666.0,23530.0
3161,3161,1033,2025-03-22,2025-04-21,30,48000.0,6490.0,54490.0
3162,3162,1059,2025-03-20,2025-04-04,15,20226.0,4522.0,24748.0
3163,3163,1037,2025-03-19,2025-05-03,45,14141.0,2310.0,16451.0
3164,3164,1068,2025-03-19,2025-04-18,30,11285.0,2298.0,13583.0
3165,3165,1029,2025-03-20,2025-04-19,30,20040.0,6955.0,26995.0
3166,3166,1021,2025-03-21,2025-04-05,15,27360.0,8864.0,36224.0
3167,3167,1050,2025-03-21,2025-05-05,45,29442.0,9249.0,38691.0
3168,3168,1120,2025-03-23,2025-04-22,30,35124.0,4806.0,39930.0
3169,3169,1111,2025-03-20,2025-04-19,30,9889.0,1376.0,11265.0
3170,3170,1003,2025-03-22,2025-04-21,30,44775.0,6884.0,51659.0
3171,3171,1032,2025-03-24,2025-04-23,30,51930.0,13068.0,64998.0
3172,3172,1079,2025-03-22,2025-04-06,15,41634.0,15572.0,57206.0
3173,3173,1001,2025-03-23,2025-04-22,30,48768.0,9243.0,58011.0
3174,3174,1099,2025-03-20,2025-04-19,30,8333.0,3051.0,11384.0
3175,3175,1040,2025-03-21,2025-05-05,45,29184.0,4909.0,34093.0
3176,3176,1035,2025-03-21,2025-04-05,15,29836.0,6765.0,36601.0
3177,3177,1046,2025-03-21,2025-04-20,30,31684.0,8643.0,40327.0
3178,3178,1032,2025-03-21,2025-04-05,15,19300.0,5767.0,25067.0
3179,3179,1064,2025-03-23,2025-04-22,30,39820.0,7869.0,47689.0
3180,3180,1010,2025-03-24,2025-04-23,30,44625.0,10315.0,54940.0
3181,3181,1053,2025-03-23,2025-05-07,45,41036.0,6912.0,47948.0
3182,3182,1125,2025-03-22,2025-04-21,30,41460.0,12069.0,53529.0
3183,3183,1005,2025-03-22,2025-04-06,15,43935.0,5307.0,49242.0
3184,3184,1036,2025-03-23,2025-05-07,45,42576.0,12705.0,55281.0
3185,3185,1079,2025-03-23,2025-05-07,45,66300.0,20543.0,86843.0
3186,3186,1069,2025-03-22,2025-04-06,15,32685.0,11551.0,44236.0
3187,3187,1022,2025-03-23,2025-04-22,30,53932.0,12413.0,66345.0
3188,3188,1108,2025-03-22,2025-04-21,30,43617.0,14481.0,58098.0
3189,3189,1065,2025-03-24,2025-05-08,45,74010.0,21713.0,95723.0
3190,3190,1055,2025-03-23,2025-04-22,30,56224.0,11930.0,68154.0
3191,3191,1095,2025-03-23,2025-05-07,45,55012.0,14407.0,69419.0
3192,3192,1036,2025-03-21,2025-05-05,45,19472.0,2933.0,22405.0
3193,3193,1106,2025-03-22,2025-05-06,45,31134.0,9888.0,41022.0
3194,3194,1085,2025-03-20,2025-04-04,15,10040.0,3708.0,13748.0
3195,3195,1047,2025-03-21,2025-04-20,30,19414.0,5007.0,24421.0
3196,3196,1088,2025-03-23,2025-05-07,45,50292.0,7243.0,57535.0
3197,3197,1022,2025-03-22,2025-04-21,30,30951.0,9759.0,40710.0
3198,3198,1115,2025-03-21,2025-05-05,45,21098.0,2629.0,23727.0
3199,3199,1056,2025-03-20,2025-04-19,30,10635.0,1317.0,11952.0
3200,3200,1067,2025-03-22,2025-04-21,30,30792.0,6471.0,37263.0
3201,3201,1124,2025-03-24,2025-04-23,30,48284.0,6555.0,54839.0
3202,3202,1069,2025-03-25,2025-05-09,45,113930.0,29584.0,143514.0
3203,3203,1023,2025-03-21,2025-04-20,30,17702.0,2404.0,20106.0
3204,3204,1094,2025-03-23,2025-04-22,30,43047.0,6335.0,49382.0
3205,3205,1038,2025-03-23,2025-04-22,30,79791.0,11408.0,91199.0
3206,3206,1089,2025-03-22,2025-04-06,15,20354.0,4077.0,24431.0
3207,3207,1069,2025-03-21,2025-04-20,30,9622.0,3617.0,13239.0
3208,3208,1095,2025-03-21,2025-04-05,15,21559.0,3019.0,24578.0
3209,3209,1113,2025-03-21,2025-04-20,30,23766.0,5440.0,29206.0
3210,3210,1114,2025-03-21,2025-05-05,45,8819.0,2047.0,10866.0
3211,3211,1068,2025-03-22,2025-04-06,15,19686.0,4584.0,24270.0
3212,3212,1055,2025-03-21,2025-04-20,30,14873.0,4503.0,19376.0
3213,3213,1102,2025-03-23,2025-04-07,15,44835.0,11487.0,56322.0
3214,3214,1093,2025-03-22,2025-04-21,30,19368.0,4093.0,23461.0
3215,3215,1059,2025-03-21,2025-04-20,30,14087.0,4964.0,19051.0
3216,3216,1100,2025-03-21,2025-04-20,30,11225.0,4176.0,15401.0
3217,3217,1104,2025-03-23,2025-04-22,30,30456.0,6777.0,37233.0
3218,3218,1011,2025-03-21,2025-04-20,30,14320.0,2981.0,17301.0
3219,3219,1013,2025-03-21,2025-04-20,30,8774.0,3314.0,12088.0
3220,3220,1124,2025-03-24,2025-04-23,30,43788.0,14490.0,58278.0
3221,3221,1041,2025-03-23,2025-04-22,30,44916.0,14184.0,59100.0
3222,3222,1034,2025-03-21,2025-04-20,30,9093.0,2212.0,11305.0
3223,3223,1086,2025-03-22,2025-04-06,15,17702.0,2395.0,20097.0
3224,3224,1023,2025-03-22,2025-04-21,30,29578.0,6444.0,36022.0
3225,3225,1006,2025-03-21,2025-05-05,45,24770.0,5141.0,29911.0
3226,3226,1007,2025-03-22,2025-05-06,45,19334.0,5740.0,25074.0
3227,3227,1045,2025-03-21,2025-04-20,30,9949.0,1857.0,11806.0
3228,3228,1049,2025-03-21,2025-04-20,30,14297.0,4555.0,18852.0
3229,3229,1035,2025-03-21,2025-05-05,45,15049.0,2671.0,17720.0
3230,3230,1022,2025-03-25,2025-04-09,15,76730.0,25945.0,102675.0
3231,3231,1092,2025-03-22,2025-04-21,30,51452.0,10294.0,61746.0
3232,3232,1079,2025-03-22,2025-05-06,45,10118.0,2922.0,13040.0
3233,3233,1082,2025-03-23,2025-04-22,30,32006.0,4200.0,36206.0
3234,3234,1017,2025-03-25,2025-04-09,15,80144.0,13842.0,93986.0
3235,3235,1107,2025-03-22,2025-04-21,30,10467.0,3517.0,13984.0
3236,3236,1095,2025-03-25,2025-04-24,30,60796.0,15748.0,76544.0
3237,3237,1122,2025-03-23,2025-04-22,30,20416.0,6090.0,26506.0
3238,3238,1025,2025-03-25,2025-04-09,15,38052.0,12335.0,50387.0
3239,3239,1020,2025-03-24,2025-04-23,30,31425.0,4485.0,35910.0
3240,3240,1087,2025-03-22,2025-04-21,30,14757.0,2531.0,17288.0
3241,3241,1053,2025-03-22,2025-04-21,30,9279.0,2309.0,11588.0
3242,3242,1097,2025-03-22,2025-04-21,30,8778.0,3134.0,11912.0
3243,3243,1040,2025-03-23,2025-04-22,30,27226.0,3734.0,30960.0
3244,3244,1006,2025-03-22,2025-05-06,45,19605.0,3119.0,22724.0
3245,3245,1097,2025-03-22,2025-04-21,30,23747.0,7740.0,31487.0
3246,3246,1024,2025-03-22,2025-04-06,15,10373.0,1383.0,11756.0
3247,3247,1038,2025-03-22,2025-04-06,15,9257.0,1458.0,10715.0
3248,3248,1086,2025-03-25,2025-04-24,30,43656.0,11397.0,55053.0
3249,3249,1074,2025-03-23,2025-04-22,30,19556.0,2989.0,22545.0
3250,3250,1003,2025-03-23,2025-04-07,15,42180.0,13109.0,55289.0
3251,3251,1023,2025-03-24,2025-04-23,30,68907.0,8528.0,77435.0
3252,3252,1018,2025-03-22,2025-04-21,30,24380.0,8576.0,32956.0
3253,3253,1088,2025-03-24,2025-04-23,30,29451.0,3699.0,33150.0
3254,3254,1027,2025-03-26,2025-04-25,30,70525.0,10542.0,81067.0
3255,3255,1033,2025-03-22,2025-04-21,30,17976.0,3801.0,21777.0
3256,3256,1094,2025-03-25,2025-04-09,15,64436.0,10286.0,74722.0
3257,3257,1068,2025-03-22,2025-04-21,30,10788.0,2936.0,13724.0
3258,3258,1007,2025-03-25,2025-04-09,15,42000.0,6243.0,48243.0
3259,3259,1028,2025-03-22,2025-04-21,30,13879.0,2876.0,16755.0
3260,3260,1006,2025-03-23,2025-05-07,45,19030.0,2349.0,21379.0
3261,3261,1079,2025-03-25,2025-04-24,30,92844.0,15644.0,108488.0
3262,3262,1050,2025-03-23,2025-04-07,15,27400.0,5287.0,32687.0
3263,3263,1068,2025-03-26,2025-04-25,30,50640.0,17804.0,68444.0
3264,3264,1106,2025-03-22,2025-04-21,30,17313.0,5224.0,22537.0
3265,3265,1071,2025-03-24,2025-05-08,45,28452.0,7039.0,35491.0
3266,3266,1032,2025-03-23,2025-04-07,15,21214.0,3534.0,24748.0
3267,3267,1106,2025-03-22,2025-04-06,15,12538.0,1905.0,14443.0
3268,3268,1054,2025-03-22,2025-04-06,15,19843.0,3669.0,23512.0
3269,3269,1045,2025-03-25,2025-04-24,30,72440.0,25257.0,97697.0
3270,3270,1010,2025-03-22,2025-04-21,30,10583.0,3250.0,13833.0
3271,3271,1038,2025-03-25,2025-04-24,30,97352.0,20044.0,117396.0
3272,3272,1097,2025-03-24,2025-04-23,30,20906.0,5884.0,26790.0
3273,3273,1021,2025-03-23,2025-04-22,30,18009.0,6375.0,24384.0
3274,3274,1043,2025-03-24,2025-04-23,30,42708.0,12237.0,54945.0
3275,3275,1005,2025-03-23,2025-04-07,15,10287.0,2349.0,12636.0
3276,3276,1096,2025-03-26,2025-04-10,15,52924.0,13924.0,66848.0
3277,3277,1102,2025-03-24,2025-04-23,30,19600.0,4351.0,23951.0
3278,3278,1006,2025-03-24,2025-04-23,30,17226.0,5917.0,23143.0
3279,3279,1055,2025-03-23,2025-04-07,15,15205.0,4110.0,19315.0
3280,3280,1067,2025-03-23,2025-04-22,30,27353.0,3475.0,30828.0
3281,3281,1078,2025-03-24,2025-04-23,30,48628.0,6323.0,54951.0
3282,3282,1042,2025-03-26,2025-04-25,30,41584.0,10190.0,51774.0
3283,3283,1099,2025-03-23,2025-05-07,45,21239.0,4841.0,26080.0
3284,3284,1024,2025-03-26,2025-05-10,45,41152.0,9746.0,50898.0
3285,3285,1063,2025-03-23,2025-04-07,15,9039.0,1635.0,10674.0
3286,3286,1107,2025-03-24,2025-04-08,15,16504.0,2541.0,19045.0
3287,3287,1031,2025-03-25,2025-05-09,45,24990.0,4776.0,29766.0
3288,3288,1044,2025-03-24,2025-04-08,15,22546.0,4085.0,26631.0
3289,3289,1071,2025-03-24,2025-04-08,15,19544.0,3621.0,23165.0
3290,3290,1079,2025-03-24,2025-04-08,15,29586.0,4874.0,34460.0
3291,3291,1058,2025-03-23,2025-04-22,30,16011.0,5271.0,21282.0
3292,3292,1075,2025-03-23,2025-04-07,15,12000.0,3736.0,15736.0
3293,3293,1024,2025-03-25,2025-04-24,30,42693.0,16031.0,58724.0
3294,3294,1052,2025-03-25,2025-04-24,30,59115.0,8598.0,67713.0
3295,3295,1081,2025-03-25,2025-04-24,30,49470.0,7362.0,56832.0
3296,3296,1107,2025-03-24,2025-04-23,30,21382.0,3218.0,24600.0
3297,3297,1094,2025-03-24,2025-04-23,30,26338.0,3702.0,30040.0
3298,3298,1019,2025-03-25,2025-05-09,45,46752.0,7400.0,54152.0
3299,3299,1122,2025-03-24,2025-04-23,30,30296.0,9934.0,40230.0
3300,3300,1114,2025-03-23,2025-04-22,30,13854.0,5133.0,18987.0
3301,3301,1025,2025-03-24,2025-04-08,15,22420.0,3701.0,26121.0
3302,3302,1029,2025-03-26,2025-04-25,30,85308.0,13222.0,98530.0
3303,3303,1052,2025-03-23,2025-04-07,15,8683.0,2245.0,10928.0
3304,3304,1072,2025-03-25,2025-04-09,15,18226.0,2611.0,20837.0
3305,3305,1004,2025-03-25,2025-04-24,30,20168.0,4921.0,25089.0
3306,3306,1072,2025-03-24,2025-04-23,30,12000.0,4537.0,16537.0
3307,3307,1078,2025-03-26,2025-04-25,30,60708.0,12892.0,73600.0
3308,3308,1067,2025-03-26,2025-04-25,30,66354.0,8155.0,74509.0
3309,3309,1106,2025-03-27,2025-04-11,15,44184.0,12884.0,57068.0
3310,3310,1085,2025-03-24,2025-05-08,45,8250.0,1022.0,9272.0
3311,3311,1071,2025-03-24,2025-04-23,30,9342.0,1873.0,11215.0
3312,3312,1098,2025-03-26,2025-05-10,45,72078.0,12685.0,84763.0
3313,3313,1049,2025-03-26,2025-04-25,30,29283.0,5662.0,34945.0
3314,3314,1119,2025-03-24,2025-05-08,45,16405.0,6143.0,22548.0
3315,3315,1088,2025-03-24,2025-04-08,15,22510.0,6730.0,29240.0
3316,3316,1041,2025-03-26,2025-04-25,30,62583.0,21326.0,83909.0
3317,3317,1035,2025-03-28,2025-04-27,30,71955.0,26465.0,98420.0
3318,3318,1099,2025-03-24,2025-04-08,15,10417.0,1452.0,11869.0
3319,3319,1123,2025-03-25,2025-04-24,30,20174.0,5110.0,25284.0
3320,3320,1086,2025-03-26,2025-05-10,45,29847.0,8379.0,38226.0
3321,3321,1008,2025-03-25,2025-04-09,15,40456.0,14246.0,54702.0
3322,3322,1026,2025-03-28,2025-04-27,30,48560.0,8093.0,56653.0
3323,3323,1110,2025-03-26,2025-04-25,30,26511.0,7469.0,33980.0
3324,3324,1011,2025-03-28,2025-04-27,30,43900.0,16049.0,59949.0
3325,3325,1042,2025-03-26,2025-04-25,30,20590.0,6994.0,27584.0
3326,3326,1075,2025-03-26,2025-04-25,30,19082.0,5298.0,24380.0
3327,3327,1007,2025-03-26,2025-04-25,30,38080.0,5981.0,44061.0
3328,3328,1057,2025-03-25,2025-05-09,45,15740.0,5559.0,21299.0
3329,3329,1121,2025-03-26,2025-04-25,30,29084.0,3773.0,32857.0
3330,3330,1077,2025-03-25,2025-05-09,45,10670.0,3725.0,14395.0
3331,3331,1096,2025-03-25,2025-04-09,15,9004.0,1320.0,10324.0
3332,3332,1021,2025-03-27,2025-04-26,30,68922.0,17205.0,86127.0
3333,3333,1100,2025-03-28,2025-04-27,30,52736.0,9327.0,62063.0
3334,3334,1025,2025-03-26,2025-04-10,15,19222.0,3749.0,22971.0
3335,3335,1017,2025-03-26,2025-04-25,30,19676.0,7132.0,26808.0
3336,3336,1124,2025-03-25,2025-04-09,15,20492.0,2562.0,23054.0
3337,3337,1060,2025-03-26,2025-04-10,15,21082.0,4927.0,26009.0
3338,3338,1078,2025-03-27,2025-05-11,45,30264.0,10819.0,41083.0
3339,3339,1055,2025-03-26,2025-04-25,30,20430.0,4017.0,24447.0
3340,3340,1074,2025-03-26,2025-05-10,45,21048.0,6819.0,27867.0
3341,3341,1058,2025-03-26,2025-04-25,30,42340.0,6506.0,48846.0
3342,3342,1124,2025-03-27,2025-04-26,30,29631.0,6148.0,35779.0
3343,3343,1111,2025-03-26,2025-04-25,30,20300.0,6757.0,27057.0
3344,3344,1007,2025-03-26,2025-04-25,30,20854.0,4962.0,25816.0
3345,3345,1014,2025-03-25,2025-04-09,15,10256.0,2797.0,13053.0
3346,3346,1064,2025-03-26,2025-04-25,30,21954.0,4458.0,26412.0
3347,3347,1002,2025-03-25,2025-04-09,15,13336.0,3624.0,16960.0
3348,3348,1106,2025-03-26,2025-04-25,30,54634.0,12608.0,67242.0
3349,3349,1120,2025-03-26,2025-05-10,45,18498.0,4921.0,23419.0
3350,3350,1094,2025-03-25,2025-05-09,45,19621.0,6240.0,25861.0
3351,3351,1111,2025-03-26,2025-04-25,30,26134.0,9785.0,35919.0
3352,3352,1023,2025-03-28,2025-04-27,30,111984.0,17984.0,129968.0
3353,3353,1044,2025-03-29,2025-04-28,30,64175.0,14833.0,79008.0
3354,3354,1076,2025-03-27,2025-05-11,45,33828.0,9661.0,43489.0
3355,3355,1119,2025-03-26,2025-04-25,30,29380.0,8836.0,38216.0
3356,3356,1031,2025-03-26,2025-04-10,15,33480.0,4508.0,37988.0
3357,3357,1111,2025-03-26,2025-04-25,30,43892.0,8260.0,52152.0
3358,3358,1108,2025-03-26,2025-04-10,15,48762.0,15608.0,64370.0
3359,3359,1087,2025-03-25,2025-04-24,30,9816.0,3446.0,13262.0
3360,3360,1043,2025-03-29,2025-04-28,30,49130.0,16694.0,65824.0
3361,3361,1034,2025-03-26,2025-04-25,30,28464.0,10371.0,38835.0
3362,3362,1010,2025-03-25,2025-04-24,30,8817.0,2992.0,11809.0
3363,3363,1125,2025-03-25,2025-04-24,30,16768.0,6283.0,23051.0
3364,3364,1035,2025-03-26,2025-04-10,15,17504.0,2107.0,19611.0
3365,3365,1101,2025-03-26,2025-04-25,30,18330.0,4318.0,22648.0
3366,3366,1043,2025-03-25,2025-04-09,15,14649.0,3538.0,18187.0
3367,3367,1030,2025-03-29,2025-04-28,30,124245.0,33276.0,157521.0
3368,3368,1065,2025-03-26,2025-04-10,15,25918.0,5311.0,31229.0
3369,3369,1078,2025-03-26,2025-04-25,30,36788.0,4650.0,41438.0
3370,3370,1037,2025-03-27,2025-04-26,30,27345.0,9694.0,37039.0
3371,3371,1005,2025-03-27,2025-05-11,45,22368.0,6549.0,28917.0
3372,3372,1023,2025-03-27,2025-04-26,30,27902.0,7126.0,35028.0
3373,3373,1125,2025-03-27,2025-04-26,30,17848.0,6051.0,23899.0
3374,3374,1036,2025-03-26,2025-04-25,30,14601.0,3740.0,18341.0
3375,3375,1060,2025-03-26,2025-04-25,30,9677.0,1327.0,11004.0
3376,3376,1020,2025-03-27,2025-04-11,15,25462.0,5595.0,31057.0
3377,3377,1108,2025-03-27,2025-05-11,45,33478.0,7435.0,40913.0
3378,3378,1064,2025-03-26,2025-04-10,15,25268.0,7723.0,32991.0
3379,3379,1052,2025-03-26,2025-04-25,30,18997.0,2611.0,21608.0
3380,3380,1048,2025-03-28,2025-04-27,30,47031.0,6254.0,53285.0
3381,3381,1050,2025-03-26,2025-04-10,15,10491.0,2625.0,13116.0
3382,3382,1073,2025-03-27,2025-04-26,30,18880.0,4606.0,23486.0
3383,3383,1096,2025-03-28,2025-04-27,30,30894.0,9874.0,40768.0
3384,3384,1120,2025-03-27,2025-04-26,30,19220.0,7142.0,26362.0
3385,3385,1079,2025-03-27,2025-04-26,30,31542.0,4802.0,36344.0
3386,3386,1018,2025-03-27,2025-04-26,30,22088.0,3018.0,25106.0
3387,3387,1029,2025-03-28,2025-05-12,45,44799.0,7762.0,52561.0
3388,3388,1119,2025-03-26,2025-04-10,15,16908.0,4340.0,21248.0
3389,3389,1118,2025-03-26,2025-04-10,15,14282.0,4252.0,18534.0
3390,3390,1120,2025-03-27,2025-04-26,30,22200.0,7024.0,29224.0
3391,3391,1052,2025-03-29,2025-04-28,30,60584.0,11843.0,72427.0
3392,3392,1044,2025-03-26,2025-04-25,30,21602.0,2695.0,24297.0
3393,3393,1065,2025-03-28,2025-05-12,45,44964.0,16330.0,61294.0
3394,3394,1004,2025-03-28,2025-04-27,30,36930.0,8229.0,45159.0
3395,3395,1042,2025-03-27,2025-04-26,30,34938.0,9176.0,44114.0
3396,3396,1088,2025-03-26,2025-05-10,45,10911.0,2699.0,13610.0
3397,3397,1113,2025-03-26,2025-04-25,30,9515.0,3569.0,13084.0
3398,3398,1062,2025-03-28,2025-04-12,15,29810.0,9630.0,39440.0
3399,3399,1107,2025-03-27,2025-04-26,30,14148.0,4679.0,18827.0
3400,3400,1027,2025-03-28,2025-04-27,30,33078.0,8786.0,41864.0
3401,3401,1014,2025-03-27,2025-04-26,30,10255.0,2198.0,12453.0
3402,3402,1114,2025-03-27,2025-05-11,45,9800.0,2554.0,12354.0
3403,3403,1122,2025-03-28,2025-05-12,45,18300.0,4949.0,23249.0
3404,3404,1123,2025-03-27,2025-04-26,30,14610.0,2097.0,16707.0
3405,3405,1111,2025-03-31,2025-05-15,45,70585.0,9649.0,80234.0
3406,3406,1046,2025-03-27,2025-04-26,30,14481.0,1945.0,16426.0
3407,3407,1016,2025-03-28,2025-04-27,30,19390.0,6579.0,25969.0
3408,3408,1097,2025-03-28,2025-04-12,15,25346.0,6928.0,32274.0
3409,3409,1109,2025-03-27,2025-05-11,45,8978.0,2975.0,11953.0
3410,3410,1120,2025-03-28,2025-05-12,45,24844.0,6044.0,30888.0
3411,3411,1055,2025-03-29,2025-04-13,15,32580.0,9578.0,42158.0
3412,3412,1097,2025-03-31,2025-04-15,15,45950.0,11606.0,57556.0
3413,3413,1022,2025-03-28,2025-04-27,30,18978.0,5218.0,24196.0
3414,3414,1036,2025-03-29,2025-04-13,15,34698.0,6203.0,40901.0
3415,3415,1124,2025-03-27,2025-04-11,15,14143.0,3072.0,17215.0
3416,3416,1065,2025-03-30,2025-04-29,30,41020.0,12037.0,53057.0
3417,3417,1124,2025-03-31,2025-04-30,30,46760.0,15586.0,62346.0
3418,3418,1001,2025-03-29,2025-04-13,15,35148.0,9993.0,45141.0
3419,3419,1048,2025-03-27,2025-04-26,30,20385.0,6401.0,26786.0
3420,3420,1083,2025-03-28,2025-04-12,15,30318.0,3857.0,34175.0
3421,3421,1103,2025-03-30,2025-04-29,30,81252.0,12050.0,93302.0
3422,3422,1067,2025-03-27,2025-05-11,45,9494.0,2924.0,12418.0
3423,3423,1024,2025-03-28,2025-04-27,30,21420.0,6405.0,27825.0
3424,3424,1050,2025-03-27,2025-04-11,15,12817.0,2903.0,15720.0
3425,3425,1064,2025-03-31,2025-05-15,45,71010.0,24938.0,95948.0
3426,3426,1101,2025-03-29,2025-05-13,45,50394.0,16178.0,66572.0
3427,3427,1020,2025-03-30,2025-04-14,15,42752.0,7958.0,50710.0
3428,3428,1118,2025-03-27,2025-05-11,45,16189.0,4728.0,20917.0
3429,3429,1068,2025-03-27,2025-04-11,15,9782.0,3031.0,12813.0
3430,3430,1018,2025-03-29,2025-05-13,45,30099.0,8140.0,38239.0
3431,3431,1019,2025-03-27,2025-04-26,30,9550.0,2222.0,11772.0
3432,3432,1095,2025-03-28,2025-04-27,30,38814.0,13039.0,51853.0
3433,3433,1034,2025-03-27,2025-04-11,15,9706.0,1714.0,11420.0
3434,3434,1099,2025-03-27,2025-04-11,15,13601.0,2191.0,15792.0
3435,3435,1059,2025-03-28,2025-05-12,45,21416.0,3824.0,25240.0
3436,3436,1125,2025-03-27,2025-04-26,30,9300.0,1931.0,11231.0
3437,3437,1049,2025-03-28,2025-04-27,30,20074.0,4892.0,24966.0
3438,3438,1105,2025-03-28,2025-04-27,30,20230.0,6831.0,27061.0
3439,3439,1094,2025-03-30,2025-04-14,15,81807.0,16647.0,98454.0
3440,3440,1092,2025-03-28,2025-04-27,30,9307.0,2541.0,11848.0
3441,3441,1026,2025-03-28,2025-04-12,15,11014.0,2490.0,13504.0
3442,3442,1073,2025-03-30,2025-04-14,15,31104.0,11118.0,42222.0
3443,3443,1023,2025-04-01,2025-05-01,30,76575.0,10791.0,87366.0
3444,3444,1028,2025-04-01,2025-05-01,30,47925.0,7512.0,55437.0
3445,3445,1085,2025-03-31,2025-04-30,30,56708.0,20635.0,77343.0
3446,3446,1071,2025-03-28,2025-04-27,30,16977.0,2429.0,19406.0
3447,3447,1032,2025-03-28,2025-04-27,30,13376.0,5040.0,18416.0
3448,3448,1041,2025-03-31,2025-04-30,30,90492.0,12646.0,103138.0
3449,3449,1095,2025-03-28,2025-05-12,45,12747.0,3808.0,16555.0
3450,3450,1051,2025-03-29,2025-04-13,15,29026.0,8378.0,37404.0
3451,3451,1104,2025-03-31,2025-04-30,30,39432.0,9567.0,48999.0
3452,3452,1015,2025-03-29,2025-04-28,30,42018.0,14727.0,56745.0
3453,3453,1024,2025-03-29,2025-04-28,30,20890.0,5957.0,26847.0
3454,3454,1043,2025-03-29,2025-04-28,30,26898.0,8064.0,34962.0
3455,3455,1015,2025-03-31,2025-04-15,15,35936.0,11725.0,47661.0
3456,3456,1018,2025-03-30,2025-04-14,15,29229.0,10445.0,39674.0
3457,3457,1104,2025-03-29,2025-05-13,45,28858.0,7335.0,36193.0
3458,3458,1047,2025-04-01,2025-04-16,15,75270.0,20335.0,95605.0
3459,3459,1114,2025-03-30,2025-05-14,45,28299.0,6516.0,34815.0
3460,3460,1104,2025-03-30,2025-05-14,45,29265.0,9350.0,38615.0
3461,3461,1045,2025-03-31,2025-04-15,15,70988.0,23508.0,94496.0
3462,3462,1113,2025-03-30,2025-05-14,45,43032.0,13619.0,56651.0
3463,3463,1008,2025-03-29,2025-04-28,30,18770.0,4113.0,22883.0
3464,3464,1105,2025-03-31,2025-04-30,30,94660.0,23833.0,118493.0
3465,3465,1083,2025-03-28,2025-04-27,30,13562.0,3072.0,16634.0
3466,3466,1042,2025-03-29,2025-04-13,15,23192.0,2971.0,26163.0
3467,3467,1094,2025-03-28,2025-04-27,30,10183.0,3184.0,13367.0
3468,3468,1100,2025-03-31,2025-05-15,45,60304.0,19082.0,79386.0
3469,3469,1045,2025-03-29,2025-04-13,15,19532.0,4836.0,24368.0
3470,3470,1036,2025-03-28,2025-05-12,45,12881.0,3523.0,16404.0
3471,3471,1001,2025-03-30,2025-04-29,30,41460.0,8712.0,50172.0
3472,3472,1088,2025-04-01,2025-05-01,30,69535.0,13226.0,82761.0
3473,3473,1020,2025-03-28,2025-04-27,30,14622.0,1980.0,16602.0
3474,3474,1111,2025-03-28,2025-04-27,30,14687.0,4395.0,19082.0
3475,3475,1007,2025-03-30,2025-04-29,30,17532.0,4272.0,21804.0
3476,3476,1014,2025-03-31,2025-04-30,30,31440.0,11032.0,42472.0
3477,3477,1093,2025-03-29,2025-04-13,15,10418.0,3327.0,13745.0
3478,3478,1057,2025-03-29,2025-04-13,15,9855.0,2720.0,12575.0
3479,3479,1094,2025-03-29,2025-04-28,30,17858.0,4864.0,22722.0
3480,3480,1002,2025-03-29,2025-05-13,45,9505.0,2070.0,11575.0
3481,3481,1104,2025-03-30,2025-04-29,30,29876.0,10859.0,40735.0
3482,3482,1012,2025-03-30,2025-04-14,15,20016.0,4836.0,24852.0
3483,3483,1081,2025-03-31,2025-04-30,30,28257.0,9655.0,37912.0
3484,3484,1018,2025-04-01,2025-04-16,15,53964.0,12498.0,66462.0
3485,3485,1108,2025-03-29,2025-04-28,30,9575.0,3170.0,12745.0
3486,3486,1049,2025-03-29,2025-04-28,30,27070.0,5342.0,32412.0
3487,3487,1084,2025-03-29,2025-04-13,15,25136.0,7018.0,32154.0
3488,3488,1100,2025-04-01,2025-05-16,45,36952.0,9752.0,46704.0
3489,3489,1013,2025-03-30,2025-04-29,30,27910.0,7555.0,35465.0
3490,3490,1071,2025-03-30,2025-04-29,30,21148.0,7093.0,28241.0
3491,3491,1119,2025-03-30,2025-04-29,30,23252.0,8806.0,32058.0
3492,3492,1020,2025-03-31,2025-04-30,30,33189.0,11710.0,44899.0
3493,3493,1055,2025-04-02,2025-05-02,30,52460.0,7069.0,59529.0
3494,3494,1022,2025-03-30,2025-04-14,15,18604.0,5142.0,23746.0
3495,3495,1124,2025-03-29,2025-04-28,30,14071.0,2958.0,17029.0
3496,3496,1111,2025-03-30,2025-05-14,45,19088.0,3139.0,22227.0
3497,3497,1044,2025-03-31,2025-04-30,30,30357.0,8415.0,38772.0
3498,3498,1001,2025-04-02,2025-04-17,15,53545.0,15193.0,68738.0
3499,3499,1032,2025-03-31,2025-04-15,15,27378.0,5934.0,33312.0
3500,3500,1073,2025-03-29,2025-05-13,45,11541.0,1546.0,13087.0
3501,3501,1115,2025-03-30,2025-04-29,30,35144.0,8397.0,43541.0
3502,3502,1045,2025-03-30,2025-05-14,45,44494.0,15669.0,60163.0
3503,3503,1032,2025-03-30,2025-04-29,30,18324.0,4712.0,23036.0
3504,3504,1001,2025-03-31,2025-04-30,30,30675.0,7887.0,38562.0
3505,3505,1005,2025-03-31,2025-05-15,45,20356.0,6669.0,27025.0
3506,3506,1053,2025-04-01,2025-04-16,15,26970.0,8667.0,35637.0
3507,3507,1021,2025-03-30,2025-04-29,30,14442.0,2216.0,16658.0
3508,3508,1013,2025-03-30,2025-04-29,30,9557.0,2410.0,11967.0
3509,3509,1093,2025-04-01,2025-05-01,30,76500.0,23629.0,100129.0
3510,3510,1011,2025-03-30,2025-05-14,45,10058.0,2999.0,13057.0
3511,3511,1030,2025-03-30,2025-05-14,45,9919.0,1579.0,11498.0
3512,3512,1037,2025-04-03,2025-05-18,45,53910.0,20067.0,73977.0
3513,3513,1023,2025-03-31,2025-04-30,30,18916.0,5017.0,23933.0
3514,3514,1056,2025-03-30,2025-05-14,45,11253.0,2391.0,13644.0
3515,3515,1055,2025-03-31,2025-04-30,30,18774.0,3182.0,21956.0
3516,3516,1072,2025-03-31,2025-04-30,30,30714.0,8522.0,39236.0
3517,3517,1052,2025-03-30,2025-04-29,30,10268.0,1494.0,11762.0
3518,3518,1119,2025-04-01,2025-04-16,15,28557.0,3601.0,32158.0
3519,3519,1075,2025-03-31,2025-04-30,30,20086.0,6522.0,26608.0
3520,3520,1110,2025-03-30,2025-05-14,45,9612.0,3292.0,12904.0
3521,3521,1040,2025-03-30,2025-04-14,15,9216.0,1751.0,10967.0
3522,3522,1009,2025-03-31,2025-04-30,30,41510.0,8130.0,49640.0
3523,3523,1033,2025-03-30,2025-04-14,15,24680.0,7421.0,32101.0
3524,3524,1031,2025-04-01,2025-05-01,30,28641.0,4970.0,33611.0
3525,3525,1110,2025-04-02,2025-05-02,30,55904.0,18613.0,74517.0
3526,3526,1041,2025-04-01,2025-05-01,30,37524.0,6243.0,43767.0
3527,3527,1079,2025-04-03,2025-05-03,30,49750.0,13854.0,63604.0
3528,3528,1083,2025-03-30,2025-04-14,15,14069.0,4332.0,18401.0
3529,3529,1064,2025-04-01,2025-05-01,30,69078.0,16614.0,85692.0
3530,3530,1076,2025-03-31,2025-05-15,45,30728.0,8595.0,39323.0
3531,3531,1014,2025-03-30,2025-04-29,30,8848.0,1328.0,10176.0
3532,3532,1007,2025-04-01,2025-05-01,30,20074.0,2481.0,22555.0
3533,3533,1107,2025-04-01,2025-05-16,45,30652.0,6942.0,37594.0
3534,3534,1086,2025-03-31,2025-04-30,30,9731.0,3382.0,13113.0
3535,3535,1015,2025-03-31,2025-04-30,30,12000.0,3142.0,15142.0
3536,3536,1022,2025-04-01,2025-05-16,45,37930.0,13189.0,51119.0
3537,3537,1018,2025-04-02,2025-04-17,15,49500.0,13700.0,63200.0
3538,3538,1022,2025-04-01,2025-05-01,30,20640.0,3108.0,23748.0
3539,3539,1085,2025-04-01,2025-05-01,30,18012.0,3564.0,21576.0
3540,3540,1120,2025-03-31,2025-04-30,30,14042.0,2657.0,16699.0
3541,3541,1011,2025-04-01,2025-04-16,15,38582.0,7603.0,46185.0
3542,3542,1114,2025-04-02,2025-04-17,15,26820.0,8685.0,35505.0
3543,3543,1115,2025-04-01,2025-05-01,30,37748.0,12536.0,50284.0
3544,3544,1081,2025-04-04,2025-05-19,45,48915.0,17414.0,66329.0
3545,3545,1004,2025-03-31,2025-04-15,15,12980.0,4151.0,17131.0
3546,3546,1039,2025-04-03,2025-05-03,30,116176.0,42155.0,158331.0
3547,3547,1122,2025-03-31,2025-04-30,30,13334.0,3073.0,16407.0
3548,3548,1057,2025-04-01,2025-05-16,45,43298.0,5879.0,49177.0
3549,3549,1070,2025-04-01,2025-05-01,30,37778.0,4918.0,42696.0
3550,3550,1061,2025-04-02,2025-05-02,30,32280.0,4014.0,36294.0
3551,3551,1025,2025-04-02,2025-05-02,30,44337.0,6869.0,51206.0
3552,3552,1011,2025-03-31,2025-04-30,30,10860.0,4089.0,14949.0
3553,3553,1105,2025-04-01,2025-05-01,30,42090.0,11453.0,53543.0
3554,3554,1020,2025-04-02,2025-04-17,15,36570.0,12745.0,49315.0
3555,3555,1086,2025-04-02,2025-05-02,30,32079.0,7557.0,39636.0
3556,3556,1030,2025-04-01,2025-05-01,30,39146.0,8826.0,47972.0
3557,3557,1102,2025-03-31,2025-04-30,30,15927.0,2962.0,18889.0
3558,3558,1032,2025-03-31,2025-05-15,45,12941.0,4549.0,17490.0
3559,3559,1043,2025-04-01,2025-05-01,30,9533.0,2824.0,12357.0
3560,3560,1059,2025-04-02,2025-05-02,30,26056.0,6310.0,32366.0
3561,3561,1082,2025-04-04,2025-05-04,30,55756.0,16054.0,71810.0
3562,3562,1082,2025-04-02,2025-04-17,15,19022.0,4344.0,23366.0
3563,3563,1079,2025-04-02,2025-05-02,30,19810.0,6536.0,26346.0
3564,3564,1020,2025-04-01,2025-05-01,30,10521.0,3201.0,13722.0
3565,3565,1120,2025-04-01,2025-05-01,30,10251.0,2724.0,12975.0
3566,3566,1053,2025-04-03,2025-05-03,30,30489.0,6092.0,36581.0
3567,3567,1100,2025-04-02,2025-05-02,30,23738.0,6731.0,30469.0
3568,3568,1065,2025-04-02,2025-05-17,45,18988.0,5600.0,24588.0
3569,3569,1020,2025-04-01,2025-04-16,15,10691.0,1399.0,12090.0
3570,3570,1074,2025-04-03,2025-05-18,45,58953.0,7858.0,66811.0
3571,3571,1107,2025-04-01,2025-05-01,30,10163.0,2393.0,12556.0
3572,3572,1032,2025-04-04,2025-05-19,45,40260.0,5185.0,45445.0
3573,3573,1112,2025-04-03,2025-05-03,30,33111.0,11445.0,44556.0
3574,3574,1061,2025-04-02,2025-05-17,45,16500.0,2875.0,19375.0
3575,3575,1033,2025-04-04,2025-05-04,30,58968.0,11372.0,70340.0
3576,3576,1100,2025-04-02,2025-04-17,15,19744.0,6518.0,26262.0
3577,3577,1039,2025-04-01,2025-05-01,30,26555.0,6085.0,32640.0
3578,3578,1055,2025-04-01,2025-05-16,45,13884.0,5087.0,18971.0
3579,3579,1073,2025-04-01,2025-04-16,15,9854.0,1678.0,11532.0
3580,3580,1095,2025-04-03,2025-05-03,30,30252.0,7312.0,37564.0
3581,3581,1034,2025-04-04,2025-05-19,45,57936.0,19515.0,77451.0
3582,3582,1006,2025-04-02,2025-05-02,30,27612.0,4383.0,31995.0
3583,3583,1071,2025-04-05,2025-05-05,30,76280.0,10307.0,86587.0
3584,3584,1053,2025-04-01,2025-05-01,30,9244.0,2821.0,12065.0
3585,3585,1118,2025-04-05,2025-05-20,45,76295.0,27511.0,103806.0
3586,3586,1055,2025-04-02,2025-05-02,30,17932.0,4844.0,22776.0
3587,3587,1051,2025-04-02,2025-04-17,15,28840.0,4240.0,33080.0
3588,3588,1065,2025-04-02,2025-05-17,45,35066.0,5718.0,40784.0
3589,3589,1034,2025-04-01,2025-05-16,45,10509.0,1872.0,12381.0
3590,3590,1016,2025-04-03,2025-04-18,15,61728.0,8656.0,70384.0
3591,3591,1062,2025-04-03,2025-04-18,15,48117.0,9389.0,57506.0
3592,3592,1114,2025-04-01,2025-05-01,30,20669.0,2593.0,23262.0
3593,3593,1008,2025-04-02,2025-05-02,30,10742.0,1665.0,12407.0
3594,3594,1054,2025-04-03,2025-05-18,45,21358.0,3492.0,24850.0
3595,3595,1017,2025-04-03,2025-05-03,30,22470.0,7893.0,30363.0
3596,3596,1001,2025-04-03,2025-05-03,30,21638.0,7075.0,28713.0
3597,3597,1039,2025-04-03,2025-05-03,30,22044.0,7113.0,29157.0
3598,3598,1118,2025-04-02,2025-05-02,30,29399.0,10074.0,39473.0
3599,3599,1101,2025-04-03,2025-05-03,30,23674.0,7219.0,30893.0
3600,3600,1042,2025-04-05,2025-04-20,15,85496.0,30357.0,115853.0
3601,3601,1102,2025-04-02,2025-05-02,30,30411.0,4932.0,35343.0
3602,3602,1069,2025-04-02,2025-05-02,30,21104.0,7484.0,28588.0
3603,3603,1040,2025-04-03,2025-05-03,30,46450.0,15225.0,61675.0
3604,3604,1055,2025-04-06,2025-05-06,30,74805.0,14619.0,89424.0
3605,3605,1103,2025-04-05,2025-04-20,15,45996.0,15928.0,61924.0
3606,3606,1044,2025-04-03,2025-04-18,15,20982.0,7532.0,28514.0
3607,3607,1043,2025-04-02,2025-05-02,30,15085.0,4908.0,19993.0
3608,3608,1055,2025-04-02,2025-05-17,45,19910.0,4360.0,24270.0
3609,3609,1038,2025-04-02,2025-04-17,15,11673.0,3409.0,15082.0
3610,3610,1085,2025-04-04,2025-05-04,30,37734.0,6204.0,43938.0
3611,3611,1079,2025-04-03,2025-04-18,15,22632.0,5128.0,27760.0
3612,3612,1012,2025-04-02,2025-05-02,30,11039.0,2042.0,13081.0
3613,3613,1123,2025-04-06,2025-04-21,15,70735.0,23190.0,93925.0
3614,3614,1116,2025-04-04,2025-05-04,30,34956.0,9042.0,43998.0
3615,3615,1067,2025-04-02,2025-05-17,45,23091.0,8439.0,31530.0
3616,3616,1011,2025-04-03,2025-05-18,45,43924.0,16037.0,59961.0
3617,3617,1057,2025-04-03,2025-04-18,15,22660.0,7328.0,29988.0
3618,3618,1092,2025-04-05,2025-05-05,30,91824.0,34580.0,126404.0
3619,3619,1104,2025-04-02,2025-05-02,30,12042.0,2842.0,14884.0
3620,3620,1033,2025-04-02,2025-05-02,30,11869.0,3361.0,15230.0
3621,3621,1030,2025-04-04,2025-05-04,30,36258.0,4731.0,40989.0
3622,3622,1060,2025-04-04,2025-05-19,45,36933.0,6415.0,43348.0
3623,3623,1048,2025-04-06,2025-05-06,30,77835.0,28492.0,106327.0
3624,3624,1089,2025-04-05,2025-05-05,30,100056.0,32723.0,132779.0
3625,3625,1047,2025-04-03,2025-05-03,30,36488.0,10331.0,46819.0
3626,3626,1033,2025-04-06,2025-05-06,30,174735.0,22936.0,197671.0
3627,3627,1044,2025-04-03,2025-05-03,30,23972.0,3459.0,27431.0
3628,3628,1025,2025-04-05,2025-05-20,45,69816.0,23976.0,93792.0
3629,3629,1099,2025-04-04,2025-04-19,15,35355.0,13378.0,48733.0
3630,3630,1094,2025-04-04,2025-05-04,30,40848.0,5927.0,46775.0
3631,3631,1032,2025-04-03,2025-05-03,30,29989.0,6714.0,36703.0
3632,3632,1022,2025-04-04,2025-05-04,30,29080.0,4326.0,33406.0
3633,3633,1022,2025-04-03,2025-05-18,45,15565.0,3220.0,18785.0
3634,3634,1002,2025-04-06,2025-04-21,15,114480.0,30065.0,144545.0
3635,3635,1032,2025-04-03,2025-05-03,30,15758.0,5102.0,20860.0
3636,3636,1025,2025-04-03,2025-05-03,30,27954.0,3896.0,31850.0
3637,3637,1065,2025-04-04,2025-05-04,30,23478.0,7731.0,31209.0
3638,3638,1043,2025-04-03,2025-05-03,30,33118.0,11491.0,44609.0
3639,3639,1101,2025-04-06,2025-05-06,30,129364.0,44522.0,173886.0
3640,3640,1112,2025-04-03,2025-04-18,15,14711.0,2006.0,16717.0
3641,3641,1045,2025-04-04,2025-04-19,15,26040.0,3845.0,29885.0
3642,3642,1086,2025-04-03,2025-05-18,45,21103.0,5492.0,26595.0
3643,3643,1069,2025-04-03,2025-05-03,30,23683.0,4738.0,28421.0
3644,3644,1080,2025-04-05,2025-04-20,15,65916.0,21060.0,86976.0
3645,3645,1097,2025-04-05,2025-05-05,30,38850.0,9317.0,48167.0
3646,3646,1083,2025-04-05,2025-05-05,30,70125.0,24155.0,94280.0
3647,3647,1112,2025-04-03,2025-05-03,30,14823.0,3979.0,18802.0
3648,3648,1075,2025-04-04,2025-05-04,30,33542.0,6007.0,39549.0
3649,3649,1089,2025-04-04,2025-05-04,30,25268.0,6779.0,32047.0
3650,3650,1062,2025-04-03,2025-04-18,15,19120.0,5788.0,24908.0
3651,3651,1018,2025-04-03,2025-05-03,30,16577.0,6208.0,22785.0
3652,3652,1111,2025-04-03,2025-05-03,30,12548.0,2213.0,14761.0
3653,3653,1035,2025-04-04,2025-05-04,30,32092.0,9967.0,42059.0
3654,3654,1029,2025-04-03,2025-04-18,15,12028.0,3201.0,15229.0
3655,3655,1125,2025-04-03,2025-05-03,30,16229.0,3930.0,20159.0
3656,3656,1004,2025-04-04,2025-04-19,15,22742.0,7502.0,30244.0
3657,3657,1067,2025-04-05,2025-05-05,30,27399.0,8899.0,36298.0
3658,3658,1072,2025-04-06,2025-05-06,30,83804.0,20305.0,104109.0
3659,3659,1030,2025-04-03,2025-05-18,45,23229.0,5049.0,28278.0
3660,3660,1067,2025-04-03,2025-05-03,30,11404.0,1549.0,12953.0
3661,3661,1081,2025-04-04,2025-05-04,30,24958.0,8177.0,33135.0
3662,3662,1087,2025-04-06,2025-05-06,30,63772.0,16545.0,80317.0
3663,3663,1048,2025-04-04,2025-04-19,15,35546.0,8002.0,43548.0
3664,3664,1093,2025-04-03,2025-05-18,45,11938.0,3522.0,15460.0
3665,3665,1011,2025-04-04,2025-05-04,30,21544.0,6668.0,28212.0
3666,3666,1036,2025-04-05,2025-05-05,30,45732.0,13461.0,59193.0
3667,3667,1040,2025-04-05,2025-04-20,15,33501.0,11086.0,44587.0
3668,3668,1087,2025-04-07,2025-05-07,30,55385.0,18357.0,73742.0
3669,3669,1107,2025-04-03,2025-05-03,30,29463.0,5570.0,35033.0
3670,3670,1105,2025-04-06,2025-04-21,15,66216.0,13925.0,80141.0
3671,3671,1010,2025-04-05,2025-05-05,30,38082.0,12638.0,50720.0
3672,3672,1050,2025-04-07,2025-05-07,30,39012.0,8894.0,47906.0
3673,3673,1083,2025-04-04,2025-05-04,30,12357.0,4154.0,16511.0
3674,3674,1115,2025-04-05,2025-05-20,45,22364.0,6623.0,28987.0
3675,3675,1104,2025-04-04,2025-05-19,45,20311.0,4395.0,24706.0
3676,3676,1035,2025-04-04,2025-05-04,30,12402.0,4099.0,16501.0
3677,3677,1002,2025-04-05,2025-04-20,15,49262.0,10553.0,59815.0
3678,3678,1071,2025-04-05,2025-05-05,30,22012.0,4760.0,26772.0
3679,3679,1080,2025-04-05,2025-05-05,30,23700.0,5722.0,29422.0
3680,3680,1056,2025-04-05,2025-04-20,15,24444.0,4940.0,29384.0
3681,3681,1016,2025-04-05,2025-05-20,45,33790.0,11256.0,45046.0
3682,3682,1047,2025-04-08,2025-04-23,15,51400.0,9914.0,61314.0
3683,3683,1047,2025-04-06,2025-05-06,30,35004.0,8928.0,43932.0
3684,3684,1031,2025-04-04,2025-05-04,30,10533.0,1503.0,12036.0
3685,3685,1113,2025-04-07,2025-05-07,30,50164.0,16291.0,66455.0
3686,3686,1072,2025-04-08,2025-05-08,30,91950.0,15087.0,107037.0
3687,3687,1011,2025-04-04,2025-04-19,15,28748.0,8570.0,37318.0
3688,3688,1018,2025-04-04,2025-04-19,15,17830.0,4037.0,21867.0
3689,3689,1066,2025-04-06,2025-05-06,30,66102.0,15677.0,81779.0
3690,3690,1086,2025-04-08,2025-05-08,30,50785.0,18615.0,69400.0
3691,3691,1024,2025-04-05,2025-05-05,30,34724.0,7353.0,42077.0
3692,3692,1036,2025-04-04,2025-05-04,30,30913.0,9465.0,40378.0
3693,3693,1018,2025-04-06,2025-05-06,30,31626.0,7531.0,39157.0
3694,3694,1076,2025-04-04,2025-05-04,30,12331.0,2444.0,14775.0
3695,3695,1117,2025-04-04,2025-05-19,45,11258.0,3728.0,14986.0
3696,3696,1071,2025-04-06,2025-04-21,15,71562.0,20879.0,92441.0
3697,3697,1107,2025-04-04,2025-05-04,30,11331.0,2095.0,13426.0
3698,3698,1017,2025-04-05,2025-05-05,30,25528.0,7104.0,32632.0
3699,3699,1091,2025-04-05,2025-05-05,30,58912.0,21493.0,80405.0
3700,3700,1091,2025-04-07,2025-05-07,30,64644.0,14120.0,78764.0
3701,3701,1059,2025-04-05,2025-04-20,15,44280.0,11515.0,55795.0
3702,3702,1065,2025-04-06,2025-04-21,15,40317.0,8995.0,49312.0
3703,3703,1093,2025-04-05,2025-05-20,45,18788.0,4732.0,23520.0
3704,3704,1117,2025-04-04,2025-04-19,15,20426.0,4191.0,24617.0
3705,3705,1092,2025-04-04,2025-04-19,15,29711.0,3885.0,33596.0
3706,3706,1070,2025-04-04,2025-05-04,30,13528.0,3626.0,17154.0
3707,3707,1062,2025-04-06,2025-05-06,30,75111.0,25850.0,100961.0
3708,3708,1008,2025-04-06,2025-05-21,45,31728.0,4757.0,36485.0
3709,3709,1079,2025-04-05,2025-05-05,30,20700.0,6934.0,27634.0
3710,3710,1041,2025-04-05,2025-04-20,15,25784.0,8217.0,34001.0
3711,3711,1096,2025-04-04,2025-04-19,15,11389.0,3686.0,15075.0
3712,3712,1018,2025-04-07,2025-05-07,30,39820.0,12461.0,52281.0
3713,3713,1056,2025-04-04,2025-05-04,30,12175.0,2234.0,14409.0
3714,3714,1107,2025-04-06,2025-05-06,30,41676.0,7623.0,49299.0
3715,3715,1101,2025-04-04,2025-05-04,30,23507.0,6196.0,29703.0
3716,3716,1103,2025-04-05,2025-05-05,30,18759.0,5138.0,23897.0
3717,3717,1053,2025-04-06,2025-05-06,30,28776.0,7423.0,36199.0
3718,3718,1061,2025-04-06,2025-05-06,30,21460.0,7967.0,29427.0
3719,3719,1066,2025-04-06,2025-05-21,45,38216.0,9675.0,47891.0
3720,3720,1040,2025-04-09,2025-05-24,45,111355.0,33187.0,144542.0
3721,3721,1034,2025-04-05,2025-05-20,45,29261.0,11089.0,40350.0
3722,3722,1085,2025-04-05,2025-05-20,45,11200.0,1877.0,13077.0
3723,3723,1125,2025-04-05,2025-04-20,15,15695.0,2218.0,17913.0
3724,3724,1033,2025-04-07,2025-05-22,45,70221.0,11943.0,82164.0
3725,3725,1068,2025-04-08,2025-05-08,30,69328.0,20174.0,89502.0
3726,3726,1056,2025-04-08,2025-05-08,30,44668.0,15941.0,60609.0
3727,3727,1033,2025-04-06,2025-05-06,30,17760.0,2386.0,20146.0
3728,3728,1071,2025-04-08,2025-05-23,45,85764.0,19501.0,105265.0
3729,3729,1117,2025-04-05,2025-05-05,30,9619.0,1912.0,11531.0
3730,3730,1018,2025-04-07,2025-05-07,30,58053.0,10850.0,68903.0
3731,3731,1091,2025-04-05,2025-05-05,30,18044.0,5271.0,23315.0
3732,3732,1046,2025-04-06,2025-05-06,30,19234.0,5391.0,24625.0
3733,3733,1002,2025-04-09,2025-05-09,30,50890.0,14685.0,65575.0
3734,3734,1099,2025-04-06,2025-05-06,30,31886.0,3942.0,35828.0
3735,3735,1077,2025-04-05,2025-05-05,30,11470.0,3212.0,14682.0
3736,3736,1013,2025-04-05,2025-04-20,15,11753.0,4317.0,16070.0
3737,3737,1019,2025-04-06,2025-04-21,15,20832.0,7179.0,28011.0
3738,3738,1088,2025-04-05,2025-05-20,45,10715.0,2428.0,13143.0
3739,3739,1080,2025-04-07,2025-05-22,45,32763.0,9270.0,42033.0
3740,3740,1120,2025-04-05,2025-05-20,45,10847.0,1566.0,12413.0
3741,3741,1086,2025-04-08,2025-04-23,15,54012.0,12957.0,66969.0
3742,3742,1102,2025-04-06,2025-05-21,45,23056.0,2885.0,25941.0
3743,3743,1098,2025-04-06,2025-05-06,30,53512.0,10276.0,63788.0
3744,3744,1015,2025-04-08,2025-05-23,45,118840.0,37742.0,156582.0
3745,3745,1103,2025-04-08,2025-04-23,15,49040.0,16129.0,65169.0
3746,3746,1082,2025-04-07,2025-05-07,30,48336.0,13051.0,61387.0
3747,3747,1013,2025-04-05,2025-05-05,30,26475.0,4147.0,30622.0
3748,3748,1060,2025-04-07,2025-05-22,45,52479.0,19898.0,72377.0
3749,3749,1083,2025-04-05,2025-05-05,30,16714.0,5170.0,21884.0
3750,3750,1009,2025-04-05,2025-05-20,45,10168.0,2849.0,13017.0
3751,3751,1039,2025-04-09,2025-05-09,30,56330.0,15128.0,71458.0
3752,3752,1045,2025-04-06,2025-05-06,30,29240.0,10467.0,39707.0
3753,3753,1006,2025-04-06,2025-05-06,30,11516.0,2860.0,14376.0
3754,3754,1081,2025-04-08,2025-04-23,15,55038.0,11271.0,66309.0
3755,3755,1084,2025-04-06,2025-05-21,45,17462.0,6406.0,23868.0
3756,3756,1098,2025-04-07,2025-04-22,15,24788.0,3681.0,28469.0
3757,3757,1044,2025-04-09,2025-05-09,30,65932.0,16677.0,82609.0
3758,3758,1073,2025-04-07,2025-05-07,30,27534.0,9787.0,37321.0
3759,3759,1074,2025-04-06,2025-05-06,30,24834.0,5286.0,30120.0
3760,3760,1092,2025-04-09,2025-05-09,30,50536.0,11496.0,62032.0
3761,3761,1115,2025-04-06,2025-05-21,45,11970.0,4053.0,16023.0
3762,3762,1123,2025-04-07,2025-05-07,30,21854.0,3524.0,25378.0
3763,3763,1040,2025-04-06,2025-04-21,15,10221.0,2849.0,13070.0
3764,3764,1063,2025-04-10,2025-05-25,45,84080.0,30007.0,114087.0
3765,3765,1043,2025-04-08,2025-05-08,30,34854.0,12514.0,47368.0
3766,3766,1028,2025-04-06,2025-05-06,30,11720.0,4346.0,16066.0
3767,3767,1051,2025-04-06,2025-05-06,30,22467.0,6830.0,29297.0
3768,3768,1024,2025-04-06,2025-05-21,45,11683.0,2932.0,14615.0
3769,3769,1029,2025-04-07,2025-04-22,15,34474.0,12576.0,47050.0
3770,3770,1005,2025-04-06,2025-05-06,30,32882.0,12040.0,44922.0
3771,3771,1108,2025-04-07,2025-05-07,30,35464.0,11991.0,47455.0
3772,3772,1117,2025-04-07,2025-04-22,15,33902.0,9074.0,42976.0
3773,3773,1114,2025-04-06,2025-05-21,45,10402.0,2956.0,13358.0
3774,3774,1119,2025-04-06,2025-05-21,45,23288.0,8118.0,31406.0
3775,3775,1125,2025-04-09,2025-05-09,30,48164.0,8722.0,56886.0
3776,3776,1070,2025-04-07,2025-05-22,45,50912.0,14595.0,65507.0
3777,3777,1012,2025-04-09,2025-05-09,30,46084.0,11652.0,57736.0
3778,3778,1030,2025-04-08,2025-05-08,30,33600.0,10171.0,43771.0
3779,3779,1113,2025-04-06,2025-04-21,15,24816.0,8396.0,33212.0
3780,3780,1024,2025-04-06,2025-05-06,30,10717.0,1350.0,12067.0
3781,3781,1004,2025-04-07,2025-05-07,30,23554.0,4569.0,28123.0
3782,3782,1108,2025-04-06,2025-04-21,15,18617.0,6480.0,25097.0
3783,3783,1024,2025-04-08,2025-05-08,30,37935.0,5197.0,43132.0
3784,3784,1085,2025-04-08,2025-05-23,45,32364.0,4399.0,36763.0
3785,3785,1101,2025-04-07,2025-04-22,15,21082.0,2679.0,23761.0
3786,3786,1013,2025-04-07,2025-04-22,15,24864.0,5494.0,30358.0
3787,3787,1028,2025-04-08,2025-05-08,30,34722.0,10576.0,45298.0
3788,3788,1073,2025-04-09,2025-05-09,30,49599.0,17334.0,66933.0
3789,3789,1072,2025-04-09,2025-04-24,15,49890.0,11380.0,61270.0
3790,3790,1099,2025-04-09,2025-04-24,15,48681.0,11086.0,59767.0
3791,3791,1028,2025-04-07,2025-05-22,45,12000.0,4495.0,16495.0
3792,3792,1020,2025-04-11,2025-05-26,45,51880.0,11319.0,63199.0
3793,3793,1124,2025-04-08,2025-05-08,30,34316.0,5770.0,40086.0
3794,3794,1066,2025-04-10,2025-05-25,45,86792.0,24451.0,111243.0
3795,3795,1028,2025-04-09,2025-04-24,15,36384.0,8858.0,45242.0
3796,3796,1108,2025-04-08,2025-05-23,45,33612.0,8240.0,41852.0
3797,3797,1036,2025-04-07,2025-05-07,30,23842.0,3841.0,27683.0
3798,3798,1017,2025-04-07,2025-05-22,45,17010.0,3488.0,20498.0
3799,3799,1123,2025-04-10,2025-05-10,30,110672.0,31793.0,142465.0
3800,3800,1002,2025-04-08,2025-04-23,15,25112.0,8676.0,33788.0
3801,3801,1007,2025-04-09,2025-04-24,15,54375.0,11393.0,65768.0
3802,3802,1110,2025-04-09,2025-04-24,15,37473.0,10277.0,47750.0
3803,3803,1113,2025-04-09,2025-05-09,30,35502.0,11779.0,47281.0
3804,3804,1116,2025-04-08,2025-05-08,30,22322.0,7334.0,29656.0
3805,3805,1033,2025-04-07,2025-05-07,30,29027.0,4039.0,33066.0
3806,3806,1008,2025-04-07,2025-05-07,30,11796.0,4434.0,16230.0
3807,3807,1046,2025-04-09,2025-05-09,30,36096.0,10549.0,46645.0
3808,3808,1029,2025-04-08,2025-05-08,30,21300.0,4654.0,25954.0
3809,3809,1054,2025-04-07,2025-05-07,30,12206.0,2856.0,15062.0
3810,3810,1010,2025-04-09,2025-05-24,45,55032.0,6642.0,61674.0
3811,3811,1096,2025-04-08,2025-05-23,45,23796.0,4716.0,28512.0
3812,3812,1004,2025-04-07,2025-05-07,30,22264.0,7942.0,30206.0
3813,3813,1050,2025-04-09,2025-05-09,30,35097.0,11046.0,46143.0
3814,3814,1112,2025-04-07,2025-04-22,15,11240.0,3968.0,15208.0
3815,3815,1072,2025-04-07,2025-05-07,30,10667.0,2272.0,12939.0
3816,3816,1125,2025-04-11,2025-05-26,45,115440.0,42763.0,158203.0
3817,3817,1090,2025-04-08,2025-05-08,30,49012.0,9917.0,58929.0
3818,3818,1103,2025-04-07,2025-05-22,45,10975.0,1713.0,12688.0
3819,3819,1033,2025-04-08,2025-05-08,30,22378.0,8385.0,30763.0
3820,3820,1051,2025-04-07,2025-05-22,45,13076.0,2968.0,16044.0
3821,3821,1054,2025-04-09,2025-05-09,30,70788.0,23002.0,93790.0
3822,3822,1109,2025-04-08,2025-05-08,30,11848.0,4191.0,16039.0
3823,3823,1016,2025-04-08,2025-05-08,30,12070.0,2789.0,14859.0
3824,3824,1118,2025-04-12,2025-04-27,15,59275.0,19686.0,78961.0
3825,3825,1090,2025-04-08,2025-04-23,15,26007.0,6281.0,32288.0
3826,3826,1114,2025-04-10,2025-04-25,15,31338.0,10326.0,41664.0
3827,3827,1077,2025-04-09,2025-04-24,15,45792.0,15279.0,61071.0
3828,3828,1031,2025-04-09,2025-04-24,15,48092.0,7201.0,55293.0
3829,3829,1085,2025-04-11,2025-05-11,30,65912.0,18024.0,83936.0
3830,3830,1031,2025-04-10,2025-05-10,30,51510.0,11860.0,63370.0
3831,3831,1037,2025-04-10,2025-05-10,30,74106.0,14481.0,88587.0
3832,3832,1069,2025-04-12,2025-05-12,30,113385.0,39409.0,152794.0
3833,3833,1122,2025-04-08,2025-04-23,15,11788.0,2061.0,13849.0
3834,3834,1109,2025-04-10,2025-04-25,15,99981.0,14466.0,114447.0
3835,3835,1093,2025-04-09,2025-04-24,15,36020.0,12523.0,48543.0
3836,3836,1087,2025-04-11,2025-05-11,30,41832.0,8896.0,50728.0
3837,3837,1076,2025-04-08,2025-04-23,15,12448.0,4286.0,16734.0
3838,3838,1118,2025-04-10,2025-04-25,15,48696.0,12663.0,61359.0
3839,3839,1031,2025-04-11,2025-05-11,30,54544.0,16292.0,70836.0
3840,3840,1094,2025-04-09,2025-05-24,45,22862.0,4561.0,27423.0
3841,3841,1009,2025-04-09,2025-05-09,30,36236.0,9097.0,45333.0
3842,3842,1003,2025-04-11,2025-05-11,30,47540.0,17969.0,65509.0
3843,3843,1119,2025-04-11,2025-05-11,30,71152.0,21189.0,92341.0
3844,3844,1024,2025-04-09,2025-04-24,15,50172.0,9799.0,59971.0
3845,3845,1121,2025-04-09,2025-04-24,15,33350.0,5321.0,38671.0
3846,3846,1119,2025-04-09,2025-04-24,15,22246.0,3808.0,26054.0
3847,3847,1018,2025-04-09,2025-05-09,30,23398.0,7609.0,31007.0
3848,3848,1016,2025-04-10,2025-05-10,30,35940.0,5512.0,41452.0
3849,3849,1123,2025-04-08,2025-05-08,30,23894.0,6837.0,30731.0
3850,3850,1054,2025-04-09,2025-04-24,15,23386.0,4456.0,27842.0
3851,3851,1040,2025-04-08,2025-04-23,15,28073.0,6660.0,34733.0
3852,3852,1059,2025-04-10,2025-05-10,30,31188.0,5351.0,36539.0
3853,3853,1003,2025-04-12,2025-05-12,30,61280.0,22723.0,84003.0
3854,3854,1046,2025-04-09,2025-05-09,30,20828.0,3368.0,24196.0
3855,3855,1048,2025-04-08,2025-05-08,30,23162.0,3222.0,26384.0
3856,3856,1027,2025-04-09,2025-05-24,45,31396.0,8631.0,40027.0
3857,3857,1115,2025-04-12,2025-05-12,30,56335.0,17184.0,73519.0
3858,3858,1088,2025-04-11,2025-05-11,30,43376.0,12428.0,55804.0
3859,3859,1064,2025-04-10,2025-05-25,45,51177.0,12532.0,63709.0
3860,3860,1089,2025-04-12,2025-05-12,30,64100.0,22927.0,87027.0
3861,3861,1106,2025-04-10,2025-05-25,45,47949.0,17464.0,65413.0
3862,3862,1088,2025-04-11,2025-05-11,30,48844.0,10688.0,59532.0
3863,3863,1015,2025-04-08,2025-05-08,30,12273.0,2856.0,15129.0
3864,3864,1046,2025-04-08,2025-05-08,30,12710.0,4801.0,17511.0
3865,3865,1048,2025-04-11,2025-04-26,15,103122.0,25376.0,128498.0
3866,3866,1005,2025-04-10,2025-05-10,30,24730.0,4313.0,29043.0
3867,3867,1040,2025-04-09,2025-05-24,45,11761.0,2649.0,14410.0
3868,3868,1025,2025-04-10,2025-05-10,30,23970.0,6379.0,30349.0
3869,3869,1016,2025-04-09,2025-05-09,30,12939.0,2653.0,15592.0
3870,3870,1104,2025-04-09,2025-05-09,30,16384.0,3418.0,19802.0
3871,3871,1026,2025-04-09,2025-05-09,30,17550.0,5923.0,23473.0
3872,3872,1067,2025-04-09,2025-04-24,15,11216.0,3784.0,15000.0
3873,3873,1093,2025-04-09,2025-04-24,15,28183.0,9554.0,37737.0
3874,3874,1017,2025-04-10,2025-05-10,30,32576.0,7486.0,40062.0
3875,3875,1028,2025-04-13,2025-05-13,30,91725.0,26179.0,117904.0
3876,3876,1089,2025-04-09,2025-05-24,45,21414.0,4987.0,26401.0
3877,3877,1078,2025-04-10,2025-05-25,45,60902.0,22674.0,83576.0
3878,3878,1089,2025-04-09,2025-05-24,45,12594.0,1742.0,14336.0
3879,3879,1030,2025-04-12,2025-05-12,30,67964.0,18884.0,86848.0
3880,3880,1005,2025-04-09,2025-04-24,15,10903.0,3630.0,14533.0
3881,3881,1024,2025-04-09,2025-05-09,30,11829.0,1545.0,13374.0
3882,3882,1098,2025-04-10,2025-05-10,30,23016.0,3824.0,26840.0
3883,3883,1063,2025-04-09,2025-05-09,30,16350.0,2997.0,19347.0
3884,3884,1109,2025-04-10,2025-04-25,15,23672.0,8503.0,32175.0
3885,3885,1081,2025-04-13,2025-05-13,30,129025.0,26632.0,155657.0
3886,3886,1064,2025-04-11,2025-05-11,30,67365.0,14658.0,82023.0
3887,3887,1111,2025-04-11,2025-05-11,30,49569.0,17462.0,67031.0
3888,3888,1057,2025-04-10,2025-05-25,45,21710.0,3032.0,24742.0
3889,3889,1089,2025-04-09,2025-04-24,15,17723.0,2483.0,20206.0
3890,3890,1092,2025-04-09,2025-05-09,30,22857.0,7647.0,30504.0
3891,3891,1045,2025-04-10,2025-04-25,15,31198.0,6288.0,37486.0
3892,3892,1020,2025-04-11,2025-05-26,45,63720.0,16182.0,79902.0
3893,3893,1123,2025-04-11,2025-05-11,30,52014.0,8553.0,60567.0
3894,3894,1114,2025-04-09,2025-04-24,15,11104.0,3107.0,14211.0
3895,3895,1032,2025-04-13,2025-05-13,30,75970.0,24193.0,100163.0
3896,3896,1111,2025-04-10,2025-05-10,30,50408.0,9056.0,59464.0
3897,3897,1088,2025-04-09,2025-05-24,45,27564.0,9580.0,37144.0
3898,3898,1001,2025-04-09,2025-04-24,15,29031.0,6402.0,35433.0
3899,3899,1084,2025-04-09,2025-04-24,15,18998.0,3022.0,22020.0
3900,3900,1010,2025-04-09,2025-05-09,30,16083.0,5749.0,21832.0
3901,3901,1085,2025-04-10,2025-05-10,30,12445.0,1952.0,14397.0
3902,3902,1041,2025-04-11,2025-05-11,30,22092.0,4834.0,26926.0
3903,3903,1041,2025-04-12,2025-04-27,15,47079.0,13992.0,61071.0
3904,3904,1012,2025-04-10,2025-05-10,30,11308.0,1924.0,13232.0
3905,3905,1073,2025-04-12,2025-05-12,30,33912.0,7368.0,41280.0
3906,3906,1086,2025-04-12,2025-05-12,30,49692.0,11146.0,60838.0
3907,3907,1028,2025-04-12,2025-05-12,30,38217.0,4962.0,43179.0
3908,3908,1103,2025-04-11,2025-05-26,45,33920.0,8609.0,42529.0
3909,3909,1056,2025-04-10,2025-05-10,30,11244.0,3933.0,15177.0
3910,3910,1018,2025-04-12,2025-05-12,30,73650.0,24156.0,97806.0
3911,3911,1121,2025-04-10,2025-05-10,30,15632.0,2204.0,17836.0
3912,3912,1060,2025-04-10,2025-05-10,30,12618.0,1534.0,14152.0
3913,3913,1073,2025-04-11,2025-05-11,30,31516.0,11073.0,42589.0
3914,3914,1030,2025-04-11,2025-05-11,30,39204.0,14154.0,53358.0
3915,3915,1017,2025-04-11,2025-05-11,30,24844.0,7526.0,32370.0
3916,3916,1074,2025-04-11,2025-05-26,45,21470.0,8076.0,29546.0
3917,3917,1070,2025-04-11,2025-05-26,45,47028.0,10868.0,57896.0
3918,3918,1074,2025-04-10,2025-04-25,15,11890.0,2790.0,14680.0
3919,3919,1015,2025-04-12,2025-04-27,15,76857.0,10831.0,87688.0
3920,3920,1066,2025-04-11,2025-04-26,15,33358.0,6724.0,40082.0
3921,3921,1024,2025-04-12,2025-05-12,30,51342.0,6273.0,57615.0
3922,3922,1004,2025-04-10,2025-05-10,30,10812.0,2312.0,13124.0
3923,3923,1037,2025-04-11,2025-05-11,30,56544.0,8331.0,64875.0
3924,3924,1001,2025-04-11,2025-04-26,15,29398.0,8462.0,37860.0
3925,3925,1040,2025-04-14,2025-05-14,30,58665.0,17476.0,76141.0
3926,3926,1076,2025-04-12,2025-05-12,30,31716.0,8323.0,40039.0
3927,3927,1054,2025-04-10,2025-04-25,15,12252.0,3202.0,15454.0
3928,3928,1110,2025-04-11,2025-04-26,15,58350.0,8535.0,66885.0
3929,3929,1041,2025-04-10,2025-05-25,45,11324.0,2866.0,14190.0
3930,3930,1073,2025-04-11,2025-04-26,15,33100.0,8530.0,41630.0
3931,3931,1011,2025-04-10,2025-05-10,30,9045.0,1841.0,10886.0
3932,3932,1029,2025-04-11,2025-04-26,15,24954.0,3657.0,28611.0
3933,3933,1060,2025-04-10,2025-05-25,45,12633.0,1827.0,14460.0
3934,3934,1053,2025-04-10,2025-04-25,15,17220.0,4645.0,21865.0
3935,3935,1011,2025-04-11,2025-05-11,30,34954.0,12226.0,47180.0
3936,3936,1073,2025-04-11,2025-04-26,15,42766.0,7717.0,50483.0
3937,3937,1037,2025-04-11,2025-05-26,45,31232.0,4957.0,36189.0
3938,3938,1116,2025-04-11,2025-05-11,30,22404.0,7362.0,29766.0
3939,3939,1091,2025-04-10,2025-05-25,45,24360.0,3500.0,27860.0
3940,3940,1119,2025-04-10,2025-04-25,15,10843.0,2042.0,12885.0
3941,3941,1107,2025-04-10,2025-05-10,30,15927.0,4156.0,20083.0
3942,3942,1113,2025-04-12,2025-04-27,15,19592.0,3480.0,23072.0
3943,3943,1090,2025-04-12,2025-05-12,30,23300.0,3018.0,26318.0
3944,3944,1043,2025-04-11,2025-05-11,30,14245.0,1877.0,16122.0
3945,3945,1074,2025-04-11,2025-05-11,30,16644.0,3269.0,19913.0
3946,3946,1067,2025-04-12,2025-04-27,15,31738.0,7408.0,39146.0
3947,3947,1115,2025-04-14,2025-04-29,15,74908.0,11114.0,86022.0
3948,3948,1023,2025-04-12,2025-04-27,15,39482.0,10532.0,50014.0
3949,3949,1067,2025-04-12,2025-05-27,45,21262.0,7840.0,29102.0
3950,3950,1053,2025-04-11,2025-05-26,45,13303.0,4980.0,18283.0
3951,3951,1032,2025-04-12,2025-05-12,30,23706.0,7125.0,30831.0
3952,3952,1109,2025-04-11,2025-05-11,30,11179.0,2820.0,13999.0
3953,3953,1106,2025-04-14,2025-05-14,30,42536.0,6050.0,48586.0
3954,3954,1014,2025-04-14,2025-05-14,30,43132.0,12012.0,55144.0
3955,3955,1111,2025-04-11,2025-05-11,30,9776.0,2416.0,12192.0
3956,3956,1043,2025-04-13,2025-05-28,45,35964.0,5119.0,41083.0
3957,3957,1056,2025-04-12,2025-05-12,30,36934.0,11187.0,48121.0
3958,3958,1028,2025-04-11,2025-04-26,15,22570.0,3889.0,26459.0
3959,3959,1042,2025-04-11,2025-05-11,30,22672.0,3965.0,26637.0
3960,3960,1120,2025-04-11,2025-05-11,30,12233.0,2567.0,14800.0
3961,3961,1107,2025-04-12,2025-05-12,30,33106.0,11912.0,45018.0
3962,3962,1005,2025-04-14,2025-04-29,15,48452.0,15528.0,63980.0
3963,3963,1084,2025-04-11,2025-04-26,15,23870.0,5073.0,28943.0
3964,3964,1092,2025-04-11,2025-05-11,30,12412.0,1938.0,14350.0
3965,3965,1106,2025-04-12,2025-04-27,15,34450.0,5513.0,39963.0
3966,3966,1116,2025-04-11,2025-05-11,30,15519.0,5252.0,20771.0
3967,3967,1036,2025-04-13,2025-05-13,30,75045.0,10943.0,85988.0
3968,3968,1114,2025-04-12,2025-04-27,15,21656.0,7952.0,29608.0
3969,3969,1009,2025-04-11,2025-04-26,15,24481.0,3494.0,27975.0
3970,3970,1027,2025-04-11,2025-05-11,30,11705.0,1544.0,13249.0
3971,3971,1122,2025-04-11,2025-05-26,45,30616.0,9451.0,40067.0
3972,3972,1121,2025-04-11,2025-05-11,30,9863.0,2955.0,12818.0
3973,3973,1097,2025-04-12,2025-05-12,30,23130.0,6686.0,29816.0
3974,3974,1067,2025-04-11,2025-05-11,30,20110.0,5276.0,25386.0
3975,3975,1052,2025-04-12,2025-05-12,30,47502.0,8752.0,56254.0
3976,3976,1002,2025-04-11,2025-05-11,30,17346.0,2601.0,19947.0
3977,3977,1089,2025-04-11,2025-05-11,30,11211.0,3013.0,14224.0
3978,3978,1057,2025-04-15,2025-04-30,15,41696.0,8933.0,50629.0
3979,3979,1079,2025-04-12,2025-05-12,30,25647.0,4000.0,29647.0
3980,3980,1083,2025-04-14,2025-05-14,30,34632.0,7727.0,42359.0
3981,3981,1023,2025-04-12,2025-05-12,30,10979.0,3435.0,14414.0
3982,3982,1031,2025-04-14,2025-05-14,30,68964.0,19614.0,88578.0
3983,3983,1102,2025-04-12,2025-05-27,45,12617.0,4473.0,17090.0
3984,3984,1075,2025-04-12,2025-04-27,15,13800.0,4806.0,18606.0
3985,3985,1003,2025-04-14,2025-05-14,30,96039.0,24279.0,120318.0
3986,3986,1007,2025-04-14,2025-05-29,45,33873.0,12409.0,46282.0
3987,3987,1093,2025-04-12,2025-05-12,30,22262.0,3072.0,25334.0
3988,3988,1123,2025-04-14,2025-05-29,45,30357.0,5052.0,35409.0
3989,3989,1089,2025-04-15,2025-05-15,30,44480.0,5374.0,49854.0
3990,3990,1120,2025-04-14,2025-05-29,45,44922.0,13601.0,58523.0
3991,3991,1047,2025-04-15,2025-04-30,15,82688.0,18802.0,101490.0
3992,3992,1061,2025-04-12,2025-04-27,15,14593.0,3788.0,18381.0
3993,3993,1009,2025-04-12,2025-05-12,30,17662.0,5646.0,23308.0
3994,3994,1044,2025-04-12,2025-05-12,30,13101.0,2750.0,15851.0
3995,3995,1033,2025-04-14,2025-04-29,15,33324.0,6770.0,40094.0
3996,3996,1025,2025-04-14,2025-05-14,30,69369.0,10656.0,80025.0
3997,3997,1024,2025-04-14,2025-05-14,30,36747.0,6949.0,43696.0
3998,3998,1066,2025-04-12,2025-04-27,15,12299.0,1968.0,14267.0
3999,3999,1071,2025-04-14,2025-05-14,30,36738.0,6938.0,43676.0
4000,4000,1116,2025-04-15,2025-05-30,45,42436.0,8353.0,50789.0
4001,4001,1063,2025-04-15,2025-04-30,15,39392.0,12018.0,51410.0
4002,4002,1014,2025-04-12,2025-05-12,30,11631.0,3737.0,15368.0
4003,4003,1046,2025-04-13,2025-05-13,30,35120.0,11656.0,46776.0
4004,4004,1023,2025-04-12,2025-05-12,30,11647.0,4418.0,16065.0
4005,4005,1096,2025-04-15,2025-05-15,30,41904.0,14568.0,56472.0
4006,4006,1038,2025-04-12,2025-05-12,30,12002.0,2838.0,14840.0
4007,4007,1087,2025-04-12,2025-05-27,45,12298.0,4029.0,16327.0
4008,4008,1025,2025-04-14,2025-05-29,45,31368.0,10723.0,42091.0
4009,4009,1070,2025-04-14,2025-04-29,15,60723.0,20326.0,81049.0
4010,4010,1107,2025-04-12,2025-04-27,15,27853.0,7998.0,35851.0
4011,4011,1066,2025-04-13,2025-05-13,30,26684.0,10107.0,36791.0
4012,4012,1002,2025-04-15,2025-05-15,30,57728.0,18536.0,76264.0
4013,4013,1065,2025-04-13,2025-05-13,30,47672.0,16433.0,64105.0
4014,4014,1058,2025-04-12,2025-05-27,45,15884.0,2823.0,18707.0
4015,4015,1051,2025-04-13,2025-05-13,30,37966.0,4912.0,42878.0
4016,4016,1054,2025-04-14,2025-05-14,30,37926.0,9766.0,47692.0
4017,4017,1061,2025-04-12,2025-05-12,30,10494.0,3925.0,14419.0
4018,4018,1011,2025-04-14,2025-04-29,15,48252.0,7949.0,56201.0
4019,4019,1084,2025-04-13,2025-05-28,45,23462.0,8443.0,31905.0
4020,4020,1076,2025-04-15,2025-05-15,30,33267.0,9691.0,42958.0
4021,4021,1028,2025-04-13,2025-05-28,45,13068.0,4877.0,17945.0
4022,4022,1086,2025-04-14,2025-05-14,30,22218.0,4500.0,26718.0
4023,4023,1020,2025-04-14,2025-05-29,45,29424.0,8430.0,37854.0
4024,4024,1038,2025-04-13,2025-04-28,15,17291.0,3140.0,20431.0
4025,4025,1034,2025-04-17,2025-05-02,15,79655.0,17344.0,96999.0
4026,4026,1044,2025-04-13,2025-05-13,30,17648.0,6667.0,24315.0
4027,4027,1006,2025-04-13,2025-05-13,30,10670.0,2578.0,13248.0
4028,4028,1029,2025-04-14,2025-05-14,30,20520.0,7128.0,27648.0
4029,4029,1013,2025-04-13,2025-05-13,30,19066.0,5898.0,24964.0
4030,4030,1096,2025-04-13,2025-05-13,30,24909.0,9222.0,34131.0
4031,4031,1112,2025-04-15,2025-04-30,15,33819.0,12660.0,46479.0
4032,4032,1052,2025-04-14,2025-04-29,15,20870.0,4082.0,24952.0
4033,4033,1072,2025-04-13,2025-05-13,30,12184.0,3563.0,15747.0
4034,4034,1097,2025-04-14,2025-05-14,30,35120.0,11143.0,46263.0
4035,4035,1119,2025-04-15,2025-05-15,30,35130.0,12311.0,47441.0
4036,4036,1068,2025-04-16,2025-05-01,15,63968.0,9258.0,73226.0
4037,4037,1082,2025-04-15,2025-05-15,30,52059.0,6389.0,58448.0
4038,4038,1040,2025-04-16,2025-05-31,45,36956.0,9345.0,46301.0
4039,4039,1024,2025-04-13,2025-04-28,15,30756.0,11494.0,42250.0
4040,4040,1104,2025-04-13,2025-05-28,45,12112.0,3697.0,15809.0
4041,4041,1037,2025-04-13,2025-04-28,15,11435.0,2351.0,13786.0
4042,4042,1125,2025-04-13,2025-05-13,30,11866.0,3800.0,15666.0
4043,4043,1111,2025-04-15,2025-05-15,30,37767.0,7278.0,45045.0
4044,4044,1079,2025-04-13,2025-05-13,30,15932.0,5308.0,21240.0
4045,4045,1036,2025-04-15,2025-05-15,30,28773.0,8873.0,37646.0
4046,4046,1066,2025-04-14,2025-04-29,15,28922.0,9775.0,38697.0
4047,4047,1055,2025-04-13,2025-05-28,45,19368.0,6776.0,26144.0
4048,4048,1091,2025-04-15,2025-05-15,30,36633.0,8542.0,45175.0
4049,4049,1025,2025-04-13,2025-05-28,45,11536.0,3937.0,15473.0
4050,4050,1042,2025-04-13,2025-04-28,15,15127.0,5717.0,20844.0
4051,4051,1031,2025-04-13,2025-05-28,45,16859.0,5344.0,22203.0
4052,4052,1089,2025-04-13,2025-05-13,30,18449.0,4856.0,23305.0
4053,4053,1099,2025-04-14,2025-04-29,15,24630.0,4048.0,28678.0
4054,4054,1090,2025-04-13,2025-04-28,15,18851.0,3225.0,22076.0
4055,4055,1023,2025-04-15,2025-04-30,15,39654.0,9858.0,49512.0
4056,4056,1050,2025-04-18,2025-05-18,30,158190.0,51165.0,209355.0
4057,4057,1105,2025-04-17,2025-05-02,15,61892.0,16234.0,78126.0
4058,4058,1081,2025-04-17,2025-05-17,30,65836.0,8325.0,74161.0
4059,4059,1099,2025-04-17,2025-05-17,30,95516.0,16846.0,112362.0
4060,4060,1100,2025-04-15,2025-05-30,45,21658.0,4813.0,26471.0
4061,4061,1085,2025-04-18,2025-05-18,30,59335.0,19777.0,79112.0
4062,4062,1087,2025-04-14,2025-05-29,45,16640.0,5134.0,21774.0
4063,4063,1045,2025-04-15,2025-05-15,30,32088.0,10888.0,42976.0
4064,4064,1042,2025-04-15,2025-05-15,30,49002.0,12168.0,61170.0
4065,4065,1003,2025-04-16,2025-05-01,15,46515.0,8920.0,55435.0
4066,4066,1097,2025-04-17,2025-05-17,30,47112.0,8867.0,55979.0
4067,4067,1001,2025-04-15,2025-05-15,30,34050.0,10133.0,44183.0
4068,4068,1032,2025-04-17,2025-05-17,30,73300.0,26332.0,99632.0
4069,4069,1057,2025-04-15,2025-04-30,15,52034.0,9808.0,61842.0
4070,4070,1076,2025-04-14,2025-05-29,45,22514.0,7524.0,30038.0
4071,4071,1070,2025-04-17,2025-05-02,15,42960.0,15317.0,58277.0
4072,4072,1092,2025-04-14,2025-04-29,15,16776.0,4423.0,21199.0
4073,4073,1048,2025-04-14,2025-05-14,30,28971.0,8588.0,37559.0
4074,4074,1046,2025-04-16,2025-05-16,30,50877.0,10171.0,61048.0
4075,4075,1027,2025-04-14,2025-05-14,30,14958.0,3968.0,18926.0
4076,4076,1029,2025-04-15,2025-05-15,30,24720.0,9142.0,33862.0
4077,4077,1002,2025-04-16,2025-05-16,30,49311.0,10880.0,60191.0
4078,4078,1057,2025-04-16,2025-05-16,30,45555.0,11996.0,57551.0
4079,4079,1053,2025-04-15,2025-05-15,30,21892.0,7636.0,29528.0
4080,4080,1051,2025-04-18,2025-05-18,30,58300.0,21235.0,79535.0
4081,4081,1077,2025-04-15,2025-05-30,45,30102.0,8136.0,38238.0
4082,4082,1109,2025-04-16,2025-05-31,45,30720.0,11396.0,42116.0
4083,4083,1066,2025-04-15,2025-05-30,45,32116.0,3880.0,35996.0
4084,4084,1032,2025-04-15,2025-05-30,45,22486.0,6678.0,29164.0
4085,4085,1044,2025-04-15,2025-05-15,30,24900.0,3592.0,28492.0
4086,4086,1038,2025-04-16,2025-05-16,30,25341.0,4489.0,29830.0
4087,4087,1041,2025-04-15,2025-05-15,30,55454.0,15996.0,71450.0
4088,4088,1002,2025-04-15,2025-04-30,15,21256.0,3728.0,24984.0
4089,4089,1005,2025-04-14,2025-05-29,45,11464.0,1924.0,13388.0
4090,4090,1078,2025-04-14,2025-05-29,45,10941.0,3431.0,14372.0
4091,4091,1046,2025-04-15,2025-05-15,30,22649.0,4347.0,26996.0
4092,4092,1113,2025-04-17,2025-05-17,30,57972.0,12785.0,70757.0
4093,4093,1040,2025-04-16,2025-05-31,45,34408.0,7012.0,41420.0
4094,4094,1077,2025-04-16,2025-05-16,30,31334.0,10949.0,42283.0
4095,4095,1054,2025-04-15,2025-05-15,30,18505.0,5416.0,23921.0
4096,4096,1123,2025-04-15,2025-04-30,15,23024.0,6941.0,29965.0
4097,4097,1045,2025-04-16,2025-05-16,30,23666.0,6927.0,30593.0
4098,4098,1076,2025-04-17,2025-05-17,30,50406.0,14529.0,64935.0
4099,4099,1122,2025-04-17,2025-05-02,15,72828.0,22631.0,95459.0
4100,4100,1099,2025-04-15,2025-05-15,30,13496.0,4789.0,18285.0
4101,4101,1038,2025-04-17,2025-05-02,15,46020.0,12483.0,58503.0
4102,4102,1062,2025-04-16,2025-05-16,30,19708.0,6225.0,25933.0
4103,4103,1113,2025-04-18,2025-05-18,30,88088.0,15741.0,103829.0
4104,4104,1097,2025-04-15,2025-05-30,45,16646.0,5617.0,22263.0
4105,4105,1038,2025-04-16,2025-05-16,30,24506.0,8072.0,32578.0
4106,4106,1077,2025-04-19,2025-05-19,30,58835.0,11791.0,70626.0
4107,4107,1116,2025-04-16,2025-05-16,30,44066.0,6144.0,50210.0
4108,4108,1039,2025-04-17,2025-05-02,15,74142.0,22166.0,96308.0
4109,4109,1045,2025-04-16,2025-05-16,30,48496.0,9859.0,58355.0
4110,4110,1041,2025-04-16,2025-05-01,15,35292.0,10081.0,45373.0
4111,4111,1002,2025-04-17,2025-05-17,30,71058.0,25790.0,96848.0
4112,4112,1085,2025-04-15,2025-05-15,30,11173.0,3890.0,15063.0
4113,4113,1039,2025-04-17,2025-05-02,15,32550.0,9142.0,41692.0
4114,4114,1077,2025-04-17,2025-05-17,30,58512.0,14814.0,73326.0
4115,4115,1069,2025-04-16,2025-05-16,30,25072.0,6896.0,31968.0
4116,4116,1125,2025-04-15,2025-04-30,15,10159.0,1250.0,11409.0
4117,4117,1111,2025-04-15,2025-05-15,30,12704.0,3938.0,16642.0
4118,4118,1051,2025-04-15,2025-05-15,30,24813.0,7753.0,32566.0
4119,4119,1100,2025-04-15,2025-05-15,30,12995.0,3797.0,16792.0
4120,4120,1082,2025-04-18,2025-05-18,30,39960.0,9352.0,49312.0
4121,4121,1094,2025-04-16,2025-05-16,30,45512.0,6471.0,51983.0
4122,4122,1087,2025-04-15,2025-04-30,15,12864.0,2599.0,15463.0
4123,4123,1108,2025-04-15,2025-05-15,30,11274.0,3989.0,15263.0
4124,4124,1052,2025-04-17,2025-05-17,30,33174.0,4955.0,38129.0
4125,4125,1008,2025-04-16,2025-05-16,30,21586.0,7337.0,28923.0
4126,4126,1007,2025-04-15,2025-04-30,15,10883.0,3018.0,13901.0
4127,4127,1030,2025-04-16,2025-05-16,30,21696.0,4697.0,26393.0
4128,4128,1019,2025-04-16,2025-05-01,15,34206.0,10820.0,45026.0
4129,4129,1107,2025-04-18,2025-05-18,30,48068.0,9545.0,57613.0
4130,4130,1039,2025-04-16,2025-05-31,45,55660.0,20806.0,76466.0
4131,4131,1078,2025-04-19,2025-05-04,15,83185.0,30834.0,114019.0
4132,4132,1069,2025-04-15,2025-05-30,45,13338.0,3903.0,17241.0
4133,4133,1009,2025-04-15,2025-05-30,45,9895.0,1587.0,11482.0
4134,4134,1055,2025-04-16,2025-05-01,15,20085.0,6214.0,26299.0
4135,4135,1114,2025-04-17,2025-05-02,15,41118.0,7660.0,48778.0
4136,4136,1061,2025-04-19,2025-05-19,30,47364.0,15482.0,62846.0
4137,4137,1024,2025-04-16,2025-05-01,15,10534.0,1915.0,12449.0
4138,4138,1042,2025-04-16,2025-05-16,30,10807.0,3665.0,14472.0
4139,4139,1029,2025-04-16,2025-05-31,45,30079.0,8318.0,38397.0
4140,4140,1014,2025-04-18,2025-05-18,30,54576.0,10744.0,65320.0
4141,4141,1036,2025-04-18,2025-05-18,30,36780.0,5984.0,42764.0
4142,4142,1021,2025-04-17,2025-05-02,15,42824.0,9265.0,52089.0
4143,4143,1040,2025-04-17,2025-06-01,45,34524.0,7788.0,42312.0
4144,4144,1049,2025-04-18,2025-05-18,30,32958.0,6511.0,39469.0
4145,4145,1044,2025-04-17,2025-05-02,15,32334.0,10098.0,42432.0
4146,4146,1007,2025-04-17,2025-06-01,45,23598.0,6521.0,30119.0
4147,4147,1074,2025-04-17,2025-06-01,45,33734.0,10419.0,44153.0
4148,4148,1013,2025-04-19,2025-05-19,30,44836.0,15177.0,60013.0
4149,4149,1067,2025-04-17,2025-05-02,15,31358.0,4044.0,35402.0
4150,4150,1066,2025-04-16,2025-05-01,15,10389.0,1503.0,11892.0
4151,4151,1116,2025-04-16,2025-05-16,30,31850.0,4975.0,36825.0
4152,4152,1117,2025-04-17,2025-06-01,45,56820.0,10222.0,67042.0
4153,4153,1043,2025-04-18,2025-05-18,30,71763.0,15519.0,87282.0
4154,4154,1015,2025-04-17,2025-05-17,30,35876.0,11443.0,47319.0
4155,4155,1057,2025-04-16,2025-05-31,45,31428.0,9805.0,41233.0
4156,4156,1081,2025-04-17,2025-05-17,30,31484.0,11472.0,42956.0
4157,4157,1070,2025-04-18,2025-06-02,45,79407.0,22492.0,101899.0
4158,4158,1119,2025-04-17,2025-06-01,45,24756.0,6245.0,31001.0
4159,4159,1124,2025-04-17,2025-06-01,45,21876.0,5227.0,27103.0
4160,4160,1055,2025-04-16,2025-05-16,30,11340.0,2455.0,13795.0
4161,4161,1051,2025-04-19,2025-05-19,30,79404.0,27164.0,106568.0
4162,4162,1068,2025-04-16,2025-05-16,30,23192.0,4975.0,28167.0
4163,4163,1015,2025-04-18,2025-05-18,30,51369.0,13851.0,65220.0
4164,4164,1011,2025-04-17,2025-05-17,30,67684.0,11585.0,79269.0
4165,4165,1114,2025-04-19,2025-05-19,30,45576.0,7402.0,52978.0
4166,4166,1093,2025-04-18,2025-05-18,30,104112.0,39183.0,143295.0
4167,4167,1057,2025-04-18,2025-06-02,45,45171.0,14471.0,59642.0
4168,4168,1055,2025-04-16,2025-05-16,30,10646.0,3117.0,13763.0
4169,4169,1012,2025-04-16,2025-05-16,30,16277.0,2126.0,18403.0
4170,4170,1093,2025-04-18,2025-05-18,30,49599.0,18701.0,68300.0
4171,4171,1086,2025-04-18,2025-06-02,45,34515.0,10657.0,45172.0
4172,4172,1074,2025-04-16,2025-05-01,15,11539.0,3126.0,14665.0
4173,4173,1123,2025-04-17,2025-05-17,30,22160.0,7480.0,29640.0
4174,4174,1111,2025-04-16,2025-05-16,30,22120.0,3777.0,25897.0
4175,4175,1006,2025-04-16,2025-05-31,45,11630.0,2500.0,14130.0
4176,4176,1065,2025-04-18,2025-05-18,30,48585.0,6468.0,55053.0
4177,4177,1113,2025-04-16,2025-05-16,30,16665.0,4360.0,21025.0
4178,4178,1120,2025-04-16,2025-05-16,30,9922.0,1194.0,11116.0
4179,4179,1118,2025-04-19,2025-05-19,30,47436.0,16327.0,63763.0
4180,4180,1093,2025-04-17,2025-05-17,30,12195.0,1912.0,14107.0
4181,4181,1091,2025-04-18,2025-05-03,15,33788.0,5161.0,38949.0
4182,4182,1112,2025-04-17,2025-05-02,15,12831.0,3153.0,15984.0
4183,4183,1058,2025-04-19,2025-05-19,30,60036.0,20970.0,81006.0
4184,4184,1050,2025-04-17,2025-05-17,30,19292.0,4247.0,23539.0
4185,4185,1113,2025-04-17,2025-05-17,30,30250.0,5692.0,35942.0
4186,4186,1123,2025-04-18,2025-05-18,30,24668.0,7392.0,32060.0
4187,4187,1063,2025-04-17,2025-05-17,30,15806.0,5295.0,21101.0
4188,4188,1077,2025-04-17,2025-05-17,30,11515.0,2470.0,13985.0
4189,4189,1038,2025-04-19,2025-06-03,45,40788.0,5601.0,46389.0
4190,4190,1033,2025-04-17,2025-05-17,30,11610.0,2306.0,13916.0
4191,4191,1090,2025-04-19,2025-05-19,30,35922.0,6438.0,42360.0
4192,4192,1027,2025-04-20,2025-05-20,30,46580.0,14621.0,61201.0
4193,4193,1006,2025-04-20,2025-05-20,30,44072.0,16639.0,60711.0
4194,4194,1086,2025-04-21,2025-05-21,30,132010.0,28591.0,160601.0
4195,4195,1063,2025-04-17,2025-05-02,15,17036.0,2535.0,19571.0
4196,4196,1066,2025-04-18,2025-06-02,45,24510.0,8219.0,32729.0
4197,4197,1097,2025-04-17,2025-05-17,30,22982.0,3530.0,26512.0
4198,4198,1119,2025-04-18,2025-05-03,15,34924.0,10044.0,44968.0
4199,4199,1089,2025-04-18,2025-05-03,15,21466.0,3208.0,24674.0
4200,4200,1081,2025-04-20,2025-05-05,15,69876.0,9316.0,79192.0
4201,4201,1110,2025-04-20,2025-05-20,30,96656.0,35605.0,132261.0
4202,4202,1035,2025-04-18,2025-06-02,45,25130.0,9088.0,34218.0
4203,4203,1107,2025-04-19,2025-05-19,30,71814.0,21471.0,93285.0
4204,4204,1018,2025-04-18,2025-05-03,15,32042.0,9303.0,41345.0
4205,4205,1055,2025-04-17,2025-05-17,30,30511.0,8759.0,39270.0
4206,4206,1101,2025-04-21,2025-06-05,45,162910.0,45886.0,208796.0
4207,4207,1107,2025-04-18,2025-05-03,15,22712.0,2910.0,25622.0
4208,4208,1065,2025-04-17,2025-05-17,30,13013.0,3395.0,16408.0
4209,4209,1084,2025-04-20,2025-05-05,15,68868.0,11193.0,80061.0
4210,4210,1030,2025-04-21,2025-05-21,30,91280.0,14269.0,105549.0
4211,4211,1030,2025-04-17,2025-05-02,15,12250.0,1903.0,14153.0
4212,4212,1015,2025-04-18,2025-06-02,45,33778.0,10344.0,44122.0
4213,4213,1003,2025-04-17,2025-05-17,30,21844.0,3355.0,25199.0
4214,4214,1034,2025-04-17,2025-05-17,30,10820.0,3457.0,14277.0
4215,4215,1111,2025-04-21,2025-06-05,45,167765.0,58887.0,226652.0
4216,4216,1093,2025-04-20,2025-05-05,15,98324.0,18223.0,116547.0
4217,4217,1003,2025-04-18,2025-06-02,45,33348.0,4953.0,38301.0
4218,4218,1108,2025-04-19,2025-05-19,30,36879.0,13091.0,49970.0
4219,4219,1031,2025-04-17,2025-05-02,15,16189.0,5279.0,21468.0
4220,4220,1062,2025-04-18,2025-06-02,45,75136.0,19089.0,94225.0
4221,4221,1036,2025-04-17,2025-06-01,45,17465.0,6544.0,24009.0
4222,4222,1095,2025-04-18,2025-06-02,45,32908.0,5202.0,38110.0
4223,4223,1053,2025-04-17,2025-05-02,15,16687.0,2171.0,18858.0
4224,4224,1064,2025-04-17,2025-05-17,30,13699.0,4268.0,17967.0
4225,4225,1089,2025-04-19,2025-06-03,45,101484.0,35712.0,137196.0
4226,4226,1007,2025-04-18,2025-05-18,30,18766.0,2799.0,21565.0
4227,4227,1013,2025-04-18,2025-05-18,30,12638.0,3337.0,15975.0
4228,4228,1089,2025-04-18,2025-05-03,15,17602.0,6133.0,23735.0
4229,4229,1100,2025-04-18,2025-05-18,30,17894.0,5624.0,23518.0
4230,4230,1054,2025-04-19,2025-05-19,30,23432.0,8605.0,32037.0
4231,4231,1053,2025-04-18,2025-05-18,30,19633.0,3882.0,23515.0
4232,4232,1004,2025-04-19,2025-05-19,30,41286.0,11298.0,52584.0
4233,4233,1123,2025-04-19,2025-05-19,30,23652.0,3791.0,27443.0
4234,4234,1012,2025-04-22,2025-05-22,30,131220.0,38510.0,169730.0
4235,4235,1022,2025-04-20,2025-05-20,30,35571.0,4922.0,40493.0
4236,4236,1066,2025-04-18,2025-05-18,30,11354.0,3657.0,15011.0
4237,4237,1019,2025-04-18,2025-05-18,30,11733.0,2660.0,14393.0
4238,4238,1100,2025-04-18,2025-05-18,30,10706.0,2368.0,13074.0
4239,4239,1064,2025-04-19,2025-05-04,15,26918.0,7621.0,34539.0
4240,4240,1001,2025-04-18,2025-05-18,30,12571.0,2915.0,15486.0
4241,4241,1019,2025-04-18,2025-05-18,30,11318.0,3524.0,14842.0
4242,4242,1024,2025-04-20,2025-06-04,45,91662.0,14232.0,105894.0
4243,4243,1019,2025-04-18,2025-05-18,30,9609.0,2411.0,12020.0
4244,4244,1094,2025-04-18,2025-05-18,30,11567.0,3718.0,15285.0
4245,4245,1035,2025-04-20,2025-05-05,15,66234.0,19969.0,86203.0
4246,4246,1079,2025-04-20,2025-05-20,30,32925.0,7122.0,40047.0
4247,4247,1081,2025-04-20,2025-05-20,30,34929.0,8790.0,43719.0
4248,4248,1060,2025-04-18,2025-06-02,45,11182.0,2487.0,13669.0
4249,4249,1125,2025-04-18,2025-05-18,30,16901.0,6143.0,23044.0
4250,4250,1070,2025-04-18,2025-05-18,30,23912.0,5004.0,28916.0
4251,4251,1014,2025-04-19,2025-05-19,30,21558.0,4248.0,25806.0
4252,4252,1012,2025-04-18,2025-05-03,15,13845.0,2717.0,16562.0
4253,4253,1097,2025-04-19,2025-05-19,30,22138.0,2832.0,24970.0
4254,4254,1072,2025-04-20,2025-05-05,15,52722.0,9968.0,62690.0
4255,4255,1087,2025-04-21,2025-05-06,15,44320.0,16691.0,61011.0
4256,4256,1068,2025-04-18,2025-06-02,45,11670.0,2005.0,13675.0
4257,4257,1096,2025-04-19,2025-05-19,30,23194.0,3855.0,27049.0
4258,4258,1074,2025-04-20,2025-05-20,30,37686.0,12060.0,49746.0
4259,4259,1017,2025-04-18,2025-05-18,30,12179.0,3539.0,15718.0
4260,4260,1068,2025-04-18,2025-05-03,15,10210.0,1311.0,11521.0
4261,4261,1026,2025-04-20,2025-06-04,45,65436.0,15516.0,80952.0
4262,4262,1030,2025-04-22,2025-05-22,30,61815.0,12755.0,74570.0
4263,4263,1058,2025-04-18,2025-06-02,45,10147.0,1663.0,11810.0
4264,4264,1053,2025-04-18,2025-05-03,15,23880.0,8509.0,32389.0
4265,4265,1110,2025-04-19,2025-05-04,15,27830.0,10077.0,37907.0
4266,4266,1121,2025-04-21,2025-06-05,45,34713.0,6185.0,40898.0
4267,4267,1098,2025-04-22,2025-05-22,30,61952.0,22870.0,84822.0
4268,4268,1067,2025-04-19,2025-05-19,30,13220.0,3403.0,16623.0
4269,4269,1076,2025-04-21,2025-05-21,30,37695.0,4811.0,42506.0
4270,4270,1074,2025-04-19,2025-05-04,15,11512.0,3206.0,14718.0
4271,4271,1001,2025-04-20,2025-05-05,15,33564.0,6304.0,39868.0
4272,4272,1050,2025-04-23,2025-06-07,45,62465.0,22652.0,85117.0
4273,4273,1026,2025-04-21,2025-05-21,30,50973.0,11898.0,62871.0
4274,4274,1069,2025-04-21,2025-05-21,30,77697.0,14266.0,91963.0
4275,4275,1002,2025-04-20,2025-05-05,15,45966.0,10487.0,56453.0
4276,4276,1108,2025-04-21,2025-05-21,30,49206.0,13903.0,63109.0
4277,4277,1034,2025-04-22,2025-05-22,30,84320.0,13020.0,97340.0
4278,4278,1077,2025-04-19,2025-05-04,15,11239.0,3348.0,14587.0
4279,4279,1016,2025-04-23,2025-06-07,45,143430.0,54085.0,197515.0
4280,4280,1058,2025-04-21,2025-05-21,30,65457.0,7977.0,73434.0
4281,4281,1072,2025-04-19,2025-05-04,15,10983.0,1591.0,12574.0
4282,4282,1019,2025-04-21,2025-05-21,30,55800.0,8292.0,64092.0
4283,4283,1034,2025-04-23,2025-05-23,30,88290.0,14460.0,102750.0
4284,4284,1027,2025-04-21,2025-05-21,30,87423.0,24239.0,111662.0
4285,4285,1121,2025-04-19,2025-05-19,30,12350.0,2665.0,15015.0
4286,4286,1114,2025-04-20,2025-05-20,30,34044.0,7665.0,41709.0
4287,4287,1008,2025-04-22,2025-05-07,15,68264.0,9562.0,77826.0
4288,4288,1003,2025-04-19,2025-06-03,45,17158.0,6179.0,23337.0
4289,4289,1118,2025-04-21,2025-05-06,15,95241.0,25078.0,120319.0
4290,4290,1119,2025-04-19,2025-05-04,15,12148.0,1986.0,14134.0
4291,4291,1068,2025-04-23,2025-06-07,45,86860.0,11659.0,98519.0
4292,4292,1089,2025-04-22,2025-05-07,15,44908.0,16641.0,61549.0
4293,4293,1025,2025-04-19,2025-05-04,15,12673.0,1591.0,14264.0
4294,4294,1045,2025-04-19,2025-06-03,45,10864.0,2371.0,13235.0
4295,4295,1099,2025-04-19,2025-05-19,30,23544.0,3577.0,27121.0
4296,4296,1014,2025-04-19,2025-05-04,15,17305.0,5699.0,23004.0
4297,4297,1125,2025-04-21,2025-05-21,30,45498.0,6437.0,51935.0
4298,4298,1111,2025-04-20,2025-05-20,30,20756.0,6832.0,27588.0
4299,4299,1008,2025-04-19,2025-05-19,30,21989.0,6185.0,28174.0
4300,4300,1017,2025-04-20,2025-05-05,15,23350.0,5918.0,29268.0
4301,4301,1096,2025-04-20,2025-05-05,15,37836.0,4551.0,42387.0
4302,4302,1073,2025-04-19,2025-05-04,15,23648.0,5661.0,29309.0
4303,4303,1084,2025-04-22,2025-05-07,15,65556.0,19398.0,84954.0
4304,4304,1002,2025-04-22,2025-05-22,30,95480.0,31542.0,127022.0
4305,4305,1115,2025-04-20,2025-05-20,30,34392.0,12459.0,46851.0
4306,4306,1049,2025-04-23,2025-05-23,30,96185.0,12954.0,109139.0
4307,4307,1057,2025-04-23,2025-05-23,30,85645.0,10305.0,95950.0
4308,4308,1014,2025-04-20,2025-05-20,30,9766.0,1672.0,11438.0
4309,4309,1064,2025-04-20,2025-05-05,15,19151.0,6429.0,25580.0
4310,4310,1109,2025-04-22,2025-05-07,15,53778.0,11683.0,65461.0
4311,4311,1054,2025-04-20,2025-06-04,45,11372.0,3113.0,14485.0
4312,4312,1013,2025-04-24,2025-05-09,15,59845.0,22474.0,82319.0
4313,4313,1122,2025-04-20,2025-05-05,15,17805.0,5141.0,22946.0
4314,4314,1104,2025-04-21,2025-05-21,30,21602.0,7292.0,28894.0
4315,4315,1052,2025-04-21,2025-05-21,30,24308.0,3820.0,28128.0
4316,4316,1113,2025-04-23,2025-05-23,30,107376.0,40664.0,148040.0
4317,4317,1057,2025-04-24,2025-05-09,15,62635.0,11270.0,73905.0
4318,4318,1011,2025-04-22,2025-06-06,45,49179.0,10304.0,59483.0
4319,4319,1047,2025-04-21,2025-06-05,45,36504.0,6179.0,42683.0
4320,4320,1073,2025-04-21,2025-05-06,15,23644.0,8096.0,31740.0
4321,4321,1031,2025-04-20,2025-05-20,30,15728.0,4309.0,20037.0
4322,4322,1113,2025-04-20,2025-05-20,30,12953.0,3602.0,16555.0
4323,4323,1015,2025-04-21,2025-05-21,30,35030.0,7489.0,42519.0
4324,4324,1097,2025-04-20,2025-05-05,15,12248.0,3362.0,15610.0
4325,4325,1023,2025-04-21,2025-05-21,30,21004.0,7599.0,28603.0
4326,4326,1012,2025-04-21,2025-05-21,30,23936.0,8778.0,32714.0
4327,4327,1064,2025-04-20,2025-05-20,30,14970.0,5344.0,20314.0
4328,4328,1110,2025-04-21,2025-05-06,15,60952.0,11053.0,72005.0
4329,4329,1087,2025-04-20,2025-05-05,15,17611.0,5348.0,22959.0
4330,4330,1009,2025-04-20,2025-06-04,45,15957.0,2839.0,18796.0
4331,4331,1069,2025-04-20,2025-05-20,30,16786.0,3175.0,19961.0
4332,4332,1013,2025-04-21,2025-05-21,30,23358.0,7043.0,30401.0
4333,4333,1021,2025-04-24,2025-06-08,45,136260.0,36682.0,172942.0
4334,4334,1093,2025-04-21,2025-05-21,30,58796.0,7877.0,66673.0
4335,4335,1052,2025-04-23,2025-05-23,30,44668.0,13645.0,58313.0
4336,4336,1031,2025-04-21,2025-05-21,30,20042.0,7447.0,27489.0
4337,4337,1112,2025-04-20,2025-05-20,30,17953.0,5294.0,23247.0
4338,4338,1026,2025-04-20,2025-05-20,30,19520.0,6419.0,25939.0
4339,4339,1080,2025-04-21,2025-05-21,30,29260.0,9086.0,38346.0
4340,4340,1002,2025-04-24,2025-06-08,45,84610.0,20595.0,105205.0
4341,4341,1015,2025-04-23,2025-06-07,45,45312.0,14344.0,59656.0
4342,4342,1098,2025-04-22,2025-05-22,30,38841.0,7277.0,46118.0
4343,4343,1014,2025-04-21,2025-05-06,15,36510.0,6461.0,42971.0
4344,4344,1046,2025-04-22,2025-06-06,45,78492.0,22399.0,100891.0
4345,4345,1007,2025-04-21,2025-06-05,45,40210.0,9983.0,50193.0
4346,4346,1060,2025-04-20,2025-05-05,15,15991.0,6006.0,21997.0
4347,4347,1002,2025-04-20,2025-06-04,45,35750.0,11982.0,47732.0
4348,4348,1022,2025-04-20,2025-05-20,30,16142.0,5167.0,21309.0
4349,4349,1072,2025-04-20,2025-05-20,30,17827.0,4524.0,22351.0
4350,4350,1100,2025-04-23,2025-05-23,30,66996.0,22323.0,89319.0
4351,4351,1014,2025-04-23,2025-05-23,30,28098.0,7316.0,35414.0
4352,4352,1100,2025-04-22,2025-05-22,30,23992.0,8817.0,32809.0
4353,4353,1113,2025-04-25,2025-05-10,15,91935.0,19165.0,111100.0
4354,4354,1062,2025-04-22,2025-05-07,15,31098.0,8793.0,39891.0
4355,4355,1058,2025-04-21,2025-05-06,15,16290.0,2680.0,18970.0
4356,4356,1116,2025-04-22,2025-05-22,30,48448.0,16779.0,65227.0
4357,4357,1047,2025-04-23,2025-05-08,15,32622.0,10252.0,42874.0
4358,4358,1005,2025-04-22,2025-05-22,30,52174.0,11975.0,64149.0
4359,4359,1018,2025-04-23,2025-05-23,30,33321.0,9350.0,42671.0
4360,4360,1125,2025-04-22,2025-05-07,15,26286.0,6913.0,33199.0
4361,4361,1098,2025-04-22,2025-05-07,15,65184.0,10314.0,75498.0
4362,4362,1051,2025-04-22,2025-05-07,15,22994.0,4721.0,27715.0
4363,4363,1056,2025-04-21,2025-05-21,30,16279.0,2253.0,18532.0
4364,4364,1118,2025-04-21,2025-05-06,15,15651.0,3296.0,18947.0
4365,4365,1008,2025-04-23,2025-05-23,30,71550.0,25388.0,96938.0
4366,4366,1106,2025-04-23,2025-06-07,45,49791.0,17200.0,66991.0
4367,4367,1006,2025-04-21,2025-05-21,30,12162.0,4425.0,16587.0
4368,4368,1099,2025-04-25,2025-05-25,30,115870.0,35213.0,151083.0
4369,4369,1015,2025-04-23,2025-05-08,15,35742.0,5028.0,40770.0
4370,4370,1037,2025-04-24,2025-05-24,30,75872.0,22855.0,98727.0
4371,4371,1014,2025-04-21,2025-05-06,15,17926.0,6723.0,24649.0
4372,4372,1105,2025-04-22,2025-05-22,30,33936.0,8344.0,42280.0
4373,4373,1049,2025-04-24,2025-05-09,15,52756.0,12948.0,65704.0
4374,4374,1071,2025-04-22,2025-05-07,15,25512.0,6432.0,31944.0
4375,4375,1112,2025-04-23,2025-05-23,30,70401.0,21866.0,92267.0
4376,4376,1071,2025-04-24,2025-05-24,30,87248.0,23128.0,110376.0
4377,4377,1117,2025-04-21,2025-05-21,30,12700.0,1551.0,14251.0
4378,4378,1063,2025-04-21,2025-05-06,15,18341.0,4865.0,23206.0
4379,4379,1061,2025-04-23,2025-05-08,15,51666.0,18517.0,70183.0
4380,4380,1118,2025-04-21,2025-05-21,30,11178.0,2932.0,14110.0
4381,4381,1043,2025-04-21,2025-05-21,30,26448.0,3863.0,30311.0
4382,4382,1098,2025-04-21,2025-06-05,45,26537.0,4711.0,31248.0
4383,4383,1121,2025-04-22,2025-05-07,15,33442.0,6026.0,39468.0
4384,4384,1050,2025-04-24,2025-05-09,15,47589.0,10602.0,58191.0
4385,4385,1098,2025-04-22,2025-05-22,30,11707.0,2906.0,14613.0
4386,4386,1019,2025-04-26,2025-05-11,15,77375.0,17344.0,94719.0
4387,4387,1059,2025-04-22,2025-05-22,30,12030.0,1971.0,14001.0
4388,4388,1097,2025-04-24,2025-05-09,15,31413.0,3784.0,35197.0
4389,4389,1030,2025-04-23,2025-05-08,15,37316.0,11510.0,48826.0
4390,4390,1030,2025-04-24,2025-05-09,15,46959.0,11376.0,58335.0
4391,4391,1038,2025-04-24,2025-05-24,30,50688.0,9862.0,60550.0
4392,4392,1024,2025-04-24,2025-05-24,30,84678.0,28095.0,112773.0
4393,4393,1034,2025-04-22,2025-05-22,30,12465.0,3463.0,15928.0
4394,4394,1024,2025-04-23,2025-05-08,15,68686.0,10261.0,78947.0
4395,4395,1058,2025-04-24,2025-05-24,30,49398.0,6946.0,56344.0
4396,4396,1027,2025-04-22,2025-05-22,30,11034.0,2594.0,13628.0
4397,4397,1091,2025-04-25,2025-05-25,30,43256.0,12359.0,55615.0
4398,4398,1054,2025-04-22,2025-06-06,45,12465.0,3131.0,15596.0
4399,4399,1115,2025-04-23,2025-06-07,45,33038.0,6289.0,39327.0
4400,4400,1086,2025-04-24,2025-05-24,30,47184.0,5688.0,52872.0
4401,4401,1120,2025-04-24,2025-05-09,15,47829.0,12891.0,60720.0
4402,4402,1100,2025-04-23,2025-05-23,30,35446.0,9825.0,45271.0
4403,4403,1101,2025-04-22,2025-05-22,30,12822.0,2107.0,14929.0
4404,4404,1074,2025-04-23,2025-05-23,30,23388.0,7017.0,30405.0
4405,4405,1077,2025-04-22,2025-05-22,30,10512.0,1426.0,11938.0
4406,4406,1084,2025-04-23,2025-05-23,30,48608.0,8492.0,57100.0
4407,4407,1061,2025-04-23,2025-05-23,30,33698.0,12667.0,46365.0
4408,4408,1056,2025-04-25,2025-05-25,30,65012.0,22226.0,87238.0
4409,4409,1031,2025-04-23,2025-05-23,30,48602.0,12995.0,61597.0
4410,4410,1052,2025-04-23,2025-05-23,30,60158.0,7751.0,67909.0
4411,4411,1024,2025-04-22,2025-05-22,30,17637.0,2330.0,19967.0
4412,4412,1098,2025-04-22,2025-05-07,15,11810.0,4193.0,16003.0
4413,4413,1114,2025-04-23,2025-06-07,45,23790.0,3463.0,27253.0
4414,4414,1100,2025-04-23,2025-05-23,30,34862.0,9860.0,44722.0
4415,4415,1015,2025-04-23,2025-05-23,30,23788.0,3026.0,26814.0
4416,4416,1023,2025-04-24,2025-05-24,30,33978.0,5006.0,38984.0
4417,4417,1002,2025-04-24,2025-05-24,30,68832.0,9283.0,78115.0
4418,4418,1053,2025-04-25,2025-05-10,15,48488.0,17732.0,66220.0
4419,4419,1002,2025-04-26,2025-06-10,45,116575.0,37040.0,153615.0
4420,4420,1107,2025-04-26,2025-05-11,15,56165.0,16703.0,72868.0
4421,4421,1010,2025-04-23,2025-05-23,30,21782.0,4008.0,25790.0
4422,4422,1011,2025-04-25,2025-05-25,30,52100.0,9102.0,61202.0
4423,4423,1006,2025-04-22,2025-05-22,30,10758.0,2264.0,13022.0
4424,4424,1024,2025-04-24,2025-05-09,15,68355.0,18993.0,87348.0
4425,4425,1036,2025-04-23,2025-05-23,30,24288.0,6386.0,30674.0
4426,4426,1036,2025-04-22,2025-05-07,15,11745.0,3930.0,15675.0
4427,4427,1072,2025-04-23,2025-05-23,30,56208.0,15038.0,71246.0
4428,4428,1042,2025-04-22,2025-06-06,45,11466.0,2914.0,14380.0
4429,4429,1071,2025-04-23,2025-05-23,30,11321.0,2532.0,13853.0
4430,4430,1078,2025-04-25,2025-05-25,30,29583.0,5815.0,35398.0
4431,4431,1111,2025-04-24,2025-05-24,30,23160.0,6720.0,29880.0
4432,4432,1050,2025-04-26,2025-05-26,30,43872.0,8166.0,52038.0
4433,4433,1008,2025-04-25,2025-05-25,30,35367.0,6294.0,41661.0
4434,4434,1051,2025-04-24,2025-05-24,30,19728.0,5196.0,24924.0
4435,4435,1046,2025-04-25,2025-05-10,15,53313.0,15390.0,68703.0
4436,4436,1096,2025-04-24,2025-06-08,45,50796.0,11721.0,62517.0
4437,4437,1056,2025-04-24,2025-06-08,45,38922.0,14329.0,53251.0
4438,4438,1047,2025-04-23,2025-05-08,15,11557.0,1814.0,13371.0
4439,4439,1092,2025-04-25,2025-05-25,30,50955.0,7831.0,58786.0
4440,4440,1022,2025-04-24,2025-06-08,45,46346.0,6521.0,52867.0
4441,4441,1121,2025-04-23,2025-05-08,15,18717.0,6309.0,25026.0
4442,4442,1036,2025-04-25,2025-05-25,30,31929.0,4830.0,36759.0
4443,4443,1045,2025-04-24,2025-06-08,45,23714.0,7925.0,31639.0
4444,4444,1123,2025-04-23,2025-05-23,30,27007.0,4259.0,31266.0
4445,4445,1104,2025-04-24,2025-05-09,15,24570.0,8664.0,33234.0
4446,4446,1080,2025-04-26,2025-06-10,45,38720.0,7456.0,46176.0
4447,4447,1115,2025-04-23,2025-05-08,15,21707.0,8122.0,29829.0
4448,4448,1105,2025-04-26,2025-06-10,45,51380.0,6602.0,57982.0
4449,4449,1100,2025-04-24,2025-05-09,15,34058.0,10981.0,45039.0
4450,4450,1032,2025-04-26,2025-05-26,30,48540.0,10307.0,58847.0
4451,4451,1045,2025-04-23,2025-05-23,30,12696.0,4307.0,17003.0
4452,4452,1030,2025-04-25,2025-06-09,45,50628.0,16915.0,67543.0
4453,4453,1113,2025-04-25,2025-05-25,30,34671.0,5478.0,40149.0
4454,4454,1077,2025-04-24,2025-05-24,30,32430.0,9888.0,42318.0
4455,4455,1016,2025-04-26,2025-06-10,45,39376.0,11075.0,50451.0
4456,4456,1010,2025-04-27,2025-05-27,30,50250.0,7663.0,57913.0
4457,4457,1050,2025-04-23,2025-06-07,45,18367.0,3514.0,21881.0
4458,4458,1058,2025-04-26,2025-06-10,45,36210.0,4421.0,40631.0
4459,4459,1017,2025-04-28,2025-05-28,30,59465.0,9321.0,68786.0
4460,4460,1093,2025-04-25,2025-05-10,15,24544.0,3765.0,28309.0
4461,4461,1036,2025-04-27,2025-05-27,30,48296.0,6122.0,54418.0
4462,4462,1050,2025-04-24,2025-05-09,15,10910.0,2064.0,12974.0
4463,4463,1114,2025-04-27,2025-06-11,45,43488.0,10963.0,54451.0
4464,4464,1076,2025-04-24,2025-06-08,45,16817.0,2571.0,19388.0
4465,4465,1035,2025-04-26,2025-05-26,30,34911.0,8438.0,43349.0
4466,4466,1046,2025-04-24,2025-05-24,30,11770.0,2862.0,14632.0
4467,4467,1041,2025-04-27,2025-05-27,30,69400.0,15743.0,85143.0
4468,4468,1039,2025-04-24,2025-06-08,45,12617.0,3848.0,16465.0
4469,4469,1057,2025-04-26,2025-05-26,30,36987.0,6385.0,43372.0
4470,4470,1017,2025-04-25,2025-05-10,15,33348.0,11154.0,44502.0
4471,4471,1020,2025-04-26,2025-05-26,30,38421.0,6341.0,44762.0
4472,4472,1087,2025-04-25,2025-06-09,45,48374.0,6846.0,55220.0
4473,4473,1076,2025-04-27,2025-05-12,15,41476.0,12400.0,53876.0
4474,4474,1006,2025-04-27,2025-05-12,15,46776.0,9657.0,56433.0
4475,4475,1026,2025-04-25,2025-05-25,30,20996.0,7546.0,28542.0
4476,4476,1056,2025-04-27,2025-05-27,30,74056.0,23262.0,97318.0
4477,4477,1008,2025-04-25,2025-05-10,15,20234.0,7236.0,27470.0
4478,4478,1008,2025-04-25,2025-05-10,15,22612.0,3118.0,25730.0
4479,4479,1101,2025-04-24,2025-05-24,30,25008.0,7957.0,32965.0
4480,4480,1100,2025-04-25,2025-06-09,45,23020.0,6284.0,29304.0
4481,4481,1018,2025-04-25,2025-06-09,45,21968.0,4229.0,26197.0
4482,4482,1085,2025-04-24,2025-06-08,45,11443.0,1633.0,13076.0
4483,4483,1028,2025-04-24,2025-05-24,30,18334.0,4088.0,22422.0
4484,4484,1051,2025-04-25,2025-06-09,45,41664.0,11777.0,53441.0
4485,4485,1045,2025-04-24,2025-05-24,30,12710.0,2142.0,14852.0
4486,4486,1082,2025-04-24,2025-06-08,45,11373.0,3315.0,14688.0
4487,4487,1058,2025-04-26,2025-06-10,45,30591.0,9459.0,40050.0
4488,4488,1002,2025-04-25,2025-05-25,30,23086.0,8637.0,31723.0
4489,4489,1032,2025-04-27,2025-05-27,30,48532.0,11785.0,60317.0
4490,4490,1002,2025-04-24,2025-05-24,30,23227.0,6585.0,29812.0
4491,4491,1107,2025-04-26,2025-05-26,30,50946.0,9757.0,60703.0
4492,4492,1115,2025-04-24,2025-06-08,45,19810.0,6927.0,26737.0
4493,4493,1047,2025-04-26,2025-05-11,15,34659.0,11840.0,46499.0
4494,4494,1092,2025-04-24,2025-05-24,30,11493.0,2330.0,13823.0
4495,4495,1011,2025-04-24,2025-05-24,30,11805.0,2008.0,13813.0
4496,4496,1021,2025-04-24,2025-05-24,30,15984.0,4742.0,20726.0
4497,4497,1076,2025-04-25,2025-06-09,45,22822.0,8665.0,31487.0
4498,4498,1068,2025-04-27,2025-05-27,30,45528.0,6702.0,52230.0
4499,4499,1052,2025-04-25,2025-05-25,30,23284.0,5265.0,28549.0
4500,4500,1061,2025-04-24,2025-06-08,45,10009.0,1470.0,11479.0
4501,4501,1028,2025-04-27,2025-05-27,30,99380.0,15693.0,115073.0
4502,4502,1060,2025-04-26,2025-05-11,15,53964.0,9005.0,62969.0
4503,4503,1106,2025-04-24,2025-05-24,30,11626.0,3101.0,14727.0
4504,4504,1114,2025-04-24,2025-05-24,30,13569.0,2414.0,15983.0
4505,4505,1120,2025-04-25,2025-06-09,45,26498.0,6610.0,33108.0
4506,4506,1121,2025-04-24,2025-05-24,30,31337.0,9017.0,40354.0
4507,4507,1116,2025-04-24,2025-06-08,45,11380.0,3028.0,14408.0
4508,4508,1085,2025-04-24,2025-06-08,45,26857.0,9133.0,35990.0
4509,4509,1005,2025-04-26,2025-06-10,45,38940.0,8977.0,47917.0
4510,4510,1078,2025-04-27,2025-05-27,30,37632.0,9029.0,46661.0
4511,4511,1009,2025-04-26,2025-05-11,15,22764.0,7096.0,29860.0
4512,4512,1071,2025-04-28,2025-06-12,45,50052.0,18542.0,68594.0
4513,4513,1025,2025-04-29,2025-05-29,30,51365.0,10577.0,61942.0
4514,4514,1022,2025-04-27,2025-06-11,45,34785.0,7499.0,42284.0
4515,4515,1064,2025-04-25,2025-05-25,30,11600.0,2518.0,14118.0
4516,4516,1043,2025-04-25,2025-05-25,30,11182.0,1691.0,12873.0
4517,4517,1002,2025-04-26,2025-06-10,45,58588.0,9344.0,67932.0
4518,4518,1048,2025-04-28,2025-05-13,15,51000.0,9182.0,60182.0
4519,4519,1036,2025-04-26,2025-05-11,15,30570.0,8018.0,38588.0
4520,4520,1094,2025-04-25,2025-05-25,30,17658.0,4129.0,21787.0
4521,4521,1030,2025-04-25,2025-06-09,45,18544.0,7013.0,25557.0
4522,4522,1062,2025-04-25,2025-05-25,30,16320.0,3014.0,19334.0
4523,4523,1100,2025-04-25,2025-05-25,30,16653.0,2995.0,19648.0
4524,4524,1075,2025-04-25,2025-05-10,15,15829.0,2639.0,18468.0
4525,4525,1063,2025-04-26,2025-05-11,15,58092.0,20585.0,78677.0
4526,4526,1038,2025-04-26,2025-06-10,45,57472.0,15221.0,72693.0
4527,4527,1007,2025-04-26,2025-05-26,30,23004.0,5712.0,28716.0
4528,4528,1058,2025-04-26,2025-05-11,15,24374.0,8637.0,33011.0
4529,4529,1109,2025-04-29,2025-06-13,45,125410.0,25738.0,151148.0
4530,4530,1030,2025-04-27,2025-06-11,45,37632.0,10728.0,48360.0
4531,4531,1039,2025-04-28,2025-05-28,30,46912.0,6260.0,53172.0
4532,4532,1067,2025-04-25,2025-05-10,15,21366.0,6497.0,27863.0
4533,4533,1090,2025-04-26,2025-05-26,30,35408.0,11400.0,46808.0
4534,4534,1067,2025-04-27,2025-05-27,30,37188.0,7912.0,45100.0
4535,4535,1003,2025-04-25,2025-05-25,30,12194.0,3070.0,15264.0
4536,4536,1113,2025-04-25,2025-05-10,15,10552.0,2095.0,12647.0
4537,4537,1118,2025-04-25,2025-05-10,15,11276.0,3513.0,14789.0
4538,4538,1051,2025-04-26,2025-05-11,15,21174.0,7402.0,28576.0
4539,4539,1102,2025-04-26,2025-05-11,15,34846.0,6502.0,41348.0
4540,4540,1024,2025-04-25,2025-05-10,15,21199.0,4100.0,25299.0
4541,4541,1036,2025-04-26,2025-05-11,15,30128.0,7170.0,37298.0
4542,4542,1058,2025-04-26,2025-05-11,15,59748.0,8856.0,68604.0
4543,4543,1077,2025-04-26,2025-06-10,45,31196.0,9901.0,41097.0
4544,4544,1027,2025-04-25,2025-05-25,30,29369.0,7993.0,37362.0
4545,4545,1080,2025-04-25,2025-05-10,15,17586.0,5455.0,23041.0
4546,4546,1052,2025-04-26,2025-06-10,45,50086.0,9263.0,59349.0
4547,4547,1109,2025-04-27,2025-06-11,45,31158.0,6859.0,38017.0
4548,4548,1107,2025-04-25,2025-05-10,15,14814.0,3438.0,18252.0
4549,4549,1090,2025-04-26,2025-05-26,30,24300.0,8072.0,32372.0
4550,4550,1051,2025-04-27,2025-05-12,15,33490.0,11570.0,45060.0
4551,4551,1052,2025-04-28,2025-05-28,30,33978.0,6582.0,40560.0
4552,4552,1025,2025-04-27,2025-06-11,45,33970.0,7448.0,41418.0
4553,4553,1108,2025-04-27,2025-05-27,30,45812.0,15720.0,61532.0
4554,4554,1021,2025-04-27,2025-05-27,30,30554.0,5655.0,36209.0
4555,4555,1042,2025-04-27,2025-06-11,45,32244.0,5026.0,37270.0
4556,4556,1095,2025-04-28,2025-05-28,30,69552.0,14287.0,83839.0
4557,4557,1107,2025-04-26,2025-05-26,30,23900.0,3778.0,27678.0
4558,4558,1092,2025-04-26,2025-05-26,30,11490.0,2369.0,13859.0
4559,4559,1031,2025-04-27,2025-05-27,30,34242.0,7005.0,41247.0
4560,4560,1082,2025-04-26,2025-05-26,30,24613.0,4754.0,29367.0
4561,4561,1100,2025-04-26,2025-06-10,45,16500.0,4167.0,20667.0
4562,4562,1009,2025-04-30,2025-05-30,30,93075.0,25333.0,118408.0
4563,4563,1001,2025-04-28,2025-05-28,30,50190.0,8858.0,59048.0
4564,4564,1072,2025-04-30,2025-06-14,45,61305.0,22102.0,83407.0
4565,4565,1101,2025-04-28,2025-05-28,30,68166.0,13164.0,81330.0
4566,4566,1095,2025-04-26,2025-06-10,45,12513.0,1694.0,14207.0
4567,4567,1061,2025-04-28,2025-06-12,45,31635.0,11266.0,42901.0
4568,4568,1085,2025-04-29,2025-05-14,15,61696.0,13206.0,74902.0
4569,4569,1068,2025-04-26,2025-05-26,30,12474.0,3767.0,16241.0
4570,4570,1109,2025-04-28,2025-06-12,45,54132.0,7929.0,62061.0
4571,4571,1085,2025-04-28,2025-05-28,30,35517.0,5524.0,41041.0
4572,4572,1058,2025-04-28,2025-06-12,45,33774.0,5031.0,38805.0
4573,4573,1077,2025-04-26,2025-05-11,15,30783.0,3868.0,34651.0
4574,4574,1004,2025-04-27,2025-05-27,30,45108.0,10044.0,55152.0
4575,4575,1115,2025-04-27,2025-06-11,45,33880.0,12474.0,46354.0
4576,4576,1077,2025-04-29,2025-05-29,30,84996.0,31985.0,116981.0
4577,4577,1099,2025-04-27,2025-05-27,30,48816.0,6864.0,55680.0
4578,4578,1109,2025-04-26,2025-06-10,45,11553.0,2740.0,14293.0
4579,4579,1075,2025-04-26,2025-05-26,30,11321.0,1399.0,12720.0
4580,4580,1012,2025-04-30,2025-05-30,30,107620.0,19313.0,126933.0
4581,4581,1076,2025-04-27,2025-05-12,15,21018.0,5309.0,26327.0
4582,4582,1103,2025-04-28,2025-06-12,45,48939.0,14206.0,63145.0
4583,4583,1005,2025-04-27,2025-05-12,15,23692.0,7689.0,31381.0
4584,4584,1097,2025-04-28,2025-05-28,30,51405.0,7804.0,59209.0
4585,4585,1036,2025-05-01,2025-05-16,15,135620.0,47261.0,182881.0
4586,4586,1081,2025-04-27,2025-05-27,30,9860.0,1986.0,11846.0
4587,4587,1063,2025-04-28,2025-06-12,45,28658.0,6427.0,35085.0
4588,4588,1096,2025-04-27,2025-05-12,15,22629.0,5793.0,28422.0
4589,4589,1048,2025-04-29,2025-06-13,45,33438.0,10002.0,43440.0
4590,4590,1121,2025-04-28,2025-06-12,45,25682.0,3095.0,28777.0
4591,4591,1117,2025-05-01,2025-05-31,30,115550.0,32292.0,147842.0
4592,4592,1119,2025-04-28,2025-06-12,45,24274.0,4929.0,29203.0
4593,4593,1118,2025-04-27,2025-05-27,30,16804.0,3053.0,19857.0
4594,4594,1109,2025-04-27,2025-05-27,30,16747.0,2215.0,18962.0
4595,4595,1055,2025-04-29,2025-05-29,30,46578.0,15254.0,61832.0
4596,4596,1105,2025-04-29,2025-05-29,30,38043.0,6045.0,44088.0
4597,4597,1112,2025-04-28,2025-05-28,30,20998.0,6968.0,27966.0
4598,4598,1116,2025-04-29,2025-05-14,15,27987.0,5844.0,33831.0
4599,4599,1064,2025-04-27,2025-06-11,45,16495.0,3988.0,20483.0
4600,4600,1052,2025-04-28,2025-05-28,30,21118.0,5523.0,26641.0
4601,4601,1052,2025-05-01,2025-05-16,15,57905.0,20970.0,78875.0
4602,4602,1068,2025-04-28,2025-05-28,30,60108.0,11369.0,71477.0
4603,4603,1063,2025-04-28,2025-05-28,30,21016.0,5778.0,26794.0
4604,4604,1023,2025-04-30,2025-06-14,45,87716.0,26711.0,114427.0
4605,4605,1022,2025-04-27,2025-05-27,30,10827.0,2683.0,13510.0
4606,4606,1050,2025-04-28,2025-05-13,15,43962.0,9120.0,53082.0
4607,4607,1023,2025-04-27,2025-05-12,15,12661.0,4619.0,17280.0
4608,4608,1076,2025-04-27,2025-06-11,45,11039.0,3687.0,14726.0
4609,4609,1078,2025-04-30,2025-05-30,30,101680.0,35468.0,137148.0
4610,4610,1042,2025-04-29,2025-05-29,30,101115.0,19147.0,120262.0
4611,4611,1091,2025-04-29,2025-05-29,30,46479.0,14010.0,60489.0
4612,4612,1100,2025-04-28,2025-06-12,45,35504.0,12774.0,48278.0
4613,4613,1122,2025-04-27,2025-06-11,45,11261.0,2458.0,13719.0
4614,4614,1032,2025-04-27,2025-05-27,30,23008.0,7418.0,30426.0
4615,4615,1011,2025-04-27,2025-06-11,45,12132.0,2383.0,14515.0
4616,4616,1001,2025-04-27,2025-06-11,45,13009.0,4321.0,17330.0
4617,4617,1120,2025-04-27,2025-05-27,30,25936.0,3398.0,29334.0
4618,4618,1121,2025-04-29,2025-05-29,30,34083.0,11770.0,45853.0
4619,4619,1112,2025-04-29,2025-06-13,45,31779.0,10246.0,42025.0
4620,4620,1039,2025-04-30,2025-05-30,30,40056.0,13270.0,53326.0
4621,4621,1082,2025-04-27,2025-05-27,30,11019.0,3064.0,14083.0
4622,4622,1079,2025-04-28,2025-05-28,30,58872.0,16740.0,75612.0
4623,4623,1101,2025-04-28,2025-05-28,30,32418.0,10316.0,42734.0
4624,4624,1002,2025-04-29,2025-05-14,15,51987.0,7761.0,59748.0
4625,4625,1044,2025-05-01,2025-05-31,30,60505.0,7368.0,67873.0
4626,4626,1121,2025-04-28,2025-05-28,30,31884.0,8255.0,40139.0
4627,4627,1116,2025-04-29,2025-05-29,30,58592.0,16847.0,75439.0
4628,4628,1070,2025-04-28,2025-05-28,30,19143.0,5697.0,24840.0
4629,4629,1110,2025-05-02,2025-06-01,30,109140.0,30618.0,139758.0
4630,4630,1032,2025-04-29,2025-05-29,30,25432.0,3694.0,29126.0
4631,4631,1053,2025-04-28,2025-06-12,45,17805.0,4877.0,22682.0
4632,4632,1098,2025-04-29,2025-05-29,30,24154.0,8080.0,32234.0
4633,4633,1038,2025-04-30,2025-05-30,30,50082.0,18621.0,68703.0
4634,4634,1016,2025-04-28,2025-06-12,45,31937.0,11791.0,43728.0
4635,4635,1085,2025-04-28,2025-05-13,15,16220.0,4523.0,20743.0
4636,4636,1064,2025-04-30,2025-05-30,30,34284.0,8838.0,43122.0
4637,4637,1064,2025-04-28,2025-05-13,15,16921.0,5186.0,22107.0
4638,4638,1085,2025-04-28,2025-05-28,30,25174.0,4774.0,29948.0
4639,4639,1107,2025-04-28,2025-05-28,30,12173.0,3695.0,15868.0
4640,4640,1062,2025-04-30,2025-05-30,30,52818.0,8884.0,61702.0
4641,4641,1094,2025-04-29,2025-05-29,30,23630.0,4859.0,28489.0
4642,4642,1071,2025-04-28,2025-05-13,15,11392.0,4286.0,15678.0
4643,4643,1004,2025-04-30,2025-05-30,30,54744.0,11561.0,66305.0
4644,4644,1009,2025-05-02,2025-06-01,30,60030.0,16999.0,77029.0
4645,4645,1061,2025-05-01,2025-05-16,15,96220.0,23935.0,120155.0
4646,4646,1005,2025-04-28,2025-05-28,30,12490.0,4579.0,17069.0
4647,4647,1125,2025-04-30,2025-05-30,30,72012.0,17731.0,89743.0
4648,4648,1076,2025-04-29,2025-05-14,15,21072.0,4803.0,25875.0
4649,4649,1125,2025-04-28,2025-05-28,30,10008.0,2381.0,12389.0
4650,4650,1045,2025-04-29,2025-06-13,45,23712.0,6445.0,30157.0
4651,4651,1104,2025-04-30,2025-06-14,45,31473.0,6721.0,38194.0
4652,4652,1051,2025-05-01,2025-05-31,30,45316.0,16004.0,61320.0
4653,4653,1118,2025-04-28,2025-06-12,45,19193.0,5101.0,24294.0
4654,4654,1076,2025-04-29,2025-05-29,30,24614.0,5274.0,29888.0
4655,4655,1040,2025-04-30,2025-06-14,45,34689.0,5108.0,39797.0
4656,4656,1032,2025-04-28,2025-05-13,15,14515.0,4115.0,18630.0
4657,4657,1023,2025-04-30,2025-05-15,15,49152.0,18370.0,67522.0
4658,4658,1021,2025-04-29,2025-05-29,30,21530.0,5497.0,27027.0
4659,4659,1066,2025-04-30,2025-05-30,30,48270.0,14198.0,62468.0
4660,4660,1125,2025-04-30,2025-05-30,30,33753.0,10674.0,44427.0
4661,4661,1070,2025-04-28,2025-06-12,45,15804.0,5025.0,20829.0
4662,4662,1116,2025-04-29,2025-05-29,30,22840.0,2965.0,25805.0
4663,4663,1027,2025-04-30,2025-05-15,15,33507.0,11080.0,44587.0
4664,4664,1120,2025-04-30,2025-05-15,15,66081.0,16968.0,83049.0
4665,4665,1109,2025-05-02,2025-06-01,30,59280.0,22279.0,81559.0
4666,4666,1063,2025-05-01,2025-05-31,30,46736.0,13451.0,60187.0
4667,4667,1077,2025-05-01,2025-05-16,15,27390.0,6719.0,34109.0
4668,4668,1077,2025-05-03,2025-05-18,15,59050.0,7353.0,66403.0
4669,4669,1037,2025-04-29,2025-05-29,30,17631.0,5308.0,22939.0
4670,4670,1110,2025-04-29,2025-05-29,30,20761.0,5368.0,26129.0
4671,4671,1071,2025-05-01,2025-06-15,45,74961.0,26320.0,101281.0
4672,4672,1052,2025-04-29,2025-05-14,15,12202.0,1918.0,14120.0
4673,4673,1059,2025-05-01,2025-06-15,45,34254.0,4524.0,38778.0
4674,4674,1003,2025-05-01,2025-05-31,30,86697.0,27960.0,114657.0
4675,4675,1035,2025-04-30,2025-05-30,30,25204.0,7385.0,32589.0
4676,4676,1090,2025-04-29,2025-05-29,30,11596.0,2566.0,14162.0
4677,4677,1118,2025-04-29,2025-06-13,45,25572.0,8017.0,33589.0
4678,4678,1009,2025-04-29,2025-05-29,30,15345.0,3792.0,19137.0
4679,4679,1074,2025-05-01,2025-05-31,30,30624.0,10200.0,40824.0
4680,4680,1050,2025-05-02,2025-05-17,15,43580.0,13326.0,56906.0
4681,4681,1074,2025-04-29,2025-06-13,45,23133.0,4048.0,27181.0
4682,4682,1002,2025-04-29,2025-06-13,45,12990.0,1588.0,14578.0
4683,4683,1063,2025-04-30,2025-05-30,30,22792.0,6879.0,29671.0
4684,4684,1117,2025-05-02,2025-06-01,30,122304.0,39366.0,161670.0
4685,4685,1006,2025-04-30,2025-05-30,30,23808.0,6477.0,30285.0
4686,4686,1048,2025-04-29,2025-05-14,15,10697.0,3196.0,13893.0
4687,4687,1035,2025-05-01,2025-06-15,45,37995.0,13747.0,51742.0
4688,4688,1002,2025-04-30,2025-05-30,30,62290.0,9578.0,71868.0
4689,4689,1095,2025-04-30,2025-06-14,45,47482.0,10152.0,57634.0
4690,4690,1003,2025-04-29,2025-06-13,45,11527.0,1620.0,13147.0
4691,4691,1048,2025-04-29,2025-06-13,45,16963.0,4798.0,21761.0
4692,4692,1110,2025-05-01,2025-06-15,45,45951.0,11771.0,57722.0
4693,4693,1092,2025-04-30,2025-05-30,30,22640.0,5916.0,28556.0
4694,4694,1060,2025-04-29,2025-05-14,15,17068.0,4532.0,21600.0
4695,4695,1104,2025-04-30,2025-05-30,30,18807.0,3561.0,22368.0
4696,4696,1072,2025-05-01,2025-06-15,45,24560.0,7622.0,32182.0
4697,4697,1043,2025-04-30,2025-05-30,30,23512.0,8467.0,31979.0
4698,4698,1071,2025-04-30,2025-05-15,15,11230.0,1594.0,12824.0
4699,4699,1028,2025-04-30,2025-05-30,30,16301.0,5723.0,22024.0
4700,4700,1021,2025-05-02,2025-05-17,15,30900.0,6103.0,37003.0
4701,4701,1020,2025-05-01,2025-05-16,15,55274.0,7115.0,62389.0
4702,4702,1031,2025-05-01,2025-05-31,30,22536.0,4693.0,27229.0
4703,4703,1108,2025-05-01,2025-05-16,15,42768.0,8305.0,51073.0
4704,4704,1082,2025-05-01,2025-06-15,45,25114.0,7309.0,32423.0
4705,4705,1003,2025-05-01,2025-05-31,30,23232.0,3945.0,27177.0
4706,4706,1010,2025-05-01,2025-05-16,15,21926.0,7937.0,29863.0
4707,4707,1057,2025-04-30,2025-06-14,45,12207.0,3839.0,16046.0
4708,4708,1041,2025-05-02,2025-06-01,30,30183.0,6919.0,37102.0
4709,4709,1008,2025-04-30,2025-05-15,15,12331.0,4239.0,16570.0
4710,4710,1040,2025-04-30,2025-05-30,30,11863.0,2378.0,14241.0
4711,4711,1124,2025-04-30,2025-05-30,30,12745.0,4159.0,16904.0
4712,4712,1121,2025-05-02,2025-05-17,15,33615.0,7522.0,41137.0
4713,4713,1093,2025-05-01,2025-05-31,30,43264.0,12966.0,56230.0
4714,4714,1082,2025-05-01,2025-05-16,15,23328.0,7895.0,31223.0
4715,4715,1120,2025-05-01,2025-05-31,30,27370.0,7527.0,34897.0
4716,4716,1016,2025-05-02,2025-05-17,15,32166.0,4286.0,36452.0
4717,4717,1078,2025-04-30,2025-05-30,30,17370.0,2170.0,19540.0
4718,4718,1048,2025-05-01,2025-05-31,30,28288.0,9861.0,38149.0
4719,4719,1032,2025-04-30,2025-05-30,30,18834.0,4750.0,23584.0
4720,4720,1034,2025-05-02,2025-06-01,30,70056.0,11314.0,81370.0
4721,4721,1073,2025-04-30,2025-05-30,30,11172.0,3444.0,14616.0
4722,4722,1109,2025-04-30,2025-05-30,30,10905.0,1397.0,12302.0
4723,4723,1062,2025-05-02,2025-06-16,45,88545.0,18396.0,106941.0
4724,4724,1034,2025-05-02,2025-05-17,15,37473.0,13296.0,50769.0
4725,4725,1042,2025-05-03,2025-05-18,15,46160.0,6502.0,52662.0
4726,4726,1049,2025-04-30,2025-05-30,30,12342.0,1869.0,14211.0
4727,4727,1022,2025-05-01,2025-06-15,45,27058.0,4253.0,31311.0
4728,4728,1069,2025-05-03,2025-05-18,15,53760.0,19929.0,73689.0
4729,4729,1074,2025-05-03,2025-06-02,30,69558.0,10974.0,80532.0
4730,4730,1055,2025-05-03,2025-05-18,15,36405.0,5034.0,41439.0
4731,4731,1028,2025-05-01,2025-05-31,30,15686.0,5258.0,20944.0
4732,4732,1076,2025-05-02,2025-06-16,45,45886.0,12002.0,57888.0
4733,4733,1042,2025-05-04,2025-06-03,30,64948.0,8153.0,73101.0
4734,4734,1044,2025-05-01,2025-05-31,30,21634.0,5971.0,27605.0
4735,4735,1089,2025-05-02,2025-06-16,45,21248.0,7851.0,29099.0
4736,4736,1029,2025-05-01,2025-05-31,30,17308.0,4426.0,21734.0
4737,4737,1028,2025-05-01,2025-05-31,30,12192.0,2965.0,15157.0
4738,4738,1081,2025-05-01,2025-05-16,15,13028.0,1667.0,14695.0
4739,4739,1027,2025-05-01,2025-05-16,15,15368.0,3493.0,18861.0
4740,4740,1090,2025-05-02,2025-06-01,30,47496.0,11364.0,58860.0
4741,4741,1119,2025-05-05,2025-06-04,30,112325.0,24958.0,137283.0
4742,4742,1007,2025-05-01,2025-05-16,15,31958.0,11858.0,43816.0
4743,4743,1102,2025-05-03,2025-06-02,30,33150.0,5488.0,38638.0
4744,4744,1106,2025-05-02,2025-06-16,45,25484.0,5366.0,30850.0
4745,4745,1064,2025-05-02,2025-05-17,15,22964.0,3804.0,26768.0
4746,4746,1061,2025-05-03,2025-06-02,30,33189.0,6327.0,39516.0
4747,4747,1073,2025-05-02,2025-06-01,30,56348.0,10930.0,67278.0
4748,4748,1021,2025-05-03,2025-06-02,30,70170.0,9879.0,80049.0
4749,4749,1046,2025-05-01,2025-05-31,30,11949.0,1608.0,13557.0
4750,4750,1114,2025-05-03,2025-05-18,15,54876.0,8708.0,63584.0
4751,4751,1035,2025-05-01,2025-05-31,30,25277.0,6331.0,31608.0
4752,4752,1014,2025-05-02,2025-06-01,30,24140.0,4110.0,28250.0
4753,4753,1096,2025-05-01,2025-05-16,15,17055.0,2603.0,19658.0
4754,4754,1077,2025-05-02,2025-06-01,30,29578.0,7482.0,37060.0
4755,4755,1095,2025-05-03,2025-06-02,30,43434.0,12502.0,55936.0
4756,4756,1103,2025-05-02,2025-06-16,45,18014.0,5410.0,23424.0
4757,4757,1112,2025-05-02,2025-06-01,30,15454.0,4679.0,20133.0
4758,4758,1115,2025-05-02,2025-06-16,45,11763.0,2148.0,13911.0
4759,4759,1071,2025-05-02,2025-06-01,30,12766.0,3594.0,16360.0
4760,4760,1117,2025-05-05,2025-06-04,30,62592.0,22791.0,85383.0
4761,4761,1044,2025-05-03,2025-06-02,30,20894.0,3913.0,24807.0
4762,4762,1095,2025-05-02,2025-06-16,45,11966.0,2697.0,14663.0
4763,4763,1117,2025-05-05,2025-06-04,30,72560.0,18866.0,91426.0
4764,4764,1039,2025-05-03,2025-06-02,30,26868.0,3598.0,30466.0
4765,4765,1044,2025-05-05,2025-06-19,45,41768.0,5782.0,47550.0
4766,4766,1100,2025-05-03,2025-06-17,45,19522.0,5368.0,24890.0
4767,4767,1027,2025-05-02,2025-06-16,45,16936.0,3486.0,20422.0
4768,4768,1125,2025-05-03,2025-06-02,30,25628.0,8734.0,34362.0
4769,4769,1050,2025-05-02,2025-05-17,15,30623.0,8809.0,39432.0
4770,4770,1048,2025-05-06,2025-06-20,45,82535.0,11276.0,93811.0
4771,4771,1077,2025-05-03,2025-06-02,30,20714.0,3862.0,24576.0
4772,4772,1066,2025-05-05,2025-06-19,45,75212.0,14411.0,89623.0
4773,4773,1100,2025-05-03,2025-06-17,45,23528.0,6669.0,30197.0
4774,4774,1080,2025-05-02,2025-06-01,30,29411.0,10895.0,40306.0
4775,4775,1103,2025-05-03,2025-06-17,45,46518.0,14839.0,61357.0
4776,4776,1050,2025-05-04,2025-06-03,30,36750.0,5198.0,41948.0
4777,4777,1046,2025-05-02,2025-06-01,30,10893.0,2878.0,13771.0
4778,4778,1064,2025-05-04,2025-06-03,30,65580.0,20942.0,86522.0
4779,4779,1042,2025-05-03,2025-05-18,15,34804.0,12069.0,46873.0
4780,4780,1033,2025-05-03,2025-05-18,15,39260.0,5706.0,44966.0
4781,4781,1050,2025-05-02,2025-06-01,30,12961.0,3934.0,16895.0
4782,4782,1017,2025-05-02,2025-06-01,30,15377.0,3099.0,18476.0
4783,4783,1049,2025-05-02,2025-06-01,30,12129.0,3880.0,16009.0
4784,4784,1034,2025-05-02,2025-05-17,15,12979.0,4415.0,17394.0
4785,4785,1120,2025-05-03,2025-06-02,30,20790.0,3225.0,24015.0
4786,4786,1117,2025-05-02,2025-06-01,30,11889.0,2642.0,14531.0
4787,4787,1030,2025-05-03,2025-06-02,30,36750.0,13507.0,50257.0
4788,4788,1123,2025-05-04,2025-06-03,30,87237.0,20677.0,107914.0
4789,4789,1039,2025-05-02,2025-06-01,30,10543.0,2738.0,13281.0
4790,4790,1023,2025-05-02,2025-06-01,30,26987.0,6743.0,33730.0
4791,4791,1070,2025-05-04,2025-05-19,15,34422.0,8539.0,42961.0
4792,4792,1096,2025-05-03,2025-05-18,15,29368.0,7812.0,37180.0
4793,4793,1075,2025-05-02,2025-06-16,45,10366.0,1693.0,12059.0
4794,4794,1109,2025-05-03,2025-05-18,15,53446.0,8918.0,62364.0
4795,4795,1018,2025-05-05,2025-06-19,45,93700.0,26720.0,120420.0
4796,4796,1050,2025-05-03,2025-06-17,45,10845.0,1691.0,12536.0
4797,4797,1046,2025-05-04,2025-05-19,15,36178.0,7637.0,43815.0
4798,4798,1039,2025-05-04,2025-06-18,45,32062.0,6092.0,38154.0
4799,4799,1123,2025-05-07,2025-05-22,15,109735.0,21862.0,131597.0
4800,4800,1044,2025-05-03,2025-06-17,45,12739.0,3881.0,16620.0
4801,4801,1001,2025-05-04,2025-05-19,15,38464.0,10278.0,48742.0
4802,4802,1084,2025-05-04,2025-06-03,30,27160.0,9353.0,36513.0
4803,4803,1068,2025-05-06,2025-06-05,30,99180.0,37602.0,136782.0
4804,4804,1036,2025-05-05,2025-06-04,30,49680.0,13711.0,63391.0
4805,4805,1030,2025-05-06,2025-06-05,30,68936.0,9037.0,77973.0
4806,4806,1061,2025-05-05,2025-06-04,30,33324.0,9147.0,42471.0
4807,4807,1085,2025-05-04,2025-05-19,15,20116.0,5016.0,25132.0
4808,4808,1035,2025-05-04,2025-05-19,15,26472.0,4670.0,31142.0
4809,4809,1097,2025-05-05,2025-06-19,45,71262.0,17437.0,88699.0
4810,4810,1083,2025-05-05,2025-06-04,30,54933.0,18453.0,73386.0
4811,4811,1054,2025-05-04,2025-06-03,30,34776.0,12873.0,47649.0
4812,4812,1125,2025-05-04,2025-06-03,30,22766.0,7660.0,30426.0
4813,4813,1080,2025-05-03,2025-06-02,30,22792.0,7676.0,30468.0
4814,4814,1062,2025-05-03,2025-06-02,30,15512.0,2927.0,18439.0
4815,4815,1001,2025-05-04,2025-06-03,30,24300.0,5910.0,30210.0
4816,4816,1085,2025-05-03,2025-06-02,30,11483.0,4333.0,15816.0
4817,4817,1119,2025-05-06,2025-06-20,45,103704.0,25014.0,128718.0
4818,4818,1065,2025-05-05,2025-05-20,15,74853.0,22160.0,97013.0
4819,4819,1073,2025-05-05,2025-06-04,30,36939.0,7145.0,44084.0
4820,4820,1003,2025-05-04,2025-06-03,30,20026.0,5915.0,25941.0
4821,4821,1084,2025-05-06,2025-06-05,30,88400.0,32272.0,120672.0
4822,4822,1075,2025-05-04,2025-05-19,15,23356.0,7595.0,30951.0
4823,4823,1008,2025-05-03,2025-06-02,30,9845.0,3053.0,12898.0
4824,4824,1055,2025-05-05,2025-06-04,30,35574.0,11195.0,46769.0
4825,4825,1008,2025-05-03,2025-06-17,45,10279.0,2660.0,12939.0
4826,4826,1058,2025-05-04,2025-06-03,30,32598.0,4260.0,36858.0
4827,4827,1041,2025-05-05,2025-06-04,30,51474.0,18427.0,69901.0
4828,4828,1105,2025-05-04,2025-06-18,45,21232.0,3183.0,24415.0
4829,4829,1027,2025-05-04,2025-05-19,15,50130.0,14596.0,64726.0
4830,4830,1042,2025-05-03,2025-06-02,30,11801.0,3050.0,14851.0
4831,4831,1098,2025-05-03,2025-06-02,30,14082.0,3584.0,17666.0
4832,4832,1071,2025-05-04,2025-05-19,15,39418.0,12861.0,52279.0
4833,4833,1111,2025-05-03,2025-06-17,45,10594.0,3009.0,13603.0
4834,4834,1011,2025-05-03,2025-06-02,30,12148.0,4136.0,16284.0
4835,4835,1101,2025-05-04,2025-06-03,30,24934.0,8021.0,32955.0
4836,4836,1095,2025-05-03,2025-06-02,30,19652.0,5808.0,25460.0
4837,4837,1102,2025-05-06,2025-06-05,30,48896.0,18299.0,67195.0
4838,4838,1099,2025-05-05,2025-06-04,30,33860.0,11860.0,45720.0
4839,4839,1063,2025-05-06,2025-06-05,30,33417.0,5120.0,38537.0
4840,4840,1112,2025-05-05,2025-05-20,15,24560.0,5479.0,30039.0
4841,4841,1062,2025-05-05,2025-06-04,30,21086.0,4809.0,25895.0
4842,4842,1029,2025-05-05,2025-06-04,30,49398.0,15556.0,64954.0
4843,4843,1109,2025-05-06,2025-06-20,45,32724.0,5030.0,37754.0
4844,4844,1041,2025-05-04,2025-06-03,30,12156.0,2967.0,15123.0
4845,4845,1079,2025-05-05,2025-06-04,30,22446.0,3243.0,25689.0
4846,4846,1044,2025-05-05,2025-06-04,30,23874.0,3857.0,27731.0
4847,4847,1057,2025-05-05,2025-06-19,45,28044.0,7127.0,35171.0
4848,4848,1028,2025-05-04,2025-06-18,45,12225.0,4091.0,16316.0
4849,4849,1088,2025-05-04,2025-06-03,30,9691.0,1398.0,11089.0
4850,4850,1012,2025-05-04,2025-06-03,30,30600.0,7083.0,37683.0
4851,4851,1095,2025-05-05,2025-06-19,45,33886.0,7484.0,41370.0
4852,4852,1066,2025-05-04,2025-05-19,15,11483.0,4322.0,15805.0
4853,4853,1009,2025-05-04,2025-05-19,15,17956.0,2661.0,20617.0
4854,4854,1020,2025-05-05,2025-06-04,30,23852.0,8364.0,32216.0
4855,4855,1109,2025-05-08,2025-06-07,30,113425.0,18662.0,132087.0
4856,4856,1051,2025-05-05,2025-05-20,15,25062.0,3905.0,28967.0
4857,4857,1096,2025-05-06,2025-05-21,15,94704.0,22612.0,117316.0
4858,4858,1007,2025-05-05,2025-05-20,15,21188.0,4172.0,25360.0
4859,4859,1039,2025-05-04,2025-06-18,45,23717.0,7562.0,31279.0
4860,4860,1125,2025-05-05,2025-06-19,45,55132.0,16445.0,71577.0
4861,4861,1098,2025-05-06,2025-05-21,15,34482.0,10359.0,44841.0
4862,4862,1105,2025-05-06,2025-06-20,45,77808.0,26088.0,103896.0
4863,4863,1079,2025-05-05,2025-06-04,30,19500.0,4221.0,23721.0
4864,4864,1046,2025-05-04,2025-05-19,15,10571.0,2675.0,13246.0
4865,4865,1118,2025-05-05,2025-06-04,30,28994.0,8882.0,37876.0
4866,4866,1066,2025-05-07,2025-06-06,30,44792.0,12638.0,57430.0
4867,4867,1091,2025-05-05,2025-06-04,30,21950.0,4772.0,26722.0
4868,4868,1085,2025-05-05,2025-06-04,30,19214.0,5317.0,24531.0
4869,4869,1030,2025-05-04,2025-06-03,30,10792.0,2266.0,13058.0
4870,4870,1045,2025-05-04,2025-06-03,30,11520.0,2987.0,14507.0
4871,4871,1056,2025-05-04,2025-06-03,30,16294.0,3215.0,19509.0
4872,4872,1050,2025-05-04,2025-06-18,45,29918.0,7840.0,37758.0
4873,4873,1094,2025-05-06,2025-06-05,30,93849.0,19135.0,112984.0
4874,4874,1118,2025-05-06,2025-06-05,30,30789.0,4427.0,35216.0
4875,4875,1119,2025-05-04,2025-06-03,30,16259.0,4337.0,20596.0
4876,4876,1115,2025-05-05,2025-06-19,45,30210.0,5434.0,35644.0
4877,4877,1073,2025-05-05,2025-05-20,15,26948.0,5198.0,32146.0
4878,4878,1101,2025-05-05,2025-05-20,15,34552.0,7257.0,41809.0
4879,4879,1050,2025-05-06,2025-06-05,30,49239.0,17167.0,66406.0
4880,4880,1063,2025-05-04,2025-06-03,30,17172.0,2816.0,19988.0
4881,4881,1017,2025-05-04,2025-05-19,15,27954.0,9673.0,37627.0
4882,4882,1031,2025-05-06,2025-05-21,15,45471.0,13907.0,59378.0
4883,4883,1020,2025-05-06,2025-06-05,30,73902.0,22727.0,96629.0
4884,4884,1093,2025-05-08,2025-06-07,30,49496.0,15164.0,64660.0
4885,4885,1054,2025-05-06,2025-06-05,30,37806.0,11862.0,49668.0
4886,4886,1049,2025-05-06,2025-06-20,45,25700.0,4227.0,29927.0
4887,4887,1096,2025-05-06,2025-06-05,30,58944.0,10849.0,69793.0
4888,4888,1122,2025-05-05,2025-06-04,30,11580.0,2130.0,13710.0
4889,4889,1029,2025-05-05,2025-06-19,45,25035.0,5698.0,30733.0
4890,4890,1116,2025-05-06,2025-06-05,30,25110.0,6331.0,31441.0
4891,4891,1063,2025-05-07,2025-05-22,15,58284.0,16130.0,74414.0
4892,4892,1111,2025-05-07,2025-06-06,30,32718.0,6627.0,39345.0
4893,4893,1016,2025-05-05,2025-06-04,30,10981.0,2495.0,13476.0
4894,4894,1032,2025-05-05,2025-06-04,30,13147.0,2799.0,15946.0
4895,4895,1056,2025-05-06,2025-05-21,15,64916.0,24141.0,89057.0
4896,4896,1105,2025-05-05,2025-05-20,15,19856.0,4468.0,24324.0
4897,4897,1009,2025-05-06,2025-06-05,30,23118.0,5737.0,28855.0
4898,4898,1116,2025-05-07,2025-06-21,45,46461.0,13097.0,59558.0
4899,4899,1082,2025-05-08,2025-06-07,30,61604.0,11570.0,73174.0
4900,4900,1113,2025-05-07,2025-06-06,30,38322.0,13050.0,51372.0
4901,4901,1124,2025-05-05,2025-06-04,30,13637.0,3856.0,17493.0
4902,4902,1125,2025-05-07,2025-05-22,15,90861.0,21946.0,112807.0
4903,4903,1107,2025-05-07,2025-06-21,45,33618.0,7960.0,41578.0
4904,4904,1119,2025-05-09,2025-05-24,15,90085.0,17030.0,107115.0
4905,4905,1069,2025-05-08,2025-05-23,15,71408.0,8616.0,80024.0
4906,4906,1031,2025-05-05,2025-06-04,30,12432.0,2681.0,15113.0
4907,4907,1090,2025-05-05,2025-05-20,15,22613.0,4951.0,27564.0
4908,4908,1107,2025-05-07,2025-05-22,15,39084.0,5006.0,44090.0
4909,4909,1068,2025-05-06,2025-06-05,30,22290.0,7132.0,29422.0
4910,4910,1009,2025-05-06,2025-06-05,30,30218.0,7370.0,37588.0
4911,4911,1057,2025-05-07,2025-05-22,15,32682.0,12300.0,44982.0
4912,4912,1025,2025-05-06,2025-06-05,30,32500.0,11527.0,44027.0
4913,4913,1090,2025-05-06,2025-05-21,15,11912.0,3597.0,15509.0
4914,4914,1012,2025-05-10,2025-05-25,15,84770.0,30903.0,115673.0
4915,4915,1069,2025-05-06,2025-05-21,15,23846.0,3706.0,27552.0
4916,4916,1010,2025-05-07,2025-05-22,15,26394.0,7314.0,33708.0
4917,4917,1052,2025-05-06,2025-05-21,15,17023.0,5904.0,22927.0
4918,4918,1007,2025-05-06,2025-05-21,15,16082.0,5782.0,21864.0
4919,4919,1019,2025-05-07,2025-05-22,15,24878.0,9293.0,34171.0
4920,4920,1010,2025-05-08,2025-05-23,15,69654.0,14761.0,84415.0
4921,4921,1026,2025-05-06,2025-05-21,15,13229.0,4856.0,18085.0
4922,4922,1056,2025-05-06,2025-05-21,15,13751.0,3194.0,16945.0
4923,4923,1043,2025-05-10,2025-06-24,45,123305.0,32211.0,155516.0
4924,4924,1095,2025-05-06,2025-06-05,30,23646.0,4009.0,27655.0
4925,4925,1052,2025-05-06,2025-06-20,45,11060.0,2759.0,13819.0
4926,4926,1073,2025-05-06,2025-06-05,30,11492.0,2819.0,14311.0
4927,4927,1055,2025-05-06,2025-06-05,30,13062.0,1729.0,14791.0
4928,4928,1018,2025-05-06,2025-05-21,15,23733.0,3145.0,26878.0
4929,4929,1112,2025-05-06,2025-06-20,45,11936.0,3366.0,15302.0
4930,4930,1084,2025-05-06,2025-06-20,45,24822.0,7383.0,32205.0
4931,4931,1097,2025-05-10,2025-06-09,30,59065.0,8278.0,67343.0
4932,4932,1029,2025-05-06,2025-06-20,45,11520.0,4348.0,15868.0
4933,4933,1047,2025-05-06,2025-06-20,45,17950.0,4282.0,22232.0
4934,4934,1094,2025-05-07,2025-06-06,30,23414.0,8077.0,31491.0
4935,4935,1087,2025-05-06,2025-06-05,30,16044.0,2993.0,19037.0
4936,4936,1103,2025-05-06,2025-06-05,30,10772.0,1664.0,12436.0
4937,4937,1023,2025-05-07,2025-06-06,30,23094.0,5457.0,28551.0
4938,4938,1094,2025-05-07,2025-06-06,30,22762.0,7682.0,30444.0
4939,4939,1097,2025-05-10,2025-06-09,30,166335.0,49488.0,215823.0
4940,4940,1085,2025-05-08,2025-06-07,30,36036.0,6791.0,42827.0
4941,4941,1080,2025-05-07,2025-06-06,30,32114.0,10627.0,42741.0
4942,4942,1023,2025-05-06,2025-06-05,30,11677.0,1694.0,13371.0
4943,4943,1105,2025-05-10,2025-06-09,30,107255.0,23301.0,130556.0
4944,4944,1021,2025-05-08,2025-06-07,30,34893.0,8880.0,43773.0
4945,4945,1008,2025-05-06,2025-06-05,30,10635.0,1344.0,11979.0
4946,4946,1048,2025-05-07,2025-06-21,45,33110.0,12525.0,45635.0
4947,4947,1048,2025-05-07,2025-05-22,15,26312.0,5240.0,31552.0
4948,4948,1051,2025-05-09,2025-06-08,30,54160.0,9863.0,64023.0
4949,4949,1027,2025-05-06,2025-06-05,30,10889.0,2509.0,13398.0
4950,4950,1113,2025-05-08,2025-06-22,45,44685.0,6672.0,51357.0
4951,4951,1032,2025-05-07,2025-06-06,30,36094.0,12836.0,48930.0
4952,4952,1119,2025-05-06,2025-06-05,30,11579.0,3232.0,14811.0
4953,4953,1011,2025-05-06,2025-06-05,30,15468.0,5382.0,20850.0
4954,4954,1096,2025-05-07,2025-05-22,15,27252.0,5783.0,33035.0
4955,4955,1028,2025-05-09,2025-06-08,30,61884.0,20572.0,82456.0
4956,4956,1086,2025-05-06,2025-06-20,45,21143.0,6297.0,27440.0
4957,4957,1094,2025-05-07,2025-06-06,30,33596.0,10014.0,43610.0
4958,4958,1097,2025-05-06,2025-06-05,30,15605.0,1895.0,17500.0
4959,4959,1029,2025-05-08,2025-05-23,15,43220.0,11783.0,55003.0
4960,4960,1115,2025-05-08,2025-06-22,45,34876.0,6013.0,40889.0
4961,4961,1064,2025-05-09,2025-06-08,30,92694.0,28867.0,121561.0
4962,4962,1061,2025-05-08,2025-06-07,30,60658.0,13896.0,74554.0
4963,4963,1079,2025-05-09,2025-05-24,15,53421.0,8113.0,61534.0
4964,4964,1092,2025-05-08,2025-06-22,45,22582.0,6406.0,28988.0
4965,4965,1017,2025-05-10,2025-06-24,45,45804.0,10453.0,56257.0
4966,4966,1026,2025-05-11,2025-06-10,30,121730.0,21751.0,143481.0
4967,4967,1036,2025-05-07,2025-06-06,30,15853.0,4508.0,20361.0
4968,4968,1082,2025-05-09,2025-06-08,30,91965.0,32805.0,124770.0
4969,4969,1105,2025-05-09,2025-06-23,45,34659.0,6310.0,40969.0
4970,4970,1120,2025-05-07,2025-06-06,30,10924.0,1858.0,12782.0
4971,4971,1106,2025-05-09,2025-06-08,30,49524.0,6415.0,55939.0
4972,4972,1086,2025-05-08,2025-06-07,30,35378.0,12166.0,47544.0
4973,4973,1059,2025-05-08,2025-06-07,30,21958.0,4670.0,26628.0
4974,4974,1004,2025-05-08,2025-06-07,30,24128.0,8295.0,32423.0
4975,4975,1005,2025-05-10,2025-06-09,30,43828.0,13275.0,57103.0
4976,4976,1101,2025-05-08,2025-05-23,15,25302.0,7857.0,33159.0
4977,4977,1035,2025-05-07,2025-06-21,45,28799.0,9955.0,38754.0
4978,4978,1025,2025-05-07,2025-05-22,15,15094.0,5503.0,20597.0
4979,4979,1107,2025-05-07,2025-06-06,30,10197.0,2468.0,12665.0
4980,4980,1036,2025-05-09,2025-06-08,30,51288.0,7057.0,58345.0
4981,4981,1034,2025-05-07,2025-06-21,45,14587.0,4072.0,18659.0
4982,4982,1056,2025-05-07,2025-05-22,15,10910.0,1576.0,12486.0
4983,4983,1014,2025-05-07,2025-06-06,30,16789.0,2508.0,19297.0
4984,4984,1091,2025-05-11,2025-06-25,45,63545.0,19088.0,82633.0
4985,4985,1116,2025-05-09,2025-06-08,30,53730.0,17498.0,71228.0
4986,4986,1068,2025-05-10,2025-05-25,15,94280.0,28893.0,123173.0
4987,4987,1070,2025-05-10,2025-06-09,30,72088.0,20780.0,92868.0
4988,4988,1080,2025-05-09,2025-06-08,30,66765.0,16552.0,83317.0
4989,4989,1034,2025-05-07,2025-06-06,30,19011.0,4095.0,23106.0
4990,4990,1071,2025-05-09,2025-06-08,30,48462.0,17038.0,65500.0
4991,4991,1008,2025-05-07,2025-06-06,30,11397.0,3468.0,14865.0
4992,4992,1076,2025-05-09,2025-06-08,30,27264.0,10194.0,37458.0
4993,4993,1011,2025-05-11,2025-06-10,30,46988.0,15913.0,62901.0
4994,4994,1015,2025-05-09,2025-06-08,30,25534.0,8942.0,34476.0
4995,4995,1075,2025-05-08,2025-06-07,30,10460.0,2744.0,13204.0
4996,4996,1060,2025-05-11,2025-06-10,30,71772.0,11986.0,83758.0
4997,4997,1067,2025-05-08,2025-06-07,30,16774.0,3398.0,20172.0
4998,4998,1059,2025-05-10,2025-06-24,45,56055.0,18265.0,74320.0
4999,4999,1063,2025-05-08,2025-06-07,30,25511.0,7216.0,32727.0
5000,5000,1109,2025-05-08,2025-05-23,15,23554.0,4276.0,27830.0
5001,5001,1055,2025-05-09,2025-06-23,45,36400.0,13334.0,49734.0
5002,5002,1082,2025-05-08,2025-06-07,30,11799.0,2052.0,13851.0
5003,5003,1049,2025-05-09,2025-06-08,30,33434.0,9117.0,42551.0
5004,5004,1045,2025-05-09,2025-06-23,45,23104.0,8309.0,31413.0
5005,5005,1011,2025-05-08,2025-06-22,45,12080.0,1677.0,13757.0
5006,5006,1085,2025-05-08,2025-05-23,15,21484.0,6591.0,28075.0
5007,5007,1105,2025-05-08,2025-06-22,45,10987.0,4094.0,15081.0
5008,5008,1040,2025-05-08,2025-06-07,30,11602.0,2883.0,14485.0
5009,5009,1037,2025-05-08,2025-06-07,30,20937.0,7300.0,28237.0
5010,5010,1091,2025-05-10,2025-06-09,30,45468.0,7145.0,52613.0
5011,5011,1046,2025-05-09,2025-06-08,30,34302.0,5412.0,39714.0
5012,5012,1008,2025-05-09,2025-05-24,15,25578.0,3672.0,29250.0
5013,5013,1090,2025-05-08,2025-05-23,15,11409.0,2179.0,13588.0
5014,5014,1047,2025-05-09,2025-05-24,15,32190.0,9380.0,41570.0
5015,5015,1110,2025-05-09,2025-05-24,15,21496.0,6192.0,27688.0
5016,5016,1018,2025-05-09,2025-06-08,30,42668.0,13409.0,56077.0
5017,5017,1034,2025-05-09,2025-06-08,30,34334.0,6099.0,40433.0
5018,5018,1084,2025-05-08,2025-05-23,15,12293.0,3147.0,15440.0
5019,5019,1105,2025-05-08,2025-06-07,30,23510.0,7554.0,31064.0
5020,5020,1101,2025-05-09,2025-06-23,45,24024.0,6794.0,30818.0
5021,5021,1113,2025-05-09,2025-06-08,30,32000.0,9195.0,41195.0
5022,5022,1008,2025-05-12,2025-05-27,15,52845.0,9147.0,61992.0
5023,5023,1013,2025-05-12,2025-06-26,45,88415.0,30358.0,118773.0
5024,5024,1093,2025-05-09,2025-06-08,30,32132.0,5427.0,37559.0
5025,5025,1021,2025-05-09,2025-06-08,30,23762.0,5938.0,29700.0
5026,5026,1002,2025-05-08,2025-05-23,15,11794.0,4150.0,15944.0
5027,5027,1068,2025-05-09,2025-05-24,15,34990.0,9700.0,44690.0
5028,5028,1012,2025-05-12,2025-06-11,30,57680.0,17384.0,75064.0
5029,5029,1078,2025-05-10,2025-06-09,30,34785.0,11078.0,45863.0
5030,5030,1032,2025-05-08,2025-06-07,30,30335.0,4056.0,34391.0
5031,5031,1100,2025-05-08,2025-06-07,30,11823.0,2250.0,14073.0
5032,5032,1099,2025-05-08,2025-06-07,30,11065.0,1908.0,12973.0
5033,5033,1001,2025-05-09,2025-06-08,30,34128.0,4782.0,38910.0
5034,5034,1123,2025-05-11,2025-06-10,30,31782.0,7386.0,39168.0
5035,5035,1017,2025-05-13,2025-06-12,30,79145.0,30039.0,109184.0
5036,5036,1115,2025-05-09,2025-06-08,30,23404.0,7301.0,30705.0
5037,5037,1039,2025-05-10,2025-05-25,15,22712.0,7065.0,29777.0
5038,5038,1101,2025-05-09,2025-06-08,30,10747.0,2047.0,12794.0
5039,5039,1072,2025-05-11,2025-06-10,30,48546.0,12412.0,60958.0
5040,5040,1081,2025-05-10,2025-06-09,30,21836.0,4763.0,26599.0
5041,5041,1079,2025-05-09,2025-06-08,30,10376.0,2372.0,12748.0
5042,5042,1064,2025-05-10,2025-06-09,30,22954.0,5461.0,28415.0
5043,5043,1060,2025-05-10,2025-06-24,45,58174.0,17117.0,75291.0
5044,5044,1013,2025-05-11,2025-05-26,15,52464.0,9602.0,62066.0
5045,5045,1118,2025-05-11,2025-06-10,30,34239.0,5072.0,39311.0
5046,5046,1074,2025-05-11,2025-05-26,15,65169.0,8993.0,74162.0
5047,5047,1101,2025-05-11,2025-05-26,15,40590.0,5275.0,45865.0
5048,5048,1003,2025-05-10,2025-06-09,30,22026.0,6897.0,28923.0
5049,5049,1078,2025-05-09,2025-06-08,30,16585.0,4523.0,21108.0
5050,5050,1039,2025-05-10,2025-06-24,45,39220.0,5853.0,45073.0
5051,5051,1009,2025-05-09,2025-06-08,30,11396.0,2119.0,13515.0
5052,5052,1031,2025-05-10,2025-06-09,30,33476.0,5935.0,39411.0
5053,5053,1041,2025-05-11,2025-06-25,45,35556.0,10186.0,45742.0
5054,5054,1054,2025-05-10,2025-06-09,30,22624.0,4191.0,26815.0
5055,5055,1029,2025-05-09,2025-06-08,30,16101.0,2216.0,18317.0
5056,5056,1093,2025-05-10,2025-05-25,15,33128.0,7310.0,40438.0
5057,5057,1039,2025-05-10,2025-06-09,30,24000.0,5135.0,29135.0
5058,5058,1024,2025-05-11,2025-05-26,15,32763.0,7205.0,39968.0
5059,5059,1096,2025-05-12,2025-05-27,15,45728.0,5680.0,51408.0
5060,5060,1066,2025-05-09,2025-06-08,30,12128.0,3059.0,15187.0
5061,5061,1093,2025-05-09,2025-06-08,30,11350.0,2287.0,13637.0
5062,5062,1077,2025-05-09,2025-06-23,45,10783.0,3631.0,14414.0
5063,5063,1119,2025-05-10,2025-05-25,15,22182.0,3079.0,25261.0
5064,5064,1104,2025-05-09,2025-06-08,30,13819.0,2277.0,16096.0
5065,5065,1098,2025-05-09,2025-06-08,30,10897.0,3144.0,14041.0
5066,5066,1044,2025-05-11,2025-06-10,30,35256.0,4276.0,39532.0
5067,5067,1082,2025-05-09,2025-06-08,30,16897.0,2343.0,19240.0
5068,5068,1029,2025-05-11,2025-06-10,30,52047.0,19225.0,71272.0
5069,5069,1116,2025-05-09,2025-06-23,45,10822.0,1615.0,12437.0
5070,5070,1021,2025-05-10,2025-06-24,45,43938.0,15185.0,59123.0
5071,5071,1039,2025-05-09,2025-05-24,15,11865.0,2513.0,14378.0
5072,5072,1023,2025-05-10,2025-06-09,30,23850.0,6313.0,30163.0
5073,5073,1078,2025-05-10,2025-06-09,30,47890.0,8213.0,56103.0
5074,5074,1051,2025-05-12,2025-06-11,30,49572.0,11677.0,61249.0
5075,5075,1108,2025-05-10,2025-06-24,45,12022.0,3370.0,15392.0
5076,5076,1046,2025-05-10,2025-05-25,15,9416.0,1997.0,11413.0
5077,5077,1086,2025-05-10,2025-06-09,30,11120.0,2688.0,13808.0
5078,5078,1029,2025-05-10,2025-06-09,30,16853.0,6277.0,23130.0
5079,5079,1001,2025-05-11,2025-06-25,45,36198.0,9549.0,45747.0
5080,5080,1049,2025-05-10,2025-06-09,30,10964.0,1795.0,12759.0
5081,5081,1092,2025-05-12,2025-06-11,30,32292.0,11170.0,43462.0
5082,5082,1077,2025-05-12,2025-05-27,15,50163.0,11926.0,62089.0
5083,5083,1080,2025-05-12,2025-05-27,15,32064.0,9736.0,41800.0
5084,5084,1103,2025-05-10,2025-06-09,30,29989.0,6063.0,36052.0
5085,5085,1124,2025-05-10,2025-06-09,30,21467.0,5515.0,26982.0
5086,5086,1037,2025-05-11,2025-05-26,15,23728.0,8173.0,31901.0
5087,5087,1108,2025-05-10,2025-06-24,45,10001.0,2018.0,12019.0
5088,5088,1046,2025-05-10,2025-06-09,30,9880.0,3180.0,13060.0
5089,5089,1118,2025-05-11,2025-05-26,15,20158.0,7463.0,27621.0
5090,5090,1044,2025-05-11,2025-06-25,45,25960.0,3583.0,29543.0
5091,5091,1115,2025-05-10,2025-06-09,30,11270.0,2940.0,14210.0
5092,5092,1106,2025-05-10,2025-05-25,15,15281.0,3581.0,18862.0
5093,5093,1053,2025-05-10,2025-06-24,45,16020.0,5261.0,21281.0
5094,5094,1087,2025-05-12,2025-05-27,15,52089.0,10843.0,62932.0
5095,5095,1119,2025-05-11,2025-05-26,15,24252.0,4841.0,29093.0
5096,5096,1032,2025-05-11,2025-06-10,30,22260.0,3449.0,25709.0
5097,5097,1070,2025-05-10,2025-06-09,30,11087.0,2835.0,13922.0
5098,5098,1093,2025-05-10,2025-05-25,15,10601.0,2712.0,13313.0
5099,5099,1117,2025-05-11,2025-05-26,15,24916.0,8406.0,33322.0
5100,5100,1006,2025-05-10,2025-06-09,30,16110.0,3006.0,19116.0
5101,5101,1044,2025-05-12,2025-06-11,30,33528.0,5737.0,39265.0
5102,5102,1112,2025-05-10,2025-05-25,15,26061.0,8131.0,34192.0
5103,5103,1034,2025-05-12,2025-06-26,45,32958.0,9789.0,42747.0
5104,5104,1027,2025-05-11,2025-06-25,45,24176.0,3660.0,27836.0
5105,5105,1092,2025-05-11,2025-05-26,15,21648.0,7958.0,29606.0
5106,5106,1044,2025-05-11,2025-06-10,30,23788.0,3826.0,27614.0
5107,5107,1027,2025-05-13,2025-06-27,45,61224.0,17997.0,79221.0
5108,5108,1004,2025-05-10,2025-06-09,30,23596.0,7749.0,31345.0
5109,5109,1055,2025-05-12,2025-06-26,45,77904.0,12435.0,90339.0
5110,5110,1114,2025-05-10,2025-06-09,30,11724.0,2275.0,13999.0
5111,5111,1036,2025-05-12,2025-06-11,30,32766.0,12398.0,45164.0
5112,5112,1107,2025-05-10,2025-05-25,15,12453.0,2329.0,14782.0
5113,5113,1050,2025-05-11,2025-05-26,15,21948.0,4569.0,26517.0
5114,5114,1055,2025-05-14,2025-06-28,45,78775.0,26478.0,105253.0
5115,5115,1016,2025-05-11,2025-06-10,30,11341.0,3226.0,14567.0
5116,5116,1001,2025-05-12,2025-06-11,30,24820.0,3339.0,28159.0
5117,5117,1119,2025-05-12,2025-06-11,30,43030.0,14074.0,57104.0
5118,5118,1007,2025-05-11,2025-06-10,30,11993.0,1581.0,13574.0
5119,5119,1023,2025-05-13,2025-06-12,30,75507.0,12590.0,88097.0
5120,5120,1003,2025-05-11,2025-06-10,30,15310.0,2448.0,17758.0
5121,5121,1018,2025-05-12,2025-06-11,30,32752.0,11155.0,43907.0
5122,5122,1112,2025-05-12,2025-06-26,45,21758.0,3911.0,25669.0
5123,5123,1115,2025-05-12,2025-06-11,30,60668.0,18354.0,79022.0
5124,5124,1120,2025-05-12,2025-05-27,15,35018.0,5675.0,40693.0
5125,5125,1064,2025-05-13,2025-06-12,30,68130.0,22980.0,91110.0
5126,5126,1048,2025-05-12,2025-05-27,15,36006.0,5635.0,41641.0
5127,5127,1030,2025-05-12,2025-06-11,30,23488.0,4078.0,27566.0
5128,5128,1058,2025-05-12,2025-06-26,45,33790.0,8606.0,42396.0
5129,5129,1025,2025-05-13,2025-05-28,15,56982.0,18327.0,75309.0
5130,5130,1008,2025-05-13,2025-05-28,15,33102.0,5281.0,38383.0
5131,5131,1063,2025-05-13,2025-06-12,30,80838.0,20322.0,101160.0
5132,5132,1026,2025-05-13,2025-06-12,30,37104.0,13942.0,51046.0
5133,5133,1067,2025-05-11,2025-06-10,30,13228.0,2877.0,16105.0
5134,5134,1018,2025-05-11,2025-06-25,45,9595.0,1866.0,11461.0
5135,5135,1114,2025-05-13,2025-06-12,30,70968.0,9518.0,80486.0
5136,5136,1035,2025-05-12,2025-06-11,30,33332.0,7967.0,41299.0
5137,5137,1097,2025-05-13,2025-06-27,45,35928.0,10394.0,46322.0
5138,5138,1049,2025-05-13,2025-06-12,30,33285.0,5928.0,39213.0
5139,5139,1052,2025-05-13,2025-06-12,30,38070.0,10054.0,48124.0
5140,5140,1027,2025-05-13,2025-05-28,15,49686.0,14159.0,63845.0
5141,5141,1115,2025-05-14,2025-06-28,45,46036.0,6175.0,52211.0
5142,5142,1072,2025-05-14,2025-06-13,30,54452.0,8907.0,63359.0
5143,5143,1111,2025-05-14,2025-05-29,15,91876.0,25822.0,117698.0
5144,5144,1111,2025-05-11,2025-05-26,15,11255.0,3836.0,15091.0
5145,5145,1114,2025-05-12,2025-05-27,15,25658.0,8075.0,33733.0
5146,5146,1038,2025-05-11,2025-06-10,30,23930.0,7006.0,30936.0
5147,5147,1091,2025-05-12,2025-06-26,45,20320.0,5697.0,26017.0
5148,5148,1122,2025-05-12,2025-06-11,30,32812.0,10075.0,42887.0
5149,5149,1033,2025-05-12,2025-06-11,30,33502.0,7227.0,40729.0
5150,5150,1031,2025-05-11,2025-06-10,30,16441.0,2937.0,19378.0
5151,5151,1107,2025-05-12,2025-06-11,30,21592.0,6654.0,28246.0
5152,5152,1036,2025-05-12,2025-05-27,15,25480.0,7311.0,32791.0
5153,5153,1026,2025-05-11,2025-06-25,45,16123.0,5910.0,22033.0
5154,5154,1052,2025-05-12,2025-06-11,30,25086.0,6636.0,31722.0
5155,5155,1058,2025-05-11,2025-05-26,15,18785.0,4456.0,23241.0
5156,5156,1060,2025-05-12,2025-05-27,15,16194.0,6038.0,22232.0
5157,5157,1078,2025-05-14,2025-05-29,15,85629.0,14821.0,100450.0
5158,5158,1012,2025-05-13,2025-06-12,30,32354.0,7051.0,39405.0
5159,5159,1103,2025-05-13,2025-06-12,30,23188.0,5332.0,28520.0
5160,5160,1050,2025-05-13,2025-06-12,30,29064.0,7752.0,36816.0
5161,5161,1026,2025-05-13,2025-06-12,30,21602.0,2746.0,24348.0
5162,5162,1111,2025-05-12,2025-05-27,15,18265.0,5227.0,23492.0
5163,5163,1048,2025-05-16,2025-05-31,15,52375.0,9289.0,61664.0
5164,5164,1057,2025-05-13,2025-06-12,30,21454.0,5126.0,26580.0
5165,5165,1122,2025-05-13,2025-05-28,15,32120.0,11199.0,43319.0
5166,5166,1037,2025-05-12,2025-06-11,30,11691.0,2377.0,14068.0
5167,5167,1060,2025-05-13,2025-06-12,30,20914.0,7227.0,28141.0
5168,5168,1070,2025-05-14,2025-05-29,15,77376.0,28615.0,105991.0
5169,5169,1063,2025-05-15,2025-06-14,30,121424.0,44546.0,165970.0
5170,5170,1101,2025-05-12,2025-05-27,15,16825.0,2596.0,19421.0
5171,5171,1060,2025-05-12,2025-06-26,45,16649.0,5432.0,22081.0
5172,5172,1033,2025-05-14,2025-06-13,30,30930.0,7956.0,38886.0
5173,5173,1091,2025-05-13,2025-06-12,30,22116.0,6879.0,28995.0
5174,5174,1014,2025-05-12,2025-05-27,15,11014.0,1875.0,12889.0
5175,5175,1105,2025-05-12,2025-05-27,15,24233.0,3442.0,27675.0
5176,5176,1114,2025-05-15,2025-06-14,30,42360.0,11688.0,54048.0
5177,5177,1107,2025-05-12,2025-06-11,30,16203.0,4913.0,21116.0
5178,5178,1061,2025-05-15,2025-06-29,45,52444.0,19375.0,71819.0
5179,5179,1016,2025-05-14,2025-05-29,15,33132.0,12557.0,45689.0
5180,5180,1084,2025-05-13,2025-06-27,45,50356.0,17142.0,67498.0
5181,5181,1078,2025-05-13,2025-05-28,15,36750.0,12022.0,48772.0
5182,5182,1092,2025-05-13,2025-06-12,30,26204.0,4550.0,30754.0
5183,5183,1038,2025-05-12,2025-06-11,30,24637.0,8949.0,33586.0
5184,5184,1109,2025-05-15,2025-06-14,30,62616.0,15882.0,78498.0
5185,5185,1013,2025-05-14,2025-06-13,30,96615.0,32403.0,129018.0
5186,5186,1087,2025-05-14,2025-05-29,15,58134.0,14083.0,72217.0
5187,5187,1047,2025-05-13,2025-06-12,30,30016.0,3838.0,33854.0
5188,5188,1038,2025-05-13,2025-06-12,30,31174.0,4104.0,35278.0
5189,5189,1068,2025-05-13,2025-06-12,30,24270.0,8915.0,33185.0
5190,5190,1047,2025-05-12,2025-05-27,15,25640.0,8118.0,33758.0
5191,5191,1121,2025-05-15,2025-06-14,30,46716.0,16847.0,63563.0
5192,5192,1080,2025-05-14,2025-06-13,30,31470.0,11907.0,43377.0
5193,5193,1012,2025-05-14,2025-05-29,15,38280.0,9385.0,47665.0
5194,5194,1003,2025-05-14,2025-06-13,30,49929.0,13830.0,63759.0
5195,5195,1054,2025-05-12,2025-06-11,30,11444.0,3986.0,15430.0
5196,5196,1117,2025-05-12,2025-06-11,30,11261.0,2999.0,14260.0
5197,5197,1006,2025-05-12,2025-06-26,45,22397.0,7938.0,30335.0
5198,5198,1005,2025-05-14,2025-06-13,30,34044.0,4698.0,38742.0
5199,5199,1027,2025-05-12,2025-05-27,15,11662.0,1857.0,13519.0
5200,5200,1118,2025-05-14,2025-06-28,45,43827.0,6306.0,50133.0
5201,5201,1065,2025-05-12,2025-06-26,45,20972.0,3800.0,24772.0
5202,5202,1074,2025-05-13,2025-06-12,30,32562.0,7565.0,40127.0
5203,5203,1091,2025-05-14,2025-05-29,15,19436.0,7129.0,26565.0
5204,5204,1110,2025-05-14,2025-06-28,45,38334.0,10005.0,48339.0
5205,5205,1121,2025-05-15,2025-06-14,30,36522.0,6564.0,43086.0
5206,5206,1085,2025-05-14,2025-06-13,30,46562.0,12795.0,59357.0
5207,5207,1043,2025-05-14,2025-06-13,30,24258.0,5751.0,30009.0
5208,5208,1093,2025-05-16,2025-06-15,30,49076.0,14051.0,63127.0
5209,5209,1095,2025-05-13,2025-05-28,15,17567.0,5505.0,23072.0
5210,5210,1086,2025-05-13,2025-06-12,30,14894.0,3130.0,18024.0
5211,5211,1076,2025-05-13,2025-05-28,15,11751.0,3293.0,15044.0
5212,5212,1106,2025-05-15,2025-06-14,30,32292.0,6599.0,38891.0
5213,5213,1113,2025-05-16,2025-06-15,30,42740.0,10875.0,53615.0
5214,5214,1041,2025-05-15,2025-06-14,30,45084.0,11518.0,56602.0
5215,5215,1107,2025-05-15,2025-05-30,15,62865.0,15244.0,78109.0
5216,5216,1008,2025-05-15,2025-06-14,30,75240.0,12650.0,87890.0
5217,5217,1009,2025-05-13,2025-05-28,15,12080.0,4205.0,16285.0
5218,5218,1104,2025-05-14,2025-06-13,30,30366.0,7887.0,38253.0
5219,5219,1122,2025-05-16,2025-06-30,45,101084.0,34957.0,136041.0
5220,5220,1043,2025-05-15,2025-06-14,30,35592.0,6027.0,41619.0
5221,5221,1095,2025-05-16,2025-05-31,15,65976.0,20928.0,86904.0
5222,5222,1082,2025-05-16,2025-06-30,45,45360.0,7988.0,53348.0
5223,5223,1118,2025-05-14,2025-06-28,45,22118.0,6183.0,28301.0
5224,5224,1018,2025-05-14,2025-06-13,30,34414.0,5105.0,39519.0
5225,5225,1111,2025-05-15,2025-06-14,30,79215.0,18184.0,97399.0
5226,5226,1090,2025-05-13,2025-06-12,30,17872.0,6139.0,24011.0
5227,5227,1029,2025-05-15,2025-05-30,15,77757.0,23780.0,101537.0
5228,5228,1005,2025-05-15,2025-06-29,45,30249.0,4517.0,34766.0
5229,5229,1002,2025-05-15,2025-06-14,30,65124.0,11848.0,76972.0
5230,5230,1078,2025-05-14,2025-06-13,30,40794.0,9440.0,50234.0
5231,5231,1016,2025-05-14,2025-05-29,15,25128.0,5969.0,31097.0
5232,5232,1030,2025-05-13,2025-06-12,30,17798.0,3881.0,21679.0
5233,5233,1014,2025-05-14,2025-05-29,15,21234.0,5118.0,26352.0
5234,5234,1111,2025-05-14,2025-05-29,15,20610.0,5484.0,26094.0
5235,5235,1070,2025-05-14,2025-06-13,30,25270.0,8093.0,33363.0
5236,5236,1056,2025-05-13,2025-06-12,30,27338.0,6103.0,33441.0
5237,5237,1051,2025-05-16,2025-06-15,30,75780.0,21837.0,97617.0
5238,5238,1119,2025-05-15,2025-05-30,15,70677.0,19157.0,89834.0
5239,5239,1107,2025-05-14,2025-06-13,30,21276.0,2965.0,24241.0
5240,5240,1025,2025-05-13,2025-05-28,15,17401.0,6149.0,23550.0
5241,5241,1024,2025-05-18,2025-06-02,15,118510.0,30378.0,148888.0
5242,5242,1001,2025-05-15,2025-06-29,45,32028.0,5338.0,37366.0
5243,5243,1041,2025-05-15,2025-06-29,45,18386.0,4899.0,23285.0
5244,5244,1020,2025-05-14,2025-06-13,30,15696.0,4463.0,20159.0
5245,5245,1049,2025-05-18,2025-06-02,15,54070.0,17011.0,71081.0
5246,5246,1069,2025-05-15,2025-06-14,30,18716.0,3072.0,21788.0
5247,5247,1091,2025-05-14,2025-06-13,30,10729.0,3604.0,14333.0
5248,5248,1050,2025-05-14,2025-06-13,30,26565.0,5542.0,32107.0
5249,5249,1009,2025-05-15,2025-06-14,30,25944.0,7850.0,33794.0
5250,5250,1045,2025-05-14,2025-05-29,15,25521.0,8032.0,33553.0
5251,5251,1083,2025-05-15,2025-06-14,30,51628.0,8894.0,60522.0
5252,5252,1047,2025-05-18,2025-06-02,15,66850.0,10787.0,77637.0
5253,5253,1034,2025-05-14,2025-05-29,15,30570.0,4873.0,35443.0
5254,5254,1114,2025-05-16,2025-06-15,30,38019.0,10569.0,48588.0
5255,5255,1081,2025-05-15,2025-05-30,15,32490.0,11072.0,43562.0
5256,5256,1094,2025-05-14,2025-06-13,30,11707.0,3531.0,15238.0
5257,5257,1083,2025-05-14,2025-06-28,45,23995.0,6196.0,30191.0
5258,5258,1125,2025-05-16,2025-06-15,30,49572.0,18559.0,68131.0
5259,5259,1020,2025-05-16,2025-06-15,30,38214.0,5494.0,43708.0
5260,5260,1016,2025-05-14,2025-06-13,30,22035.0,5916.0,27951.0
5261,5261,1006,2025-05-14,2025-06-28,45,17305.0,5754.0,23059.0
5262,5262,1034,2025-05-18,2025-06-17,30,60230.0,10881.0,71111.0
5263,5263,1055,2025-05-17,2025-06-01,15,118232.0,39629.0,157861.0
5264,5264,1102,2025-05-16,2025-06-30,45,32607.0,4274.0,36881.0
5265,5265,1104,2025-05-14,2025-06-13,30,17945.0,3037.0,20982.0
5266,5266,1040,2025-05-17,2025-06-01,15,48388.0,14032.0,62420.0
5267,5267,1116,2025-05-16,2025-05-31,15,30246.0,11063.0,41309.0
5268,5268,1116,2025-05-16,2025-06-15,30,37230.0,9722.0,46952.0
5269,5269,1033,2025-05-14,2025-05-29,15,17204.0,5202.0,22406.0
5270,5270,1055,2025-05-14,2025-05-29,15,24758.0,7230.0,31988.0
5271,5271,1054,2025-05-18,2025-06-02,15,119125.0,23264.0,142389.0
5272,5272,1026,2025-05-17,2025-07-01,45,46156.0,16667.0,62823.0
5273,5273,1085,2025-05-15,2025-06-14,30,55088.0,11470.0,66558.0
5274,5274,1054,2025-05-15,2025-06-14,30,44232.0,8587.0,52819.0
5275,5275,1031,2025-05-15,2025-06-14,30,30766.0,6967.0,37733.0
5276,5276,1061,2025-05-18,2025-06-17,30,42288.0,13806.0,56094.0
5277,5277,1021,2025-05-16,2025-06-15,30,24346.0,7696.0,32042.0
5278,5278,1079,2025-05-17,2025-06-16,30,84795.0,23253.0,108048.0
5279,5279,1094,2025-05-17,2025-06-01,15,47841.0,8404.0,56245.0
5280,5280,1069,2025-05-16,2025-06-15,30,26654.0,9098.0,35752.0
5281,5281,1047,2025-05-15,2025-06-14,30,10983.0,2018.0,13001.0
5282,5282,1035,2025-05-15,2025-05-30,15,26214.0,6404.0,32618.0
5283,5283,1023,2025-05-15,2025-06-14,30,12131.0,2933.0,15064.0
5284,5284,1073,2025-05-17,2025-06-16,30,70461.0,16131.0,86592.0
5285,5285,1109,2025-05-16,2025-05-31,15,22804.0,3654.0,26458.0
5286,5286,1119,2025-05-15,2025-06-14,30,19083.0,3055.0,22138.0
5287,5287,1009,2025-05-16,2025-06-15,30,23320.0,6422.0,29742.0
5288,5288,1015,2025-05-15,2025-05-30,15,13652.0,2624.0,16276.0
5289,5289,1044,2025-05-17,2025-06-16,30,33114.0,4493.0,37607.0
5290,5290,1040,2025-05-15,2025-05-30,15,10961.0,3580.0,14541.0
5291,5291,1099,2025-05-15,2025-06-14,30,12596.0,4660.0,17256.0
5292,5292,1029,2025-05-17,2025-06-16,30,47457.0,5807.0,53264.0
5293,5293,1093,2025-05-16,2025-06-15,30,33072.0,8043.0,41115.0
5294,5294,1085,2025-05-15,2025-06-29,45,17276.0,3645.0,20921.0
5295,5295,1114,2025-05-15,2025-05-30,15,11984.0,3178.0,15162.0
5296,5296,1108,2025-05-15,2025-06-29,45,12304.0,3946.0,16250.0
5297,5297,1068,2025-05-18,2025-06-02,15,62608.0,11590.0,74198.0
5298,5298,1092,2025-05-15,2025-06-14,30,12728.0,4195.0,16923.0
5299,5299,1056,2025-05-15,2025-06-29,45,18464.0,2426.0,20890.0
5300,5300,1081,2025-05-17,2025-06-01,15,73086.0,17157.0,90243.0
5301,5301,1039,2025-05-15,2025-06-14,30,9580.0,2175.0,11755.0
5302,5302,1029,2025-05-16,2025-06-15,30,23682.0,8590.0,32272.0
5303,5303,1070,2025-05-17,2025-06-16,30,46425.0,6919.0,53344.0
5304,5304,1057,2025-05-16,2025-06-15,30,61430.0,9688.0,71118.0
5305,5305,1107,2025-05-15,2025-06-14,30,12327.0,3861.0,16188.0
5306,5306,1098,2025-05-19,2025-07-03,45,52100.0,19728.0,71828.0
5307,5307,1055,2025-05-15,2025-05-30,15,23947.0,4838.0,28785.0
5308,5308,1125,2025-05-15,2025-06-29,45,11167.0,2677.0,13844.0
5309,5309,1055,2025-05-16,2025-06-30,45,49536.0,12265.0,61801.0
5310,5310,1031,2025-05-15,2025-05-30,15,15140.0,5550.0,20690.0
5311,5311,1056,2025-05-17,2025-06-16,30,29106.0,4383.0,33489.0
5312,5312,1005,2025-05-18,2025-06-17,30,59624.0,8530.0,68154.0
5313,5313,1017,2025-05-17,2025-06-16,30,41670.0,10453.0,52123.0
5314,5314,1030,2025-05-17,2025-06-01,15,66231.0,15606.0,81837.0
5315,5315,1030,2025-05-15,2025-06-29,45,16872.0,3753.0,20625.0
5316,5316,1045,2025-05-17,2025-06-16,30,62696.0,15299.0,77995.0
5317,5317,1020,2025-05-16,2025-06-15,30,22679.0,7786.0,30465.0
5318,5318,1110,2025-05-17,2025-07-01,45,21668.0,7310.0,28978.0
5319,5319,1031,2025-05-17,2025-06-16,30,35100.0,7706.0,42806.0
5320,5320,1060,2025-05-16,2025-06-15,30,11657.0,3767.0,15424.0
5321,5321,1043,2025-05-17,2025-06-16,30,21116.0,2768.0,23884.0
5322,5322,1067,2025-05-16,2025-06-15,30,11442.0,3922.0,15364.0
5323,5323,1056,2025-05-16,2025-06-15,30,27020.0,8329.0,35349.0
5324,5324,1084,2025-05-17,2025-06-16,30,47088.0,9778.0,56866.0
5325,5325,1062,2025-05-18,2025-07-02,45,70083.0,12919.0,83002.0
5326,5326,1015,2025-05-17,2025-06-01,15,20752.0,5463.0,26215.0
5327,5327,1050,2025-05-19,2025-06-18,30,98524.0,22958.0,121482.0
5328,5328,1021,2025-05-20,2025-06-19,30,120900.0,24962.0,145862.0
5329,5329,1079,2025-05-18,2025-07-02,45,48897.0,17865.0,66762.0
5330,5330,1021,2025-05-16,2025-06-30,45,11722.0,3114.0,14836.0
5331,5331,1116,2025-05-17,2025-07-01,45,25642.0,4162.0,29804.0
5332,5332,1015,2025-05-16,2025-05-31,15,9996.0,1996.0,11992.0
5333,5333,1088,2025-05-17,2025-06-16,30,60804.0,11848.0,72652.0
5334,5334,1080,2025-05-16,2025-06-30,45,10844.0,2070.0,12914.0
5335,5335,1008,2025-05-16,2025-06-30,45,32001.0,11018.0,43019.0
5336,5336,1100,2025-05-16,2025-06-15,30,11650.0,2872.0,14522.0
5337,5337,1072,2025-05-18,2025-06-17,30,50367.0,16251.0,66618.0
5338,5338,1045,2025-05-17,2025-06-16,30,33524.0,5911.0,39435.0
5339,5339,1052,2025-05-16,2025-05-31,15,21510.0,7651.0,29161.0
5340,5340,1078,2025-05-17,2025-06-16,30,23368.0,8698.0,32066.0
5341,5341,1088,2025-05-18,2025-06-17,30,82668.0,22652.0,105320.0
5342,5342,1019,2025-05-18,2025-06-17,30,56169.0,12890.0,69059.0
5343,5343,1006,2025-05-17,2025-06-16,30,24320.0,3792.0,28112.0
5344,5344,1007,2025-05-16,2025-06-15,30,11934.0,4445.0,16379.0
5345,5345,1036,2025-05-16,2025-05-31,15,23940.0,4209.0,28149.0
5346,5346,1069,2025-05-16,2025-06-15,30,11800.0,2421.0,14221.0
5347,5347,1023,2025-05-16,2025-05-31,15,17293.0,6420.0,23713.0
5348,5348,1087,2025-05-17,2025-06-16,30,22650.0,5142.0,27792.0
5349,5349,1053,2025-05-16,2025-06-15,30,9655.0,3581.0,13236.0
5350,5350,1012,2025-05-18,2025-07-02,45,30879.0,7536.0,38415.0
5351,5351,1060,2025-05-19,2025-06-18,30,49998.0,16254.0,66252.0
5352,5352,1063,2025-05-18,2025-06-17,30,29970.0,3692.0,33662.0
5353,5353,1090,2025-05-17,2025-06-16,30,11320.0,3983.0,15303.0
5354,5354,1117,2025-05-19,2025-07-03,45,51717.0,18727.0,70444.0
5355,5355,1004,2025-05-17,2025-06-16,30,9813.0,2274.0,12087.0
5356,5356,1042,2025-05-19,2025-06-18,30,82887.0,14325.0,97212.0
5357,5357,1113,2025-05-17,2025-06-16,30,10465.0,3082.0,13547.0
5358,5358,1103,2025-05-19,2025-06-18,30,96882.0,18439.0,115321.0
5359,5359,1079,2025-05-18,2025-06-17,30,30932.0,7162.0,38094.0
5360,5360,1077,2025-05-17,2025-06-16,30,12052.0,3773.0,15825.0
5361,5361,1104,2025-05-18,2025-06-17,30,20308.0,6920.0,27228.0
5362,5362,1054,2025-05-19,2025-07-03,45,36333.0,12249.0,48582.0
5363,5363,1095,2025-05-19,2025-06-18,30,49233.0,18638.0,67871.0
5364,5364,1057,2025-05-19,2025-06-18,30,35694.0,4557.0,40251.0
5365,5365,1026,2025-05-20,2025-06-19,30,61248.0,18770.0,80018.0
5366,5366,1037,2025-05-20,2025-06-19,30,67408.0,25412.0,92820.0
5367,5367,1092,2025-05-17,2025-06-16,30,30098.0,9897.0,39995.0
5368,5368,1009,2025-05-17,2025-06-16,30,18721.0,4295.0,23016.0
5369,5369,1094,2025-05-19,2025-06-18,30,35958.0,11652.0,47610.0
5370,5370,1010,2025-05-17,2025-06-16,30,12418.0,3072.0,15490.0
5371,5371,1014,2025-05-18,2025-06-17,30,56832.0,14933.0,71765.0
5372,5372,1077,2025-05-17,2025-07-01,45,12787.0,2217.0,15004.0
5373,5373,1062,2025-05-18,2025-06-17,30,24554.0,5727.0,30281.0
5374,5374,1069,2025-05-17,2025-06-16,30,10926.0,2498.0,13424.0
5375,5375,1049,2025-05-18,2025-06-17,30,45428.0,7506.0,52934.0
5376,5376,1004,2025-05-19,2025-06-03,15,50490.0,6370.0,56860.0
5377,5377,1094,2025-05-17,2025-06-01,15,12133.0,4156.0,16289.0
5378,5378,1074,2025-05-19,2025-06-03,15,33696.0,6110.0,39806.0
5379,5379,1077,2025-05-19,2025-07-03,45,85107.0,11315.0,96422.0
5380,5380,1008,2025-05-18,2025-07-02,45,21568.0,7054.0,28622.0
5381,5381,1049,2025-05-18,2025-06-02,15,24494.0,4954.0,29448.0
5382,5382,1011,2025-05-19,2025-06-03,15,51255.0,16280.0,67535.0
5383,5383,1025,2025-05-17,2025-07-01,45,16667.0,5974.0,22641.0
5384,5384,1075,2025-05-18,2025-07-02,45,24034.0,4811.0,28845.0
5385,5385,1087,2025-05-20,2025-06-04,15,123816.0,15722.0,139538.0
5386,5386,1094,2025-05-18,2025-07-02,45,21374.0,5165.0,26539.0
5387,5387,1058,2025-05-21,2025-06-05,15,66672.0,13257.0,79929.0
5388,5388,1016,2025-05-18,2025-06-17,30,17231.0,2741.0,19972.0
5389,5389,1043,2025-05-19,2025-06-18,30,22454.0,3006.0,25460.0
5390,5390,1014,2025-05-19,2025-07-03,45,41880.0,11413.0,53293.0
5391,5391,1010,2025-05-21,2025-06-05,15,89416.0,26034.0,115450.0
5392,5392,1053,2025-05-19,2025-06-03,15,37660.0,10842.0,48502.0
5393,5393,1107,2025-05-18,2025-06-02,15,22338.0,3509.0,25847.0
5394,5394,1105,2025-05-19,2025-06-18,30,21948.0,2967.0,24915.0
5395,5395,1054,2025-05-21,2025-06-05,15,48764.0,13057.0,61821.0
5396,5396,1012,2025-05-19,2025-06-18,30,36340.0,9110.0,45450.0
5397,5397,1089,2025-05-21,2025-06-20,30,63904.0,17295.0,81199.0
5398,5398,1122,2025-05-19,2025-06-18,30,36720.0,7620.0,44340.0
5399,5399,1083,2025-05-18,2025-06-02,15,11925.0,3991.0,15916.0
5400,5400,1088,2025-05-19,2025-07-03,45,55762.0,6711.0,62473.0
5401,5401,1089,2025-05-18,2025-07-02,45,16834.0,4350.0,21184.0
5402,5402,1111,2025-05-21,2025-06-20,30,46408.0,10967.0,57375.0
5403,5403,1109,2025-05-18,2025-06-17,30,18313.0,5060.0,23373.0
5404,5404,1077,2025-05-20,2025-07-04,45,34842.0,12918.0,47760.0
5405,5405,1043,2025-05-18,2025-07-02,45,12929.0,4258.0,17187.0
5406,5406,1088,2025-05-18,2025-06-02,15,19447.0,2354.0,21801.0
5407,5407,1016,2025-05-19,2025-06-18,30,32510.0,11196.0,43706.0
5408,5408,1019,2025-05-21,2025-06-20,30,47248.0,11287.0,58535.0
5409,5409,1014,2025-05-20,2025-06-19,30,76980.0,15222.0,92202.0
5410,5410,1072,2025-05-18,2025-06-02,15,11370.0,1494.0,12864.0
5411,5411,1116,2025-05-18,2025-06-17,30,21977.0,4767.0,26744.0
5412,5412,1120,2025-05-18,2025-06-17,30,22078.0,7856.0,29934.0
5413,5413,1025,2025-05-20,2025-06-19,30,35481.0,12494.0,47975.0
5414,5414,1034,2025-05-18,2025-06-02,15,10599.0,3683.0,14282.0
5415,5415,1099,2025-05-18,2025-06-17,30,12286.0,2065.0,14351.0
5416,5416,1078,2025-05-18,2025-06-17,30,15012.0,4748.0,19760.0
5417,5417,1077,2025-05-21,2025-06-20,30,50288.0,8474.0,58762.0
5418,5418,1076,2025-05-20,2025-06-19,30,35472.0,7273.0,42745.0
5419,5419,1101,2025-05-20,2025-06-19,30,34428.0,12237.0,46665.0
5420,5420,1096,2025-05-19,2025-06-18,30,34190.0,6560.0,40750.0
5421,5421,1059,2025-05-21,2025-06-05,15,66500.0,17771.0,84271.0
5422,5422,1012,2025-05-21,2025-06-20,30,35148.0,13328.0,48476.0
5423,5423,1061,2025-05-20,2025-06-04,15,24390.0,5735.0,30125.0
5424,5424,1089,2025-05-20,2025-06-04,15,27666.0,4095.0,31761.0
5425,5425,1118,2025-05-20,2025-06-19,30,23024.0,4797.0,27821.0
5426,5426,1022,2025-05-19,2025-06-18,30,11684.0,1822.0,13506.0
5427,5427,1108,2025-05-22,2025-06-21,30,58984.0,16676.0,75660.0
5428,5428,1087,2025-05-21,2025-06-20,30,44847.0,10176.0,55023.0
5429,5429,1013,2025-05-19,2025-07-03,45,21572.0,6203.0,27775.0
5430,5430,1038,2025-05-19,2025-07-03,45,26777.0,4423.0,31200.0
5431,5431,1086,2025-05-19,2025-06-18,30,12061.0,4104.0,16165.0
5432,5432,1032,2025-05-19,2025-06-18,30,22046.0,5858.0,27904.0
5433,5433,1045,2025-05-21,2025-06-20,30,82086.0,24774.0,106860.0
5434,5434,1095,2025-05-22,2025-06-21,30,63776.0,20623.0,84399.0
5435,5435,1079,2025-05-21,2025-07-05,45,47607.0,17442.0,65049.0
5436,5436,1045,2025-05-19,2025-06-18,30,30342.0,7269.0,37611.0
5437,5437,1041,2025-05-20,2025-06-19,30,24758.0,6722.0,31480.0
5438,5438,1042,2025-05-20,2025-06-19,30,21852.0,7774.0,29626.0
5439,5439,1050,2025-05-21,2025-06-20,30,58971.0,21398.0,80369.0
5440,5440,1010,2025-05-21,2025-06-20,30,68742.0,21346.0,90088.0
5441,5441,1074,2025-05-19,2025-06-18,30,11115.0,3185.0,14300.0
5442,5442,1023,2025-05-19,2025-06-18,30,16232.0,2919.0,19151.0
5443,5443,1055,2025-05-20,2025-06-19,30,19338.0,4821.0,24159.0
5444,5444,1030,2025-05-21,2025-07-05,45,45678.0,12491.0,58169.0
5445,5445,1106,2025-05-20,2025-06-19,30,23668.0,6301.0,29969.0
5446,5446,1003,2025-05-21,2025-06-05,15,51216.0,8651.0,59867.0
5447,5447,1081,2025-05-21,2025-06-05,15,86241.0,16785.0,103026.0
5448,5448,1087,2025-05-19,2025-07-03,45,24509.0,7127.0,31636.0
5449,5449,1087,2025-05-21,2025-07-05,45,36459.0,12653.0,49112.0
5450,5450,1033,2025-05-20,2025-07-04,45,38140.0,13081.0,51221.0
5451,5451,1116,2025-05-22,2025-06-21,30,74460.0,21929.0,96389.0
5452,5452,1037,2025-05-22,2025-06-21,30,51024.0,9380.0,60404.0
5453,5453,1050,2025-05-20,2025-06-19,30,10686.0,2940.0,13626.0
5454,5454,1027,2025-05-23,2025-06-07,15,87920.0,10995.0,98915.0
5455,5455,1045,2025-05-22,2025-06-06,15,37173.0,9452.0,46625.0
5456,5456,1080,2025-05-22,2025-06-06,15,37422.0,8614.0,46036.0
5457,5457,1118,2025-05-21,2025-07-05,45,43636.0,6057.0,49693.0
5458,5458,1078,2025-05-21,2025-06-20,30,20062.0,6965.0,27027.0
5459,5459,1042,2025-05-21,2025-06-05,15,43374.0,12958.0,56332.0
5460,5460,1016,2025-05-22,2025-06-06,15,48930.0,16469.0,65399.0
5461,5461,1098,2025-05-21,2025-06-20,30,62010.0,12377.0,74387.0
5462,5462,1028,2025-05-21,2025-06-05,15,27358.0,3845.0,31203.0
5463,5463,1079,2025-05-24,2025-07-08,45,108455.0,31845.0,140300.0
5464,5464,1069,2025-05-22,2025-06-21,30,46368.0,9415.0,55783.0
5465,5465,1090,2025-05-20,2025-06-19,30,17395.0,3871.0,21266.0
5466,5466,1110,2025-05-22,2025-06-21,30,40125.0,12983.0,53108.0
5467,5467,1080,2025-05-20,2025-06-19,30,11807.0,2144.0,13951.0
5468,5468,1034,2025-05-20,2025-06-19,30,11641.0,1655.0,13296.0
5469,5469,1058,2025-05-24,2025-06-23,30,125985.0,25612.0,151597.0
5470,5470,1001,2025-05-21,2025-07-05,45,20498.0,6971.0,27469.0
5471,5471,1055,2025-05-20,2025-07-04,45,17859.0,6538.0,24397.0
5472,5472,1114,2025-05-22,2025-06-21,30,67041.0,17653.0,84694.0
5473,5473,1027,2025-05-20,2025-07-04,45,15910.0,5034.0,20944.0
5474,5474,1042,2025-05-21,2025-06-05,15,51012.0,9692.0,60704.0
5475,5475,1042,2025-05-24,2025-06-08,15,57120.0,18570.0,75690.0
5476,5476,1074,2025-05-20,2025-06-19,30,14572.0,1946.0,16518.0
5477,5477,1006,2025-05-20,2025-06-19,30,31911.0,11005.0,42916.0
5478,5478,1056,2025-05-22,2025-07-06,45,38667.0,5106.0,43773.0
5479,5479,1022,2025-05-22,2025-07-06,45,31779.0,5567.0,37346.0
5480,5480,1043,2025-05-22,2025-06-21,30,79641.0,11253.0,90894.0
5481,5481,1069,2025-05-23,2025-06-07,15,44380.0,10527.0,54907.0
5482,5482,1112,2025-05-22,2025-06-21,30,34491.0,9686.0,44177.0
5483,5483,1081,2025-05-21,2025-06-20,30,50908.0,16568.0,67476.0
5484,5484,1096,2025-05-22,2025-06-06,15,34164.0,6575.0,40739.0
5485,5485,1050,2025-05-21,2025-07-05,45,24446.0,6373.0,30819.0
5486,5486,1099,2025-05-21,2025-07-05,45,22954.0,3264.0,26218.0
5487,5487,1074,2025-05-22,2025-07-06,45,33504.0,7250.0,40754.0
5488,5488,1098,2025-05-20,2025-06-04,15,11064.0,2219.0,13283.0
5489,5489,1019,2025-05-23,2025-07-07,45,44584.0,8822.0,53406.0
5490,5490,1061,2025-05-23,2025-06-22,30,88168.0,29910.0,118078.0
5491,5491,1019,2025-05-20,2025-06-19,30,12275.0,2519.0,14794.0
5492,5492,1028,2025-05-21,2025-06-20,30,11744.0,1874.0,13618.0
5493,5493,1092,2025-05-21,2025-06-20,30,14978.0,2198.0,17176.0
5494,5494,1124,2025-05-21,2025-06-20,30,10667.0,3965.0,14632.0
5495,5495,1108,2025-05-21,2025-07-05,45,10623.0,2932.0,13555.0
5496,5496,1108,2025-05-21,2025-07-05,45,17523.0,6460.0,23983.0
5497,5497,1055,2025-05-22,2025-06-21,30,21816.0,7151.0,28967.0
5498,5498,1032,2025-05-22,2025-06-21,30,24706.0,8727.0,33433.0
5499,5499,1117,2025-05-22,2025-06-06,15,51132.0,17849.0,68981.0
5500,5500,1064,2025-05-24,2025-06-23,30,69096.0,17411.0,86507.0
5501,5501,1037,2025-05-22,2025-06-06,15,22062.0,7854.0,29916.0
5502,5502,1092,2025-05-24,2025-06-23,30,70244.0,23554.0,93798.0
5503,5503,1033,2025-05-22,2025-06-21,30,21166.0,3452.0,24618.0
5504,5504,1101,2025-05-24,2025-06-23,30,95124.0,18662.0,113786.0
5505,5505,1112,2025-05-22,2025-06-06,15,22688.0,3841.0,26529.0
5506,5506,1060,2025-05-25,2025-07-09,45,57910.0,20110.0,78020.0
5507,5507,1041,2025-05-21,2025-06-20,30,11673.0,3294.0,14967.0
5508,5508,1027,2025-05-23,2025-06-22,30,52047.0,10486.0,62533.0
5509,5509,1109,2025-05-22,2025-06-06,15,22746.0,6543.0,29289.0
5510,5510,1051,2025-05-21,2025-06-20,30,11326.0,4167.0,15493.0
5511,5511,1032,2025-05-22,2025-06-06,15,22736.0,8010.0,30746.0
5512,5512,1085,2025-05-25,2025-07-09,45,89085.0,22784.0,111869.0
5513,5513,1017,2025-05-21,2025-06-20,30,13134.0,4562.0,17696.0
5514,5514,1088,2025-05-22,2025-06-21,30,42388.0,5666.0,48054.0
5515,5515,1004,2025-05-23,2025-06-22,30,73455.0,8904.0,82359.0
5516,5516,1008,2025-05-22,2025-06-21,30,45452.0,8819.0,54271.0
5517,5517,1054,2025-05-23,2025-06-22,30,50484.0,16959.0,67443.0
5518,5518,1065,2025-05-22,2025-07-06,45,21350.0,2953.0,24303.0
5519,5519,1014,2025-05-23,2025-06-22,30,52116.0,6730.0,58846.0
5520,5520,1124,2025-05-21,2025-06-20,30,16777.0,2484.0,19261.0
5521,5521,1061,2025-05-24,2025-06-23,30,51504.0,17580.0,69084.0
5522,5522,1098,2025-05-24,2025-06-08,15,48968.0,15335.0,64303.0
5523,5523,1075,2025-05-22,2025-07-06,45,33028.0,8447.0,41475.0
5524,5524,1107,2025-05-23,2025-06-22,30,37677.0,4981.0,42658.0
5525,5525,1018,2025-05-24,2025-06-23,30,49752.0,15529.0,65281.0
5526,5526,1048,2025-05-21,2025-06-20,30,11639.0,4043.0,15682.0
5527,5527,1089,2025-05-22,2025-06-21,30,22532.0,6548.0,29080.0
5528,5528,1024,2025-05-23,2025-06-22,30,30426.0,9481.0,39907.0
5529,5529,1088,2025-05-24,2025-07-08,45,63092.0,18321.0,81413.0
5530,5530,1020,2025-05-22,2025-06-06,15,26332.0,7795.0,34127.0
5531,5531,1049,2025-05-21,2025-06-20,30,12358.0,3877.0,16235.0
5532,5532,1032,2025-05-22,2025-07-06,45,21496.0,6743.0,28239.0
5533,5533,1044,2025-05-22,2025-06-21,30,20192.0,2622.0,22814.0
5534,5534,1106,2025-05-22,2025-06-06,15,23970.0,3756.0,27726.0
5535,5535,1115,2025-05-22,2025-07-06,45,17426.0,5955.0,23381.0
5536,5536,1083,2025-05-24,2025-06-08,15,51120.0,10503.0,61623.0
5537,5537,1118,2025-05-23,2025-06-22,30,25266.0,4090.0,29356.0
5538,5538,1111,2025-05-24,2025-06-23,30,42528.0,12130.0,54658.0
5539,5539,1125,2025-05-22,2025-07-06,45,18383.0,5523.0,23906.0
5540,5540,1066,2025-05-23,2025-06-22,30,23488.0,5036.0,28524.0
5541,5541,1054,2025-05-22,2025-06-21,30,12022.0,3542.0,15564.0
5542,5542,1068,2025-05-23,2025-06-22,30,60430.0,15747.0,76177.0
5543,5543,1016,2025-05-23,2025-06-22,30,65156.0,23159.0,88315.0
5544,5544,1104,2025-05-23,2025-06-22,30,30918.0,10499.0,41417.0
5545,5545,1102,2025-05-22,2025-06-21,30,15498.0,2374.0,17872.0
5546,5546,1047,2025-05-25,2025-06-24,30,85640.0,30598.0,116238.0
5547,5547,1015,2025-05-24,2025-06-08,15,85923.0,13014.0,98937.0
5548,5548,1110,2025-05-22,2025-06-21,30,11686.0,3074.0,14760.0
5549,5549,1123,2025-05-22,2025-06-21,30,12162.0,3947.0,16109.0
5550,5550,1026,2025-05-23,2025-06-22,30,34478.0,7010.0,41488.0
5551,5551,1050,2025-05-22,2025-06-06,15,23259.0,2874.0,26133.0
5552,5552,1021,2025-05-22,2025-06-06,15,11874.0,3328.0,15202.0
5553,5553,1060,2025-05-23,2025-07-07,45,21640.0,4664.0,26304.0
5554,5554,1119,2025-05-22,2025-06-06,15,18494.0,3677.0,22171.0
5555,5555,1061,2025-05-22,2025-06-21,30,11945.0,2097.0,14042.0
5556,5556,1026,2025-05-22,2025-06-06,15,22569.0,3414.0,25983.0
5557,5557,1047,2025-05-22,2025-06-21,30,12448.0,2239.0,14687.0
5558,5558,1104,2025-05-22,2025-06-21,30,11650.0,1691.0,13341.0
5559,5559,1012,2025-05-22,2025-06-21,30,12141.0,3735.0,15876.0
5560,5560,1047,2025-05-22,2025-06-21,30,19007.0,2445.0,21452.0
5561,5561,1041,2025-05-22,2025-06-06,15,16797.0,6218.0,23015.0
5562,5562,1042,2025-05-24,2025-06-23,30,35043.0,5905.0,40948.0
5563,5563,1095,2025-05-22,2025-06-21,30,26406.0,6788.0,33194.0
5564,5564,1116,2025-05-23,2025-06-07,15,41954.0,11558.0,53512.0
5565,5565,1040,2025-05-22,2025-06-06,15,17827.0,4114.0,21941.0
5566,5566,1125,2025-05-25,2025-07-09,45,67584.0,24466.0,92050.0
5567,5567,1083,2025-05-24,2025-06-23,30,34086.0,4172.0,38258.0
5568,5568,1109,2025-05-23,2025-07-07,45,26160.0,4746.0,30906.0
5569,5569,1086,2025-05-23,2025-06-22,30,30156.0,6153.0,36309.0
5570,5570,1065,2025-05-24,2025-06-23,30,31839.0,11920.0,43759.0
5571,5571,1104,2025-05-22,2025-06-21,30,22675.0,8189.0,30864.0
5572,5572,1080,2025-05-25,2025-06-24,30,64116.0,10337.0,74453.0
5573,5573,1068,2025-05-23,2025-07-07,45,31466.0,4046.0,35512.0
5574,5574,1001,2025-05-22,2025-06-21,30,11908.0,1851.0,13759.0
5575,5575,1103,2025-05-23,2025-06-22,30,22776.0,3130.0,25906.0
5576,5576,1017,2025-05-25,2025-07-09,45,65512.0,15188.0,80700.0
5577,5577,1123,2025-05-24,2025-06-08,15,33966.0,8771.0,42737.0
5578,5578,1072,2025-05-24,2025-06-23,30,34160.0,6145.0,40305.0
5579,5579,1121,2025-05-24,2025-07-08,45,23900.0,8779.0,32679.0
5580,5580,1043,2025-05-24,2025-06-08,15,20884.0,2543.0,23427.0
5581,5581,1119,2025-05-25,2025-06-24,30,33177.0,6535.0,39712.0
5582,5582,1117,2025-05-23,2025-07-07,45,26876.0,3555.0,30431.0
5583,5583,1004,2025-05-24,2025-06-23,30,31984.0,4227.0,36211.0
5584,5584,1002,2025-05-26,2025-06-10,15,48284.0,9396.0,57680.0
5585,5585,1103,2025-05-24,2025-06-23,30,21096.0,7253.0,28349.0
5586,5586,1006,2025-05-27,2025-06-26,30,58475.0,12727.0,71202.0
5587,5587,1075,2025-05-23,2025-06-22,30,14415.0,2451.0,16866.0
5588,5588,1034,2025-05-24,2025-06-23,30,28220.0,9693.0,37913.0
5589,5589,1104,2025-05-23,2025-07-07,45,10947.0,1868.0,12815.0
5590,5590,1066,2025-05-24,2025-07-08,45,21862.0,8117.0,29979.0
5591,5591,1117,2025-05-24,2025-06-23,30,42912.0,15568.0,58480.0
5592,5592,1027,2025-05-24,2025-07-08,45,50872.0,12801.0,63673.0
5593,5593,1108,2025-05-27,2025-06-26,30,65090.0,15118.0,80208.0
5594,5594,1103,2025-05-26,2025-06-10,15,76068.0,18646.0,94714.0
5595,5595,1076,2025-05-23,2025-06-22,30,18161.0,6750.0,24911.0
5596,5596,1011,2025-05-25,2025-07-09,45,33156.0,7801.0,40957.0
5597,5597,1098,2025-05-24,2025-06-08,15,35990.0,6954.0,42944.0
5598,5598,1076,2025-05-23,2025-06-22,30,16926.0,3490.0,20416.0
5599,5599,1073,2025-05-25,2025-06-24,30,72108.0,17880.0,89988.0
5600,5600,1016,2025-05-23,2025-06-22,30,10714.0,2475.0,13189.0
5601,5601,1057,2025-05-25,2025-06-09,15,36597.0,5641.0,42238.0
5602,5602,1012,2025-05-23,2025-06-22,30,11370.0,3842.0,15212.0
5603,5603,1094,2025-05-24,2025-06-08,15,50670.0,11065.0,61735.0
5604,5604,1002,2025-05-25,2025-06-24,30,35889.0,5533.0,41422.0
5605,5605,1068,2025-05-23,2025-07-07,45,25106.0,6424.0,31530.0
5606,5606,1049,2025-05-24,2025-06-08,15,33072.0,12188.0,45260.0
5607,5607,1085,2025-05-23,2025-06-07,15,15464.0,2704.0,18168.0
5608,5608,1068,2025-05-23,2025-07-07,45,18267.0,6909.0,25176.0
5609,5609,1028,2025-05-25,2025-07-09,45,69471.0,22769.0,92240.0
5610,5610,1115,2025-05-24,2025-07-08,45,22206.0,5078.0,27284.0
5611,5611,1055,2025-05-23,2025-07-07,45,15846.0,4586.0,20432.0
5612,5612,1003,2025-05-24,2025-06-23,30,39726.0,12072.0,51798.0
5613,5613,1035,2025-05-24,2025-06-08,15,30688.0,10868.0,41556.0
5614,5614,1061,2025-05-24,2025-07-08,45,32620.0,8114.0,40734.0
5615,5615,1042,2025-05-23,2025-06-22,30,12214.0,4309.0,16523.0
5616,5616,1077,2025-05-25,2025-06-24,30,81738.0,26831.0,108569.0
5617,5617,1059,2025-05-26,2025-06-25,30,60540.0,10001.0,70541.0
5618,5618,1091,2025-05-23,2025-06-07,15,23265.0,4260.0,27525.0
5619,5619,1055,2025-05-27,2025-07-11,45,38788.0,6580.0,45368.0
5620,5620,1080,2025-05-26,2025-07-10,45,31821.0,10456.0,42277.0
5621,5621,1079,2025-05-24,2025-06-23,30,14863.0,5169.0,20032.0
5622,5622,1040,2025-05-26,2025-06-10,15,32154.0,10493.0,42647.0
5623,5623,1077,2025-05-25,2025-06-24,30,50316.0,6851.0,57167.0
5624,5624,1027,2025-05-27,2025-07-11,45,47928.0,14666.0,62594.0
5625,5625,1107,2025-05-25,2025-06-09,15,20876.0,3577.0,24453.0
5626,5626,1074,2025-05-26,2025-06-25,30,38535.0,13505.0,52040.0
5627,5627,1036,2025-05-25,2025-06-24,30,24650.0,5376.0,30026.0
5628,5628,1099,2025-05-25,2025-06-24,30,23434.0,5186.0,28620.0
5629,5629,1071,2025-05-24,2025-06-08,15,15897.0,3684.0,19581.0
5630,5630,1123,2025-05-25,2025-06-24,30,20484.0,5670.0,26154.0
5631,5631,1005,2025-05-25,2025-07-09,45,24216.0,3559.0,27775.0
5632,5632,1108,2025-05-26,2025-06-25,30,34563.0,6185.0,40748.0
5633,5633,1031,2025-05-27,2025-06-26,30,93104.0,32474.0,125578.0
5634,5634,1119,2025-05-27,2025-07-11,45,50448.0,14704.0,65152.0
5635,5635,1003,2025-05-24,2025-07-08,45,11461.0,1721.0,13182.0
5636,5636,1063,2025-05-25,2025-06-24,30,26860.0,4400.0,31260.0
5637,5637,1052,2025-05-27,2025-06-26,30,96352.0,19478.0,115830.0
5638,5638,1051,2025-05-24,2025-06-08,15,15260.0,3645.0,18905.0
5639,5639,1074,2025-05-27,2025-06-11,15,83480.0,14217.0,97697.0
5640,5640,1053,2025-05-25,2025-06-24,30,17978.0,3218.0,21196.0
5641,5641,1103,2025-05-25,2025-06-09,15,22098.0,3810.0,25908.0
5642,5642,1046,2025-05-26,2025-06-25,30,57552.0,21148.0,78700.0
5643,5643,1084,2025-05-26,2025-07-10,45,75156.0,15226.0,90382.0
5644,5644,1044,2025-05-24,2025-07-08,45,32137.0,8305.0,40442.0
5645,5645,1021,2025-05-25,2025-06-24,30,46732.0,11617.0,58349.0
5646,5646,1083,2025-05-25,2025-06-09,15,21646.0,3124.0,24770.0
5647,5647,1058,2025-05-24,2025-06-23,30,15955.0,3460.0,19415.0
5648,5648,1086,2025-05-26,2025-06-10,15,21900.0,3910.0,25810.0
5649,5649,1059,2025-05-26,2025-06-25,30,63312.0,10961.0,74273.0
5650,5650,1087,2025-05-26,2025-06-25,30,35474.0,13166.0,48640.0
5651,5651,1027,2025-05-25,2025-06-24,30,16159.0,3214.0,19373.0
5652,5652,1070,2025-05-26,2025-06-10,15,32618.0,5331.0,37949.0
5653,5653,1085,2025-05-27,2025-06-26,30,30690.0,7527.0,38217.0
5654,5654,1045,2025-05-25,2025-06-09,15,16590.0,5660.0,22250.0
5655,5655,1039,2025-05-25,2025-06-24,30,10680.0,2053.0,12733.0
5656,5656,1027,2025-05-25,2025-07-09,45,16948.0,3638.0,20586.0
5657,5657,1064,2025-05-25,2025-06-24,30,15420.0,5176.0,20596.0
5658,5658,1023,2025-05-28,2025-06-12,15,47928.0,10319.0,58247.0
5659,5659,1115,2025-05-27,2025-06-26,30,68550.0,23158.0,91708.0
5660,5660,1031,2025-05-26,2025-06-25,30,25632.0,3269.0,28901.0
5661,5661,1007,2025-05-25,2025-06-24,30,10689.0,3666.0,14355.0
5662,5662,1083,2025-05-25,2025-06-09,15,15963.0,3621.0,19584.0
5663,5663,1031,2025-05-26,2025-06-10,15,21994.0,4116.0,26110.0
5664,5664,1089,2025-05-27,2025-06-26,30,60381.0,15721.0,76102.0
5665,5665,1044,2025-05-25,2025-07-09,45,14523.0,2773.0,17296.0
5666,5666,1083,2025-05-25,2025-06-09,15,13319.0,2741.0,16060.0
5667,5667,1084,2025-05-26,2025-06-25,30,43612.0,11842.0,55454.0
5668,5668,1020,2025-05-25,2025-06-24,30,12062.0,3610.0,15672.0
5669,5669,1107,2025-05-25,2025-06-24,30,10732.0,3602.0,14334.0
5670,5670,1108,2025-05-27,2025-06-11,15,94614.0,14603.0,109217.0
5671,5671,1013,2025-05-27,2025-07-11,45,28311.0,6391.0,34702.0
5672,5672,1115,2025-05-26,2025-06-10,15,34072.0,5028.0,39100.0
5673,5673,1053,2025-05-27,2025-07-11,45,63195.0,10587.0,73782.0
5674,5674,1101,2025-05-25,2025-06-24,30,10315.0,3686.0,14001.0
5675,5675,1052,2025-05-25,2025-06-09,15,23951.0,8388.0,32339.0
5676,5676,1092,2025-05-29,2025-06-28,30,147625.0,38611.0,186236.0
5677,5677,1104,2025-05-27,2025-06-11,15,30912.0,11453.0,42365.0
5678,5678,1074,2025-05-26,2025-06-10,15,25908.0,6899.0,32807.0
5679,5679,1064,2025-05-26,2025-07-10,45,11047.0,3262.0,14309.0
5680,5680,1025,2025-05-27,2025-06-11,15,50202.0,11700.0,61902.0
5681,5681,1059,2025-05-27,2025-06-11,15,34290.0,4974.0,39264.0
5682,5682,1096,2025-05-28,2025-06-27,30,35916.0,5512.0,41428.0
5683,5683,1083,2025-05-27,2025-06-26,30,23312.0,7596.0,30908.0
5684,5684,1068,2025-05-26,2025-06-25,30,11374.0,2118.0,13492.0
5685,5685,1091,2025-05-28,2025-06-12,15,32997.0,11236.0,44233.0
5686,5686,1071,2025-05-28,2025-06-27,30,35403.0,5189.0,40592.0
5687,5687,1052,2025-05-29,2025-06-28,30,111184.0,17206.0,128390.0
5688,5688,1048,2025-05-27,2025-07-11,45,24000.0,4067.0,28067.0
5689,5689,1077,2025-05-28,2025-06-12,15,79440.0,18357.0,97797.0
5690,5690,1035,2025-05-27,2025-06-26,30,24642.0,6641.0,31283.0
5691,5691,1045,2025-05-30,2025-06-29,30,157835.0,27382.0,185217.0
5692,5692,1078,2025-05-28,2025-06-12,15,92283.0,11983.0,104266.0
5693,5693,1082,2025-05-29,2025-06-28,30,47280.0,10995.0,58275.0
5694,5694,1041,2025-05-27,2025-06-26,30,25582.0,9532.0,35114.0
5695,5695,1057,2025-05-28,2025-06-12,15,29598.0,4720.0,34318.0
5696,5696,1026,2025-05-29,2025-06-13,15,65636.0,21337.0,86973.0
5697,5697,1002,2025-05-29,2025-06-28,30,80932.0,26562.0,107494.0
5698,5698,1081,2025-05-29,2025-06-28,30,67896.0,13492.0,81388.0
5699,5699,1050,2025-05-27,2025-07-11,45,24842.0,6556.0,31398.0
5700,5700,1086,2025-05-27,2025-06-26,30,52496.0,11198.0,63694.0
5701,5701,1076,2025-05-29,2025-07-13,45,53720.0,15711.0,69431.0
5702,5702,1098,2025-05-28,2025-06-27,30,73452.0,10481.0,83933.0
5703,5703,1012,2025-05-27,2025-06-26,30,36080.0,12215.0,48295.0
5704,5704,1034,2025-05-28,2025-06-12,15,89433.0,24464.0,113897.0
5705,5705,1104,2025-05-26,2025-06-25,30,16024.0,4959.0,20983.0
5706,5706,1104,2025-05-29,2025-06-28,30,47348.0,14215.0,61563.0
5707,5707,1111,2025-05-28,2025-07-12,45,62544.0,17639.0,80183.0
5708,5708,1081,2025-05-30,2025-06-14,15,54300.0,8302.0,62602.0
5709,5709,1024,2025-05-29,2025-06-28,30,47068.0,5980.0,53048.0
5710,5710,1013,2025-05-28,2025-06-27,30,35838.0,4417.0,40255.0
5711,5711,1098,2025-05-28,2025-06-12,15,86649.0,25836.0,112485.0
5712,5712,1124,2025-05-30,2025-07-14,45,44300.0,16491.0,60791.0
5713,5713,1070,2025-05-27,2025-07-11,45,10287.0,1770.0,12057.0
5714,5714,1122,2025-05-28,2025-06-27,30,22234.0,4623.0,26857.0
5715,5715,1111,2025-05-28,2025-06-27,30,28014.0,6086.0,34100.0
5716,5716,1018,2025-05-27,2025-06-26,30,16138.0,3417.0,19555.0
5717,5717,1042,2025-05-30,2025-07-14,45,43768.0,5611.0,49379.0
5718,5718,1024,2025-05-27,2025-07-11,45,11464.0,2351.0,13815.0
5719,5719,1062,2025-05-28,2025-06-27,30,23204.0,3712.0,26916.0
5720,5720,1117,2025-05-28,2025-06-12,15,46216.0,16217.0,62433.0
5721,5721,1056,2025-05-29,2025-06-28,30,45141.0,12975.0,58116.0
5722,5722,1049,2025-05-28,2025-06-27,30,24390.0,9047.0,33437.0
5723,5723,1108,2025-05-28,2025-06-27,30,21234.0,7463.0,28697.0
5724,5724,1064,2025-05-28,2025-06-27,30,24110.0,3594.0,27704.0
5725,5725,1085,2025-05-27,2025-06-26,30,10371.0,1634.0,12005.0
5726,5726,1029,2025-05-28,2025-07-12,45,22860.0,8189.0,31049.0
5727,5727,1043,2025-05-30,2025-06-29,30,43844.0,15379.0,59223.0
5728,5728,1039,2025-05-27,2025-06-26,30,30687.0,10069.0,40756.0
5729,5729,1097,2025-05-28,2025-06-27,30,21322.0,7489.0,28811.0
5730,5730,1117,2025-05-29,2025-06-13,15,40059.0,14762.0,54821.0
5731,5731,1063,2025-05-29,2025-06-28,30,30645.0,11589.0,42234.0
5732,5732,1105,2025-05-27,2025-07-11,45,15966.0,5445.0,21411.0
5733,5733,1071,2025-05-27,2025-07-11,45,16377.0,4484.0,20861.0
5734,5734,1013,2025-05-30,2025-06-29,30,46572.0,9102.0,55674.0
5735,5735,1060,2025-05-31,2025-06-30,30,48845.0,16563.0,65408.0
5736,5736,1032,2025-05-27,2025-06-26,30,13000.0,2731.0,15731.0
5737,5737,1044,2025-05-27,2025-06-26,30,11334.0,2660.0,13994.0
5738,5738,1023,2025-05-28,2025-06-27,30,39816.0,7621.0,47437.0
5739,5739,1059,2025-05-28,2025-06-27,30,25964.0,6560.0,32524.0
5740,5740,1111,2025-05-27,2025-06-11,15,11778.0,1450.0,13228.0
5741,5741,1097,2025-05-28,2025-06-27,30,64700.0,11245.0,75945.0
5742,5742,1080,2025-05-27,2025-07-11,45,16733.0,3140.0,19873.0
5743,5743,1109,2025-05-27,2025-07-11,45,16963.0,4597.0,21560.0
5744,5744,1049,2025-05-27,2025-06-11,15,13213.0,4384.0,17597.0
5745,5745,1095,2025-05-29,2025-07-13,45,56331.0,18939.0,75270.0
5746,5746,1012,2025-05-27,2025-06-26,30,12861.0,4443.0,17304.0
5747,5747,1122,2025-05-28,2025-07-12,45,21506.0,3493.0,24999.0
5748,5748,1002,2025-05-29,2025-06-13,15,48726.0,16036.0,64762.0
5749,5749,1119,2025-05-27,2025-07-11,45,22423.0,8444.0,30867.0
5750,5750,1025,2025-05-30,2025-07-14,45,65712.0,11487.0,77199.0
5751,5751,1010,2025-05-28,2025-06-27,30,25358.0,3071.0,28429.0
5752,5752,1001,2025-05-30,2025-06-29,30,47892.0,17855.0,65747.0
5753,5753,1081,2025-05-31,2025-06-30,30,60590.0,20649.0,81239.0
5754,5754,1050,2025-05-27,2025-06-26,30,14682.0,2478.0,17160.0
5755,5755,1060,2025-05-27,2025-06-11,15,16920.0,5798.0,22718.0
5756,5756,1042,2025-05-29,2025-06-28,30,44194.0,5938.0,50132.0
5757,5757,1076,2025-05-30,2025-06-29,30,71862.0,17309.0,89171.0
5758,5758,1082,2025-05-29,2025-06-13,15,63746.0,18083.0,81829.0
5759,5759,1029,2025-05-30,2025-06-29,30,43905.0,13661.0,57566.0
5760,5760,1043,2025-05-29,2025-06-28,30,24510.0,6083.0,30593.0
5761,5761,1034,2025-06-01,2025-07-01,30,102425.0,22277.0,124702.0
5762,5762,1069,2025-05-28,2025-07-12,45,22617.0,3673.0,26290.0
5763,5763,1057,2025-05-29,2025-06-28,30,49042.0,9738.0,58780.0
5764,5764,1003,2025-05-28,2025-06-27,30,17831.0,4196.0,22027.0
5765,5765,1007,2025-05-30,2025-07-14,45,72102.0,14181.0,86283.0
5766,5766,1092,2025-05-30,2025-06-14,15,39396.0,6104.0,45500.0
5767,5767,1016,2025-05-30,2025-06-29,30,65493.0,13155.0,78648.0
5768,5768,1113,2025-05-28,2025-06-27,30,10731.0,4048.0,14779.0
5769,5769,1054,2025-05-28,2025-06-27,30,11126.0,1867.0,12993.0
5770,5770,1088,2025-05-28,2025-06-12,15,11014.0,1402.0,12416.0
5771,5771,1121,2025-05-28,2025-06-27,30,17022.0,4310.0,21332.0
5772,5772,1123,2025-05-28,2025-06-12,15,25295.0,4067.0,29362.0
5773,5773,1054,2025-05-29,2025-07-13,45,33810.0,9393.0,43203.0
5774,5774,1111,2025-05-29,2025-06-28,30,22946.0,8257.0,31203.0
5775,5775,1028,2025-05-30,2025-06-29,30,65817.0,16748.0,82565.0
5776,5776,1111,2025-05-31,2025-07-15,45,59756.0,15181.0,74937.0
5777,5777,1077,2025-05-29,2025-06-28,30,23482.0,5471.0,28953.0
5778,5778,1053,2025-05-28,2025-06-27,30,9780.0,1548.0,11328.0
5779,5779,1024,2025-05-28,2025-07-12,45,10724.0,4053.0,14777.0
5780,5780,1008,2025-05-30,2025-06-29,30,78105.0,10023.0,88128.0
5781,5781,1016,2025-05-30,2025-06-29,30,73428.0,19333.0,92761.0
5782,5782,1070,2025-05-29,2025-06-13,15,22848.0,6832.0,29680.0
5783,5783,1026,2025-05-30,2025-07-14,45,68094.0,12654.0,80748.0
5784,5784,1028,2025-05-28,2025-06-12,15,11633.0,4176.0,15809.0
5785,5785,1049,2025-05-31,2025-06-15,15,76652.0,21637.0,98289.0
5786,5786,1122,2025-05-29,2025-06-28,30,26634.0,5606.0,32240.0
5787,5787,1030,2025-06-01,2025-07-01,30,59295.0,14361.0,73656.0
5788,5788,1057,2025-05-28,2025-06-12,15,16306.0,4518.0,20824.0
5789,5789,1065,2025-05-30,2025-07-14,45,32648.0,8200.0,40848.0
5790,5790,1005,2025-05-30,2025-07-14,45,22632.0,4982.0,27614.0
5791,5791,1044,2025-06-01,2025-07-01,30,100284.0,36837.0,137121.0
5792,5792,1032,2025-05-30,2025-06-29,30,22428.0,8345.0,30773.0
5793,5793,1002,2025-06-02,2025-07-02,30,58265.0,11108.0,69373.0
5794,5794,1116,2025-05-30,2025-06-29,30,20870.0,4501.0,25371.0
5795,5795,1039,2025-05-31,2025-07-15,45,37461.0,8586.0,46047.0
5796,5796,1062,2025-05-30,2025-07-14,45,45592.0,16234.0,61826.0
5797,5797,1070,2025-06-02,2025-07-02,30,67215.0,18594.0,85809.0
5798,5798,1093,2025-05-31,2025-06-30,30,33327.0,8433.0,41760.0
5799,5799,1005,2025-05-29,2025-07-13,45,19083.0,7108.0,26191.0
5800,5800,1116,2025-05-29,2025-07-13,45,20426.0,5080.0,25506.0
5801,5801,1074,2025-05-30,2025-06-29,30,23732.0,4076.0,27808.0
5802,5802,1068,2025-05-30,2025-06-29,30,37080.0,12650.0,49730.0
5803,5803,1090,2025-05-29,2025-07-13,45,25000.0,4892.0,29892.0
5804,5804,1073,2025-05-31,2025-06-15,15,34746.0,12969.0,47715.0
5805,5805,1074,2025-05-30,2025-07-14,45,26216.0,7701.0,33917.0
5806,5806,1031,2025-05-29,2025-06-28,30,12891.0,2724.0,15615.0
5807,5807,1042,2025-05-29,2025-06-13,15,11638.0,3715.0,15353.0
5808,5808,1040,2025-05-29,2025-06-28,30,11554.0,1531.0,13085.0
5809,5809,1091,2025-05-29,2025-06-13,15,11878.0,2685.0,14563.0
5810,5810,1063,2025-05-29,2025-06-28,30,17432.0,3119.0,20551.0
5811,5811,1080,2025-05-30,2025-06-29,30,21278.0,6146.0,27424.0
5812,5812,1112,2025-06-01,2025-07-01,30,48908.0,7835.0,56743.0
5813,5813,1003,2025-05-30,2025-06-14,15,40962.0,5408.0,46370.0
5814,5814,1088,2025-05-30,2025-06-29,30,60226.0,8477.0,68703.0
5815,5815,1051,2025-05-29,2025-07-13,45,19367.0,4342.0,23709.0
5816,5816,1038,2025-05-30,2025-07-14,45,24266.0,5375.0,29641.0
5817,5817,1048,2025-06-01,2025-07-01,30,69296.0,23823.0,93119.0
5818,5818,1089,2025-05-30,2025-06-14,15,36946.0,11247.0,48193.0
5819,5819,1012,2025-05-30,2025-06-29,30,34450.0,7802.0,42252.0
5820,5820,1020,2025-05-29,2025-06-28,30,23138.0,8133.0,31271.0
5821,5821,1065,2025-05-30,2025-06-29,30,22978.0,5377.0,28355.0
5822,5822,1013,2025-05-30,2025-06-29,30,30294.0,8151.0,38445.0
5823,5823,1125,2025-05-31,2025-06-30,30,26835.0,6359.0,33194.0
5824,5824,1045,2025-05-29,2025-07-13,45,16887.0,4082.0,20969.0
5825,5825,1093,2025-05-31,2025-06-30,30,23536.0,5154.0,28690.0
5826,5826,1001,2025-05-30,2025-06-29,30,12542.0,4027.0,16569.0
5827,5827,1097,2025-05-31,2025-07-15,45,57822.0,18220.0,76042.0
5828,5828,1124,2025-05-30,2025-06-29,30,12265.0,1533.0,13798.0
5829,5829,1104,2025-06-02,2025-07-17,45,88748.0,28442.0,117190.0
5830,5830,1037,2025-05-31,2025-06-15,15,21514.0,3919.0,25433.0
5831,5831,1060,2025-06-03,2025-07-03,30,79565.0,18228.0,97793.0
5832,5832,1124,2025-06-02,2025-06-17,15,53812.0,7442.0,61254.0
5833,5833,1060,2025-05-30,2025-06-29,30,9226.0,1885.0,11111.0
5834,5834,1067,2025-05-31,2025-06-30,30,63158.0,15284.0,78442.0
5835,5835,1039,2025-05-30,2025-07-14,45,24930.0,8684.0,33614.0
5836,5836,1031,2025-06-03,2025-07-18,45,93325.0,17175.0,110500.0
5837,5837,1060,2025-05-31,2025-07-15,45,31392.0,4157.0,35549.0
5838,5838,1081,2025-06-02,2025-07-02,30,68856.0,9776.0,78632.0
5839,5839,1060,2025-06-02,2025-06-17,15,98288.0,35520.0,133808.0
5840,5840,1044,2025-05-30,2025-07-14,45,15709.0,3054.0,18763.0
5841,5841,1029,2025-06-01,2025-07-01,30,73722.0,17034.0,90756.0
5842,5842,1074,2025-06-02,2025-07-02,30,97584.0,22855.0,120439.0
5843,5843,1069,2025-06-01,2025-07-16,45,31359.0,6086.0,37445.0
5844,5844,1124,2025-05-31,2025-06-30,30,28318.0,8256.0,36574.0
5845,5845,1037,2025-05-30,2025-06-14,15,11886.0,3941.0,15827.0
5846,5846,1017,2025-05-30,2025-07-14,45,10503.0,3410.0,13913.0
5847,5847,1100,2025-05-30,2025-06-29,30,11663.0,1533.0,13196.0
5848,5848,1005,2025-06-01,2025-07-01,30,69066.0,12131.0,81197.0
5849,5849,1077,2025-06-01,2025-07-16,45,36249.0,5994.0,42243.0
5850,5850,1117,2025-06-01,2025-07-01,30,55674.0,12144.0,67818.0
5851,5851,1014,2025-05-30,2025-07-14,45,9357.0,2750.0,12107.0
5852,5852,1117,2025-05-30,2025-06-29,30,23886.0,3524.0,27410.0
5853,5853,1054,2025-05-31,2025-06-30,30,21418.0,6410.0,27828.0
5854,5854,1017,2025-06-01,2025-07-01,30,47142.0,11532.0,58674.0
5855,5855,1043,2025-06-01,2025-07-01,30,64275.0,15450.0,79725.0
5856,5856,1074,2025-06-03,2025-07-03,30,85270.0,21857.0,107127.0
5857,5857,1098,2025-05-30,2025-07-14,45,16038.0,4327.0,20365.0
5858,5858,1101,2025-05-30,2025-06-14,15,15018.0,3552.0,18570.0
5859,5859,1032,2025-06-02,2025-07-02,30,49080.0,12922.0,62002.0
5860,5860,1095,2025-05-30,2025-06-14,15,19393.0,2971.0,22364.0
5861,5861,1042,2025-06-01,2025-07-01,30,37212.0,5823.0,43035.0
5862,5862,1091,2025-06-01,2025-06-16,15,31305.0,10538.0,41843.0
5863,5863,1059,2025-05-30,2025-06-29,30,22172.0,5373.0,27545.0
5864,5864,1063,2025-06-02,2025-06-17,15,44920.0,9541.0,54461.0
5865,5865,1034,2025-06-01,2025-07-01,30,37533.0,11877.0,49410.0
5866,5866,1052,2025-05-30,2025-06-14,15,17255.0,6314.0,23569.0
5867,5867,1057,2025-06-01,2025-07-01,30,33598.0,5741.0,39339.0
5868,5868,1074,2025-06-02,2025-06-17,15,60267.0,12103.0,72370.0
5869,5869,1003,2025-05-31,2025-07-15,45,11173.0,3044.0,14217.0
5870,5870,1086,2025-06-03,2025-07-03,30,42780.0,14100.0,56880.0
5871,5871,1072,2025-05-31,2025-07-15,45,15879.0,2327.0,18206.0
5872,5872,1106,2025-05-31,2025-07-15,45,18124.0,4127.0,22251.0
5873,5873,1030,2025-06-01,2025-06-16,15,59056.0,8514.0,67570.0
5874,5874,1087,2025-05-31,2025-07-15,45,13705.0,3358.0,17063.0
5875,5875,1020,2025-05-31,2025-06-30,30,10891.0,1597.0,12488.0
5876,5876,1082,2025-06-01,2025-06-16,15,26416.0,9054.0,35470.0
5877,5877,1030,2025-06-01,2025-07-01,30,32726.0,4124.0,36850.0
5878,5878,1007,2025-05-31,2025-06-30,30,11630.0,3956.0,15586.0
5879,5879,1012,2025-06-02,2025-07-02,30,35994.0,5908.0,41902.0
5880,5880,1064,2025-06-01,2025-07-01,30,21160.0,3950.0,25110.0
5881,5881,1035,2025-06-01,2025-07-01,30,21196.0,3333.0,24529.0
5882,5882,1087,2025-06-03,2025-07-03,30,41932.0,5722.0,47654.0
5883,5883,1048,2025-05-31,2025-06-15,15,12682.0,3694.0,16376.0
5884,5884,1030,2025-06-03,2025-07-03,30,123816.0,30973.0,154789.0
5885,5885,1012,2025-06-02,2025-07-02,30,50607.0,10132.0,60739.0
5886,5886,1114,2025-06-02,2025-07-17,45,85431.0,22312.0,107743.0
5887,5887,1079,2025-05-31,2025-06-30,30,11786.0,2837.0,14623.0
5888,5888,1079,2025-06-03,2025-07-03,30,103532.0,28793.0,132325.0
5889,5889,1046,2025-06-01,2025-07-01,30,29082.0,6114.0,35196.0
5890,5890,1056,2025-05-31,2025-06-30,30,16840.0,4104.0,20944.0
5891,5891,1053,2025-05-31,2025-06-30,30,25503.0,7832.0,33335.0
5892,5892,1096,2025-06-02,2025-07-02,30,28362.0,7136.0,35498.0
5893,5893,1047,2025-06-02,2025-06-17,15,32988.0,7952.0,40940.0
5894,5894,1017,2025-06-02,2025-07-02,30,63285.0,19050.0,82335.0
5895,5895,1038,2025-06-02,2025-06-17,15,36879.0,8277.0,45156.0
5896,5896,1050,2025-05-31,2025-06-15,15,11253.0,3623.0,14876.0
5897,5897,1010,2025-06-01,2025-07-16,45,31136.0,11632.0,42768.0
5898,5898,1055,2025-06-02,2025-07-02,30,32907.0,4572.0,37479.0
5899,5899,1006,2025-06-03,2025-07-18,45,46300.0,12412.0,58712.0
5900,5900,1094,2025-05-31,2025-06-15,15,11294.0,2755.0,14049.0
5901,5901,1068,2025-05-31,2025-06-15,15,12585.0,3732.0,16317.0
5902,5902,1005,2025-05-31,2025-06-30,30,18839.0,3270.0,22109.0
5903,5903,1072,2025-06-04,2025-07-19,45,65950.0,12345.0,78295.0
5904,5904,1091,2025-06-01,2025-07-01,30,37782.0,9864.0,47646.0
5905,5905,1120,2025-06-01,2025-07-01,30,31122.0,7398.0,38520.0
5906,5906,1085,2025-06-04,2025-07-04,30,69675.0,16653.0,86328.0
5907,5907,1049,2025-05-31,2025-06-30,30,14677.0,3771.0,18448.0
5908,5908,1122,2025-06-01,2025-07-01,30,22012.0,4080.0,26092.0
5909,5909,1015,2025-06-01,2025-07-01,30,22238.0,5782.0,28020.0
5910,5910,1020,2025-06-03,2025-07-03,30,52000.0,13767.0,65767.0
5911,5911,1029,2025-06-01,2025-07-01,30,10794.0,2969.0,13763.0
5912,5912,1052,2025-06-03,2025-07-03,30,49140.0,13940.0,63080.0
5913,5913,1077,2025-06-05,2025-06-20,15,83550.0,26654.0,110204.0
5914,5914,1037,2025-06-05,2025-06-20,15,80095.0,29205.0,109300.0
5915,5915,1011,2025-06-01,2025-07-01,30,15837.0,3897.0,19734.0
5916,5916,1066,2025-06-02,2025-07-02,30,24792.0,4351.0,29143.0
5917,5917,1072,2025-06-02,2025-07-02,30,32694.0,11035.0,43729.0
5918,5918,1006,2025-06-02,2025-06-17,15,21560.0,7237.0,28797.0
5919,5919,1052,2025-06-02,2025-06-17,15,23884.0,6639.0,30523.0
5920,5920,1081,2025-06-01,2025-07-16,45,11797.0,3984.0,15781.0
5921,5921,1003,2025-06-01,2025-07-01,30,17026.0,4875.0,21901.0
5922,5922,1098,2025-06-01,2025-07-16,45,18180.0,2845.0,21025.0
5923,5923,1062,2025-06-01,2025-07-01,30,28801.0,4242.0,33043.0
5924,5924,1072,2025-06-01,2025-07-01,30,18075.0,2723.0,20798.0
5925,5925,1054,2025-06-02,2025-07-17,45,35438.0,9818.0,45256.0
5926,5926,1019,2025-06-01,2025-06-16,15,12578.0,2447.0,15025.0
5927,5927,1123,2025-06-01,2025-07-01,30,13036.0,2111.0,15147.0
5928,5928,1076,2025-06-01,2025-07-01,30,31412.0,9461.0,40873.0
5929,5929,1005,2025-06-02,2025-07-02,30,47402.0,6604.0,54006.0
5930,5930,1052,2025-06-02,2025-07-17,45,34934.0,8751.0,43685.0
5931,5931,1018,2025-06-01,2025-07-16,45,19316.0,5325.0,24641.0
5932,5932,1037,2025-06-01,2025-07-01,30,12036.0,3784.0,15820.0
5933,5933,1004,2025-06-01,2025-06-16,15,13118.0,4399.0,17517.0
5934,5934,1120,2025-06-01,2025-07-16,45,11985.0,1810.0,13795.0
5935,5935,1092,2025-06-01,2025-07-01,30,12211.0,2501.0,14712.0
5936,5936,1035,2025-06-02,2025-07-17,45,24952.0,5893.0,30845.0
5937,5937,1064,2025-06-02,2025-07-02,30,22646.0,8383.0,31029.0
5938,5938,1044,2025-06-02,2025-07-17,45,34070.0,6649.0,40719.0
5939,5939,1008,2025-06-03,2025-07-03,30,33105.0,4431.0,37536.0
5940,5940,1005,2025-06-01,2025-07-16,45,11916.0,2698.0,14614.0
5941,5941,1109,2025-06-03,2025-07-18,45,41439.0,5677.0,47116.0
5942,5942,1095,2025-06-01,2025-06-16,15,21894.0,3284.0,25178.0
5943,5943,1109,2025-06-01,2025-07-01,30,10609.0,2719.0,13328.0
5944,5944,1053,2025-06-03,2025-07-03,30,53463.0,19655.0,73118.0
5945,5945,1015,2025-06-01,2025-07-16,45,11093.0,3071.0,14164.0
5946,5946,1036,2025-06-03,2025-07-03,30,18902.0,4720.0,23622.0
5947,5947,1011,2025-06-03,2025-07-03,30,27688.0,7151.0,34839.0
5948,5948,1107,2025-06-03,2025-07-03,30,20504.0,5691.0,26195.0
5949,5949,1019,2025-06-04,2025-06-19,15,42546.0,13816.0,56362.0
5950,5950,1020,2025-06-06,2025-07-06,30,51675.0,12817.0,64492.0
5951,5951,1060,2025-06-03,2025-07-03,30,19608.0,5610.0,25218.0
5952,5952,1029,2025-06-02,2025-07-02,30,9315.0,1631.0,10946.0
5953,5953,1020,2025-06-04,2025-06-19,15,60429.0,21633.0,82062.0
5954,5954,1016,2025-06-03,2025-07-03,30,19592.0,6078.0,25670.0
5955,5955,1001,2025-06-04,2025-06-19,15,59457.0,19507.0,78964.0
5956,5956,1101,2025-06-02,2025-06-17,15,10934.0,2639.0,13573.0
5957,5957,1105,2025-06-05,2025-07-20,45,100260.0,28569.0,128829.0
5958,5958,1041,2025-06-04,2025-07-19,45,36690.0,10905.0,47595.0
5959,5959,1093,2025-06-03,2025-06-18,15,43546.0,10243.0,53789.0
5960,5960,1028,2025-06-03,2025-07-03,30,25982.0,5428.0,31410.0
5961,5961,1097,2025-06-06,2025-06-21,15,51045.0,7121.0,58166.0
5962,5962,1110,2025-06-02,2025-06-17,15,10066.0,3599.0,13665.0
5963,5963,1090,2025-06-02,2025-07-02,30,16985.0,3513.0,20498.0
5964,5964,1057,2025-06-02,2025-07-02,30,14127.0,1978.0,16105.0
5965,5965,1054,2025-06-04,2025-07-19,45,54057.0,9702.0,63759.0
5966,5966,1104,2025-06-04,2025-07-04,30,30561.0,4023.0,34584.0
5967,5967,1068,2025-06-03,2025-07-03,30,37604.0,13161.0,50765.0
5968,5968,1104,2025-06-02,2025-07-17,45,9107.0,2918.0,12025.0
5969,5969,1098,2025-06-04,2025-07-04,30,74364.0,11230.0,85594.0
5970,5970,1077,2025-06-02,2025-06-17,15,10276.0,2243.0,12519.0
5971,5971,1120,2025-06-02,2025-07-17,45,10443.0,2104.0,12547.0
5972,5972,1079,2025-06-02,2025-07-02,30,9994.0,2879.0,12873.0
5973,5973,1014,2025-06-03,2025-07-03,30,41832.0,15045.0,56877.0
5974,5974,1079,2025-06-03,2025-07-03,30,28188.0,7145.0,35333.0
5975,5975,1107,2025-06-02,2025-07-02,30,10196.0,3349.0,13545.0
5976,5976,1104,2025-06-02,2025-06-17,15,9831.0,1921.0,11752.0
5977,5977,1063,2025-06-02,2025-07-17,45,9753.0,1761.0,11514.0
5978,5978,1108,2025-06-03,2025-07-03,30,38832.0,5974.0,44806.0
5979,5979,1053,2025-06-02,2025-07-02,30,9309.0,1747.0,11056.0
5980,5980,1005,2025-06-02,2025-07-17,45,26209.0,4289.0,30498.0
5981,5981,1052,2025-06-02,2025-07-17,45,8250.0,2200.0,10450.0
5982,5982,1105,2025-06-03,2025-06-18,15,10075.0,3393.0,13468.0
5983,5983,1009,2025-06-03,2025-07-18,45,12782.0,4125.0,16907.0
5984,5984,1007,2025-06-06,2025-07-21,45,39856.0,6146.0,46002.0
5985,5985,1097,2025-06-04,2025-07-19,45,38930.0,14783.0,53713.0
5986,5986,1041,2025-06-04,2025-07-19,45,21288.0,7194.0,28482.0
5987,5987,1026,2025-06-03,2025-06-18,15,13118.0,1736.0,14854.0
5988,5988,1010,2025-06-06,2025-07-21,45,115680.0,21155.0,136835.0
5989,5989,1107,2025-06-04,2025-06-19,15,22016.0,3905.0,25921.0
5990,5990,1037,2025-06-03,2025-07-03,30,10068.0,2751.0,12819.0
5991,5991,1043,2025-06-06,2025-07-06,30,40828.0,11342.0,52170.0
5992,5992,1067,2025-06-04,2025-07-04,30,51060.0,17199.0,68259.0
5993,5993,1090,2025-06-04,2025-07-19,45,22130.0,5449.0,27579.0
5994,5994,1100,2025-06-04,2025-07-04,30,38214.0,14144.0,52358.0
5995,5995,1047,2025-06-05,2025-07-05,30,42516.0,9663.0,52179.0
5996,5996,1103,2025-06-03,2025-07-18,45,10932.0,1833.0,12765.0
5997,5997,1045,2025-06-03,2025-06-18,15,14945.0,2376.0,17321.0
5998,5998,1107,2025-06-04,2025-07-04,30,19684.0,4861.0,24545.0
5999,5999,1124,2025-06-03,2025-07-03,30,8999.0,2130.0,11129.0
6000,6000,1064,2025-06-03,2025-06-18,15,15186.0,2806.0,17992.0
6001,6001,1102,2025-06-03,2025-07-03,30,13922.0,4632.0,18554.0
6002,6002,1125,2025-06-04,2025-06-19,15,24310.0,5976.0,30286.0
6003,6003,1062,2025-06-05,2025-07-05,30,42087.0,7279.0,49366.0
6004,6004,1119,2025-06-04,2025-07-04,30,31794.0,7205.0,38999.0
6005,6005,1016,2025-06-03,2025-07-18,45,21152.0,7363.0,28515.0
6006,6006,1001,2025-06-04,2025-06-19,15,38832.0,6687.0,45519.0
6007,6007,1112,2025-06-04,2025-07-04,30,19952.0,6117.0,26069.0
6008,6008,1050,2025-06-03,2025-07-03,30,10826.0,3493.0,14319.0
6009,6009,1076,2025-06-03,2025-07-03,30,10753.0,3153.0,13906.0
6010,6010,1052,2025-06-03,2025-07-03,30,14401.0,4355.0,18756.0
6011,6011,1058,2025-06-04,2025-07-04,30,18216.0,4288.0,22504.0
6012,6012,1063,2025-06-06,2025-07-06,30,37648.0,8057.0,45705.0
6013,6013,1031,2025-06-06,2025-06-21,15,37560.0,11042.0,48602.0
6014,6014,1051,2025-06-03,2025-07-03,30,11163.0,2494.0,13657.0
6015,6015,1047,2025-06-05,2025-07-05,30,29274.0,7461.0,36735.0
6016,6016,1119,2025-06-04,2025-06-19,15,20128.0,6058.0,26186.0
6017,6017,1086,2025-06-07,2025-07-07,30,49795.0,15556.0,65351.0
6018,6018,1011,2025-06-07,2025-07-22,45,46225.0,16127.0,62352.0
6019,6019,1109,2025-06-04,2025-07-04,30,44576.0,13790.0,58366.0
6020,6020,1080,2025-06-03,2025-06-18,15,14370.0,5238.0,19608.0
6021,6021,1087,2025-06-04,2025-07-04,30,14435.0,2210.0,16645.0
6022,6022,1025,2025-06-05,2025-06-20,15,28710.0,6043.0,34753.0
6023,6023,1098,2025-06-04,2025-06-19,15,15196.0,2882.0,18078.0
6024,6024,1105,2025-06-08,2025-07-23,45,64990.0,22829.0,87819.0
6025,6025,1008,2025-06-05,2025-07-05,30,28056.0,8602.0,36658.0
6026,6026,1087,2025-06-04,2025-07-19,45,9407.0,1473.0,10880.0
6027,6027,1110,2025-06-08,2025-06-23,15,99770.0,30048.0,129818.0
6028,6028,1054,2025-06-05,2025-07-05,30,49422.0,17066.0,66488.0
6029,6029,1018,2025-06-04,2025-07-04,30,10035.0,2511.0,12546.0
6030,6030,1011,2025-06-04,2025-06-19,15,17871.0,6578.0,24449.0
6031,6031,1082,2025-06-08,2025-06-23,15,76100.0,10399.0,86499.0
6032,6032,1004,2025-06-08,2025-06-23,15,75925.0,14811.0,90736.0
6033,6033,1031,2025-06-05,2025-06-20,15,19178.0,3362.0,22540.0
6034,6034,1079,2025-06-04,2025-07-04,30,9111.0,1146.0,10257.0
6035,6035,1019,2025-06-05,2025-07-05,30,28144.0,9511.0,37655.0
6036,6036,1074,2025-06-05,2025-06-20,15,22782.0,7810.0,30592.0
6037,6037,1020,2025-06-06,2025-06-21,15,47928.0,12420.0,60348.0
6038,6038,1059,2025-06-05,2025-06-20,15,44832.0,8030.0,52862.0
6039,6039,1078,2025-06-04,2025-07-04,30,19926.0,6440.0,26366.0
6040,6040,1022,2025-06-05,2025-07-20,45,55724.0,11547.0,67271.0
6041,6041,1039,2025-06-04,2025-07-04,30,18751.0,6036.0,24787.0
6042,6042,1103,2025-06-04,2025-07-04,30,14855.0,1797.0,16652.0
6043,6043,1015,2025-06-05,2025-07-05,30,39168.0,11373.0,50541.0
6044,6044,1101,2025-06-07,2025-07-07,30,72484.0,20099.0,92583.0
6045,6045,1004,2025-06-04,2025-07-19,45,22255.0,4641.0,26896.0
6046,6046,1043,2025-06-05,2025-07-05,30,20178.0,4377.0,24555.0
6047,6047,1082,2025-06-04,2025-07-04,30,9953.0,2097.0,12050.0
6048,6048,1062,2025-06-06,2025-07-06,30,57822.0,8143.0,65965.0
6049,6049,1089,2025-06-07,2025-06-22,15,62940.0,18395.0,81335.0
6050,6050,1050,2025-06-06,2025-07-06,30,28239.0,7131.0,35370.0
6051,6051,1051,2025-06-05,2025-07-05,30,41806.0,15710.0,57516.0
6052,6052,1042,2025-06-04,2025-07-04,30,11046.0,3878.0,14924.0
6053,6053,1085,2025-06-04,2025-07-04,30,14858.0,4594.0,19452.0
6054,6054,1099,2025-06-05,2025-07-05,30,30602.0,9915.0,40517.0
6055,6055,1046,2025-06-05,2025-07-20,45,17862.0,4455.0,22317.0
6056,6056,1045,2025-06-07,2025-06-22,15,75480.0,17518.0,92998.0
6057,6057,1088,2025-06-08,2025-07-08,30,49370.0,13639.0,63009.0
6058,6058,1051,2025-06-04,2025-06-19,15,10768.0,2080.0,12848.0
6059,6059,1046,2025-06-05,2025-07-05,30,37832.0,10039.0,47871.0
6060,6060,1014,2025-06-06,2025-07-06,30,29466.0,3664.0,33130.0
6061,6061,1027,2025-06-05,2025-07-20,45,19684.0,5348.0,25032.0
6062,6062,1051,2025-06-04,2025-07-04,30,9435.0,1586.0,11021.0
6063,6063,1022,2025-06-04,2025-06-19,15,19150.0,7105.0,26255.0
6064,6064,1066,2025-06-08,2025-07-08,30,64810.0,17348.0,82158.0
6065,6065,1114,2025-06-05,2025-07-05,30,26280.0,4819.0,31099.0
6066,6066,1030,2025-06-07,2025-07-22,45,32628.0,9068.0,41696.0
6067,6067,1038,2025-06-09,2025-06-24,15,76095.0,9213.0,85308.0
6068,6068,1058,2025-06-05,2025-07-05,30,14680.0,5449.0,20129.0
6069,6069,1061,2025-06-06,2025-06-21,15,51492.0,14630.0,66122.0
6070,6070,1090,2025-06-07,2025-06-22,15,29124.0,7497.0,36621.0
6071,6071,1042,2025-06-08,2025-07-08,30,36004.0,5977.0,41981.0
6072,6072,1091,2025-06-06,2025-07-06,30,19380.0,5149.0,24529.0
6073,6073,1005,2025-06-09,2025-06-24,15,50880.0,15962.0,66842.0
6074,6074,1017,2025-06-06,2025-07-06,30,29222.0,9318.0,38540.0
6075,6075,1002,2025-06-05,2025-06-20,15,8662.0,3157.0,11819.0
6076,6076,1020,2025-06-05,2025-07-20,45,10381.0,1830.0,12211.0
6077,6077,1116,2025-06-06,2025-06-21,15,30272.0,7984.0,38256.0
6078,6078,1059,2025-06-05,2025-06-20,15,10168.0,2592.0,12760.0
6079,6079,1056,2025-06-05,2025-07-05,30,9324.0,2900.0,12224.0
6080,6080,1112,2025-06-05,2025-07-20,45,15945.0,4830.0,20775.0
6081,6081,1108,2025-06-06,2025-07-06,30,20206.0,7614.0,27820.0
6082,6082,1040,2025-06-06,2025-07-06,30,34832.0,7986.0,42818.0
6083,6083,1048,2025-06-05,2025-07-05,30,9444.0,2879.0,12323.0
6084,6084,1034,2025-06-05,2025-06-20,15,9249.0,1493.0,10742.0
6085,6085,1043,2025-06-06,2025-07-06,30,13927.0,4580.0,18507.0
6086,6086,1013,2025-06-06,2025-07-06,30,16376.0,5868.0,22244.0
6087,6087,1067,2025-06-06,2025-06-21,15,12888.0,2878.0,15766.0
6088,6088,1046,2025-06-06,2025-07-06,30,10534.0,1278.0,11812.0
6089,6089,1074,2025-06-08,2025-07-08,30,32073.0,7131.0,39204.0
6090,6090,1099,2025-06-07,2025-06-22,15,38878.0,8296.0,47174.0
6091,6091,1032,2025-06-06,2025-07-06,30,9671.0,1924.0,11595.0
6092,6092,1071,2025-06-06,2025-06-21,15,14993.0,4310.0,19303.0
6093,6093,1057,2025-06-06,2025-06-21,15,20412.0,4673.0,25085.0
6094,6094,1095,2025-06-06,2025-07-21,45,15591.0,5643.0,21234.0
6095,6095,1121,2025-06-08,2025-07-08,30,27282.0,9349.0,36631.0
6096,6096,1047,2025-06-09,2025-06-24,15,39660.0,8023.0,47683.0
6097,6097,1042,2025-06-06,2025-06-21,15,9676.0,1442.0,11118.0
6098,6098,1060,2025-06-08,2025-07-08,30,30927.0,6283.0,37210.0
6099,6099,1057,2025-06-07,2025-07-22,45,18886.0,5207.0,24093.0
6100,6100,1003,2025-06-07,2025-07-22,45,20448.0,2741.0,23189.0
6101,6101,1001,2025-06-10,2025-07-25,45,42580.0,8963.0,51543.0
6102,6102,1070,2025-06-07,2025-07-07,30,27936.0,5898.0,33834.0
6103,6103,1023,2025-06-08,2025-06-23,15,27834.0,10050.0,37884.0
6104,6104,1090,2025-06-09,2025-07-09,30,66828.0,10663.0,77491.0
6105,6105,1024,2025-06-08,2025-06-23,15,29316.0,3527.0,32843.0
6106,6106,1053,2025-06-08,2025-07-23,45,26523.0,9628.0,36151.0
6107,6107,1088,2025-06-07,2025-07-07,30,20476.0,4718.0,25194.0
6108,6108,1071,2025-06-07,2025-07-07,30,19726.0,7463.0,27189.0
6109,6109,1057,2025-06-08,2025-07-08,30,24750.0,3834.0,28584.0
6110,6110,1014,2025-06-06,2025-07-06,30,20651.0,6442.0,27093.0
6111,6111,1124,2025-06-07,2025-07-07,30,22852.0,5664.0,28516.0
6112,6112,1103,2025-06-07,2025-07-22,45,28208.0,7672.0,35880.0
6113,6113,1100,2025-06-09,2025-07-09,30,60444.0,9413.0,69857.0
6114,6114,1100,2025-06-07,2025-07-22,45,19576.0,5101.0,24677.0
6115,6115,1096,2025-06-06,2025-07-06,30,9782.0,1595.0,11377.0
6116,6116,1114,2025-06-08,2025-06-23,15,32205.0,5835.0,38040.0
6117,6117,1036,2025-06-07,2025-07-07,30,26796.0,7013.0,33809.0
6118,6118,1032,2025-06-06,2025-07-06,30,8255.0,2810.0,11065.0
6119,6119,1109,2025-06-07,2025-07-07,30,24060.0,7145.0,31205.0
6120,6120,1119,2025-06-07,2025-07-07,30,29424.0,4524.0,33948.0
6121,6121,1028,2025-06-07,2025-07-07,30,20436.0,4735.0,25171.0
6122,6122,1067,2025-06-07,2025-06-22,15,24418.0,9176.0,33594.0
6123,6123,1121,2025-06-08,2025-07-08,30,16864.0,3709.0,20573.0
6124,6124,1099,2025-06-08,2025-07-08,30,27126.0,4290.0,31416.0
6125,6125,1051,2025-06-07,2025-06-22,15,9088.0,1363.0,10451.0
6126,6126,1061,2025-06-07,2025-07-22,45,12893.0,4365.0,17258.0
6127,6127,1079,2025-06-08,2025-06-23,15,18850.0,7018.0,25868.0
6128,6128,1060,2025-06-10,2025-06-25,15,98904.0,33039.0,131943.0
6129,6129,1103,2025-06-08,2025-07-08,30,30574.0,9144.0,39718.0
6130,6130,1107,2025-06-07,2025-07-07,30,8902.0,1427.0,10329.0
6131,6131,1099,2025-06-08,2025-06-23,15,20422.0,5763.0,26185.0
6132,6132,1073,2025-06-07,2025-07-07,30,20148.0,6296.0,26444.0
6133,6133,1094,2025-06-08,2025-07-08,30,16836.0,4053.0,20889.0
6134,6134,1067,2025-06-07,2025-06-22,15,8250.0,2618.0,10868.0
6135,6135,1073,2025-06-08,2025-07-08,30,19456.0,2978.0,22434.0
6136,6136,1047,2025-06-08,2025-07-08,30,30028.0,5789.0,35817.0
6137,6137,1029,2025-06-07,2025-07-22,45,12000.0,2023.0,14023.0
6138,6138,1049,2025-06-08,2025-07-23,45,43600.0,16041.0,59641.0
6139,6139,1040,2025-06-07,2025-06-22,15,9813.0,2493.0,12306.0
6140,6140,1084,2025-06-08,2025-07-08,30,30684.0,6467.0,37151.0
6141,6141,1060,2025-06-09,2025-06-24,15,54354.0,18104.0,72458.0
6142,6142,1085,2025-06-07,2025-07-07,30,19122.0,4992.0,24114.0
6143,6143,1069,2025-06-08,2025-06-23,15,19014.0,4633.0,23647.0
6144,6144,1042,2025-06-08,2025-07-23,45,20612.0,3841.0,24453.0
6145,6145,1075,2025-06-07,2025-07-07,30,11081.0,3467.0,14548.0
6146,6146,1094,2025-06-07,2025-07-07,30,13422.0,3432.0,16854.0
6147,6147,1018,2025-06-07,2025-07-07,30,11070.0,1832.0,12902.0
6148,6148,1041,2025-06-09,2025-06-24,15,61167.0,14031.0,75198.0
6149,6149,1037,2025-06-09,2025-06-24,15,46806.0,16804.0,63610.0
6150,6150,1017,2025-06-07,2025-07-07,30,14996.0,2092.0,17088.0
6151,6151,1114,2025-06-09,2025-06-24,15,17864.0,3321.0,21185.0
6152,6152,1048,2025-06-08,2025-06-23,15,10402.0,3607.0,14009.0
6153,6153,1006,2025-06-09,2025-07-09,30,20568.0,7116.0,27684.0
6154,6154,1054,2025-06-09,2025-07-09,30,19334.0,3516.0,22850.0
6155,6155,1061,2025-06-08,2025-07-08,30,18989.0,3378.0,22367.0
6156,6156,1071,2025-06-08,2025-07-23,45,26440.0,3758.0,30198.0
6157,6157,1087,2025-06-11,2025-07-26,45,60108.0,17401.0,77509.0
6158,6158,1042,2025-06-10,2025-07-10,30,42675.0,12533.0,55208.0
6159,6159,1117,2025-06-10,2025-06-25,15,32424.0,9744.0,42168.0
6160,6160,1081,2025-06-09,2025-06-24,15,44860.0,12763.0,57623.0
6161,6161,1086,2025-06-09,2025-07-09,30,18418.0,4565.0,22983.0
6162,6162,1104,2025-06-08,2025-07-08,30,9639.0,2023.0,11662.0
6163,6163,1043,2025-06-09,2025-07-09,30,41748.0,6866.0,48614.0
6164,6164,1069,2025-06-09,2025-06-24,15,19592.0,5582.0,25174.0
6165,6165,1063,2025-06-10,2025-07-10,30,44244.0,11036.0,55280.0
6166,6166,1077,2025-06-12,2025-06-27,15,55080.0,17940.0,73020.0
6167,6167,1095,2025-06-10,2025-07-25,45,31161.0,4012.0,35173.0
6168,6168,1085,2025-06-09,2025-07-24,45,50860.0,16081.0,66941.0
6169,6169,1003,2025-06-10,2025-07-10,30,49686.0,16717.0,66403.0
6170,6170,1073,2025-06-10,2025-07-10,30,32211.0,5291.0,37502.0
6171,6171,1078,2025-06-11,2025-07-11,30,36760.0,13068.0,49828.0
6172,6172,1004,2025-06-09,2025-07-24,45,20826.0,7673.0,28499.0
6173,6173,1027,2025-06-08,2025-07-08,30,20147.0,5680.0,25827.0
6174,6174,1005,2025-06-08,2025-07-08,30,14603.0,5273.0,19876.0
6175,6175,1094,2025-06-09,2025-07-09,30,21126.0,4598.0,25724.0
6176,6176,1097,2025-06-09,2025-06-24,15,18986.0,4311.0,23297.0
6177,6177,1077,2025-06-08,2025-06-23,15,14674.0,3244.0,17918.0
6178,6178,1079,2025-06-11,2025-07-11,30,38628.0,8026.0,46654.0
6179,6179,1023,2025-06-08,2025-07-08,30,10230.0,2940.0,13170.0
6180,6180,1072,2025-06-08,2025-07-08,30,19904.0,6927.0,26831.0
6181,6181,1024,2025-06-08,2025-06-23,15,8619.0,1559.0,10178.0
6182,6182,1072,2025-06-08,2025-07-23,45,10201.0,2477.0,12678.0
6183,6183,1071,2025-06-10,2025-07-10,30,28350.0,6587.0,34937.0
6184,6184,1021,2025-06-08,2025-07-23,45,20124.0,5504.0,25628.0
6185,6185,1022,2025-06-09,2025-06-24,15,28524.0,10673.0,39197.0
6186,6186,1054,2025-06-10,2025-07-10,30,19380.0,5867.0,25247.0
6187,6187,1113,2025-06-10,2025-07-10,30,21388.0,5628.0,27016.0
6188,6188,1003,2025-06-10,2025-07-25,45,17690.0,5441.0,23131.0
6189,6189,1057,2025-06-12,2025-07-12,30,61128.0,20748.0,81876.0
6190,6190,1060,2025-06-10,2025-07-10,30,20788.0,5858.0,26646.0
6191,6191,1061,2025-06-10,2025-06-25,15,19796.0,5720.0,25516.0
6192,6192,1090,2025-06-12,2025-07-12,30,49756.0,10858.0,60614.0
6193,6193,1059,2025-06-10,2025-06-25,15,30310.0,6617.0,36927.0
6194,6194,1065,2025-06-09,2025-07-09,30,26944.0,9187.0,36131.0
6195,6195,1040,2025-06-13,2025-07-13,30,78205.0,20659.0,98864.0
6196,6196,1019,2025-06-10,2025-07-10,30,21652.0,7295.0,28947.0
6197,6197,1083,2025-06-11,2025-07-26,45,65808.0,14550.0,80358.0
6198,6198,1064,2025-06-09,2025-07-09,30,15161.0,2646.0,17807.0
6199,6199,1043,2025-06-10,2025-06-25,15,19808.0,3275.0,23083.0
6200,6200,1089,2025-06-11,2025-06-26,15,31290.0,8251.0,39541.0
6201,6201,1061,2025-06-10,2025-06-25,15,50580.0,17426.0,68006.0
6202,6202,1068,2025-06-10,2025-07-25,45,42866.0,15865.0,58731.0
6203,6203,1098,2025-06-09,2025-07-09,30,10248.0,2751.0,12999.0
6204,6204,1088,2025-06-09,2025-07-24,45,19913.0,6702.0,26615.0
6205,6205,1011,2025-06-11,2025-07-26,45,31989.0,6114.0,38103.0
6206,6206,1067,2025-06-12,2025-07-12,30,42522.0,9190.0,51712.0
6207,6207,1093,2025-06-13,2025-07-13,30,43408.0,5807.0,49215.0
6208,6208,1047,2025-06-11,2025-07-26,45,28820.0,8715.0,37535.0
6209,6209,1106,2025-06-11,2025-06-26,15,19716.0,5850.0,25566.0
6210,6210,1125,2025-06-10,2025-07-10,30,9637.0,2006.0,11643.0
6211,6211,1083,2025-06-11,2025-07-11,30,26206.0,6421.0,32627.0
6212,6212,1042,2025-06-11,2025-07-11,30,42978.0,10549.0,53527.0
6213,6213,1087,2025-06-10,2025-06-25,15,19755.0,4445.0,24200.0
6214,6214,1095,2025-06-12,2025-06-27,15,29667.0,8270.0,37937.0
6215,6215,1037,2025-06-12,2025-07-12,30,31797.0,6124.0,37921.0
6216,6216,1081,2025-06-10,2025-07-25,45,14717.0,2950.0,17667.0
6217,6217,1023,2025-06-12,2025-07-27,45,35961.0,10413.0,46374.0
6218,6218,1080,2025-06-13,2025-07-28,45,64464.0,15552.0,80016.0
6219,6219,1111,2025-06-11,2025-07-11,30,47714.0,10712.0,58426.0
6220,6220,1055,2025-06-11,2025-07-26,45,35496.0,5252.0,40748.0
6221,6221,1098,2025-06-13,2025-06-28,15,39572.0,14997.0,54569.0
6222,6222,1088,2025-06-10,2025-07-10,30,9293.0,1746.0,11039.0
6223,6223,1052,2025-06-12,2025-07-12,30,44619.0,10053.0,54672.0
6224,6224,1057,2025-06-10,2025-07-10,30,10456.0,3316.0,13772.0
6225,6225,1115,2025-06-13,2025-07-28,45,40428.0,5801.0,46229.0
6226,6226,1079,2025-06-10,2025-07-10,30,19236.0,5563.0,24799.0
6227,6227,1074,2025-06-13,2025-07-13,30,58924.0,14149.0,73073.0
6228,6228,1069,2025-06-12,2025-07-12,30,69786.0,19357.0,89143.0
6229,6229,1041,2025-06-12,2025-06-27,15,33630.0,10895.0,44525.0
6230,6230,1059,2025-06-12,2025-07-12,30,27450.0,6042.0,33492.0
6231,6231,1051,2025-06-12,2025-06-27,15,26445.0,9221.0,35666.0
6232,6232,1079,2025-06-10,2025-07-25,45,14191.0,4495.0,18686.0
6233,6233,1022,2025-06-10,2025-07-25,45,10172.0,2578.0,12750.0
6234,6234,1033,2025-06-10,2025-07-25,45,9004.0,3004.0,12008.0
6235,6235,1034,2025-06-10,2025-06-25,15,9393.0,2461.0,11854.0
6236,6236,1057,2025-06-10,2025-07-10,30,9707.0,2473.0,12180.0
6237,6237,1117,2025-06-11,2025-06-26,15,19041.0,7111.0,26152.0
6238,6238,1053,2025-06-12,2025-07-12,30,31370.0,8345.0,39715.0
6239,6239,1086,2025-06-14,2025-07-14,30,60052.0,13860.0,73912.0
6240,6240,1106,2025-06-11,2025-07-26,45,20395.0,7145.0,27540.0
6241,6241,1007,2025-06-11,2025-07-11,30,15142.0,1908.0,17050.0
6242,6242,1109,2025-06-12,2025-07-27,45,46784.0,14554.0,61338.0
6243,6243,1020,2025-06-14,2025-06-29,15,51848.0,13300.0,65148.0
6244,6244,1064,2025-06-14,2025-07-14,30,34880.0,8448.0,43328.0
6245,6245,1043,2025-06-11,2025-07-11,30,16885.0,5556.0,22441.0
6246,6246,1062,2025-06-13,2025-07-28,45,24792.0,4034.0,28826.0
6247,6247,1079,2025-06-12,2025-06-27,15,38896.0,10050.0,48946.0
6248,6248,1033,2025-06-11,2025-07-11,30,9479.0,1188.0,10667.0
6249,6249,1050,2025-06-12,2025-07-27,45,34830.0,10641.0,45471.0
6250,6250,1093,2025-06-11,2025-07-26,45,9544.0,1352.0,10896.0
6251,6251,1102,2025-06-11,2025-06-26,15,14548.0,2408.0,16956.0
6252,6252,1069,2025-06-11,2025-07-26,45,18002.0,5027.0,23029.0
6253,6253,1080,2025-06-11,2025-07-11,30,10143.0,1750.0,11893.0
6254,6254,1118,2025-06-11,2025-07-11,30,27194.0,10317.0,37511.0
6255,6255,1070,2025-06-12,2025-07-12,30,27942.0,7681.0,35623.0
6256,6256,1114,2025-06-14,2025-06-29,15,56608.0,20500.0,77108.0
6257,6257,1036,2025-06-11,2025-07-11,30,10834.0,3804.0,14638.0
6258,6258,1089,2025-06-14,2025-07-29,45,44464.0,14021.0,58485.0
6259,6259,1001,2025-06-12,2025-07-12,30,45202.0,7329.0,52531.0
6260,6260,1009,2025-06-15,2025-06-30,15,70255.0,16951.0,87206.0
6261,6261,1115,2025-06-12,2025-07-27,45,36916.0,8004.0,44920.0
6262,6262,1068,2025-06-12,2025-07-27,45,21434.0,7672.0,29106.0
6263,6263,1055,2025-06-11,2025-06-26,15,8618.0,3094.0,11712.0
6264,6264,1047,2025-06-13,2025-07-13,30,44358.0,11497.0,55855.0
6265,6265,1017,2025-06-13,2025-07-13,30,29271.0,8305.0,37576.0
6266,6266,1004,2025-06-11,2025-07-26,45,16457.0,2586.0,19043.0
6267,6267,1004,2025-06-11,2025-07-11,30,13955.0,3390.0,17345.0
6268,6268,1058,2025-06-15,2025-07-15,30,111100.0,22462.0,133562.0
6269,6269,1028,2025-06-11,2025-07-26,45,14795.0,3077.0,17872.0
6270,6270,1097,2025-06-15,2025-07-15,30,33000.0,5679.0,38679.0
6271,6271,1059,2025-06-12,2025-07-12,30,19030.0,5504.0,24534.0
6272,6272,1009,2025-06-13,2025-07-13,30,37516.0,8782.0,46298.0
6273,6273,1063,2025-06-12,2025-06-27,15,25982.0,3636.0,29618.0
6274,6274,1070,2025-06-12,2025-07-12,30,16127.0,4765.0,20892.0
6275,6275,1039,2025-06-12,2025-07-12,30,15973.0,2961.0,18934.0
6276,6276,1052,2025-06-15,2025-07-30,45,41892.0,7765.0,49657.0
6277,6277,1120,2025-06-13,2025-06-28,15,20124.0,4585.0,24709.0
6278,6278,1067,2025-06-13,2025-07-13,30,19240.0,6466.0,25706.0
6279,6279,1070,2025-06-12,2025-07-12,30,10729.0,1561.0,12290.0
6280,6280,1041,2025-06-13,2025-07-28,45,18818.0,5564.0,24382.0
6281,6281,1098,2025-06-13,2025-07-13,30,55260.0,8120.0,63380.0
6282,6282,1089,2025-06-13,2025-06-28,15,18786.0,4134.0,22920.0
6283,6283,1032,2025-06-16,2025-07-16,30,131685.0,27609.0,159294.0
6284,6284,1105,2025-06-12,2025-07-12,30,10003.0,2257.0,12260.0
6285,6285,1111,2025-06-13,2025-07-13,30,31950.0,11626.0,43576.0
6286,6286,1027,2025-06-14,2025-06-29,15,31794.0,7715.0,39509.0
6287,6287,1057,2025-06-15,2025-06-30,15,82472.0,29715.0,112187.0
6288,6288,1018,2025-06-14,2025-06-29,15,59091.0,22285.0,81376.0
6289,6289,1068,2025-06-13,2025-07-28,45,18862.0,3526.0,22388.0
6290,6290,1032,2025-06-13,2025-07-13,30,21322.0,6338.0,27660.0
6291,6291,1035,2025-06-13,2025-06-28,15,18722.0,5894.0,24616.0
6292,6292,1053,2025-06-12,2025-06-27,15,10079.0,1440.0,11519.0
6293,6293,1105,2025-06-13,2025-06-28,15,19576.0,3919.0,23495.0
6294,6294,1091,2025-06-14,2025-06-29,15,66096.0,18548.0,84644.0
6295,6295,1017,2025-06-12,2025-07-27,45,10809.0,2568.0,13377.0
6296,6296,1083,2025-06-15,2025-06-30,15,93144.0,15062.0,108206.0
6297,6297,1091,2025-06-12,2025-06-27,15,14727.0,4117.0,18844.0
6298,6298,1100,2025-06-12,2025-07-12,30,15779.0,2466.0,18245.0
6299,6299,1105,2025-06-14,2025-07-14,30,31803.0,11333.0,43136.0
6300,6300,1040,2025-06-13,2025-07-13,30,42462.0,16001.0,58463.0
6301,6301,1044,2025-06-14,2025-06-29,15,42912.0,13739.0,56651.0
6302,6302,1093,2025-06-15,2025-07-15,30,37796.0,11863.0,49659.0
6303,6303,1059,2025-06-14,2025-06-29,15,79221.0,14639.0,93860.0
6304,6304,1062,2025-06-12,2025-07-12,30,12067.0,2178.0,14245.0
6305,6305,1082,2025-06-13,2025-07-13,30,36932.0,6374.0,43306.0
6306,6306,1059,2025-06-12,2025-07-12,30,27260.0,5636.0,32896.0
6307,6307,1002,2025-06-13,2025-07-13,30,20886.0,3878.0,24764.0
6308,6308,1119,2025-06-16,2025-07-16,30,46740.0,16196.0,62936.0
6309,6309,1092,2025-06-14,2025-07-14,30,59322.0,10175.0,69497.0
6310,6310,1021,2025-06-14,2025-07-14,30,28080.0,8485.0,36565.0
6311,6311,1004,2025-06-14,2025-07-14,30,21904.0,5632.0,27536.0
6312,6312,1121,2025-06-15,2025-07-15,30,29925.0,11031.0,40956.0
6313,6313,1036,2025-06-15,2025-07-15,30,32976.0,9447.0,42423.0
6314,6314,1077,2025-06-14,2025-06-29,15,35758.0,9981.0,45739.0
6315,6315,1092,2025-06-13,2025-07-13,30,10488.0,3735.0,14223.0
6316,6316,1031,2025-06-16,2025-07-01,15,34740.0,9300.0,44040.0
6317,6317,1098,2025-06-14,2025-06-29,15,28540.0,9819.0,38359.0
6318,6318,1042,2025-06-14,2025-07-14,30,17828.0,6734.0,24562.0
6319,6319,1005,2025-06-14,2025-07-14,30,41630.0,5008.0,46638.0
6320,6320,1036,2025-06-13,2025-07-13,30,14728.0,2740.0,17468.0
6321,6321,1003,2025-06-13,2025-07-13,30,23954.0,7887.0,31841.0
6322,6322,1041,2025-06-15,2025-07-15,30,27066.0,5185.0,32251.0
6323,6323,1080,2025-06-14,2025-06-29,15,39346.0,8642.0,47988.0
6324,6324,1064,2025-06-15,2025-07-15,30,31479.0,5621.0,37100.0
6325,6325,1125,2025-06-13,2025-07-13,30,9458.0,1780.0,11238.0
6326,6326,1050,2025-06-16,2025-07-16,30,36720.0,6226.0,42946.0
6327,6327,1015,2025-06-15,2025-06-30,15,26784.0,7316.0,34100.0
6328,6328,1072,2025-06-14,2025-07-14,30,21610.0,7291.0,28901.0
6329,6329,1041,2025-06-13,2025-07-28,45,8472.0,2996.0,11468.0
6330,6330,1121,2025-06-16,2025-07-16,30,44172.0,7909.0,52081.0
6331,6331,1125,2025-06-15,2025-07-15,30,34032.0,9965.0,43997.0
6332,6332,1009,2025-06-15,2025-07-15,30,42288.0,14478.0,56766.0
6333,6333,1107,2025-06-15,2025-06-30,15,41940.0,5930.0,47870.0
6334,6334,1027,2025-06-14,2025-07-29,45,39128.0,13072.0,52200.0
6335,6335,1081,2025-06-15,2025-07-15,30,30456.0,9558.0,40014.0
6336,6336,1100,2025-06-14,2025-07-14,30,20358.0,4926.0,25284.0
6337,6337,1106,2025-06-13,2025-07-28,45,15721.0,4094.0,19815.0
6338,6338,1022,2025-06-15,2025-06-30,15,42948.0,6875.0,49823.0
6339,6339,1002,2025-06-13,2025-06-28,15,13902.0,4343.0,18245.0
6340,6340,1083,2025-06-13,2025-07-13,30,14520.0,4913.0,19433.0
6341,6341,1012,2025-06-15,2025-07-30,45,71235.0,23141.0,94376.0
6342,6342,1107,2025-06-15,2025-07-15,30,31530.0,10832.0,42362.0
6343,6343,1004,2025-06-15,2025-07-30,45,28090.0,8792.0,36882.0
6344,6344,1033,2025-06-16,2025-07-16,30,29280.0,3670.0,32950.0
6345,6345,1053,2025-06-16,2025-07-31,45,31437.0,8275.0,39712.0
6346,6346,1123,2025-06-15,2025-06-30,15,19006.0,5285.0,24291.0
6347,6347,1030,2025-06-14,2025-06-29,15,19655.0,6385.0,26040.0
6348,6348,1009,2025-06-15,2025-07-15,30,17242.0,5660.0,22902.0
6349,6349,1060,2025-06-15,2025-07-30,45,18902.0,3785.0,22687.0
6350,6350,1031,2025-06-15,2025-06-30,15,20206.0,7397.0,27603.0
6351,6351,1080,2025-06-14,2025-07-29,45,10697.0,3383.0,14080.0
6352,6352,1011,2025-06-16,2025-07-01,15,33024.0,12455.0,45479.0
6353,6353,1021,2025-06-14,2025-07-14,30,21088.0,3018.0,24106.0
6354,6354,1070,2025-06-18,2025-07-18,30,66290.0,12877.0,79167.0
6355,6355,1047,2025-06-16,2025-07-16,30,41910.0,11689.0,53599.0
6356,6356,1087,2025-06-14,2025-07-14,30,9297.0,3089.0,12386.0
6357,6357,1042,2025-06-15,2025-06-30,15,30258.0,10320.0,40578.0
6358,6358,1027,2025-06-15,2025-06-30,15,20272.0,2944.0,23216.0
6359,6359,1052,2025-06-18,2025-07-03,15,42340.0,11388.0,53728.0
6360,6360,1092,2025-06-18,2025-07-18,30,76820.0,18530.0,95350.0
6361,6361,1028,2025-06-18,2025-07-03,15,112470.0,40488.0,152958.0
6362,6362,1015,2025-06-17,2025-07-02,15,62240.0,8639.0,70879.0
6363,6363,1004,2025-06-16,2025-07-01,15,67884.0,11409.0,79293.0
6364,6364,1003,2025-06-16,2025-07-31,45,30669.0,4772.0,35441.0
6365,6365,1056,2025-06-18,2025-07-03,15,74340.0,20876.0,95216.0
6366,6366,1067,2025-06-15,2025-07-15,30,17778.0,5753.0,23531.0
6367,6367,1097,2025-06-15,2025-07-15,30,19426.0,6110.0,25536.0
6368,6368,1059,2025-06-15,2025-07-15,30,26326.0,9747.0,36073.0
6369,6369,1004,2025-06-14,2025-07-14,30,9891.0,3744.0,13635.0
6370,6370,1065,2025-06-16,2025-07-31,45,72573.0,13776.0,86349.0
6371,6371,1008,2025-06-14,2025-07-29,45,12911.0,3931.0,16842.0
6372,6372,1125,2025-06-17,2025-07-17,30,33000.0,5036.0,38036.0
6373,6373,1111,2025-06-18,2025-07-03,15,38948.0,7512.0,46460.0
6374,6374,1077,2025-06-15,2025-07-30,45,24875.0,6186.0,31061.0
6375,6375,1108,2025-06-16,2025-07-16,30,28892.0,8068.0,36960.0
6376,6376,1099,2025-06-16,2025-07-16,30,40706.0,9411.0,50117.0
6377,6377,1064,2025-06-17,2025-07-17,30,28713.0,3772.0,32485.0
6378,6378,1064,2025-06-17,2025-08-01,45,30249.0,7032.0,37281.0
6379,6379,1072,2025-06-15,2025-07-15,30,19820.0,7518.0,27338.0
6380,6380,1097,2025-06-15,2025-06-30,15,9942.0,1477.0,11419.0
6381,6381,1038,2025-06-18,2025-07-18,30,40372.0,13012.0,53384.0
6382,6382,1084,2025-06-17,2025-07-17,30,26556.0,8214.0,34770.0
6383,6383,1001,2025-06-16,2025-07-01,15,19090.0,3337.0,22427.0
6384,6384,1070,2025-06-16,2025-07-16,30,52518.0,6706.0,59224.0
6385,6385,1122,2025-06-15,2025-07-15,30,23760.0,6787.0,30547.0
6386,6386,1099,2025-06-15,2025-07-15,30,10274.0,3636.0,13910.0
6387,6387,1004,2025-06-16,2025-07-16,30,19006.0,5694.0,24700.0
6388,6388,1055,2025-06-18,2025-07-18,30,84572.0,20127.0,104699.0
6389,6389,1091,2025-06-16,2025-07-01,15,32108.0,8590.0,40698.0
6390,6390,1031,2025-06-16,2025-07-16,30,27946.0,4935.0,32881.0
6391,6391,1053,2025-06-15,2025-06-30,15,13916.0,2756.0,16672.0
6392,6392,1067,2025-06-16,2025-07-16,30,17302.0,5288.0,22590.0
6393,6393,1013,2025-06-16,2025-07-16,30,21152.0,2543.0,23695.0
6394,6394,1059,2025-06-16,2025-07-16,30,20906.0,3885.0,24791.0
6395,6395,1062,2025-06-18,2025-08-02,45,40148.0,13429.0,53577.0
6396,6396,1015,2025-06-15,2025-06-30,15,9596.0,1626.0,11222.0
6397,6397,1048,2025-06-15,2025-07-30,45,15709.0,3691.0,19400.0
6398,6398,1115,2025-06-16,2025-07-31,45,19206.0,5221.0,24427.0
6399,6399,1014,2025-06-16,2025-07-31,45,17404.0,5328.0,22732.0
6400,6400,1067,2025-06-18,2025-07-18,30,40504.0,6152.0,46656.0
6401,6401,1101,2025-06-16,2025-07-16,30,28162.0,6439.0,34601.0
6402,6402,1034,2025-06-15,2025-07-15,30,9366.0,3063.0,12429.0
6403,6403,1049,2025-06-16,2025-07-31,45,20814.0,5897.0,26711.0
6404,6404,1030,2025-06-15,2025-07-15,30,14801.0,1993.0,16794.0
6405,6405,1004,2025-06-15,2025-07-15,30,12210.0,3133.0,15343.0
6406,6406,1044,2025-06-18,2025-07-18,30,37740.0,7927.0,45667.0
6407,6407,1001,2025-06-17,2025-07-17,30,49922.0,11652.0,61574.0
6408,6408,1083,2025-06-16,2025-07-16,30,19897.0,3733.0,23630.0
6409,6409,1049,2025-06-16,2025-07-16,30,23814.0,3555.0,27369.0
6410,6410,1017,2025-06-17,2025-07-17,30,47534.0,13722.0,61256.0
6411,6411,1103,2025-06-18,2025-08-02,45,43770.0,14098.0,57868.0
6412,6412,1048,2025-06-18,2025-07-18,30,25800.0,9031.0,34831.0
6413,6413,1058,2025-06-19,2025-07-04,15,54452.0,11278.0,65730.0
6414,6414,1004,2025-06-18,2025-07-18,30,32895.0,7829.0,40724.0
6415,6415,1005,2025-06-17,2025-07-17,30,46808.0,8718.0,55526.0
6416,6416,1089,2025-06-16,2025-07-01,15,12109.0,2885.0,14994.0
6417,6417,1105,2025-06-19,2025-07-19,30,106456.0,26429.0,132885.0
6418,6418,1112,2025-06-16,2025-07-16,30,14122.0,2369.0,16491.0
6419,6419,1104,2025-06-17,2025-07-02,15,31194.0,4920.0,36114.0
6420,6420,1074,2025-06-17,2025-07-02,15,29036.0,6925.0,35961.0
6421,6421,1033,2025-06-18,2025-07-18,30,32175.0,8193.0,40368.0
6422,6422,1043,2025-06-18,2025-07-18,30,35067.0,9408.0,44475.0
6423,6423,1090,2025-06-18,2025-07-03,15,29727.0,8883.0,38610.0
6424,6424,1061,2025-06-17,2025-08-01,45,26180.0,3248.0,29428.0
6425,6425,1096,2025-06-17,2025-07-02,15,22948.0,6606.0,29554.0
6426,6426,1009,2025-06-19,2025-07-19,30,89920.0,31152.0,121072.0
6427,6427,1037,2025-06-17,2025-07-17,30,25506.0,6458.0,31964.0
6428,6428,1041,2025-06-16,2025-07-16,30,14812.0,5422.0,20234.0
6429,6429,1055,2025-06-18,2025-07-03,15,37089.0,9969.0,47058.0
6430,6430,1092,2025-06-18,2025-07-18,30,28311.0,10524.0,38835.0
6431,6431,1060,2025-06-20,2025-07-20,30,53560.0,14609.0,68169.0
6432,6432,1092,2025-06-19,2025-07-19,30,59236.0,16759.0,75995.0
6433,6433,1095,2025-06-17,2025-07-17,30,28048.0,8036.0,36084.0
6434,6434,1100,2025-06-19,2025-07-19,30,40304.0,13237.0,53541.0
6435,6435,1037,2025-06-17,2025-07-17,30,45630.0,9275.0,54905.0
6436,6436,1114,2025-06-18,2025-07-18,30,32565.0,9440.0,42005.0
6437,6437,1105,2025-06-17,2025-07-17,30,9247.0,2424.0,11671.0
6438,6438,1061,2025-06-17,2025-07-17,30,20755.0,5659.0,26414.0
6439,6439,1074,2025-06-20,2025-07-05,15,62580.0,22078.0,84658.0
6440,6440,1042,2025-06-17,2025-07-17,30,21228.0,4970.0,26198.0
6441,6441,1061,2025-06-18,2025-08-02,45,18996.0,6952.0,25948.0
6442,6442,1009,2025-06-17,2025-08-01,45,10776.0,3157.0,13933.0
6443,6443,1123,2025-06-20,2025-07-20,30,110292.0,33444.0,143736.0
6444,6444,1120,2025-06-20,2025-07-20,30,38332.0,7084.0,45416.0
6445,6445,1054,2025-06-19,2025-07-04,15,35133.0,11117.0,46250.0
6446,6446,1011,2025-06-17,2025-07-17,30,9864.0,3350.0,13214.0
6447,6447,1031,2025-06-21,2025-07-06,15,111500.0,27226.0,138726.0
6448,6448,1039,2025-06-18,2025-07-18,30,18954.0,3290.0,22244.0
6449,6449,1105,2025-06-18,2025-07-18,30,44450.0,16265.0,60715.0
6450,6450,1091,2025-06-18,2025-07-03,15,27590.0,9894.0,37484.0
6451,6451,1062,2025-06-18,2025-07-03,15,18632.0,4778.0,23410.0
6452,6452,1008,2025-06-18,2025-07-18,30,39116.0,8638.0,47754.0
6453,6453,1019,2025-06-18,2025-07-03,15,18062.0,3149.0,21211.0
6454,6454,1094,2025-06-17,2025-07-02,15,10630.0,3762.0,14392.0
6455,6455,1021,2025-06-19,2025-07-04,15,84006.0,25679.0,109685.0
6456,6456,1086,2025-06-18,2025-07-03,15,26068.0,7770.0,33838.0
6457,6457,1056,2025-06-19,2025-07-19,30,28020.0,7207.0,35227.0
6458,6458,1083,2025-06-19,2025-08-03,45,34161.0,4504.0,38665.0
6459,6459,1052,2025-06-18,2025-07-18,30,39328.0,8685.0,48013.0
6460,6460,1107,2025-06-19,2025-07-19,30,47466.0,10373.0,57839.0
6461,6461,1002,2025-06-19,2025-07-19,30,32079.0,9297.0,41376.0
6462,6462,1032,2025-06-19,2025-07-19,30,77454.0,16134.0,93588.0
6463,6463,1066,2025-06-19,2025-08-03,45,43341.0,8118.0,51459.0
6464,6464,1121,2025-06-18,2025-07-18,30,29130.0,5019.0,34149.0
6465,6465,1108,2025-06-17,2025-07-17,30,12485.0,4206.0,16691.0
6466,6466,1035,2025-06-19,2025-07-19,30,81183.0,10227.0,91410.0
6467,6467,1089,2025-06-18,2025-07-03,15,27024.0,9511.0,36535.0
6468,6468,1023,2025-06-19,2025-07-04,15,33369.0,10544.0,43913.0
6469,6469,1103,2025-06-17,2025-07-02,15,12389.0,2669.0,15058.0
6470,6470,1055,2025-06-20,2025-07-20,30,36896.0,8611.0,45507.0
6471,6471,1099,2025-06-18,2025-07-03,15,20848.0,3198.0,24046.0
6472,6472,1062,2025-06-22,2025-07-22,30,48150.0,16568.0,64718.0
6473,6473,1098,2025-06-18,2025-07-18,30,15356.0,4167.0,19523.0
6474,6474,1125,2025-06-18,2025-07-03,15,10070.0,2133.0,12203.0
6475,6475,1096,2025-06-19,2025-07-19,30,20564.0,4408.0,24972.0
6476,6476,1022,2025-06-22,2025-08-06,45,50235.0,15084.0,65319.0
6477,6477,1092,2025-06-19,2025-07-19,30,39832.0,8440.0,48272.0
6478,6478,1100,2025-06-22,2025-07-22,30,79910.0,12318.0,92228.0
6479,6479,1056,2025-06-20,2025-07-20,30,71592.0,22430.0,94022.0
6480,6480,1060,2025-06-18,2025-07-18,30,15107.0,5251.0,20358.0
6481,6481,1062,2025-06-19,2025-07-19,30,18688.0,4492.0,23180.0
6482,6482,1008,2025-06-19,2025-07-04,15,31260.0,6279.0,37539.0
6483,6483,1099,2025-06-19,2025-07-19,30,29720.0,6359.0,36079.0
6484,6484,1064,2025-06-21,2025-08-05,45,44520.0,16864.0,61384.0
6485,6485,1090,2025-06-18,2025-07-18,30,11022.0,3575.0,14597.0
6486,6486,1030,2025-06-20,2025-08-04,45,34299.0,11238.0,45537.0
6487,6487,1023,2025-06-21,2025-07-06,15,41048.0,13697.0,54745.0
6488,6488,1005,2025-06-20,2025-07-20,30,27135.0,7796.0,34931.0
6489,6489,1114,2025-06-18,2025-08-02,45,10029.0,2963.0,12992.0
6490,6490,1019,2025-06-19,2025-08-03,45,17360.0,2769.0,20129.0
6491,6491,1035,2025-06-18,2025-08-02,45,14754.0,3582.0,18336.0
6492,6492,1088,2025-06-18,2025-07-03,15,10725.0,2864.0,13589.0
6493,6493,1047,2025-06-19,2025-07-04,15,17852.0,6357.0,24209.0
6494,6494,1047,2025-06-20,2025-07-05,15,29430.0,4924.0,34354.0
6495,6495,1057,2025-06-21,2025-07-06,15,62736.0,21255.0,83991.0
6496,6496,1081,2025-06-19,2025-08-03,45,19940.0,3020.0,22960.0
6497,6497,1085,2025-06-21,2025-07-21,30,36320.0,11438.0,47758.0
6498,6498,1081,2025-06-18,2025-07-18,30,10017.0,3693.0,13710.0
6499,6499,1089,2025-06-19,2025-08-03,45,18902.0,6074.0,24976.0
6500,6500,1070,2025-06-19,2025-07-19,30,22192.0,6416.0,28608.0
6501,6501,1027,2025-06-19,2025-08-03,45,49484.0,18400.0,67884.0
6502,6502,1083,2025-06-19,2025-07-19,30,29026.0,9851.0,38877.0
6503,6503,1034,2025-06-20,2025-08-04,45,19014.0,2512.0,21526.0
6504,6504,1005,2025-06-19,2025-07-04,15,14873.0,4061.0,18934.0
6505,6505,1060,2025-06-20,2025-07-20,30,22580.0,6566.0,29146.0
6506,6506,1089,2025-06-21,2025-07-21,30,60060.0,21823.0,81883.0
6507,6507,1066,2025-06-19,2025-07-04,15,10434.0,2956.0,13390.0
6508,6508,1100,2025-06-20,2025-07-05,15,22560.0,8547.0,31107.0
6509,6509,1043,2025-06-21,2025-07-21,30,28746.0,4689.0,33435.0
6510,6510,1082,2025-06-20,2025-07-05,15,19636.0,7421.0,27057.0
6511,6511,1029,2025-06-19,2025-08-03,45,13001.0,2351.0,15352.0
6512,6512,1074,2025-06-20,2025-07-05,15,43698.0,15695.0,59393.0
6513,6513,1075,2025-06-20,2025-07-20,30,25660.0,5254.0,30914.0
6514,6514,1024,2025-06-20,2025-07-05,15,21740.0,3657.0,25397.0
6515,6515,1020,2025-06-22,2025-07-22,30,39624.0,14493.0,54117.0
6516,6516,1038,2025-06-20,2025-07-20,30,19920.0,3876.0,23796.0
6517,6517,1077,2025-06-21,2025-07-21,30,33267.0,12426.0,45693.0
6518,6518,1073,2025-06-20,2025-07-20,30,28426.0,4563.0,32989.0
6519,6519,1047,2025-06-21,2025-07-06,15,31245.0,5336.0,36581.0
6520,6520,1063,2025-06-21,2025-07-21,30,30435.0,6544.0,36979.0
6521,6521,1012,2025-06-19,2025-08-03,45,10024.0,3121.0,13145.0
6522,6522,1086,2025-06-19,2025-07-19,30,9376.0,1383.0,10759.0
6523,6523,1045,2025-06-21,2025-07-21,30,30024.0,8106.0,38130.0
6524,6524,1022,2025-06-21,2025-07-06,15,41979.0,6933.0,48912.0
6525,6525,1058,2025-06-19,2025-07-04,15,16887.0,4185.0,21072.0
6526,6526,1103,2025-06-19,2025-07-19,30,9194.0,3097.0,12291.0
6527,6527,1039,2025-06-19,2025-07-19,30,10254.0,3862.0,14116.0
6528,6528,1027,2025-06-20,2025-07-20,30,28256.0,3814.0,32070.0
6529,6529,1039,2025-06-21,2025-07-06,15,51594.0,14922.0,66516.0
6530,6530,1026,2025-06-20,2025-08-04,45,42970.0,6741.0,49711.0
6531,6531,1081,2025-06-20,2025-07-05,15,26682.0,7767.0,34449.0
6532,6532,1079,2025-06-19,2025-07-19,30,20576.0,6895.0,27471.0
6533,6533,1118,2025-06-20,2025-07-20,30,24910.0,6951.0,31861.0
6534,6534,1122,2025-06-22,2025-07-22,30,37932.0,13472.0,51404.0
6535,6535,1063,2025-06-19,2025-07-19,30,13483.0,4495.0,17978.0
6536,6536,1033,2025-06-21,2025-07-21,30,86751.0,27434.0,114185.0
6537,6537,1124,2025-06-21,2025-07-21,30,57231.0,15943.0,73174.0
6538,6538,1115,2025-06-20,2025-07-20,30,22348.0,7495.0,29843.0
6539,6539,1074,2025-06-19,2025-07-04,15,20753.0,5157.0,25910.0
6540,6540,1025,2025-06-19,2025-07-04,15,10196.0,2894.0,13090.0
6541,6541,1058,2025-06-21,2025-07-06,15,29199.0,4838.0,34037.0
6542,6542,1057,2025-06-20,2025-07-20,30,18672.0,2242.0,20914.0
6543,6543,1078,2025-06-21,2025-07-21,30,29268.0,7628.0,36896.0
6544,6544,1096,2025-06-20,2025-08-04,45,46358.0,6648.0,53006.0
6545,6545,1111,2025-06-19,2025-07-04,15,9883.0,1393.0,11276.0
6546,6546,1122,2025-06-20,2025-07-20,30,28012.0,7119.0,35131.0
6547,6547,1100,2025-06-19,2025-07-04,15,16436.0,4732.0,21168.0
6548,6548,1015,2025-06-20,2025-07-20,30,37964.0,13062.0,51026.0
6549,6549,1005,2025-06-19,2025-07-19,30,9623.0,2680.0,12303.0
6550,6550,1043,2025-06-20,2025-08-04,45,49188.0,6149.0,55337.0
6551,6551,1055,2025-06-20,2025-07-20,30,39472.0,9304.0,48776.0
6552,6552,1057,2025-06-20,2025-07-05,15,25207.0,6369.0,31576.0
6553,6553,1011,2025-06-21,2025-07-21,30,21672.0,4430.0,26102.0
6554,6554,1044,2025-06-20,2025-08-04,45,10807.0,2804.0,13611.0
6555,6555,1041,2025-06-22,2025-07-07,15,30678.0,6450.0,37128.0
6556,6556,1065,2025-06-21,2025-08-05,45,36646.0,5373.0,42019.0
6557,6557,1101,2025-06-22,2025-07-07,15,44055.0,10176.0,54231.0
6558,6558,1029,2025-06-20,2025-07-05,15,24852.0,8647.0,33499.0
6559,6559,1052,2025-06-21,2025-08-05,45,17632.0,5073.0,22705.0
6560,6560,1041,2025-06-22,2025-07-22,30,31596.0,9507.0,41103.0
6561,6561,1062,2025-06-22,2025-07-07,15,38004.0,14331.0,52335.0
6562,6562,1113,2025-06-21,2025-08-05,45,18368.0,6779.0,25147.0
6563,6563,1013,2025-06-20,2025-07-20,30,20960.0,2928.0,23888.0
6564,6564,1008,2025-06-20,2025-08-04,45,16904.0,5743.0,22647.0
6565,6565,1099,2025-06-23,2025-07-08,15,36060.0,5395.0,41455.0
6566,6566,1101,2025-06-20,2025-07-20,30,13492.0,3904.0,17396.0
6567,6567,1105,2025-06-20,2025-07-20,30,14773.0,5275.0,20048.0
6568,6568,1074,2025-06-21,2025-07-21,30,29508.0,4987.0,34495.0
6569,6569,1062,2025-06-21,2025-07-21,30,20314.0,2786.0,23100.0
6570,6570,1122,2025-06-20,2025-07-20,30,9014.0,2228.0,11242.0
6571,6571,1109,2025-06-23,2025-07-08,15,39660.0,5452.0,45112.0
6572,6572,1120,2025-06-22,2025-07-22,30,36000.0,6693.0,42693.0
6573,6573,1011,2025-06-20,2025-07-05,15,19163.0,7059.0,26222.0
6574,6574,1018,2025-06-21,2025-08-05,45,17752.0,5110.0,22862.0
6575,6575,1073,2025-06-20,2025-07-05,15,10121.0,2503.0,12624.0
6576,6576,1006,2025-06-23,2025-07-23,30,82116.0,22443.0,104559.0
6577,6577,1120,2025-06-23,2025-07-23,30,50744.0,19273.0,70017.0
6578,6578,1045,2025-06-21,2025-07-06,15,40256.0,13601.0,53857.0
6579,6579,1009,2025-06-22,2025-08-06,45,32097.0,5466.0,37563.0
6580,6580,1116,2025-06-23,2025-07-23,30,57800.0,7152.0,64952.0
6581,6581,1008,2025-06-24,2025-08-08,45,52300.0,9183.0,61483.0
6582,6582,1121,2025-06-21,2025-08-05,45,40068.0,7538.0,47606.0
6583,6583,1056,2025-06-20,2025-07-20,30,10095.0,2606.0,12701.0
6584,6584,1116,2025-06-21,2025-07-06,15,20490.0,3857.0,24347.0
6585,6585,1112,2025-06-22,2025-07-22,30,28683.0,8132.0,36815.0
6586,6586,1026,2025-06-22,2025-08-06,45,37371.0,7271.0,44642.0
6587,6587,1075,2025-06-20,2025-07-20,30,9862.0,2867.0,12729.0
6588,6588,1020,2025-06-20,2025-07-05,15,12429.0,2155.0,14584.0
6589,6589,1085,2025-06-22,2025-07-22,30,28338.0,7828.0,36166.0
6590,6590,1105,2025-06-22,2025-07-07,15,46287.0,11151.0,57438.0
6591,6591,1098,2025-06-22,2025-07-07,15,29086.0,7723.0,36809.0
6592,6592,1012,2025-06-22,2025-07-22,30,18878.0,2651.0,21529.0
6593,6593,1102,2025-06-23,2025-07-23,30,31386.0,5626.0,37012.0
6594,6594,1089,2025-06-22,2025-07-07,15,19688.0,3232.0,22920.0
6595,6595,1096,2025-06-23,2025-07-23,30,61593.0,13885.0,75478.0
6596,6596,1079,2025-06-22,2025-07-07,15,48856.0,15866.0,64722.0
6597,6597,1100,2025-06-21,2025-08-05,45,14283.0,5235.0,19518.0
6598,6598,1113,2025-06-21,2025-07-21,30,13972.0,1794.0,15766.0
6599,6599,1088,2025-06-23,2025-07-23,30,31413.0,4791.0,36204.0
6600,6600,1106,2025-06-23,2025-07-23,30,76968.0,18660.0,95628.0
6601,6601,1051,2025-06-24,2025-08-08,45,39156.0,13197.0,52353.0
6602,6602,1045,2025-06-22,2025-07-22,30,17522.0,3445.0,20967.0
6603,6603,1078,2025-06-21,2025-07-21,30,12455.0,2669.0,15124.0
6604,6604,1080,2025-06-21,2025-07-21,30,19590.0,3060.0,22650.0
6605,6605,1057,2025-06-24,2025-07-09,15,39212.0,5538.0,44750.0
6606,6606,1037,2025-06-21,2025-07-21,30,18783.0,3598.0,22381.0
6607,6607,1113,2025-06-23,2025-08-07,45,26730.0,6548.0,33278.0
6608,6608,1037,2025-06-21,2025-07-06,15,12644.0,3918.0,16562.0
6609,6609,1016,2025-06-22,2025-07-22,30,31678.0,11205.0,42883.0
6610,6610,1117,2025-06-21,2025-07-06,15,10437.0,1685.0,12122.0
6611,6611,1050,2025-06-25,2025-07-25,30,47285.0,6224.0,53509.0
6612,6612,1050,2025-06-23,2025-07-23,30,33150.0,5669.0,38819.0
6613,6613,1002,2025-06-23,2025-08-07,45,31734.0,8183.0,39917.0
6614,6614,1113,2025-06-21,2025-08-05,45,14055.0,4182.0,18237.0
6615,6615,1087,2025-06-24,2025-07-24,30,68484.0,18174.0,86658.0
6616,6616,1064,2025-06-23,2025-07-23,30,28752.0,3945.0,32697.0
6617,6617,1021,2025-06-23,2025-07-23,30,44679.0,10126.0,54805.0
6618,6618,1092,2025-06-22,2025-08-06,45,20828.0,3588.0,24416.0
6619,6619,1124,2025-06-21,2025-08-05,45,19479.0,6617.0,26096.0
6620,6620,1067,2025-06-21,2025-07-21,30,9740.0,1930.0,11670.0
6621,6621,1040,2025-06-23,2025-07-08,15,30096.0,7680.0,37776.0
6622,6622,1008,2025-06-24,2025-07-09,15,66560.0,8408.0,74968.0
6623,6623,1117,2025-06-21,2025-07-21,30,11142.0,1743.0,12885.0
6624,6624,1066,2025-06-21,2025-08-05,45,15964.0,4456.0,20420.0
6625,6625,1030,2025-06-25,2025-08-09,45,35072.0,7328.0,42400.0
6626,6626,1093,2025-06-22,2025-08-06,45,8932.0,1506.0,10438.0
6627,6627,1075,2025-06-22,2025-07-22,30,16329.0,2427.0,18756.0
6628,6628,1093,2025-06-22,2025-07-22,30,8704.0,2759.0,11463.0
6629,6629,1111,2025-06-24,2025-07-24,30,29106.0,4972.0,34078.0
6630,6630,1063,2025-06-25,2025-07-10,15,38632.0,12619.0,51251.0
6631,6631,1082,2025-06-22,2025-08-06,45,15494.0,4734.0,20228.0
6632,6632,1070,2025-06-24,2025-07-24,30,26907.0,9888.0,36795.0
6633,6633,1055,2025-06-25,2025-08-09,45,43924.0,6243.0,50167.0
6634,6634,1063,2025-06-22,2025-07-22,30,22720.0,8056.0,30776.0
6635,6635,1014,2025-06-23,2025-07-23,30,28776.0,5677.0,34453.0
6636,6636,1073,2025-06-26,2025-07-11,15,69635.0,23049.0,92684.0
6637,6637,1067,2025-06-25,2025-07-25,30,33000.0,11515.0,44515.0
6638,6638,1028,2025-06-24,2025-07-09,15,86028.0,12067.0,98095.0
6639,6639,1112,2025-06-23,2025-07-23,30,32728.0,5971.0,38699.0
6640,6640,1090,2025-06-22,2025-08-06,45,9664.0,1188.0,10852.0
6641,6641,1064,2025-06-23,2025-07-08,15,20696.0,2658.0,23354.0
6642,6642,1096,2025-06-22,2025-07-22,30,28395.0,4332.0,32727.0
6643,6643,1125,2025-06-23,2025-07-23,30,22320.0,4553.0,26873.0
6644,6644,1004,2025-06-23,2025-07-23,30,32104.0,8580.0,40684.0
6645,6645,1068,2025-06-26,2025-07-26,30,46160.0,15428.0,61588.0
6646,6646,1034,2025-06-26,2025-07-26,30,53265.0,11321.0,64586.0
6647,6647,1017,2025-06-23,2025-08-07,45,19454.0,3897.0,23351.0
6648,6648,1091,2025-06-26,2025-07-26,30,73195.0,21386.0,94581.0
6649,6649,1061,2025-06-23,2025-07-08,15,28404.0,6384.0,34788.0
6650,6650,1028,2025-06-22,2025-07-07,15,9669.0,3441.0,13110.0
6651,6651,1097,2025-06-23,2025-07-08,15,29622.0,6031.0,35653.0
6652,6652,1084,2025-06-23,2025-08-07,45,30862.0,4863.0,35725.0
6653,6653,1123,2025-06-24,2025-07-24,30,31404.0,11569.0,42973.0
6654,6654,1002,2025-06-22,2025-07-22,30,9677.0,2451.0,12128.0
6655,6655,1112,2025-06-22,2025-07-22,30,23542.0,5885.0,29427.0
6656,6656,1060,2025-06-25,2025-07-25,30,62456.0,19488.0,81944.0
6657,6657,1062,2025-06-25,2025-07-25,30,35996.0,5496.0,41492.0
6658,6658,1030,2025-06-22,2025-08-06,45,9286.0,2265.0,11551.0
6659,6659,1080,2025-06-22,2025-07-22,30,9142.0,1800.0,10942.0
6660,6660,1004,2025-06-23,2025-07-23,30,18958.0,3301.0,22259.0
6661,6661,1077,2025-06-24,2025-07-24,30,42264.0,14406.0,56670.0
6662,6662,1090,2025-06-23,2025-07-23,30,30620.0,7300.0,37920.0
6663,6663,1065,2025-06-23,2025-07-23,30,21570.0,3438.0,25008.0
6664,6664,1120,2025-06-26,2025-07-26,30,44308.0,10634.0,54942.0
6665,6665,1076,2025-06-23,2025-07-08,15,26251.0,8499.0,34750.0
6666,6666,1066,2025-06-24,2025-07-09,15,16528.0,5313.0,21841.0
6667,6667,1006,2025-06-26,2025-08-10,45,42328.0,10335.0,52663.0
6668,6668,1078,2025-06-23,2025-07-08,15,20367.0,6007.0,26374.0
6669,6669,1057,2025-06-24,2025-07-09,15,20792.0,7226.0,28018.0
6670,6670,1113,2025-06-24,2025-07-24,30,22350.0,3015.0,25365.0
6671,6671,1051,2025-06-26,2025-07-11,15,56688.0,7825.0,64513.0
6672,6672,1059,2025-06-23,2025-07-23,30,14958.0,4763.0,19721.0
6673,6673,1098,2025-06-24,2025-08-08,45,18854.0,2975.0,21829.0
6674,6674,1018,2025-06-23,2025-07-23,30,8250.0,2638.0,10888.0
6675,6675,1016,2025-06-27,2025-08-11,45,52680.0,16530.0,69210.0
6676,6676,1107,2025-06-23,2025-07-23,30,19020.0,5847.0,24867.0
6677,6677,1111,2025-06-26,2025-07-26,30,78424.0,13418.0,91842.0
6678,6678,1055,2025-06-23,2025-07-08,15,19676.0,6794.0,26470.0
6679,6679,1026,2025-06-25,2025-07-10,15,32253.0,8189.0,40442.0
6680,6680,1108,2025-06-26,2025-08-10,45,73828.0,13616.0,87444.0
6681,6681,1116,2025-06-23,2025-07-23,30,10710.0,1960.0,12670.0
6682,6682,1030,2025-06-25,2025-08-09,45,31962.0,11450.0,43412.0
6683,6683,1034,2025-06-23,2025-07-23,30,9256.0,2159.0,11415.0
6684,6684,1072,2025-06-23,2025-07-23,30,9624.0,2676.0,12300.0
6685,6685,1111,2025-06-27,2025-07-27,30,57510.0,15143.0,72653.0
6686,6686,1112,2025-06-24,2025-08-08,45,50256.0,6255.0,56511.0
6687,6687,1012,2025-06-23,2025-07-23,30,10297.0,3193.0,13490.0
6688,6688,1102,2025-06-25,2025-07-25,30,28317.0,7358.0,35675.0
6689,6689,1011,2025-06-24,2025-08-08,45,16500.0,2546.0,19046.0
6690,6690,1105,2025-06-25,2025-08-09,45,48252.0,13587.0,61839.0
6691,6691,1120,2025-06-24,2025-07-24,30,27102.0,3253.0,30355.0
6692,6692,1014,2025-06-23,2025-07-08,15,9430.0,1489.0,10919.0
6693,6693,1089,2025-06-26,2025-07-11,15,38660.0,14106.0,52766.0
6694,6694,1064,2025-06-24,2025-08-08,45,18448.0,3272.0,21720.0
6695,6695,1101,2025-06-24,2025-07-09,15,20786.0,5590.0,26376.0
6696,6696,1077,2025-06-23,2025-07-08,15,13922.0,1930.0,15852.0
6697,6697,1072,2025-06-23,2025-08-07,45,10752.0,1334.0,12086.0
6698,6698,1063,2025-06-24,2025-07-24,30,19302.0,5477.0,24779.0
6699,6699,1002,2025-06-23,2025-07-23,30,21410.0,8110.0,29520.0
6700,6700,1013,2025-06-24,2025-07-09,15,28444.0,5248.0,33692.0
6701,6701,1040,2025-06-24,2025-07-09,15,9163.0,2728.0,11891.0
6702,6702,1033,2025-06-26,2025-07-26,30,35499.0,7091.0,42590.0
6703,6703,1012,2025-06-24,2025-08-08,45,15966.0,4282.0,20248.0
6704,6704,1013,2025-06-26,2025-08-10,45,29553.0,8175.0,37728.0
6705,6705,1091,2025-06-25,2025-07-25,30,53750.0,15304.0,69054.0
6706,6706,1103,2025-06-24,2025-07-24,30,12472.0,3742.0,16214.0
6707,6707,1068,2025-06-25,2025-07-25,30,31422.0,7002.0,38424.0
6708,6708,1121,2025-06-24,2025-08-08,45,14245.0,3018.0,17263.0
6709,6709,1075,2025-06-25,2025-07-10,15,24000.0,3922.0,27922.0
6710,6710,1098,2025-06-24,2025-07-24,30,15343.0,3955.0,19298.0
6711,6711,1066,2025-06-24,2025-07-24,30,9776.0,1196.0,10972.0
6712,6712,1021,2025-06-25,2025-07-25,30,49170.0,9920.0,59090.0
6713,6713,1097,2025-06-27,2025-07-27,30,70012.0,13779.0,83791.0
6714,6714,1080,2025-06-25,2025-07-25,30,29460.0,6859.0,36319.0
6715,6715,1043,2025-06-26,2025-07-26,30,30876.0,7587.0,38463.0
6716,6716,1060,2025-06-25,2025-07-25,30,19836.0,3314.0,23150.0
6717,6717,1001,2025-06-24,2025-07-24,30,14121.0,4643.0,18764.0
6718,6718,1053,2025-06-25,2025-07-25,30,42606.0,5397.0,48003.0
6719,6719,1009,2025-06-26,2025-08-10,45,41802.0,6179.0,47981.0
6720,6720,1078,2025-06-26,2025-07-26,30,27414.0,3630.0,31044.0
6721,6721,1107,2025-06-27,2025-08-11,45,43204.0,10813.0,54017.0
6722,6722,1028,2025-06-26,2025-07-11,15,75006.0,25856.0,100862.0
6723,6723,1064,2025-06-27,2025-07-27,30,74928.0,28426.0,103354.0
6724,6724,1051,2025-06-25,2025-07-25,30,20470.0,4663.0,25133.0
6725,6725,1051,2025-06-26,2025-07-26,30,76137.0,23062.0,99199.0
6726,6726,1067,2025-06-26,2025-07-11,15,70005.0,23486.0,93491.0
6727,6727,1034,2025-06-26,2025-08-10,45,29517.0,5557.0,35074.0
6728,6728,1108,2025-06-26,2025-07-26,30,65679.0,23531.0,89210.0
6729,6729,1041,2025-06-26,2025-07-26,30,40728.0,7790.0,48518.0
6730,6730,1004,2025-06-26,2025-07-11,15,44118.0,15159.0,59277.0
6731,6731,1093,2025-06-24,2025-08-08,45,25028.0,4746.0,29774.0
6732,6732,1051,2025-06-26,2025-07-26,30,29553.0,9090.0,38643.0
6733,6733,1057,2025-06-24,2025-08-08,45,9808.0,2483.0,12291.0
6734,6734,1121,2025-06-24,2025-08-08,45,25609.0,8273.0,33882.0
6735,6735,1026,2025-06-28,2025-07-28,30,46060.0,14812.0,60872.0
6736,6736,1016,2025-06-26,2025-07-26,30,30188.0,6372.0,36560.0
6737,6737,1095,2025-06-26,2025-07-26,30,22146.0,4943.0,27089.0
6738,6738,1059,2025-06-27,2025-07-27,30,43953.0,6212.0,50165.0
6739,6739,1012,2025-06-29,2025-07-29,30,45090.0,7396.0,52486.0
6740,6740,1033,2025-06-27,2025-07-27,30,32886.0,9389.0,42275.0
6741,6741,1095,2025-06-25,2025-08-09,45,30648.0,5452.0,36100.0
6742,6742,1075,2025-06-26,2025-07-26,30,41968.0,6468.0,48436.0
6743,6743,1051,2025-06-25,2025-07-10,15,9264.0,2194.0,11458.0
6744,6744,1116,2025-06-26,2025-07-26,30,22578.0,5277.0,27855.0
6745,6745,1028,2025-06-26,2025-07-26,30,19510.0,4184.0,23694.0
6746,6746,1080,2025-06-29,2025-07-29,30,103565.0,14262.0,117827.0
6747,6747,1101,2025-06-25,2025-07-10,15,11209.0,1463.0,12672.0
6748,6748,1113,2025-06-29,2025-07-29,30,50125.0,9071.0,59196.0
6749,6749,1006,2025-06-25,2025-07-25,30,9626.0,2935.0,12561.0
6750,6750,1039,2025-06-26,2025-07-26,30,27864.0,9499.0,37363.0
6751,6751,1061,2025-06-25,2025-07-10,15,19355.0,3140.0,22495.0
6752,6752,1003,2025-06-26,2025-07-26,30,33392.0,9583.0,42975.0
6753,6753,1042,2025-06-25,2025-07-25,30,9859.0,1581.0,11440.0
6754,6754,1027,2025-06-27,2025-07-27,30,32448.0,11694.0,44142.0
6755,6755,1045,2025-06-25,2025-07-25,30,19159.0,6956.0,26115.0
6756,6756,1060,2025-06-27,2025-07-27,30,41331.0,13709.0,55040.0
6757,6757,1043,2025-06-26,2025-07-26,30,20344.0,7174.0,27518.0
6758,6758,1070,2025-06-26,2025-07-26,30,17504.0,6425.0,23929.0
6759,6759,1024,2025-06-25,2025-08-09,45,12469.0,3814.0,16283.0
6760,6760,1017,2025-06-27,2025-07-27,30,31707.0,7465.0,39172.0
6761,6761,1083,2025-06-26,2025-08-10,45,18236.0,2918.0,21154.0
6762,6762,1027,2025-06-29,2025-08-13,45,79525.0,22140.0,101665.0
6763,6763,1065,2025-06-25,2025-07-25,30,21353.0,6518.0,27871.0
6764,6764,1075,2025-06-25,2025-07-25,30,9922.0,2257.0,12179.0
6765,6765,1052,2025-06-25,2025-07-10,15,9780.0,2717.0,12497.0
6766,6766,1064,2025-06-26,2025-08-10,45,51730.0,6287.0,58017.0
6767,6767,1069,2025-06-26,2025-07-26,30,18666.0,4582.0,23248.0
6768,6768,1104,2025-06-25,2025-07-25,30,14040.0,3357.0,17397.0
6769,6769,1045,2025-06-25,2025-07-25,30,11973.0,1723.0,13696.0
6770,6770,1001,2025-06-26,2025-07-26,30,18500.0,4833.0,23333.0
6771,6771,1062,2025-06-28,2025-08-12,45,71012.0,11559.0,82571.0
6772,6772,1112,2025-06-25,2025-07-10,15,10542.0,2875.0,13417.0
6773,6773,1050,2025-06-25,2025-08-09,45,26689.0,5966.0,32655.0
6774,6774,1067,2025-06-25,2025-07-10,15,27238.0,5804.0,33042.0
6775,6775,1114,2025-06-27,2025-07-27,30,24588.0,5069.0,29657.0
6776,6776,1041,2025-06-27,2025-07-27,30,18182.0,3422.0,21604.0
6777,6777,1005,2025-06-27,2025-08-11,45,48056.0,10848.0,58904.0
6778,6778,1109,2025-06-29,2025-07-29,30,39380.0,10999.0,50379.0
6779,6779,1096,2025-06-26,2025-07-26,30,14128.0,2537.0,16665.0
6780,6780,1005,2025-06-26,2025-07-11,15,9713.0,2762.0,12475.0
6781,6781,1029,2025-06-27,2025-08-11,45,37370.0,5376.0,42746.0
6782,6782,1117,2025-06-27,2025-08-11,45,18720.0,6417.0,25137.0
6783,6783,1032,2025-06-28,2025-07-13,15,29682.0,4273.0,33955.0
6784,6784,1103,2025-06-27,2025-07-12,15,19926.0,5294.0,25220.0
6785,6785,1027,2025-06-28,2025-08-12,45,30906.0,4404.0,35310.0
6786,6786,1125,2025-06-26,2025-07-26,30,17539.0,5175.0,22714.0
6787,6787,1003,2025-06-27,2025-07-27,30,30826.0,4026.0,34852.0
6788,6788,1069,2025-06-26,2025-07-11,15,9796.0,1215.0,11011.0
6789,6789,1017,2025-06-26,2025-07-26,30,11023.0,2742.0,13765.0
6790,6790,1016,2025-06-26,2025-07-26,30,21481.0,4099.0,25580.0
6791,6791,1045,2025-06-26,2025-08-10,45,29529.0,3785.0,33314.0
6792,6792,1118,2025-06-26,2025-07-26,30,9550.0,3589.0,13139.0
6793,6793,1076,2025-06-27,2025-07-12,15,24924.0,4146.0,29070.0
6794,6794,1107,2025-06-29,2025-07-29,30,90944.0,30639.0,121583.0
6795,6795,1110,2025-06-27,2025-07-27,30,27730.0,3758.0,31488.0
6796,6796,1087,2025-06-26,2025-07-11,15,9839.0,1947.0,11786.0
6797,6797,1076,2025-06-27,2025-08-11,45,22616.0,6571.0,29187.0
6798,6798,1024,2025-06-30,2025-07-30,30,46285.0,11258.0,57543.0
6799,6799,1068,2025-06-27,2025-07-12,15,36212.0,6679.0,42891.0
6800,6800,1076,2025-06-26,2025-07-11,15,15089.0,3664.0,18753.0
6801,6801,1110,2025-06-26,2025-07-26,30,8762.0,1579.0,10341.0
6802,6802,1095,2025-06-26,2025-07-11,15,23720.0,5596.0,29316.0
6803,6803,1098,2025-06-27,2025-07-27,30,26530.0,9723.0,36253.0
6804,6804,1015,2025-06-27,2025-08-11,45,22310.0,6747.0,29057.0
6805,6805,1033,2025-06-28,2025-08-12,45,56835.0,18635.0,75470.0
6806,6806,1118,2025-06-28,2025-07-28,30,29616.0,8606.0,38222.0
6807,6807,1101,2025-06-27,2025-07-12,15,18564.0,5905.0,24469.0
6808,6808,1027,2025-06-28,2025-07-28,30,28428.0,9981.0,38409.0
6809,6809,1092,2025-06-26,2025-07-26,30,10496.0,2891.0,13387.0
6810,6810,1043,2025-06-26,2025-07-26,30,9169.0,2356.0,11525.0
6811,6811,1048,2025-06-28,2025-07-13,15,26931.0,10216.0,37147.0
6812,6812,1066,2025-06-27,2025-07-27,30,14244.0,5195.0,19439.0
6813,6813,1104,2025-06-30,2025-08-14,45,38012.0,5599.0,43611.0
6814,6814,1091,2025-06-28,2025-07-28,30,54966.0,12781.0,67747.0
6815,6815,1037,2025-06-27,2025-08-11,45,10121.0,2489.0,12610.0
6816,6816,1119,2025-06-27,2025-07-27,30,12280.0,3773.0,16053.0
6817,6817,1017,2025-06-30,2025-07-30,30,62540.0,14755.0,77295.0
6818,6818,1020,2025-06-28,2025-08-12,45,18808.0,3939.0,22747.0
6819,6819,1004,2025-06-28,2025-07-28,30,18258.0,6166.0,24424.0
6820,6820,1003,2025-06-29,2025-07-29,30,58743.0,8359.0,67102.0
6821,6821,1100,2025-06-27,2025-07-27,30,11185.0,3644.0,14829.0
6822,6822,1009,2025-06-28,2025-07-28,30,37922.0,10393.0,48315.0
6823,6823,1089,2025-06-29,2025-07-29,30,61296.0,16488.0,77784.0
6824,6824,1008,2025-06-27,2025-07-27,30,16321.0,3860.0,20181.0
6825,6825,1031,2025-07-01,2025-07-16,15,46335.0,10454.0,56789.0
6826,6826,1119,2025-06-28,2025-07-28,30,46482.0,15238.0,61720.0
6827,6827,1072,2025-06-27,2025-07-27,30,11179.0,1342.0,12521.0
6828,6828,1062,2025-06-29,2025-08-13,45,62397.0,14598.0,76995.0
6829,6829,1066,2025-06-30,2025-07-15,15,48000.0,17500.0,65500.0
6830,6830,1103,2025-06-29,2025-07-29,30,29808.0,9473.0,39281.0
6831,6831,1098,2025-06-27,2025-07-27,30,13425.0,1787.0,15212.0
6832,6832,1088,2025-06-27,2025-07-27,30,16548.0,5636.0,22184.0
6833,6833,1081,2025-06-27,2025-07-27,30,10822.0,2671.0,13493.0
6834,6834,1006,2025-06-28,2025-07-13,15,27044.0,5318.0,32362.0
6835,6835,1112,2025-06-28,2025-07-28,30,52910.0,18839.0,71749.0
6836,6836,1067,2025-06-29,2025-07-29,30,24750.0,4263.0,29013.0
6837,6837,1004,2025-06-28,2025-07-28,30,35864.0,11092.0,46956.0
6838,6838,1011,2025-06-27,2025-07-27,30,19882.0,7267.0,27149.0
6839,6839,1006,2025-06-28,2025-07-28,30,18754.0,4248.0,23002.0
6840,6840,1094,2025-06-27,2025-07-27,30,9587.0,2086.0,11673.0
6841,6841,1032,2025-06-27,2025-07-12,15,8736.0,2882.0,11618.0
6842,6842,1070,2025-06-27,2025-07-27,30,13178.0,4619.0,17797.0
6843,6843,1084,2025-06-28,2025-08-12,45,24628.0,5374.0,30002.0
6844,6844,1122,2025-06-27,2025-08-11,45,20121.0,4215.0,24336.0
6845,6845,1053,2025-06-28,2025-07-28,30,42182.0,9881.0,52063.0
6846,6846,1103,2025-07-01,2025-07-31,30,36264.0,5420.0,41684.0
6847,6847,1038,2025-06-28,2025-07-28,30,9552.0,1303.0,10855.0
6848,6848,1062,2025-06-30,2025-07-15,15,29619.0,10915.0,40534.0
6849,6849,1060,2025-06-30,2025-07-15,15,29610.0,4777.0,34387.0
6850,6850,1022,2025-06-28,2025-08-12,45,14681.0,4565.0,19246.0
6851,6851,1084,2025-06-29,2025-07-29,30,29002.0,8235.0,37237.0
6852,6852,1061,2025-06-28,2025-08-12,45,10961.0,2135.0,13096.0
6853,6853,1068,2025-07-01,2025-07-31,30,37100.0,6475.0,43575.0
6854,6854,1033,2025-06-28,2025-07-28,30,9623.0,2702.0,12325.0
6855,6855,1032,2025-06-29,2025-07-29,30,17560.0,4492.0,22052.0
6856,6856,1052,2025-06-28,2025-07-13,15,9381.0,1436.0,10817.0
6857,6857,1049,2025-06-28,2025-07-28,30,10355.0,2644.0,12999.0
6858,6858,1072,2025-06-29,2025-07-29,30,50550.0,13447.0,63997.0
6859,6859,1054,2025-06-30,2025-08-14,45,63927.0,19175.0,83102.0
6860,6860,1115,2025-06-30,2025-07-30,30,42246.0,13101.0,55347.0
6861,6861,1019,2025-07-02,2025-08-01,30,53930.0,11157.0,65087.0
6862,6862,1113,2025-06-30,2025-07-30,30,32877.0,10864.0,43741.0
6863,6863,1029,2025-06-28,2025-07-28,30,16019.0,2688.0,18707.0
6864,6864,1100,2025-06-28,2025-07-13,15,11201.0,4256.0,15457.0
6865,6865,1063,2025-07-02,2025-08-01,30,53880.0,7404.0,61284.0
6866,6866,1124,2025-06-30,2025-07-15,15,61647.0,19997.0,81644.0
6867,6867,1075,2025-06-29,2025-08-13,45,19662.0,4053.0,23715.0
6868,6868,1087,2025-06-30,2025-07-30,30,31815.0,8327.0,40142.0
6869,6869,1048,2025-06-30,2025-07-30,30,70218.0,12795.0,83013.0
6870,6870,1087,2025-06-29,2025-08-13,45,44236.0,15537.0,59773.0
6871,6871,1051,2025-07-01,2025-07-31,30,40588.0,10998.0,51586.0
6872,6872,1082,2025-06-29,2025-08-13,45,27808.0,7621.0,35429.0
6873,6873,1060,2025-06-29,2025-07-29,30,18832.0,2343.0,21175.0
6874,6874,1056,2025-06-29,2025-08-13,45,20380.0,3403.0,23783.0
6875,6875,1020,2025-07-01,2025-08-15,45,40096.0,14646.0,54742.0
6876,6876,1033,2025-06-30,2025-07-30,30,30459.0,3726.0,34185.0
6877,6877,1081,2025-06-28,2025-07-28,30,10568.0,2841.0,13409.0
6878,6878,1086,2025-06-29,2025-08-13,45,29440.0,9099.0,38539.0
6879,6879,1029,2025-06-28,2025-07-28,30,19285.0,4137.0,23422.0
6880,6880,1025,2025-07-02,2025-07-17,15,35320.0,6826.0,42146.0
6881,6881,1065,2025-07-01,2025-08-15,45,57603.0,12450.0,70053.0
6882,6882,1110,2025-06-30,2025-07-15,15,39070.0,12698.0,51768.0
6883,6883,1100,2025-06-30,2025-07-30,30,27288.0,4631.0,31919.0
6884,6884,1096,2025-06-29,2025-07-29,30,10128.0,1240.0,11368.0
6885,6885,1106,2025-06-30,2025-07-30,30,50412.0,18625.0,69037.0
6886,6886,1045,2025-06-29,2025-07-29,30,13273.0,1919.0,15192.0
6887,6887,1118,2025-07-01,2025-07-31,30,27942.0,4360.0,32302.0
6888,6888,1109,2025-07-01,2025-07-31,30,29340.0,4347.0,33687.0
6889,6889,1079,2025-06-29,2025-07-14,15,9790.0,2292.0,12082.0
6890,6890,1065,2025-06-29,2025-07-29,30,14150.0,2371.0,16521.0
6891,6891,1001,2025-06-29,2025-07-14,15,26904.0,7519.0,34423.0
6892,6892,1006,2025-06-30,2025-07-30,30,28576.0,9953.0,38529.0
6893,6893,1115,2025-06-29,2025-07-29,30,9501.0,1757.0,11258.0
6894,6894,1103,2025-06-29,2025-08-13,45,18689.0,3915.0,22604.0
6895,6895,1058,2025-07-01,2025-07-31,30,57351.0,13192.0,70543.0
6896,6896,1057,2025-07-01,2025-07-16,15,29784.0,11035.0,40819.0
6897,6897,1055,2025-07-01,2025-08-15,45,32958.0,4974.0,37932.0
6898,6898,1116,2025-06-30,2025-07-30,30,20084.0,6543.0,26627.0
6899,6899,1054,2025-06-30,2025-07-30,30,21380.0,3779.0,25159.0
6900,6900,1121,2025-06-29,2025-07-14,15,13765.0,4178.0,17943.0
6901,6901,1081,2025-06-29,2025-08-13,45,10604.0,3951.0,14555.0
6902,6902,1001,2025-07-01,2025-07-31,30,59022.0,14420.0,73442.0
6903,6903,1108,2025-06-30,2025-07-30,30,38072.0,6518.0,44590.0
6904,6904,1041,2025-07-02,2025-07-17,15,87252.0,25355.0,112607.0
6905,6905,1023,2025-06-29,2025-07-14,15,10170.0,1874.0,12044.0
6906,6906,1026,2025-06-30,2025-07-30,30,17484.0,2230.0,19714.0
6907,6907,1102,2025-07-03,2025-07-18,15,130420.0,26193.0,156613.0
6908,6908,1111,2025-07-01,2025-08-15,45,30081.0,10011.0,40092.0
6909,6909,1090,2025-06-30,2025-08-14,45,19658.0,5888.0,25546.0
6910,6910,1115,2025-06-29,2025-07-29,30,9189.0,1555.0,10744.0
6911,6911,1014,2025-06-29,2025-07-14,15,11177.0,2910.0,14087.0
6912,6912,1053,2025-06-29,2025-07-29,30,15177.0,3491.0,18668.0
6913,6913,1088,2025-07-01,2025-07-31,30,47895.0,6838.0,54733.0
6914,6914,1110,2025-06-29,2025-08-13,45,9777.0,1507.0,11284.0
6915,6915,1100,2025-07-03,2025-07-18,15,97576.0,25098.0,122674.0
6916,6916,1037,2025-06-30,2025-07-30,30,10783.0,2383.0,13166.0
6917,6917,1031,2025-07-01,2025-07-31,30,20860.0,6316.0,27176.0
6918,6918,1090,2025-07-01,2025-08-15,45,19670.0,3854.0,23524.0
6919,6919,1116,2025-07-01,2025-08-15,45,22732.0,5374.0,28106.0
6920,6920,1030,2025-07-01,2025-07-16,15,19854.0,3295.0,23149.0
6921,6921,1002,2025-07-01,2025-08-15,45,21482.0,4821.0,26303.0
6922,6922,1015,2025-07-02,2025-07-17,15,84066.0,30037.0,114103.0
6923,6923,1088,2025-06-30,2025-07-30,30,23365.0,5387.0,28752.0
6924,6924,1117,2025-06-30,2025-08-14,45,23424.0,4025.0,27449.0
6925,6925,1070,2025-07-01,2025-07-31,30,24608.0,4071.0,28679.0
6926,6926,1078,2025-07-01,2025-07-31,30,20754.0,3775.0,24529.0
6927,6927,1124,2025-06-30,2025-08-14,45,8602.0,2704.0,11306.0
6928,6928,1090,2025-07-01,2025-08-15,45,28952.0,9425.0,38377.0
6929,6929,1011,2025-06-30,2025-07-30,30,8935.0,1419.0,10354.0
6930,6930,1032,2025-07-01,2025-07-31,30,56110.0,12364.0,68474.0
6931,6931,1083,2025-06-30,2025-07-30,30,15518.0,2709.0,18227.0
6932,6932,1033,2025-07-01,2025-07-31,30,28730.0,5177.0,33907.0
6933,6933,1119,2025-06-30,2025-07-30,30,14070.0,3277.0,17347.0
6934,6934,1095,2025-07-01,2025-07-31,30,35230.0,5213.0,40443.0
6935,6935,1110,2025-06-30,2025-07-30,30,8755.0,2470.0,11225.0
6936,6936,1074,2025-07-01,2025-07-31,30,40560.0,10407.0,50967.0
6937,6937,1055,2025-06-30,2025-07-30,30,8788.0,2108.0,10896.0
6938,6938,1015,2025-07-03,2025-08-02,30,38516.0,14353.0,52869.0
6939,6939,1107,2025-07-02,2025-08-01,30,43806.0,12438.0,56244.0
6940,6940,1123,2025-07-01,2025-07-16,15,24000.0,4172.0,28172.0
6941,6941,1004,2025-07-01,2025-07-31,30,21520.0,3512.0,25032.0
6942,6942,1056,2025-07-03,2025-08-02,30,71408.0,21093.0,92501.0
6943,6943,1105,2025-07-01,2025-07-16,15,9004.0,2372.0,11376.0
6944,6944,1064,2025-07-03,2025-08-02,30,50973.0,14300.0,65273.0
6945,6945,1045,2025-07-03,2025-07-18,15,36000.0,8026.0,44026.0
6946,6946,1063,2025-07-03,2025-08-17,45,54144.0,8227.0,62371.0
6947,6947,1086,2025-07-03,2025-08-02,30,58605.0,8136.0,66741.0
6948,6948,1014,2025-07-01,2025-07-16,15,16399.0,2416.0,18815.0
6949,6949,1095,2025-07-02,2025-08-01,30,33028.0,11715.0,44743.0
6950,6950,1082,2025-07-02,2025-08-01,30,31254.0,7759.0,39013.0
6951,6951,1103,2025-07-02,2025-08-01,30,19414.0,3948.0,23362.0
6952,6952,1111,2025-07-01,2025-07-31,30,14557.0,4445.0,19002.0
6953,6953,1048,2025-07-03,2025-07-18,15,77040.0,14018.0,91058.0
6954,6954,1059,2025-07-04,2025-07-19,15,34892.0,11493.0,46385.0
6955,6955,1079,2025-07-03,2025-08-02,30,71442.0,8809.0,80251.0
6956,6956,1035,2025-07-01,2025-07-16,15,10599.0,3297.0,13896.0
6957,6957,1061,2025-07-03,2025-08-02,30,62688.0,10801.0,73489.0
6958,6958,1064,2025-07-02,2025-08-01,30,19580.0,3020.0,22600.0
6959,6959,1064,2025-07-02,2025-08-01,30,17974.0,2648.0,20622.0
6960,6960,1087,2025-07-01,2025-07-31,30,9067.0,2002.0,11069.0
6961,6961,1069,2025-07-03,2025-08-02,30,55035.0,13321.0,68356.0
6962,6962,1045,2025-07-02,2025-08-01,30,19000.0,4881.0,23881.0
6963,6963,1026,2025-07-01,2025-07-31,30,9977.0,1994.0,11971.0
6964,6964,1049,2025-07-02,2025-08-01,30,19284.0,6566.0,25850.0
6965,6965,1054,2025-07-01,2025-07-31,30,24402.0,7300.0,31702.0
6966,6966,1081,2025-07-02,2025-08-01,30,39660.0,9987.0,49647.0
6967,6967,1028,2025-07-03,2025-08-02,30,30357.0,9217.0,39574.0
6968,6968,1101,2025-07-02,2025-07-17,15,17220.0,2944.0,20164.0
6969,6969,1043,2025-07-01,2025-07-31,30,9773.0,1569.0,11342.0
6970,6970,1071,2025-07-03,2025-08-17,45,28140.0,6067.0,34207.0
6971,6971,1015,2025-07-01,2025-08-15,45,19062.0,6541.0,25603.0
6972,6972,1096,2025-07-01,2025-08-15,45,9631.0,1242.0,10873.0
6973,6973,1022,2025-07-02,2025-07-17,15,18898.0,3610.0,22508.0
6974,6974,1056,2025-07-01,2025-07-31,30,23116.0,3539.0,26655.0
6975,6975,1073,2025-07-04,2025-07-19,15,40884.0,10922.0,51806.0
6976,6976,1083,2025-07-03,2025-08-02,30,37095.0,7986.0,45081.0
6977,6977,1089,2025-07-01,2025-07-16,15,15215.0,4861.0,20076.0
6978,6978,1027,2025-07-03,2025-08-17,45,39663.0,9149.0,48812.0
6979,6979,1039,2025-07-01,2025-07-31,30,9564.0,1348.0,10912.0
6980,6980,1089,2025-07-01,2025-08-15,45,14809.0,4036.0,18845.0
6981,6981,1021,2025-07-03,2025-07-18,15,33664.0,10164.0,43828.0
6982,6982,1101,2025-07-02,2025-08-01,30,17268.0,3055.0,20323.0
6983,6983,1054,2025-07-03,2025-08-02,30,27590.0,10025.0,37615.0
6984,6984,1074,2025-07-03,2025-08-17,45,30374.0,10603.0,40977.0
6985,6985,1104,2025-07-03,2025-07-18,15,31358.0,11273.0,42631.0
6986,6986,1074,2025-07-02,2025-08-01,30,17024.0,2315.0,19339.0
6987,6987,1103,2025-07-02,2025-08-16,45,20743.0,7003.0,27746.0
6988,6988,1039,2025-07-04,2025-08-18,45,42324.0,9909.0,52233.0
6989,6989,1045,2025-07-03,2025-08-17,45,26430.0,5285.0,31715.0
6990,6990,1123,2025-07-03,2025-08-02,30,30240.0,9053.0,39293.0
6991,6991,1079,2025-07-05,2025-07-20,15,49672.0,6756.0,56428.0
6992,6992,1015,2025-07-05,2025-08-04,30,59100.0,8527.0,67627.0
6993,6993,1058,2025-07-02,2025-08-16,45,14230.0,4547.0,18777.0
6994,6994,1102,2025-07-02,2025-08-01,30,28418.0,8484.0,36902.0
6995,6995,1110,2025-07-03,2025-08-17,45,41356.0,6276.0,47632.0
6996,6996,1083,2025-07-03,2025-08-17,45,32192.0,10002.0,42194.0
6997,6997,1021,2025-07-06,2025-07-21,15,80890.0,30669.0,111559.0
6998,6998,1117,2025-07-02,2025-08-16,45,12802.0,3241.0,16043.0
6999,6999,1107,2025-07-03,2025-08-02,30,34862.0,10676.0,45538.0
7000,7000,1080,2025-07-04,2025-07-19,15,39774.0,13513.0,53287.0
7001,7001,1108,2025-07-02,2025-08-16,45,21460.0,7510.0,28970.0
7002,7002,1038,2025-07-04,2025-08-18,45,88830.0,32790.0,121620.0
7003,7003,1119,2025-07-03,2025-08-02,30,33422.0,12509.0,45931.0
7004,7004,1007,2025-07-05,2025-07-20,15,55204.0,20410.0,75614.0
7005,7005,1068,2025-07-02,2025-08-01,30,22615.0,8289.0,30904.0
7006,7006,1100,2025-07-02,2025-08-01,30,24456.0,6450.0,30906.0
7007,7007,1095,2025-07-03,2025-08-02,30,32700.0,10920.0,43620.0
7008,7008,1022,2025-07-02,2025-07-17,15,15609.0,4274.0,19883.0
7009,7009,1116,2025-07-02,2025-08-01,30,16152.0,5198.0,21350.0
7010,7010,1011,2025-07-03,2025-08-02,30,44906.0,11891.0,56797.0
7011,7011,1026,2025-07-06,2025-07-21,15,112370.0,30052.0,142422.0
7012,7012,1018,2025-07-03,2025-07-18,15,30856.0,9630.0,40486.0
7013,7013,1056,2025-07-06,2025-08-05,30,114785.0,26329.0,141114.0
7014,7014,1057,2025-07-05,2025-08-04,30,83460.0,28798.0,112258.0
7015,7015,1008,2025-07-02,2025-07-17,15,20558.0,5659.0,26217.0
7016,7016,1076,2025-07-02,2025-08-01,30,21775.0,5535.0,27310.0
7017,7017,1084,2025-07-02,2025-08-01,30,16197.0,4853.0,21050.0
7018,7018,1035,2025-07-03,2025-08-02,30,32110.0,9747.0,41857.0
7019,7019,1066,2025-07-02,2025-07-17,15,21608.0,4725.0,26333.0
7020,7020,1074,2025-07-04,2025-08-03,30,84123.0,13770.0,97893.0
7021,7021,1001,2025-07-03,2025-08-02,30,44692.0,15665.0,60357.0
7022,7022,1004,2025-07-04,2025-08-03,30,94569.0,13287.0,107856.0
7023,7023,1083,2025-07-02,2025-07-17,15,17278.0,4659.0,21937.0
7024,7024,1065,2025-07-02,2025-08-01,30,15667.0,5091.0,20758.0
7025,7025,1089,2025-07-03,2025-08-02,30,40124.0,6912.0,47036.0
7026,7026,1077,2025-07-03,2025-08-02,30,40154.0,9412.0,49566.0
7027,7027,1122,2025-07-04,2025-08-18,45,40260.0,7123.0,47383.0
7028,7028,1089,2025-07-03,2025-08-02,30,24648.0,5027.0,29675.0
7029,7029,1093,2025-07-02,2025-08-01,30,20406.0,4974.0,25380.0
7030,7030,1041,2025-07-05,2025-08-04,30,45585.0,16823.0,62408.0
7031,7031,1107,2025-07-03,2025-08-02,30,30191.0,4697.0,34888.0
7032,7032,1033,2025-07-05,2025-07-20,15,89502.0,32211.0,121713.0
7033,7033,1019,2025-07-07,2025-08-06,30,156025.0,45933.0,201958.0
7034,7034,1062,2025-07-06,2025-08-20,45,100884.0,36231.0,137115.0
7035,7035,1021,2025-07-04,2025-08-03,30,84498.0,22497.0,106995.0
7036,7036,1033,2025-07-03,2025-08-02,30,15868.0,3197.0,19065.0
7037,7037,1006,2025-07-04,2025-08-18,45,26258.0,7732.0,33990.0
7038,7038,1094,2025-07-04,2025-07-19,15,76798.0,10024.0,86822.0
7039,7039,1085,2025-07-07,2025-08-06,30,66080.0,17490.0,83570.0
7040,7040,1051,2025-07-04,2025-08-03,30,46276.0,9856.0,56132.0
7041,7041,1090,2025-07-03,2025-08-02,30,28356.0,8015.0,36371.0
7042,7042,1084,2025-07-06,2025-08-05,30,120600.0,15603.0,136203.0
7043,7043,1007,2025-07-05,2025-08-04,30,45306.0,10594.0,55900.0
7044,7044,1010,2025-07-05,2025-08-04,30,47085.0,6555.0,53640.0
7045,7045,1077,2025-07-05,2025-08-04,30,42243.0,14719.0,56962.0
7046,7046,1125,2025-07-04,2025-08-03,30,42392.0,10512.0,52904.0
7047,7047,1038,2025-07-03,2025-07-18,15,16143.0,2618.0,18761.0
7048,7048,1027,2025-07-04,2025-08-18,45,65752.0,23879.0,89631.0
7049,7049,1097,2025-07-04,2025-08-18,45,42874.0,9506.0,52380.0
7050,7050,1024,2025-07-05,2025-08-04,30,60831.0,22755.0,83586.0
7051,7051,1022,2025-07-05,2025-08-04,30,43029.0,15953.0,58982.0
7052,7052,1086,2025-07-04,2025-08-18,45,72702.0,11025.0,83727.0
7053,7053,1084,2025-07-05,2025-08-19,45,67095.0,8951.0,76046.0
7054,7054,1024,2025-07-03,2025-08-02,30,14824.0,5626.0,20450.0
7055,7055,1059,2025-07-03,2025-08-02,30,21109.0,2808.0,23917.0
7056,7056,1010,2025-07-03,2025-07-18,15,34614.0,4840.0,39454.0
7057,7057,1076,2025-07-05,2025-07-20,15,106263.0,29419.0,135682.0
7058,7058,1093,2025-07-03,2025-08-02,30,14856.0,3787.0,18643.0
7059,7059,1110,2025-07-03,2025-08-02,30,16712.0,5452.0,22164.0
7060,7060,1118,2025-07-03,2025-07-18,15,32736.0,10424.0,43160.0
7061,7061,1074,2025-07-03,2025-08-02,30,37949.0,9916.0,47865.0
7062,7062,1065,2025-07-05,2025-08-04,30,65952.0,10549.0,76501.0
7063,7063,1010,2025-07-07,2025-08-06,30,67830.0,21479.0,89309.0
7064,7064,1079,2025-07-06,2025-08-05,30,63208.0,20547.0,83755.0
7065,7065,1046,2025-07-03,2025-08-02,30,36303.0,6638.0,42941.0
7066,7066,1026,2025-07-03,2025-07-18,15,13916.0,4838.0,18754.0
7067,7067,1096,2025-07-05,2025-08-04,30,109320.0,35291.0,144611.0
7068,7068,1089,2025-07-03,2025-08-02,30,14143.0,2063.0,16206.0
7069,7069,1118,2025-07-06,2025-08-20,45,57804.0,7650.0,65454.0
7070,7070,1111,2025-07-04,2025-08-03,30,27748.0,10204.0,37952.0
7071,7071,1046,2025-07-04,2025-08-18,45,83150.0,11692.0,94842.0
7072,7072,1063,2025-07-03,2025-08-17,45,21468.0,7915.0,29383.0
7073,7073,1019,2025-07-06,2025-08-05,30,55800.0,16588.0,72388.0
7074,7074,1104,2025-07-03,2025-08-02,30,13451.0,2138.0,15589.0
7075,7075,1091,2025-07-07,2025-08-06,30,74830.0,24850.0,99680.0
7076,7076,1015,2025-07-07,2025-08-06,30,76570.0,10556.0,87126.0
7077,7077,1102,2025-07-03,2025-07-18,15,17021.0,2851.0,19872.0
7078,7078,1121,2025-07-05,2025-08-19,45,84438.0,29102.0,113540.0
7079,7079,1110,2025-07-05,2025-08-04,30,86898.0,30286.0,117184.0
7080,7080,1057,2025-07-06,2025-07-21,15,97288.0,25203.0,122491.0
7081,7081,1097,2025-07-06,2025-07-21,15,96624.0,12941.0,109565.0
7082,7082,1123,2025-07-06,2025-08-05,30,129856.0,19846.0,149702.0
7083,7083,1003,2025-07-07,2025-08-06,30,78495.0,24742.0,103237.0
7084,7084,1094,2025-07-04,2025-08-03,30,59908.0,17600.0,77508.0
7085,7085,1034,2025-07-05,2025-08-04,30,74328.0,9705.0,84033.0
7086,7086,1103,2025-07-03,2025-07-18,15,22296.0,4208.0,26504.0
7087,7087,1122,2025-07-05,2025-08-19,45,43851.0,12937.0,56788.0
7088,7088,1020,2025-07-03,2025-08-17,45,15278.0,2816.0,18094.0
7089,7089,1012,2025-07-05,2025-07-20,15,44919.0,9057.0,53976.0
7090,7090,1071,2025-07-05,2025-08-04,30,30112.0,10911.0,41023.0
7091,7091,1037,2025-07-05,2025-08-04,30,31140.0,6331.0,37471.0
7092,7092,1110,2025-07-05,2025-08-04,30,48646.0,17916.0,66562.0
7093,7093,1086,2025-07-06,2025-08-20,45,43587.0,15321.0,58908.0
7094,7094,1040,2025-07-04,2025-08-03,30,24040.0,6257.0,30297.0
7095,7095,1038,2025-07-04,2025-08-03,30,16328.0,4902.0,21230.0
7096,7096,1038,2025-07-04,2025-07-19,15,33834.0,7894.0,41728.0
7097,7097,1074,2025-07-04,2025-08-18,45,13861.0,2510.0,16371.0
7098,7098,1125,2025-07-04,2025-08-03,30,16547.0,3821.0,20368.0
7099,7099,1055,2025-07-06,2025-08-05,30,91140.0,24470.0,115610.0
7100,7100,1085,2025-07-08,2025-08-07,30,129790.0,45198.0,174988.0
7101,7101,1077,2025-07-05,2025-08-04,30,28658.0,10479.0,39137.0
7102,7102,1064,2025-07-05,2025-08-19,45,51122.0,7326.0,58448.0
7103,7103,1057,2025-07-07,2025-08-06,30,78552.0,18483.0,97035.0
7104,7104,1062,2025-07-07,2025-08-06,30,119404.0,42805.0,162209.0
7105,7105,1125,2025-07-04,2025-08-03,30,14460.0,5017.0,19477.0
7106,7106,1103,2025-07-05,2025-08-04,30,42302.0,13850.0,56152.0
7107,7107,1076,2025-07-04,2025-08-03,30,15942.0,3913.0,19855.0
7108,7108,1119,2025-07-04,2025-08-18,45,15122.0,3437.0,18559.0
7109,7109,1029,2025-07-06,2025-08-05,30,67242.0,23053.0,90295.0
7110,7110,1004,2025-07-05,2025-08-19,45,25382.0,3981.0,29363.0
7111,7111,1006,2025-07-08,2025-08-07,30,110515.0,19811.0,130326.0
7112,7112,1113,2025-07-05,2025-07-20,15,25930.0,8073.0,34003.0
7113,7113,1099,2025-07-04,2025-08-03,30,22389.0,7376.0,29765.0
7114,7114,1051,2025-07-05,2025-08-04,30,65168.0,10352.0,75520.0
7115,7115,1099,2025-07-04,2025-08-03,30,22693.0,4901.0,27594.0
7116,7116,1073,2025-07-04,2025-08-03,30,13426.0,4570.0,17996.0
7117,7117,1115,2025-07-04,2025-08-03,30,12559.0,4511.0,17070.0
7118,7118,1060,2025-07-04,2025-07-19,15,14611.0,4275.0,18886.0
7119,7119,1024,2025-07-04,2025-08-03,30,26342.0,8487.0,34829.0
7120,7120,1084,2025-07-07,2025-08-06,30,61184.0,21783.0,82967.0
7121,7121,1098,2025-07-04,2025-08-03,30,14440.0,3088.0,17528.0
7122,7122,1067,2025-07-05,2025-07-20,15,80064.0,10322.0,90386.0
7123,7123,1068,2025-07-06,2025-08-05,30,62850.0,11997.0,74847.0
7124,7124,1022,2025-07-06,2025-07-21,15,58986.0,19049.0,78035.0
7125,7125,1119,2025-07-07,2025-08-06,30,89624.0,17165.0,106789.0
7126,7126,1087,2025-07-04,2025-07-19,15,14757.0,4099.0,18856.0
7127,7127,1098,2025-07-07,2025-08-21,45,86628.0,22413.0,109041.0
7128,7128,1038,2025-07-08,2025-08-07,30,138265.0,40530.0,178795.0
7129,7129,1115,2025-07-06,2025-07-21,15,39081.0,7560.0,46641.0
7130,7130,1122,2025-07-04,2025-08-03,30,29888.0,4022.0,33910.0
7131,7131,1033,2025-07-04,2025-07-19,15,19512.0,6355.0,25867.0
7132,7132,1099,2025-07-04,2025-08-18,45,29999.0,6616.0,36615.0
7133,7133,1071,2025-07-06,2025-07-21,15,47118.0,10866.0,57984.0
7134,7134,1016,2025-07-04,2025-08-03,30,15185.0,3369.0,18554.0
7135,7135,1100,2025-07-05,2025-08-04,30,43350.0,15303.0,58653.0
7136,7136,1101,2025-07-04,2025-08-03,30,15905.0,3791.0,19696.0
7137,7137,1099,2025-07-07,2025-07-22,15,40575.0,12791.0,53366.0
7138,7138,1104,2025-07-09,2025-07-24,15,104340.0,26539.0,130879.0
7139,7139,1100,2025-07-05,2025-07-20,15,35856.0,4779.0,40635.0
7140,7140,1057,2025-07-07,2025-08-21,45,50934.0,16441.0,67375.0
7141,7141,1076,2025-07-08,2025-08-07,30,85040.0,15102.0,100142.0
7142,7142,1037,2025-07-05,2025-07-20,15,22630.0,7676.0,30306.0
7143,7143,1088,2025-07-05,2025-07-20,15,31958.0,6044.0,38002.0
7144,7144,1032,2025-07-05,2025-08-04,30,15732.0,5241.0,20973.0
7145,7145,1049,2025-07-05,2025-07-20,15,14725.0,4413.0,19138.0
7146,7146,1011,2025-07-05,2025-08-19,45,39256.0,5222.0,44478.0
7147,7147,1035,2025-07-06,2025-08-20,45,63328.0,9953.0,73281.0
7148,7148,1114,2025-07-07,2025-08-21,45,44277.0,8222.0,52499.0
7149,7149,1125,2025-07-07,2025-08-21,45,42504.0,12372.0,54876.0
7150,7150,1012,2025-07-09,2025-08-23,45,191050.0,44578.0,235628.0
7151,7151,1010,2025-07-07,2025-07-22,15,92865.0,28377.0,121242.0
7152,7152,1116,2025-07-05,2025-08-19,45,42148.0,14648.0,56796.0
7153,7153,1063,2025-07-05,2025-07-20,15,16328.0,3678.0,20006.0
7154,7154,1047,2025-07-07,2025-08-06,30,46332.0,10093.0,56425.0
7155,7155,1040,2025-07-05,2025-08-04,30,33687.0,8123.0,41810.0
7156,7156,1122,2025-07-06,2025-08-05,30,32808.0,10369.0,43177.0
7157,7157,1072,2025-07-07,2025-07-22,15,42264.0,7284.0,49548.0
7158,7158,1014,2025-07-05,2025-07-20,15,16488.0,2853.0,19341.0
7159,7159,1074,2025-07-05,2025-08-04,30,32773.0,11198.0,43971.0
7160,7160,1069,2025-07-05,2025-08-04,30,19303.0,4159.0,23462.0
7161,7161,1057,2025-07-07,2025-08-06,30,47430.0,11909.0,59339.0
7162,7162,1017,2025-07-09,2025-08-08,30,116610.0,25736.0,142346.0
7163,7163,1014,2025-07-06,2025-07-21,15,42570.0,9004.0,51574.0
7164,7164,1024,2025-07-06,2025-08-05,30,26266.0,3903.0,30169.0
7165,7165,1048,2025-07-05,2025-07-20,15,31200.0,8901.0,40101.0
7166,7166,1095,2025-07-07,2025-08-06,30,60417.0,14928.0,75345.0
7167,7167,1066,2025-07-05,2025-08-04,30,24263.0,5030.0,29293.0
7168,7168,1064,2025-07-05,2025-08-04,30,21072.0,7972.0,29044.0
7169,7169,1113,2025-07-06,2025-07-21,15,43228.0,12115.0,55343.0
7170,7170,1106,2025-07-07,2025-08-06,30,81051.0,21307.0,102358.0
7171,7171,1091,2025-07-05,2025-08-19,45,16457.0,4958.0,21415.0
7172,7172,1073,2025-07-06,2025-08-20,45,41534.0,15670.0,57204.0
7173,7173,1040,2025-07-07,2025-07-22,15,52176.0,7806.0,59982.0
7174,7174,1112,2025-07-07,2025-08-06,30,49164.0,10469.0,59633.0
7175,7175,1056,2025-07-05,2025-08-04,30,21723.0,4226.0,25949.0
7176,7176,1064,2025-07-07,2025-08-06,30,46770.0,16342.0,63112.0
7177,7177,1072,2025-07-05,2025-08-19,45,12843.0,2884.0,15727.0
7178,7178,1013,2025-07-07,2025-08-21,45,44796.0,7526.0,52322.0
7179,7179,1004,2025-07-05,2025-08-04,30,14621.0,5544.0,20165.0
7180,7180,1078,2025-07-08,2025-08-22,45,67028.0,9021.0,76049.0
7181,7181,1074,2025-07-05,2025-07-20,15,14582.0,5019.0,19601.0
7182,7182,1096,2025-07-06,2025-08-20,45,77596.0,24598.0,102194.0
7183,7183,1051,2025-07-05,2025-08-04,30,17100.0,4297.0,21397.0
7184,7184,1038,2025-07-06,2025-08-05,30,61432.0,14992.0,76424.0
7185,7185,1028,2025-07-07,2025-08-06,30,39180.0,12397.0,51577.0
7186,7186,1100,2025-07-05,2025-08-04,30,14840.0,5432.0,20272.0
7187,7187,1066,2025-07-05,2025-08-04,30,16811.0,3905.0,20716.0
7188,7188,1046,2025-07-06,2025-07-21,15,14482.0,4643.0,19125.0
7189,7189,1117,2025-07-09,2025-08-23,45,60664.0,10443.0,71107.0
7190,7190,1119,2025-07-07,2025-08-21,45,26978.0,5739.0,32717.0
7191,7191,1108,2025-07-07,2025-08-06,30,70448.0,25783.0,96231.0
7192,7192,1058,2025-07-07,2025-07-22,15,32332.0,9048.0,41380.0
7193,7193,1111,2025-07-08,2025-07-23,15,70311.0,17609.0,87920.0
7194,7194,1068,2025-07-06,2025-08-20,45,19742.0,7071.0,26813.0
7195,7195,1028,2025-07-09,2025-07-24,15,59208.0,13770.0,72978.0
7196,7196,1118,2025-07-06,2025-08-05,30,21972.0,2872.0,24844.0
7197,7197,1004,2025-07-07,2025-08-06,30,31344.0,8429.0,39773.0
7198,7198,1094,2025-07-06,2025-07-21,15,20925.0,4710.0,25635.0
7199,7199,1030,2025-07-06,2025-08-05,30,32333.0,4530.0,36863.0
7200,7200,1045,2025-07-10,2025-08-09,30,113325.0,37101.0,150426.0
7201,7201,1021,2025-07-06,2025-08-05,30,16134.0,2880.0,19014.0
7202,7202,1082,2025-07-08,2025-08-07,30,48717.0,15969.0,64686.0
7203,7203,1122,2025-07-07,2025-08-21,45,35652.0,5125.0,40777.0
7204,7204,1063,2025-07-08,2025-07-23,15,40491.0,10326.0,50817.0
7205,7205,1028,2025-07-06,2025-08-05,30,22263.0,3222.0,25485.0
7206,7206,1113,2025-07-06,2025-08-05,30,33268.0,8324.0,41592.0
7207,7207,1078,2025-07-08,2025-07-23,15,36018.0,6188.0,42206.0
7208,7208,1106,2025-07-08,2025-08-07,30,47898.0,7993.0,55891.0
7209,7209,1097,2025-07-06,2025-07-21,15,27699.0,5323.0,33022.0
7210,7210,1081,2025-07-06,2025-08-05,30,15797.0,5250.0,21047.0
7211,7211,1101,2025-07-10,2025-08-09,30,81670.0,14867.0,96537.0
7212,7212,1028,2025-07-08,2025-08-22,45,43299.0,6907.0,50206.0
7213,7213,1004,2025-07-06,2025-08-05,30,28558.0,6855.0,35413.0
7214,7214,1025,2025-07-06,2025-08-05,30,14935.0,5661.0,20596.0
7215,7215,1007,2025-07-07,2025-08-06,30,32300.0,6553.0,38853.0
7216,7216,1058,2025-07-06,2025-08-20,45,11560.0,3289.0,14849.0
7217,7217,1025,2025-07-09,2025-08-08,30,160608.0,55555.0,216163.0
7218,7218,1040,2025-07-06,2025-08-20,45,31672.0,10078.0,41750.0
7219,7219,1086,2025-07-06,2025-08-05,30,23019.0,6456.0,29475.0
7220,7220,1115,2025-07-07,2025-08-06,30,65542.0,9457.0,74999.0
7221,7221,1008,2025-07-07,2025-08-06,30,43184.0,15834.0,59018.0
7222,7222,1081,2025-07-06,2025-08-20,45,14824.0,5429.0,20253.0
7223,7223,1097,2025-07-09,2025-07-24,15,63956.0,8189.0,72145.0
7224,7224,1083,2025-07-06,2025-08-05,30,31873.0,5638.0,37511.0
7225,7225,1105,2025-07-07,2025-08-21,45,44808.0,9994.0,54802.0
7226,7226,1080,2025-07-07,2025-08-06,30,30898.0,8803.0,39701.0
7227,7227,1080,2025-07-07,2025-08-06,30,39564.0,14718.0,54282.0
7228,7228,1120,2025-07-06,2025-07-21,15,15169.0,4563.0,19732.0
7229,7229,1037,2025-07-07,2025-08-06,30,47920.0,9565.0,57485.0
7230,7230,1123,2025-07-07,2025-07-22,15,51920.0,16761.0,68681.0
7231,7231,1066,2025-07-06,2025-08-05,30,38657.0,9567.0,48224.0
7232,7232,1067,2025-07-07,2025-08-06,30,42760.0,6735.0,49495.0
7233,7233,1001,2025-07-07,2025-07-22,15,35036.0,13201.0,48237.0
7234,7234,1043,2025-07-07,2025-07-22,15,41038.0,6611.0,47649.0
7235,7235,1053,2025-07-07,2025-08-06,30,30504.0,10252.0,40756.0
7236,7236,1023,2025-07-08,2025-08-07,30,68298.0,14982.0,83280.0
7237,7237,1089,2025-07-10,2025-08-24,45,114045.0,17306.0,131351.0
7238,7238,1029,2025-07-06,2025-07-21,15,14332.0,2828.0,17160.0
7239,7239,1089,2025-07-06,2025-07-21,15,23837.0,5797.0,29634.0
7240,7240,1113,2025-07-07,2025-08-06,30,27836.0,3703.0,31539.0
7241,7241,1074,2025-07-08,2025-08-07,30,42660.0,9553.0,52213.0
7242,7242,1118,2025-07-06,2025-08-20,45,28726.0,10562.0,39288.0
7243,7243,1072,2025-07-07,2025-07-22,15,14208.0,4886.0,19094.0
7244,7244,1107,2025-07-08,2025-07-23,15,54430.0,7196.0,61626.0
7245,7245,1047,2025-07-09,2025-08-08,30,93231.0,26826.0,120057.0
7246,7246,1051,2025-07-08,2025-07-23,15,44614.0,15268.0,59882.0
7247,7247,1020,2025-07-10,2025-07-25,15,85632.0,15442.0,101074.0
7248,7248,1075,2025-07-07,2025-08-06,30,28050.0,6767.0,34817.0
7249,7249,1059,2025-07-08,2025-07-23,15,30264.0,5226.0,35490.0
7250,7250,1015,2025-07-07,2025-08-06,30,12675.0,3540.0,16215.0
7251,7251,1077,2025-07-07,2025-07-22,15,13742.0,4997.0,18739.0
7252,7252,1057,2025-07-07,2025-08-21,45,26642.0,7470.0,34112.0
7253,7253,1006,2025-07-07,2025-08-06,30,21033.0,2932.0,23965.0
7254,7254,1058,2025-07-08,2025-08-22,45,46948.0,9974.0,56922.0
7255,7255,1056,2025-07-09,2025-08-08,30,46317.0,11811.0,58128.0
7256,7256,1100,2025-07-10,2025-08-09,30,142816.0,54058.0,196874.0
7257,7257,1093,2025-07-07,2025-07-22,15,31658.0,7019.0,38677.0
7258,7258,1047,2025-07-11,2025-08-10,30,74740.0,27416.0,102156.0
7259,7259,1010,2025-07-08,2025-07-23,15,28526.0,5970.0,34496.0
7260,7260,1065,2025-07-07,2025-07-22,15,15100.0,4348.0,19448.0
7261,7261,1048,2025-07-07,2025-08-21,45,27119.0,6275.0,33394.0
7262,7262,1001,2025-07-09,2025-07-24,15,45108.0,12539.0,57647.0
7263,7263,1113,2025-07-09,2025-08-08,30,59790.0,13544.0,73334.0
7264,7264,1006,2025-07-10,2025-08-09,30,122000.0,44263.0,166263.0
7265,7265,1117,2025-07-07,2025-08-06,30,24047.0,6063.0,30110.0
7266,7266,1084,2025-07-09,2025-07-24,15,46134.0,17031.0,63165.0
7267,7267,1094,2025-07-08,2025-08-07,30,27518.0,4914.0,32432.0
7268,7268,1111,2025-07-07,2025-07-22,15,25931.0,7475.0,33406.0
7269,7269,1095,2025-07-08,2025-08-22,45,39106.0,9557.0,48663.0
7270,7270,1013,2025-07-07,2025-08-21,45,17518.0,5494.0,23012.0
7271,7271,1057,2025-07-09,2025-08-23,45,113571.0,21582.0,135153.0
7272,7272,1085,2025-07-07,2025-07-22,15,13236.0,2929.0,16165.0
7273,7273,1026,2025-07-07,2025-07-22,15,20084.0,7270.0,27354.0
7274,7274,1049,2025-07-08,2025-08-07,30,26694.0,5775.0,32469.0
7275,7275,1024,2025-07-10,2025-08-09,30,52412.0,19535.0,71947.0
7276,7276,1107,2025-07-10,2025-07-25,15,114340.0,23611.0,137951.0
7277,7277,1107,2025-07-07,2025-08-21,45,12793.0,4304.0,17097.0
7278,7278,1064,2025-07-08,2025-08-07,30,42118.0,10059.0,52177.0
7279,7279,1047,2025-07-07,2025-08-21,45,16281.0,5648.0,21929.0
7280,7280,1065,2025-07-08,2025-08-07,30,58420.0,14372.0,72792.0
7281,7281,1088,2025-07-08,2025-08-07,30,26502.0,9428.0,35930.0
7282,7282,1112,2025-07-07,2025-08-21,45,21939.0,2898.0,24837.0
7283,7283,1105,2025-07-09,2025-08-08,30,68298.0,23863.0,92161.0
7284,7284,1106,2025-07-07,2025-08-21,45,32312.0,12216.0,44528.0
7285,7285,1090,2025-07-10,2025-08-09,30,60188.0,12777.0,72965.0
7286,7286,1054,2025-07-09,2025-08-08,30,44217.0,15880.0,60097.0
7287,7287,1107,2025-07-09,2025-08-08,30,50748.0,14491.0,65239.0
7288,7288,1050,2025-07-07,2025-08-06,30,33250.0,6295.0,39545.0
7289,7289,1108,2025-07-07,2025-07-22,15,15254.0,4758.0,20012.0
7290,7290,1048,2025-07-07,2025-08-06,30,14084.0,5349.0,19433.0
7291,7291,1105,2025-07-08,2025-08-07,30,26122.0,9518.0,35640.0
7292,7292,1093,2025-07-08,2025-08-07,30,48994.0,8943.0,57937.0
7293,7293,1125,2025-07-08,2025-08-07,30,27892.0,7359.0,35251.0
7294,7294,1044,2025-07-08,2025-08-22,45,25814.0,9365.0,35179.0
7295,7295,1043,2025-07-07,2025-07-22,15,37796.0,8655.0,46451.0
7296,7296,1080,2025-07-10,2025-08-24,45,113672.0,15312.0,128984.0
7297,7297,1072,2025-07-08,2025-08-22,45,45350.0,12787.0,58137.0
7298,7298,1022,2025-07-11,2025-08-25,45,105895.0,35651.0,141546.0
7299,7299,1047,2025-07-07,2025-08-21,45,15759.0,5713.0,21472.0
7300,7300,1101,2025-07-08,2025-08-07,30,39656.0,12637.0,52293.0
7301,7301,1088,2025-07-08,2025-08-07,30,40794.0,5306.0,46100.0
7302,7302,1123,2025-07-07,2025-08-21,45,15636.0,4530.0,20166.0
7303,7303,1032,2025-07-09,2025-08-08,30,30016.0,4302.0,34318.0
7304,7304,1073,2025-07-08,2025-08-22,45,14366.0,2307.0,16673.0
7305,7305,1015,2025-07-08,2025-08-22,45,38955.0,8170.0,47125.0
7306,7306,1052,2025-07-09,2025-08-23,45,73850.0,11783.0,85633.0
7307,7307,1018,2025-07-09,2025-07-24,15,27636.0,7050.0,34686.0
7308,7308,1014,2025-07-09,2025-08-08,30,42762.0,13703.0,56465.0
7309,7309,1059,2025-07-08,2025-08-07,30,13975.0,3140.0,17115.0
7310,7310,1120,2025-07-09,2025-08-08,30,43898.0,5532.0,49430.0
7311,7311,1119,2025-07-09,2025-08-23,45,28160.0,4329.0,32489.0
7312,7312,1051,2025-07-08,2025-07-23,15,13788.0,4094.0,17882.0
7313,7313,1027,2025-07-11,2025-08-10,30,128740.0,32771.0,161511.0
7314,7314,1046,2025-07-09,2025-08-08,30,69414.0,15739.0,85153.0
7315,7315,1069,2025-07-10,2025-08-09,30,64788.0,13611.0,78399.0
7316,7316,1116,2025-07-08,2025-07-23,15,32353.0,3950.0,36303.0
7317,7317,1106,2025-07-08,2025-08-07,30,14351.0,2525.0,16876.0
7318,7318,1055,2025-07-09,2025-08-23,45,58250.0,20697.0,78947.0
7319,7319,1026,2025-07-08,2025-07-23,15,29286.0,8693.0,37979.0
7320,7320,1037,2025-07-11,2025-08-10,30,56640.0,21202.0,77842.0
7321,7321,1059,2025-07-09,2025-08-08,30,34288.0,9271.0,43559.0
7322,7322,1078,2025-07-09,2025-08-08,30,33844.0,11278.0,45122.0
7323,7323,1120,2025-07-08,2025-08-07,30,33165.0,7614.0,40779.0
7324,7324,1098,2025-07-09,2025-08-08,30,75818.0,22655.0,98473.0
7325,7325,1111,2025-07-10,2025-07-25,15,48171.0,11964.0,60135.0
7326,7326,1085,2025-07-08,2025-08-07,30,13315.0,1760.0,15075.0
7327,7327,1082,2025-07-08,2025-08-22,45,15195.0,3848.0,19043.0
7328,7328,1046,2025-07-08,2025-08-22,45,12741.0,2150.0,14891.0
7329,7329,1054,2025-07-09,2025-08-08,30,45416.0,13674.0,59090.0
7330,7330,1044,2025-07-08,2025-07-23,15,19062.0,5095.0,24157.0
7331,7331,1046,2025-07-08,2025-08-22,45,12076.0,3892.0,15968.0
7332,7332,1017,2025-07-08,2025-08-22,45,12791.0,3314.0,16105.0
7333,7333,1031,2025-07-08,2025-08-07,30,15653.0,3959.0,19612.0
7334,7334,1110,2025-07-09,2025-07-24,15,30738.0,8307.0,39045.0
7335,7335,1008,2025-07-09,2025-08-08,30,39776.0,9510.0,49286.0
7336,7336,1097,2025-07-08,2025-08-07,30,12625.0,4521.0,17146.0
7337,7337,1077,2025-07-08,2025-08-22,45,35588.0,4506.0,40094.0
7338,7338,1066,2025-07-11,2025-08-10,30,60476.0,19541.0,80017.0
7339,7339,1004,2025-07-09,2025-08-08,30,25840.0,3584.0,29424.0
7340,7340,1101,2025-07-08,2025-08-07,30,14015.0,3635.0,17650.0
7341,7341,1072,2025-07-08,2025-08-22,45,14326.0,3532.0,17858.0
7342,7342,1031,2025-07-10,2025-08-24,45,44871.0,12391.0,57262.0
7343,7343,1063,2025-07-08,2025-07-23,15,26332.0,6098.0,32430.0
7344,7344,1009,2025-07-08,2025-08-22,45,15120.0,3289.0,18409.0
7345,7345,1072,2025-07-09,2025-07-24,15,30024.0,4693.0,34717.0
7346,7346,1024,2025-07-08,2025-08-07,30,31763.0,8048.0,39811.0
7347,7347,1028,2025-07-09,2025-08-23,45,62178.0,17349.0,79527.0
7348,7348,1078,2025-07-09,2025-07-24,15,72724.0,15346.0,88070.0
7349,7349,1008,2025-07-09,2025-08-08,30,30278.0,7339.0,37617.0
7350,7350,1107,2025-07-08,2025-08-07,30,30388.0,5442.0,35830.0
7351,7351,1110,2025-07-09,2025-08-08,30,54446.0,18195.0,72641.0
7352,7352,1043,2025-07-12,2025-08-26,45,111785.0,32604.0,144389.0
7353,7353,1114,2025-07-11,2025-08-10,30,81656.0,25800.0,107456.0
7354,7354,1111,2025-07-08,2025-07-23,15,38153.0,13826.0,51979.0
7355,7355,1019,2025-07-08,2025-08-07,30,23386.0,3291.0,26677.0
7356,7356,1090,2025-07-08,2025-08-22,45,31781.0,9714.0,41495.0
7357,7357,1024,2025-07-08,2025-07-23,15,39924.0,14060.0,53984.0
7358,7358,1005,2025-07-11,2025-08-25,45,39837.0,14828.0,54665.0
7359,7359,1093,2025-07-11,2025-08-10,30,90444.0,14833.0,105277.0
7360,7360,1025,2025-07-10,2025-08-09,30,41858.0,6704.0,48562.0
7361,7361,1038,2025-07-12,2025-08-26,45,50584.0,12366.0,62950.0
7362,7362,1076,2025-07-11,2025-08-10,30,38709.0,5000.0,43709.0
7363,7363,1119,2025-07-09,2025-07-24,15,14030.0,3920.0,17950.0
7364,7364,1123,2025-07-10,2025-08-24,45,47754.0,14958.0,62712.0
7365,7365,1021,2025-07-11,2025-08-10,30,51036.0,12064.0,63100.0
7366,7366,1118,2025-07-09,2025-07-24,15,17035.0,6318.0,23353.0
7367,7367,1078,2025-07-11,2025-08-10,30,58098.0,15009.0,73107.0
7368,7368,1076,2025-07-09,2025-08-08,30,29780.0,5469.0,35249.0
7369,7369,1082,2025-07-09,2025-08-23,45,15047.0,3138.0,18185.0
7370,7370,1120,2025-07-09,2025-07-24,15,24397.0,3565.0,27962.0
7371,7371,1071,2025-07-09,2025-08-23,45,16219.0,2359.0,18578.0
7372,7372,1004,2025-07-10,2025-08-09,30,28740.0,7974.0,36714.0
7373,7373,1028,2025-07-09,2025-08-23,45,16084.0,2583.0,18667.0
7374,7374,1098,2025-07-11,2025-07-26,15,40737.0,13381.0,54118.0
7375,7375,1121,2025-07-12,2025-08-11,30,96096.0,15928.0,112024.0
7376,7376,1016,2025-07-09,2025-08-08,30,36085.0,5455.0,41540.0
7377,7377,1097,2025-07-10,2025-07-25,15,30546.0,5724.0,36270.0
7378,7378,1064,2025-07-13,2025-07-28,15,76925.0,14253.0,91178.0
7379,7379,1105,2025-07-11,2025-08-25,45,37881.0,7255.0,45136.0
7380,7380,1101,2025-07-12,2025-08-11,30,86668.0,13993.0,100661.0
7381,7381,1030,2025-07-12,2025-08-11,30,117332.0,30047.0,147379.0
7382,7382,1095,2025-07-10,2025-08-09,30,45942.0,17141.0,63083.0
7383,7383,1002,2025-07-09,2025-07-24,15,16933.0,3488.0,20421.0
7384,7384,1044,2025-07-09,2025-08-08,30,20310.0,4051.0,24361.0
7385,7385,1108,2025-07-12,2025-08-11,30,66252.0,24533.0,90785.0
7386,7386,1035,2025-07-10,2025-08-09,30,39648.0,14679.0,54327.0
7387,7387,1028,2025-07-09,2025-08-08,30,14968.0,5360.0,20328.0
7388,7388,1063,2025-07-10,2025-08-09,30,28090.0,4151.0,32241.0
7389,7389,1003,2025-07-10,2025-08-09,30,29230.0,6042.0,35272.0
7390,7390,1086,2025-07-09,2025-08-23,45,23771.0,6169.0,29940.0
7391,7391,1048,2025-07-09,2025-08-23,45,16867.0,6016.0,22883.0
7392,7392,1051,2025-07-11,2025-07-26,15,47409.0,10261.0,57670.0
7393,7393,1104,2025-07-10,2025-08-09,30,58006.0,9055.0,67061.0
7394,7394,1118,2025-07-10,2025-07-25,15,28172.0,9973.0,38145.0
7395,7395,1085,2025-07-10,2025-07-25,15,47342.0,13192.0,60534.0
7396,7396,1057,2025-07-10,2025-08-09,30,29156.0,4244.0,33400.0
7397,7397,1051,2025-07-09,2025-08-23,45,21211.0,4032.0,25243.0
7398,7398,1001,2025-07-09,2025-08-08,30,13211.0,4865.0,18076.0
7399,7399,1067,2025-07-10,2025-08-09,30,45392.0,10645.0,56037.0
7400,7400,1068,2025-07-09,2025-08-08,30,13664.0,3367.0,17031.0
7401,7401,1082,2025-07-10,2025-08-24,45,32718.0,6576.0,39294.0
7402,7402,1109,2025-07-10,2025-08-09,30,27504.0,6790.0,34294.0
7403,7403,1042,2025-07-11,2025-07-26,15,47763.0,16220.0,63983.0
7404,7404,1106,2025-07-11,2025-08-25,45,42501.0,9299.0,51800.0
7405,7405,1078,2025-07-12,2025-08-26,45,112832.0,19890.0,132722.0
7406,7406,1025,2025-07-10,2025-08-09,30,41592.0,9097.0,50689.0
7407,7407,1033,2025-07-11,2025-08-25,45,104130.0,35242.0,139372.0
7408,7408,1120,2025-07-13,2025-07-28,15,157250.0,19892.0,177142.0
7409,7409,1012,2025-07-10,2025-08-24,45,62128.0,10403.0,72531.0
7410,7410,1071,2025-07-13,2025-08-27,45,99905.0,14831.0,114736.0
7411,7411,1079,2025-07-12,2025-08-26,45,40566.0,5030.0,45596.0
7412,7412,1115,2025-07-10,2025-08-24,45,29334.0,9389.0,38723.0
7413,7413,1084,2025-07-13,2025-08-12,30,111600.0,21957.0,133557.0
7414,7414,1123,2025-07-11,2025-08-10,30,37618.0,9508.0,47126.0
7415,7415,1035,2025-07-12,2025-08-11,30,49071.0,13997.0,63068.0
7416,7416,1090,2025-07-11,2025-08-10,30,31526.0,7140.0,38666.0
7417,7417,1075,2025-07-13,2025-08-27,45,83020.0,27242.0,110262.0
7418,7418,1009,2025-07-10,2025-08-24,45,21358.0,6957.0,28315.0
7419,7419,1078,2025-07-11,2025-08-10,30,80122.0,19701.0,99823.0
7420,7420,1071,2025-07-10,2025-08-09,30,35606.0,12954.0,48560.0
7421,7421,1004,2025-07-10,2025-08-09,30,41624.0,13800.0,55424.0
7422,7422,1047,2025-07-10,2025-08-09,30,17145.0,5311.0,22456.0
7423,7423,1028,2025-07-10,2025-08-09,30,13860.0,3390.0,17250.0
7424,7424,1051,2025-07-10,2025-08-09,30,14306.0,3802.0,18108.0
7425,7425,1071,2025-07-12,2025-08-11,30,64668.0,18597.0,83265.0
7426,7426,1032,2025-07-10,2025-08-09,30,14964.0,3297.0,18261.0
7427,7427,1024,2025-07-11,2025-08-25,45,31428.0,6929.0,38357.0
7428,7428,1122,2025-07-11,2025-08-10,30,49246.0,16543.0,65789.0
7429,7429,1074,2025-07-12,2025-08-11,30,42183.0,14284.0,56467.0
7430,7430,1089,2025-07-10,2025-08-09,30,20288.0,5404.0,25692.0
7431,7431,1049,2025-07-11,2025-08-10,30,29652.0,5097.0,34749.0
7432,7432,1106,2025-07-12,2025-08-11,30,71580.0,10127.0,81707.0
7433,7433,1028,2025-07-13,2025-08-12,30,81164.0,17025.0,98189.0
7434,7434,1015,2025-07-11,2025-07-26,15,74738.0,26002.0,100740.0
7435,7435,1015,2025-07-10,2025-08-09,30,13581.0,4973.0,18554.0
7436,7436,1092,2025-07-14,2025-07-29,15,74535.0,25034.0,99569.0
7437,7437,1116,2025-07-11,2025-08-25,45,48936.0,16440.0,65376.0
7438,7438,1031,2025-07-10,2025-08-24,45,17253.0,3284.0,20537.0
7439,7439,1094,2025-07-12,2025-08-11,30,68982.0,23482.0,92464.0
7440,7440,1015,2025-07-11,2025-07-26,15,27414.0,9516.0,36930.0
7441,7441,1048,2025-07-10,2025-08-24,45,14755.0,2743.0,17498.0
7442,7442,1034,2025-07-13,2025-08-12,30,117492.0,20736.0,138228.0
7443,7443,1092,2025-07-11,2025-08-25,45,42918.0,11488.0,54406.0
7444,7444,1112,2025-07-10,2025-08-09,30,13751.0,1953.0,15704.0
7445,7445,1045,2025-07-10,2025-08-09,30,15935.0,4093.0,20028.0
7446,7446,1096,2025-07-10,2025-08-09,30,22727.0,8071.0,30798.0
7447,7447,1011,2025-07-13,2025-08-12,30,67196.0,16199.0,83395.0
7448,7448,1056,2025-07-11,2025-07-26,15,30356.0,9491.0,39847.0
7449,7449,1122,2025-07-11,2025-08-10,30,51844.0,12178.0,64022.0
7450,7450,1025,2025-07-10,2025-08-09,30,20949.0,3937.0,24886.0
7451,7451,1003,2025-07-13,2025-08-12,30,81804.0,25208.0,107012.0
7452,7452,1011,2025-07-10,2025-08-09,30,15208.0,4352.0,19560.0
7453,7453,1037,2025-07-12,2025-07-27,15,67422.0,22198.0,89620.0
7454,7454,1010,2025-07-10,2025-08-09,30,34230.0,11689.0,45919.0
7455,7455,1042,2025-07-10,2025-07-25,15,21392.0,7539.0,28931.0
7456,7456,1041,2025-07-10,2025-08-09,30,37186.0,10974.0,48160.0
7457,7457,1064,2025-07-10,2025-07-25,15,14034.0,4355.0,18389.0
7458,7458,1007,2025-07-11,2025-08-10,30,44028.0,16646.0,60674.0
7459,7459,1051,2025-07-11,2025-08-25,45,48210.0,15320.0,63530.0
7460,7460,1120,2025-07-10,2025-08-09,30,14809.0,2054.0,16863.0
7461,7461,1021,2025-07-10,2025-08-09,30,23625.0,5801.0,29426.0
7462,7462,1057,2025-07-11,2025-08-10,30,29836.0,4146.0,33982.0
7463,7463,1089,2025-07-12,2025-07-27,15,42912.0,8717.0,51629.0
7464,7464,1014,2025-07-10,2025-08-09,30,21258.0,4025.0,25283.0
7465,7465,1026,2025-07-10,2025-08-09,30,14806.0,3498.0,18304.0
7466,7466,1004,2025-07-12,2025-08-11,30,74332.0,25923.0,100255.0
7467,7467,1009,2025-07-11,2025-08-25,45,14622.0,4520.0,19142.0
7468,7468,1010,2025-07-12,2025-08-11,30,45620.0,12739.0,58359.0
7469,7469,1035,2025-07-12,2025-08-26,45,40114.0,8765.0,48879.0
7470,7470,1072,2025-07-14,2025-08-13,30,72468.0,22702.0,95170.0
7471,7471,1021,2025-07-11,2025-08-10,30,13783.0,1731.0,15514.0
7472,7472,1078,2025-07-13,2025-08-27,45,100056.0,30138.0,130194.0
7473,7473,1011,2025-07-12,2025-08-11,30,31042.0,7665.0,38707.0
7474,7474,1016,2025-07-12,2025-08-11,30,60640.0,22366.0,83006.0
7475,7475,1106,2025-07-13,2025-08-12,30,45429.0,14152.0,59581.0
7476,7476,1054,2025-07-13,2025-07-28,15,86409.0,30168.0,116577.0
7477,7477,1035,2025-07-12,2025-08-26,45,54400.0,13604.0,68004.0
7478,7478,1013,2025-07-13,2025-08-12,30,67701.0,13369.0,81070.0
7479,7479,1116,2025-07-11,2025-08-10,30,15016.0,4647.0,19663.0
7480,7480,1086,2025-07-14,2025-08-28,45,100304.0,15144.0,115448.0
7481,7481,1045,2025-07-11,2025-08-25,45,15465.0,4157.0,19622.0
7482,7482,1018,2025-07-11,2025-08-10,30,31084.0,9824.0,40908.0
7483,7483,1080,2025-07-11,2025-07-26,15,15974.0,5664.0,21638.0
7484,7484,1073,2025-07-12,2025-07-27,15,60942.0,15087.0,76029.0
7485,7485,1065,2025-07-13,2025-08-12,30,68532.0,15933.0,84465.0
7486,7486,1025,2025-07-15,2025-08-14,30,95075.0,11518.0,106593.0
7487,7487,1115,2025-07-13,2025-08-12,30,39582.0,14859.0,54441.0
7488,7488,1079,2025-07-11,2025-07-26,15,21486.0,4693.0,26179.0
7489,7489,1026,2025-07-12,2025-08-11,30,34734.0,9937.0,44671.0
7490,7490,1035,2025-07-13,2025-07-28,15,60021.0,21923.0,81944.0
7491,7491,1030,2025-07-12,2025-08-11,30,31654.0,10456.0,42110.0
7492,7492,1078,2025-07-13,2025-08-12,30,41346.0,5857.0,47203.0
7493,7493,1059,2025-07-13,2025-08-12,30,49152.0,14417.0,63569.0
7494,7494,1111,2025-07-13,2025-08-12,30,44616.0,7725.0,52341.0
7495,7495,1001,2025-07-11,2025-07-26,15,18048.0,3382.0,21430.0
7496,7496,1032,2025-07-12,2025-08-26,45,63358.0,23772.0,87130.0
7497,7497,1113,2025-07-11,2025-08-10,30,15611.0,5469.0,21080.0
7498,7498,1044,2025-07-12,2025-08-11,30,29576.0,5615.0,35191.0
7499,7499,1022,2025-07-14,2025-07-29,15,66660.0,24244.0,90904.0
7500,7500,1059,2025-07-12,2025-08-11,30,78618.0,27342.0,105960.0
7501,7501,1103,2025-07-11,2025-08-10,30,14340.0,3207.0,17547.0
7502,7502,1112,2025-07-13,2025-08-12,30,68076.0,20416.0,88492.0
7503,7503,1060,2025-07-11,2025-08-10,30,14571.0,5090.0,19661.0
7504,7504,1083,2025-07-14,2025-08-13,30,63668.0,16932.0,80600.0
7505,7505,1071,2025-07-13,2025-08-12,30,44382.0,6503.0,50885.0
7506,7506,1065,2025-07-11,2025-08-10,30,21793.0,7934.0,29727.0
7507,7507,1015,2025-07-12,2025-08-11,30,27398.0,9898.0,37296.0
7508,7508,1116,2025-07-14,2025-08-13,30,52884.0,20066.0,72950.0
7509,7509,1077,2025-07-12,2025-08-26,45,29882.0,8872.0,38754.0
7510,7510,1028,2025-07-15,2025-07-30,15,141015.0,42068.0,183083.0
7511,7511,1064,2025-07-12,2025-08-11,30,44048.0,16099.0,60147.0
7512,7512,1008,2025-07-12,2025-07-27,15,26726.0,5493.0,32219.0
7513,7513,1121,2025-07-13,2025-08-27,45,49935.0,11929.0,61864.0
7514,7514,1023,2025-07-13,2025-08-12,30,62922.0,21561.0,84483.0
7515,7515,1123,2025-07-14,2025-08-28,45,138200.0,33032.0,171232.0
7516,7516,1010,2025-07-14,2025-08-28,45,57984.0,7967.0,65951.0
7517,7517,1052,2025-07-12,2025-08-11,30,31104.0,9886.0,40990.0
7518,7518,1106,2025-07-14,2025-08-13,30,105340.0,17522.0,122862.0
7519,7519,1096,2025-07-14,2025-07-29,15,120636.0,14542.0,135178.0
7520,7520,1055,2025-07-13,2025-08-12,30,44118.0,14588.0,58706.0
7521,7521,1093,2025-07-13,2025-08-12,30,48219.0,12944.0,61163.0
7522,7522,1117,2025-07-13,2025-07-28,15,39477.0,5577.0,45054.0
7523,7523,1067,2025-07-12,2025-07-27,15,15491.0,4265.0,19756.0
7524,7524,1005,2025-07-13,2025-08-12,30,51328.0,8414.0,59742.0
7525,7525,1045,2025-07-12,2025-08-11,30,15032.0,4995.0,20027.0
7526,7526,1041,2025-07-12,2025-07-27,15,19764.0,5981.0,25745.0
7527,7527,1033,2025-07-14,2025-08-28,45,44373.0,14350.0,58723.0
7528,7528,1022,2025-07-12,2025-08-26,45,21650.0,5428.0,27078.0
7529,7529,1066,2025-07-14,2025-08-28,45,68037.0,24214.0,92251.0
7530,7530,1023,2025-07-13,2025-08-12,30,47602.0,5896.0,53498.0
7531,7531,1038,2025-07-13,2025-07-28,15,29648.0,4587.0,34235.0
7532,7532,1051,2025-07-12,2025-08-11,30,13204.0,3760.0,16964.0
7533,7533,1113,2025-07-13,2025-08-12,30,43258.0,8069.0,51327.0
7534,7534,1009,2025-07-12,2025-08-11,30,13546.0,4442.0,17988.0
7535,7535,1061,2025-07-12,2025-08-11,30,14841.0,2982.0,17823.0
7536,7536,1109,2025-07-13,2025-08-12,30,30096.0,9661.0,39757.0
7537,7537,1067,2025-07-13,2025-08-12,30,41188.0,9029.0,50217.0
7538,7538,1091,2025-07-14,2025-08-13,30,68745.0,13036.0,81781.0
7539,7539,1028,2025-07-12,2025-08-11,30,27725.0,6975.0,34700.0
7540,7540,1078,2025-07-15,2025-08-14,30,106404.0,13581.0,119985.0
7541,7541,1061,2025-07-13,2025-08-12,30,41650.0,7331.0,48981.0
7542,7542,1107,2025-07-13,2025-08-12,30,46822.0,7050.0,53872.0
7543,7543,1006,2025-07-13,2025-08-12,30,28438.0,6028.0,34466.0
7544,7544,1087,2025-07-12,2025-08-26,45,16391.0,2519.0,18910.0
7545,7545,1008,2025-07-12,2025-08-11,30,22113.0,6003.0,28116.0
7546,7546,1095,2025-07-12,2025-08-11,30,28134.0,8790.0,36924.0
7547,7547,1081,2025-07-12,2025-08-11,30,13693.0,4911.0,18604.0
7548,7548,1080,2025-07-13,2025-08-27,45,57848.0,8404.0,66252.0
7549,7549,1117,2025-07-13,2025-08-12,30,31682.0,10059.0,41741.0
7550,7550,1012,2025-07-14,2025-07-29,15,61950.0,20521.0,82471.0
7551,7551,1040,2025-07-13,2025-08-27,45,30354.0,6726.0,37080.0
7552,7552,1003,2025-07-12,2025-08-11,30,39213.0,6685.0,45898.0
7553,7553,1045,2025-07-12,2025-08-11,30,28968.0,4433.0,33401.0
7554,7554,1052,2025-07-13,2025-08-12,30,58566.0,18134.0,76700.0
7555,7555,1059,2025-07-12,2025-07-27,15,14002.0,4314.0,18316.0
7556,7556,1106,2025-07-15,2025-08-29,45,80364.0,26839.0,107203.0
7557,7557,1042,2025-07-15,2025-08-14,30,66732.0,23929.0,90661.0
7558,7558,1033,2025-07-12,2025-08-11,30,13938.0,5190.0,19128.0
7559,7559,1043,2025-07-14,2025-08-13,30,63579.0,14333.0,77912.0
7560,7560,1105,2025-07-12,2025-08-26,45,12892.0,4741.0,17633.0
7561,7561,1007,2025-07-14,2025-08-13,30,67482.0,20089.0,87571.0
7562,7562,1022,2025-07-13,2025-08-12,30,25274.0,3111.0,28385.0
7563,7563,1036,2025-07-15,2025-08-14,30,114888.0,14032.0,128920.0
7564,7564,1042,2025-07-14,2025-08-13,30,62394.0,9511.0,71905.0
7565,7565,1075,2025-07-12,2025-07-27,15,26121.0,5375.0,31496.0
7566,7566,1008,2025-07-13,2025-07-28,15,59564.0,16441.0,76005.0
7567,7567,1072,2025-07-14,2025-08-13,30,113778.0,20259.0,134037.0
7568,7568,1011,2025-07-12,2025-07-27,15,14862.0,4610.0,19472.0
7569,7569,1041,2025-07-12,2025-08-26,45,29529.0,4680.0,34209.0
7570,7570,1091,2025-07-14,2025-08-28,45,40542.0,12545.0,53087.0
7571,7571,1043,2025-07-14,2025-08-28,45,78027.0,26348.0,104375.0
7572,7572,1017,2025-07-12,2025-07-27,15,15059.0,4671.0,19730.0
7573,7573,1003,2025-07-14,2025-08-28,45,69312.0,16213.0,85525.0
7574,7574,1053,2025-07-12,2025-08-11,30,15256.0,4027.0,19283.0
7575,7575,1067,2025-07-13,2025-08-12,30,27108.0,8804.0,35912.0
7576,7576,1078,2025-07-13,2025-08-12,30,29764.0,7468.0,37232.0
7577,7577,1092,2025-07-12,2025-08-26,45,27748.0,4842.0,32590.0
7578,7578,1114,2025-07-12,2025-07-27,15,29607.0,7875.0,37482.0
7579,7579,1087,2025-07-17,2025-08-16,30,72495.0,21684.0,94179.0
7580,7580,1039,2025-07-14,2025-08-13,30,29128.0,9703.0,38831.0
7581,7581,1007,2025-07-15,2025-08-29,45,48840.0,7169.0,56009.0
7582,7582,1061,2025-07-15,2025-07-30,15,66726.0,10901.0,77627.0
7583,7583,1088,2025-07-14,2025-08-13,30,58400.0,11337.0,69737.0
7584,7584,1093,2025-07-13,2025-08-12,30,26408.0,4508.0,30916.0
7585,7585,1060,2025-07-14,2025-07-29,15,63266.0,17189.0,80455.0
7586,7586,1046,2025-07-16,2025-07-31,15,63836.0,10194.0,74030.0
7587,7587,1027,2025-07-13,2025-08-12,30,14521.0,2150.0,16671.0
7588,7588,1033,2025-07-17,2025-08-16,30,68515.0,23213.0,91728.0
7589,7589,1014,2025-07-15,2025-08-29,45,50736.0,10630.0,61366.0
7590,7590,1031,2025-07-13,2025-08-12,30,27655.0,10174.0,37829.0
7591,7591,1018,2025-07-14,2025-08-13,30,72980.0,23363.0,96343.0
7592,7592,1087,2025-07-13,2025-08-12,30,15434.0,3651.0,19085.0
7593,7593,1067,2025-07-13,2025-07-28,15,20791.0,6753.0,27544.0
7594,7594,1003,2025-07-15,2025-08-29,45,47979.0,9402.0,57381.0
7595,7595,1050,2025-07-15,2025-08-14,30,45045.0,15404.0,60449.0
7596,7596,1039,2025-07-15,2025-07-30,15,50454.0,11548.0,62002.0
7597,7597,1014,2025-07-14,2025-08-28,45,29678.0,10196.0,39874.0
7598,7598,1095,2025-07-16,2025-08-30,45,112724.0,32751.0,145475.0
7599,7599,1113,2025-07-15,2025-07-30,15,109098.0,20067.0,129165.0
7600,7600,1056,2025-07-14,2025-07-29,15,77854.0,20073.0,97927.0
7601,7601,1045,2025-07-15,2025-08-14,30,68550.0,15585.0,84135.0
7602,7602,1065,2025-07-13,2025-08-12,30,15731.0,4130.0,19861.0
7603,7603,1021,2025-07-14,2025-08-13,30,34892.0,10466.0,45358.0
7604,7604,1115,2025-07-13,2025-07-28,15,16365.0,4689.0,21054.0
7605,7605,1076,2025-07-15,2025-08-14,30,44160.0,10392.0,54552.0
7606,7606,1093,2025-07-13,2025-08-27,45,31932.0,6223.0,38155.0
7607,7607,1090,2025-07-14,2025-08-13,30,29000.0,4753.0,33753.0
7608,7608,1039,2025-07-13,2025-08-27,45,20804.0,7487.0,28291.0
7609,7609,1106,2025-07-15,2025-08-14,30,42075.0,8729.0,50804.0
7610,7610,1020,2025-07-13,2025-08-12,30,20592.0,2801.0,23393.0
7611,7611,1049,2025-07-16,2025-08-15,30,124676.0,43446.0,168122.0
7612,7612,1065,2025-07-14,2025-08-13,30,47900.0,12520.0,60420.0
7613,7613,1045,2025-07-15,2025-07-30,15,59010.0,12419.0,71429.0
7614,7614,1096,2025-07-13,2025-08-27,45,18697.0,6797.0,25494.0
7615,7615,1063,2025-07-15,2025-08-29,45,100959.0,28455.0,129414.0
7616,7616,1065,2025-07-14,2025-08-13,30,30896.0,6991.0,37887.0
7617,7617,1086,2025-07-13,2025-08-27,45,21850.0,5622.0,27472.0
7618,7618,1035,2025-07-14,2025-07-29,15,31018.0,7646.0,38664.0
7619,7619,1014,2025-07-14,2025-08-13,30,39642.0,8632.0,48274.0
7620,7620,1017,2025-07-13,2025-08-12,30,14816.0,3970.0,18786.0
7621,7621,1035,2025-07-15,2025-08-14,30,101331.0,34974.0,136305.0
7622,7622,1092,2025-07-13,2025-07-28,15,13883.0,3678.0,17561.0
7623,7623,1112,2025-07-16,2025-08-30,45,94644.0,25245.0,119889.0
7624,7624,1118,2025-07-14,2025-07-29,15,28622.0,7484.0,36106.0
7625,7625,1117,2025-07-14,2025-07-29,15,27110.0,6422.0,33532.0
7626,7626,1015,2025-07-14,2025-08-13,30,54896.0,15614.0,70510.0
7627,7627,1054,2025-07-14,2025-07-29,15,47858.0,7657.0,55515.0
7628,7628,1006,2025-07-14,2025-08-28,45,27950.0,5892.0,33842.0
7629,7629,1050,2025-07-14,2025-08-13,30,41754.0,8498.0,50252.0
7630,7630,1090,2025-07-17,2025-08-01,15,66184.0,17411.0,83595.0
7631,7631,1025,2025-07-17,2025-08-01,15,60544.0,21689.0,82233.0
7632,7632,1010,2025-07-14,2025-07-29,15,15883.0,3859.0,19742.0
7633,7633,1122,2025-07-15,2025-08-14,30,44854.0,16766.0,61620.0
7634,7634,1058,2025-07-16,2025-08-15,30,45318.0,13942.0,59260.0
7635,7635,1075,2025-07-17,2025-08-01,15,152728.0,34013.0,186741.0
7636,7636,1097,2025-07-14,2025-08-13,30,18067.0,4482.0,22549.0
7637,7637,1055,2025-07-15,2025-08-14,30,75432.0,26866.0,102298.0
7638,7638,1081,2025-07-14,2025-08-13,30,28699.0,4161.0,32860.0
7639,7639,1024,2025-07-16,2025-08-15,30,52140.0,11131.0,63271.0
7640,7640,1055,2025-07-16,2025-08-15,30,53769.0,17758.0,71527.0
7641,7641,1076,2025-07-14,2025-08-28,45,15493.0,2360.0,17853.0
7642,7642,1050,2025-07-16,2025-08-30,45,93429.0,11602.0,105031.0
7643,7643,1055,2025-07-14,2025-07-29,15,13582.0,3330.0,16912.0
7644,7644,1108,2025-07-18,2025-09-01,45,71235.0,15319.0,86554.0
7645,7645,1020,2025-07-16,2025-08-15,30,60666.0,20968.0,81634.0
7646,7646,1054,2025-07-14,2025-08-13,30,15651.0,5599.0,21250.0
7647,7647,1094,2025-07-15,2025-08-14,30,27426.0,9208.0,36634.0
7648,7648,1103,2025-07-16,2025-08-30,45,45546.0,16042.0,61588.0
7649,7649,1028,2025-07-16,2025-08-15,30,47499.0,17910.0,65409.0
7650,7650,1028,2025-07-14,2025-08-13,30,26520.0,4417.0,30937.0
7651,7651,1089,2025-07-14,2025-08-13,30,21229.0,4955.0,26184.0
7652,7652,1017,2025-07-14,2025-08-28,45,27740.0,3821.0,31561.0
7653,7653,1066,2025-07-14,2025-08-13,30,20867.0,7595.0,28462.0
7654,7654,1107,2025-07-14,2025-08-13,30,22045.0,7154.0,29199.0
7655,7655,1093,2025-07-14,2025-07-29,15,31910.0,4408.0,36318.0
7656,7656,1124,2025-07-15,2025-08-29,45,39158.0,14626.0,53784.0
7657,7657,1112,2025-07-14,2025-08-13,30,17564.0,4669.0,22233.0
7658,7658,1021,2025-07-14,2025-08-13,30,13324.0,3802.0,17126.0
7659,7659,1027,2025-07-14,2025-08-28,45,19088.0,6901.0,25989.0
7660,7660,1051,2025-07-15,2025-08-14,30,39408.0,14185.0,53593.0
7661,7661,1032,2025-07-17,2025-08-16,30,87624.0,12250.0,99874.0
7662,7662,1066,2025-07-18,2025-08-17,30,76320.0,9765.0,86085.0
7663,7663,1092,2025-07-14,2025-08-13,30,14191.0,4602.0,18793.0
7664,7664,1004,2025-07-16,2025-07-31,15,40068.0,8970.0,49038.0
7665,7665,1096,2025-07-15,2025-08-14,30,72904.0,23880.0,96784.0
7666,7666,1095,2025-07-14,2025-08-13,30,14265.0,2816.0,17081.0
7667,7667,1107,2025-07-16,2025-07-31,15,43164.0,8902.0,52066.0
7668,7668,1104,2025-07-15,2025-07-30,15,27422.0,4412.0,31834.0
7669,7669,1008,2025-07-16,2025-08-15,30,105213.0,26124.0,131337.0
7670,7670,1099,2025-07-14,2025-07-29,15,15600.0,2921.0,18521.0
7671,7671,1078,2025-07-14,2025-08-28,45,13331.0,1898.0,15229.0
7672,7672,1077,2025-07-15,2025-08-29,45,26752.0,6073.0,32825.0
7673,7673,1092,2025-07-14,2025-08-13,30,29803.0,9423.0,39226.0
7674,7674,1057,2025-07-14,2025-08-13,30,14943.0,5625.0,20568.0
7675,7675,1110,2025-07-14,2025-08-28,45,21011.0,7466.0,28477.0
7676,7676,1066,2025-07-15,2025-07-30,15,30288.0,4304.0,34592.0
7677,7677,1014,2025-07-14,2025-07-29,15,33441.0,10425.0,43866.0
7678,7678,1091,2025-07-16,2025-08-30,45,108426.0,31530.0,139956.0
7679,7679,1040,2025-07-16,2025-08-30,45,91461.0,28094.0,119555.0
7680,7680,1105,2025-07-15,2025-08-29,45,22850.0,6535.0,29385.0
7681,7681,1107,2025-07-18,2025-08-02,15,68036.0,14879.0,82915.0
7682,7682,1070,2025-07-16,2025-08-30,45,74816.0,20744.0,95560.0
7683,7683,1003,2025-07-16,2025-07-31,15,40694.0,13341.0,54035.0
7684,7684,1012,2025-07-19,2025-08-03,15,183670.0,44367.0,228037.0
7685,7685,1096,2025-07-16,2025-08-15,30,38796.0,11680.0,50476.0
7686,7686,1095,2025-07-15,2025-08-14,30,13265.0,1820.0,15085.0
7687,7687,1076,2025-07-16,2025-08-30,45,72148.0,11408.0,83556.0
7688,7688,1012,2025-07-16,2025-08-15,30,47662.0,9796.0,57458.0
7689,7689,1014,2025-07-16,2025-08-30,45,32474.0,4437.0,36911.0
7690,7690,1069,2025-07-15,2025-08-14,30,23677.0,6488.0,30165.0
7691,7691,1086,2025-07-18,2025-08-02,15,60652.0,12891.0,73543.0
7692,7692,1071,2025-07-18,2025-08-02,15,66112.0,17171.0,83283.0
7693,7693,1002,2025-07-15,2025-08-14,30,28028.0,6634.0,34662.0
7694,7694,1029,2025-07-16,2025-07-31,15,45394.0,14775.0,60169.0
7695,7695,1057,2025-07-18,2025-08-02,15,55380.0,7690.0,63070.0
7696,7696,1054,2025-07-17,2025-08-01,15,47997.0,14128.0,62125.0
7697,7697,1081,2025-07-16,2025-08-15,30,42924.0,11223.0,54147.0
7698,7698,1108,2025-07-15,2025-08-14,30,20163.0,5386.0,25549.0
7699,7699,1062,2025-07-15,2025-08-29,45,33519.0,10150.0,43669.0
7700,7700,1051,2025-07-15,2025-08-14,30,15118.0,3584.0,18702.0
7701,7701,1096,2025-07-16,2025-08-15,30,31394.0,5093.0,36487.0
7702,7702,1096,2025-07-15,2025-07-30,15,26911.0,9106.0,36017.0
7703,7703,1046,2025-07-17,2025-08-16,30,86397.0,12817.0,99214.0
7704,7704,1028,2025-07-16,2025-08-15,30,45112.0,8212.0,53324.0
7705,7705,1023,2025-07-15,2025-08-14,30,30203.0,4969.0,35172.0
7706,7706,1066,2025-07-18,2025-09-01,45,58632.0,13274.0,71906.0
7707,7707,1067,2025-07-17,2025-08-16,30,97356.0,22377.0,119733.0
7708,7708,1041,2025-07-15,2025-08-29,45,14685.0,3397.0,18082.0
7709,7709,1006,2025-07-16,2025-07-31,15,44898.0,15007.0,59905.0
7710,7710,1058,2025-07-18,2025-09-01,45,69980.0,22519.0,92499.0
7711,7711,1051,2025-07-16,2025-08-30,45,28558.0,8367.0,36925.0
7712,7712,1032,2025-07-17,2025-08-31,45,43038.0,15891.0,58929.0
7713,7713,1074,2025-07-17,2025-08-16,30,123300.0,26014.0,149314.0
7714,7714,1068,2025-07-15,2025-07-30,15,22252.0,7760.0,30012.0
7715,7715,1068,2025-07-16,2025-08-30,45,30392.0,4570.0,34962.0
7716,7716,1085,2025-07-15,2025-08-14,30,14487.0,3151.0,17638.0
7717,7717,1023,2025-07-15,2025-08-29,45,22325.0,5590.0,27915.0
7718,7718,1026,2025-07-15,2025-08-14,30,16273.0,2695.0,18968.0
7719,7719,1002,2025-07-16,2025-08-15,30,40308.0,15169.0,55477.0
7720,7720,1073,2025-07-15,2025-07-30,15,22609.0,5744.0,28353.0
7721,7721,1005,2025-07-16,2025-08-15,30,30280.0,8828.0,39108.0
7722,7722,1058,2025-07-15,2025-07-30,15,21642.0,3127.0,24769.0
7723,7723,1056,2025-07-19,2025-08-18,30,118800.0,14848.0,133648.0
7724,7724,1121,2025-07-16,2025-08-15,30,31274.0,5269.0,36543.0
7725,7725,1026,2025-07-19,2025-08-18,30,68180.0,13873.0,82053.0
7726,7726,1125,2025-07-17,2025-08-16,30,116316.0,24905.0,141221.0
7727,7727,1038,2025-07-15,2025-08-14,30,16439.0,5855.0,22294.0
7728,7728,1031,2025-07-16,2025-08-15,30,13341.0,1725.0,15066.0
7729,7729,1105,2025-07-18,2025-08-17,30,39720.0,6530.0,46250.0
7730,7730,1049,2025-07-16,2025-08-15,30,13055.0,2466.0,15521.0
7731,7731,1072,2025-07-16,2025-08-15,30,16837.0,5637.0,22474.0
7732,7732,1106,2025-07-16,2025-08-15,30,16773.0,4779.0,21552.0
7733,7733,1107,2025-07-16,2025-07-31,15,27832.0,7180.0,35012.0
7734,7734,1076,2025-07-18,2025-09-01,45,46209.0,5685.0,51894.0
7735,7735,1018,2025-07-18,2025-09-01,45,42246.0,14719.0,56965.0
7736,7736,1020,2025-07-19,2025-08-18,30,78856.0,19001.0,97857.0
7737,7737,1046,2025-07-20,2025-08-19,30,110275.0,36817.0,147092.0
7738,7738,1087,2025-07-18,2025-09-01,45,60921.0,18907.0,79828.0
7739,7739,1015,2025-07-16,2025-08-15,30,34364.0,11948.0,46312.0
7740,7740,1077,2025-07-17,2025-08-01,15,44814.0,8721.0,53535.0
7741,7741,1009,2025-07-19,2025-09-02,45,54068.0,9010.0,63078.0
7742,7742,1054,2025-07-17,2025-08-16,30,33808.0,9715.0,43523.0
7743,7743,1030,2025-07-16,2025-07-31,15,14500.0,5042.0,19542.0
7744,7744,1093,2025-07-18,2025-09-01,45,41670.0,15180.0,56850.0
7745,7745,1019,2025-07-18,2025-08-02,15,48639.0,13300.0,61939.0
7746,7746,1084,2025-07-16,2025-08-15,30,28798.0,4112.0,32910.0
7747,7747,1047,2025-07-17,2025-08-31,45,72642.0,22816.0,95458.0
7748,7748,1015,2025-07-18,2025-09-01,45,76449.0,19810.0,96259.0
7749,7749,1045,2025-07-17,2025-08-16,30,30392.0,7244.0,37636.0
7750,7750,1054,2025-07-17,2025-08-16,30,26806.0,4513.0,31319.0
7751,7751,1109,2025-07-16,2025-08-15,30,20072.0,5642.0,25714.0
7752,7752,1026,2025-07-16,2025-08-30,45,26342.0,5893.0,32235.0
7753,7753,1042,2025-07-16,2025-07-31,15,20439.0,2827.0,23266.0
7754,7754,1066,2025-07-16,2025-07-31,15,20934.0,7226.0,28160.0
7755,7755,1045,2025-07-16,2025-08-15,30,28504.0,7176.0,35680.0
7756,7756,1100,2025-07-18,2025-08-17,30,50166.0,9562.0,59728.0
7757,7757,1036,2025-07-16,2025-08-15,30,23205.0,3782.0,26987.0
7758,7758,1041,2025-07-17,2025-08-31,45,42620.0,12083.0,54703.0
7759,7759,1082,2025-07-19,2025-08-18,30,132360.0,48542.0,180902.0
7760,7760,1106,2025-07-16,2025-08-30,45,12614.0,3791.0,16405.0
7761,7761,1117,2025-07-18,2025-08-17,30,73293.0,26882.0,100175.0
7762,7762,1068,2025-07-16,2025-08-15,30,14793.0,5095.0,19888.0
7763,7763,1081,2025-07-17,2025-08-16,30,46938.0,8166.0,55104.0
7764,7764,1033,2025-07-19,2025-08-18,30,56968.0,21005.0,77973.0
7765,7765,1061,2025-07-18,2025-08-02,15,67617.0,13738.0,81355.0
7766,7766,1036,2025-07-18,2025-09-01,45,42993.0,14883.0,57876.0
7767,7767,1013,2025-07-18,2025-08-17,30,43305.0,6912.0,50217.0
7768,7768,1102,2025-07-19,2025-09-02,45,79684.0,16424.0,96108.0
7769,7769,1092,2025-07-16,2025-08-15,30,21034.0,4615.0,25649.0
7770,7770,1018,2025-07-19,2025-08-18,30,134840.0,45937.0,180777.0
7771,7771,1024,2025-07-18,2025-08-17,30,65715.0,15887.0,81602.0
7772,7772,1094,2025-07-18,2025-08-17,30,37572.0,9100.0,46672.0
7773,7773,1070,2025-07-17,2025-08-31,45,29114.0,10873.0,39987.0
7774,7774,1011,2025-07-17,2025-08-16,30,24532.0,4299.0,28831.0
7775,7775,1045,2025-07-17,2025-08-16,30,13135.0,4761.0,17896.0
7776,7776,1061,2025-07-17,2025-08-16,30,15219.0,4039.0,19258.0
7777,7777,1002,2025-07-19,2025-08-03,15,46260.0,16030.0,62290.0
7778,7778,1057,2025-07-18,2025-08-17,30,27474.0,4004.0,31478.0
7779,7779,1092,2025-07-19,2025-08-18,30,43542.0,12525.0,56067.0
7780,7780,1008,2025-07-17,2025-08-31,45,15239.0,3365.0,18604.0
7781,7781,1117,2025-07-17,2025-08-16,30,18582.0,5499.0,24081.0
7782,7782,1007,2025-07-18,2025-08-17,30,44116.0,12024.0,56140.0
7783,7783,1069,2025-07-18,2025-08-02,15,46796.0,7745.0,54541.0
7784,7784,1067,2025-07-17,2025-08-31,45,14026.0,3870.0,17896.0
7785,7785,1060,2025-07-19,2025-08-18,30,69063.0,18967.0,88030.0
7786,7786,1003,2025-07-19,2025-08-18,30,93330.0,19049.0,112379.0
7787,7787,1061,2025-07-17,2025-08-16,30,30452.0,4987.0,35439.0
7788,7788,1121,2025-07-18,2025-08-17,30,29298.0,4826.0,34124.0
7789,7789,1007,2025-07-20,2025-08-19,30,59328.0,21733.0,81061.0
7790,7790,1011,2025-07-19,2025-09-02,45,62712.0,18934.0,81646.0
7791,7791,1033,2025-07-18,2025-08-17,30,40760.0,5673.0,46433.0
7792,7792,1013,2025-07-19,2025-08-18,30,86907.0,32328.0,119235.0
7793,7793,1053,2025-07-21,2025-08-20,30,70380.0,18247.0,88627.0
7794,7794,1036,2025-07-18,2025-08-02,15,29714.0,7402.0,37116.0
7795,7795,1097,2025-07-17,2025-08-16,30,14188.0,4825.0,19013.0
7796,7796,1049,2025-07-18,2025-08-02,15,33690.0,11659.0,45349.0
7797,7797,1098,2025-07-20,2025-08-19,30,54596.0,8309.0,62905.0
7798,7798,1049,2025-07-18,2025-08-17,30,73168.0,26472.0,99640.0
7799,7799,1095,2025-07-19,2025-09-02,45,64443.0,11195.0,75638.0
7800,7800,1076,2025-07-17,2025-08-31,45,22722.0,3168.0,25890.0
7801,7801,1085,2025-07-17,2025-08-31,45,14220.0,2847.0,17067.0
7802,7802,1049,2025-07-18,2025-08-17,30,33176.0,11507.0,44683.0
7803,7803,1010,2025-07-17,2025-08-16,30,32430.0,10160.0,42590.0
7804,7804,1061,2025-07-18,2025-08-17,30,55644.0,13445.0,69089.0
7805,7805,1117,2025-07-17,2025-08-01,15,29146.0,8492.0,37638.0
7806,7806,1115,2025-07-17,2025-08-16,30,15656.0,2451.0,18107.0
7807,7807,1035,2025-07-18,2025-08-02,15,28694.0,4803.0,33497.0
7808,7808,1119,2025-07-19,2025-08-18,30,66522.0,23488.0,90010.0
7809,7809,1067,2025-07-18,2025-08-17,30,30110.0,10105.0,40215.0
7810,7810,1120,2025-07-17,2025-08-01,15,15931.0,3368.0,19299.0
7811,7811,1013,2025-07-19,2025-08-18,30,65562.0,18936.0,84498.0
7812,7812,1064,2025-07-17,2025-08-16,30,13717.0,2463.0,16180.0
7813,7813,1041,2025-07-17,2025-08-16,30,19105.0,2466.0,21571.0
7814,7814,1071,2025-07-19,2025-08-03,15,38652.0,12489.0,51141.0
7815,7815,1023,2025-07-17,2025-08-01,15,20407.0,4264.0,24671.0
7816,7816,1010,2025-07-19,2025-08-03,15,51945.0,11193.0,63138.0
7817,7817,1076,2025-07-19,2025-08-18,30,42564.0,8518.0,51082.0
7818,7818,1071,2025-07-19,2025-09-02,45,97218.0,18873.0,116091.0
7819,7819,1078,2025-07-21,2025-08-05,15,64260.0,18908.0,83168.0
7820,7820,1095,2025-07-17,2025-08-31,45,14659.0,2909.0,17568.0
7821,7821,1118,2025-07-19,2025-08-18,30,45630.0,11206.0,56836.0
7822,7822,1124,2025-07-17,2025-08-01,15,21693.0,7095.0,28788.0
7823,7823,1097,2025-07-17,2025-08-16,30,22898.0,5802.0,28700.0
7824,7824,1072,2025-07-17,2025-08-16,30,16697.0,6208.0,22905.0
7825,7825,1098,2025-07-21,2025-08-05,15,87290.0,27208.0,114498.0
7826,7826,1051,2025-07-20,2025-08-04,15,80028.0,17073.0,97101.0
7827,7827,1072,2025-07-18,2025-09-01,45,14620.0,2818.0,17438.0
7828,7828,1029,2025-07-20,2025-08-19,30,74724.0,14789.0,89513.0
7829,7829,1053,2025-07-19,2025-08-18,30,61090.0,17695.0,78785.0
7830,7830,1006,2025-07-20,2025-08-19,30,60951.0,11677.0,72628.0
7831,7831,1120,2025-07-20,2025-08-04,15,73932.0,15789.0,89721.0
7832,7832,1043,2025-07-21,2025-08-20,30,90976.0,16305.0,107281.0
7833,7833,1063,2025-07-20,2025-08-19,30,67323.0,8813.0,76136.0
7834,7834,1033,2025-07-18,2025-08-17,30,15430.0,5753.0,21183.0
7835,7835,1061,2025-07-19,2025-08-18,30,26382.0,4858.0,31240.0
7836,7836,1002,2025-07-21,2025-08-20,30,56380.0,18337.0,74717.0
7837,7837,1089,2025-07-20,2025-08-19,30,37182.0,13961.0,51143.0
7838,7838,1087,2025-07-21,2025-08-05,15,57660.0,14953.0,72613.0
7839,7839,1052,2025-07-20,2025-08-19,30,90948.0,26006.0,116954.0
7840,7840,1051,2025-07-18,2025-08-17,30,13274.0,2698.0,15972.0
7841,7841,1014,2025-07-18,2025-08-17,30,15835.0,3137.0,18972.0
7842,7842,1025,2025-07-19,2025-08-18,30,27888.0,9828.0,37716.0
7843,7843,1017,2025-07-19,2025-09-02,45,32284.0,8393.0,40677.0
7844,7844,1037,2025-07-20,2025-08-19,30,127698.0,36759.0,164457.0
7845,7845,1018,2025-07-18,2025-08-17,30,14053.0,2365.0,16418.0
7846,7846,1125,2025-07-20,2025-08-19,30,47262.0,9970.0,57232.0
7847,7847,1072,2025-07-18,2025-08-17,30,13993.0,4422.0,18415.0
7848,7848,1055,2025-07-18,2025-08-17,30,30660.0,10495.0,41155.0
7849,7849,1083,2025-07-19,2025-08-03,15,28964.0,3659.0,32623.0
7850,7850,1050,2025-07-18,2025-08-17,30,22835.0,8104.0,30939.0
7851,7851,1079,2025-07-18,2025-09-01,45,31323.0,4169.0,35492.0
7852,7852,1046,2025-07-18,2025-08-17,30,14568.0,2154.0,16722.0
7853,7853,1067,2025-07-19,2025-08-18,30,31468.0,5363.0,36831.0
7854,7854,1077,2025-07-22,2025-09-05,45,102150.0,20693.0,122843.0
7855,7855,1012,2025-07-20,2025-08-04,15,108852.0,27948.0,136800.0
7856,7856,1107,2025-07-19,2025-08-18,30,34304.0,6112.0,40416.0
7857,7857,1112,2025-07-19,2025-08-03,15,42874.0,15756.0,58630.0
7858,7858,1098,2025-07-21,2025-08-20,30,81808.0,26834.0,108642.0
7859,7859,1078,2025-07-19,2025-08-18,30,39496.0,9241.0,48737.0
7860,7860,1111,2025-07-20,2025-08-19,30,46743.0,6545.0,53288.0
7861,7861,1119,2025-07-19,2025-08-18,30,28884.0,8881.0,37765.0
7862,7862,1003,2025-07-18,2025-08-17,30,14514.0,3846.0,18360.0
7863,7863,1075,2025-07-18,2025-09-01,45,12618.0,3341.0,15959.0
7864,7864,1003,2025-07-18,2025-09-01,45,14255.0,5199.0,19454.0
7865,7865,1080,2025-07-18,2025-08-17,30,15858.0,5991.0,21849.0
7866,7866,1110,2025-07-21,2025-09-04,45,85144.0,22039.0,107183.0
7867,7867,1065,2025-07-18,2025-08-17,30,20587.0,5504.0,26091.0
7868,7868,1093,2025-07-19,2025-08-18,30,26498.0,8478.0,34976.0
7869,7869,1024,2025-07-21,2025-08-20,30,55112.0,8634.0,63746.0
7870,7870,1016,2025-07-18,2025-08-17,30,15769.0,2879.0,18648.0
7871,7871,1054,2025-07-19,2025-08-18,30,35002.0,7016.0,42018.0
7872,7872,1050,2025-07-21,2025-08-20,30,59180.0,21599.0,80779.0
7873,7873,1019,2025-07-19,2025-08-18,30,31184.0,9310.0,40494.0
7874,7874,1109,2025-07-19,2025-08-03,15,68918.0,9906.0,78824.0
7875,7875,1084,2025-07-19,2025-08-18,30,39970.0,13617.0,53587.0
7876,7876,1009,2025-07-19,2025-08-18,30,29218.0,9308.0,38526.0
7877,7877,1045,2025-07-19,2025-08-18,30,41756.0,11123.0,52879.0
7878,7878,1048,2025-07-19,2025-08-18,30,48514.0,9737.0,58251.0
7879,7879,1116,2025-07-20,2025-08-19,30,45237.0,9969.0,55206.0
7880,7880,1073,2025-07-18,2025-08-17,30,14057.0,5150.0,19207.0
7881,7881,1107,2025-07-19,2025-08-03,15,32534.0,11511.0,44045.0
7882,7882,1013,2025-07-19,2025-09-02,45,32472.0,4780.0,37252.0
7883,7883,1101,2025-07-18,2025-08-02,15,14828.0,5443.0,20271.0
7884,7884,1100,2025-07-19,2025-09-02,45,27808.0,5638.0,33446.0
7885,7885,1057,2025-07-18,2025-08-17,30,28132.0,4172.0,32304.0
7886,7886,1053,2025-07-19,2025-09-02,45,48722.0,11446.0,60168.0
7887,7887,1096,2025-07-18,2025-08-17,30,17906.0,5968.0,23874.0
7888,7888,1096,2025-07-18,2025-08-02,15,37666.0,13074.0,50740.0
7889,7889,1020,2025-07-20,2025-08-04,15,54360.0,15413.0,69773.0
7890,7890,1089,2025-07-20,2025-08-19,30,55384.0,9168.0,64552.0
7891,7891,1113,2025-07-20,2025-08-19,30,27206.0,8771.0,35977.0
7892,7892,1060,2025-07-19,2025-08-18,30,13144.0,2405.0,15549.0
7893,7893,1124,2025-07-21,2025-08-20,30,127947.0,23147.0,151094.0
7894,7894,1090,2025-07-23,2025-08-22,30,110770.0,41671.0,152441.0
7895,7895,1019,2025-07-23,2025-09-06,45,75100.0,19545.0,94645.0
7896,7896,1059,2025-07-21,2025-08-05,15,38703.0,9330.0,48033.0
7897,7897,1001,2025-07-19,2025-08-18,30,15765.0,4520.0,20285.0
7898,7898,1008,2025-07-19,2025-09-02,45,21656.0,5664.0,27320.0
7899,7899,1102,2025-07-19,2025-08-03,15,30172.0,6599.0,36771.0
7900,7900,1109,2025-07-19,2025-08-18,30,16308.0,5039.0,21347.0
7901,7901,1001,2025-07-20,2025-08-19,30,46264.0,7249.0,53513.0
7902,7902,1089,2025-07-23,2025-08-22,30,65980.0,9646.0,75626.0
7903,7903,1123,2025-07-20,2025-09-03,45,27998.0,5819.0,33817.0
7904,7904,1059,2025-07-20,2025-08-04,15,27050.0,9459.0,36509.0
7905,7905,1089,2025-07-21,2025-08-05,15,58032.0,19906.0,77938.0
7906,7906,1060,2025-07-20,2025-08-19,30,25926.0,5491.0,31417.0
7907,7907,1114,2025-07-22,2025-08-21,30,60016.0,19460.0,79476.0
7908,7908,1082,2025-07-19,2025-08-18,30,14860.0,2407.0,17267.0
7909,7909,1066,2025-07-19,2025-08-18,30,30617.0,7143.0,37760.0
7910,7910,1106,2025-07-20,2025-09-03,45,31438.0,4077.0,35515.0
7911,7911,1066,2025-07-21,2025-08-20,30,47193.0,16756.0,63949.0
7912,7912,1089,2025-07-21,2025-08-05,15,43866.0,14385.0,58251.0
7913,7913,1045,2025-07-19,2025-08-18,30,29894.0,8147.0,38041.0
7914,7914,1090,2025-07-21,2025-08-20,30,47076.0,15317.0,62393.0
7915,7915,1111,2025-07-23,2025-08-22,30,110635.0,36418.0,147053.0
7916,7916,1050,2025-07-21,2025-08-05,15,46800.0,6388.0,53188.0
7917,7917,1084,2025-07-20,2025-08-04,15,26264.0,4111.0,30375.0
7918,7918,1084,2025-07-19,2025-09-02,45,14561.0,3450.0,18011.0
7919,7919,1036,2025-07-22,2025-08-21,30,65976.0,22884.0,88860.0
7920,7920,1117,2025-07-19,2025-09-02,45,16771.0,3192.0,19963.0
7921,7921,1071,2025-07-20,2025-08-04,15,28874.0,9276.0,38150.0
7922,7922,1029,2025-07-19,2025-08-03,15,31795.0,9498.0,41293.0
7923,7923,1057,2025-07-19,2025-08-18,30,15064.0,2802.0,17866.0
7924,7924,1043,2025-07-21,2025-08-20,30,83541.0,10377.0,93918.0
7925,7925,1016,2025-07-19,2025-08-03,15,36865.0,9869.0,46734.0
7926,7926,1002,2025-07-19,2025-08-18,30,13149.0,4479.0,17628.0
7927,7927,1048,2025-07-23,2025-08-22,30,59750.0,15283.0,75033.0
7928,7928,1017,2025-07-20,2025-08-04,15,30282.0,7812.0,38094.0
7929,7929,1075,2025-07-19,2025-09-02,45,35413.0,11700.0,47113.0
7930,7930,1120,2025-07-23,2025-08-22,30,180460.0,32199.0,212659.0
7931,7931,1052,2025-07-20,2025-08-04,15,30290.0,8412.0,38702.0
7932,7932,1045,2025-07-20,2025-08-04,15,28420.0,9707.0,38127.0
7933,7933,1122,2025-07-19,2025-08-18,30,13990.0,4245.0,18235.0
7934,7934,1026,2025-07-21,2025-08-20,30,58014.0,17206.0,75220.0
7935,7935,1028,2025-07-20,2025-09-03,45,33308.0,4977.0,38285.0
7936,7936,1033,2025-07-23,2025-08-22,30,77500.0,10917.0,88417.0
7937,7937,1064,2025-07-20,2025-09-03,45,35739.0,4598.0,40337.0
7938,7938,1035,2025-07-20,2025-08-19,30,13398.0,3249.0,16647.0
7939,7939,1121,2025-07-20,2025-09-03,45,14105.0,4896.0,19001.0
7940,7940,1032,2025-07-23,2025-08-22,30,90644.0,25575.0,116219.0
7941,7941,1100,2025-07-20,2025-09-03,45,15502.0,3331.0,18833.0
7942,7942,1001,2025-07-22,2025-08-06,15,37104.0,6698.0,43802.0
7943,7943,1079,2025-07-21,2025-08-20,30,27472.0,4025.0,31497.0
7944,7944,1072,2025-07-20,2025-08-19,30,20671.0,6131.0,26802.0
7945,7945,1039,2025-07-24,2025-09-07,45,93540.0,27620.0,121160.0
7946,7946,1094,2025-07-22,2025-09-05,45,67773.0,17193.0,84966.0
7947,7947,1063,2025-07-23,2025-09-06,45,162660.0,22778.0,185438.0
7948,7948,1002,2025-07-21,2025-09-04,45,40634.0,9487.0,50121.0
7949,7949,1002,2025-07-20,2025-09-03,45,22421.0,3629.0,26050.0
7950,7950,1006,2025-07-22,2025-08-06,15,39975.0,10987.0,50962.0
7951,7951,1044,2025-07-20,2025-08-19,30,20927.0,6622.0,27549.0
7952,7952,1089,2025-07-21,2025-09-04,45,68298.0,12668.0,80966.0
7953,7953,1123,2025-07-20,2025-08-19,30,22760.0,4153.0,26913.0
7954,7954,1104,2025-07-22,2025-08-06,15,63642.0,20758.0,84400.0
7955,7955,1009,2025-07-21,2025-09-04,45,85784.0,25972.0,111756.0
7956,7956,1054,2025-07-22,2025-08-21,30,43065.0,14385.0,57450.0
7957,7957,1038,2025-07-20,2025-09-03,45,16429.0,2855.0,19284.0
7958,7958,1100,2025-07-24,2025-08-08,15,173650.0,45714.0,219364.0
7959,7959,1073,2025-07-21,2025-08-05,15,28188.0,9269.0,37457.0
7960,7960,1007,2025-07-20,2025-08-19,30,19041.0,5510.0,24551.0
7961,7961,1034,2025-07-22,2025-08-21,30,47331.0,17003.0,64334.0
7962,7962,1010,2025-07-22,2025-08-21,30,56685.0,19973.0,76658.0
7963,7963,1011,2025-07-21,2025-08-20,30,78294.0,26539.0,104833.0
7964,7964,1054,2025-07-20,2025-08-19,30,22641.0,7899.0,30540.0
7965,7965,1051,2025-07-21,2025-08-20,30,64950.0,23959.0,88909.0
7966,7966,1081,2025-07-23,2025-09-06,45,53616.0,13649.0,67265.0
7967,7967,1039,2025-07-20,2025-08-04,15,13201.0,1884.0,15085.0
7968,7968,1051,2025-07-21,2025-08-05,15,26460.0,3425.0,29885.0
7969,7969,1113,2025-07-20,2025-08-19,30,15987.0,5960.0,21947.0
7970,7970,1025,2025-07-23,2025-08-22,30,88076.0,17795.0,105871.0
7971,7971,1019,2025-07-20,2025-09-03,45,38311.0,13494.0,51805.0
7972,7972,1071,2025-07-23,2025-09-06,45,129416.0,48402.0,177818.0
7973,7973,1028,2025-07-21,2025-08-05,15,60244.0,14820.0,75064.0
7974,7974,1120,2025-07-21,2025-08-20,30,44652.0,9121.0,53773.0
7975,7975,1002,2025-07-21,2025-09-04,45,69890.0,14834.0,84724.0
7976,7976,1032,2025-07-23,2025-08-07,15,91340.0,17670.0,109010.0
7977,7977,1119,2025-07-24,2025-08-08,15,68530.0,25751.0,94281.0
7978,7978,1066,2025-07-20,2025-08-19,30,16084.0,6054.0,22138.0
7979,7979,1056,2025-07-21,2025-08-20,30,44702.0,8697.0,53399.0
7980,7980,1023,2025-07-21,2025-09-04,45,44702.0,12254.0,56956.0
7981,7981,1089,2025-07-23,2025-08-22,30,62700.0,10061.0,72761.0
7982,7982,1011,2025-07-20,2025-08-19,30,15875.0,5203.0,21078.0
7983,7983,1079,2025-07-21,2025-08-05,15,75398.0,23471.0,98869.0
7984,7984,1124,2025-07-22,2025-08-21,30,71190.0,10472.0,81662.0
7985,7985,1005,2025-07-24,2025-08-23,30,78715.0,19182.0,97897.0
7986,7986,1109,2025-07-24,2025-08-23,30,64945.0,13779.0,78724.0
7987,7987,1087,2025-07-23,2025-08-07,15,160300.0,54364.0,214664.0
7988,7988,1047,2025-07-21,2025-08-20,30,55126.0,13846.0,68972.0
7989,7989,1035,2025-07-20,2025-08-19,30,28052.0,7850.0,35902.0
7990,7990,1036,2025-07-22,2025-08-21,30,40626.0,7129.0,47755.0
7991,7991,1004,2025-07-23,2025-08-22,30,57216.0,9139.0,66355.0
7992,7992,1090,2025-07-20,2025-08-19,30,19327.0,2488.0,21815.0
7993,7993,1110,2025-07-21,2025-08-20,30,29638.0,4286.0,33924.0
7994,7994,1082,2025-07-20,2025-08-19,30,17100.0,4599.0,21699.0
7995,7995,1007,2025-07-22,2025-08-21,30,63096.0,16341.0,79437.0
7996,7996,1008,2025-07-20,2025-08-19,30,20859.0,2705.0,23564.0
7997,7997,1072,2025-07-21,2025-09-04,45,23700.0,7656.0,31356.0
7998,7998,1061,2025-07-21,2025-08-20,30,13570.0,4464.0,18034.0
7999,7999,1025,2025-07-23,2025-09-06,45,110475.0,36426.0,146901.0
8000,8000,1029,2025-07-23,2025-08-07,15,92391.0,21363.0,113754.0
8001,8001,1047,2025-07-21,2025-08-20,30,30917.0,8000.0,38917.0
8002,8002,1047,2025-07-22,2025-08-21,30,61590.0,17620.0,79210.0
8003,8003,1014,2025-07-21,2025-08-20,30,16042.0,5725.0,21767.0
8004,8004,1119,2025-07-22,2025-09-05,45,43814.0,11285.0,55099.0
8005,8005,1030,2025-07-21,2025-08-05,15,15352.0,4424.0,19776.0
8006,8006,1069,2025-07-21,2025-08-20,30,22869.0,4811.0,27680.0
8007,8007,1023,2025-07-23,2025-08-07,15,57567.0,21355.0,78922.0
8008,8008,1116,2025-07-21,2025-08-20,30,36125.0,9682.0,45807.0
8009,8009,1072,2025-07-23,2025-08-22,30,59790.0,21259.0,81049.0
8010,8010,1008,2025-07-23,2025-08-22,30,42318.0,12499.0,54817.0
8011,8011,1107,2025-07-22,2025-08-06,15,66768.0,14165.0,80933.0
8012,8012,1007,2025-07-22,2025-08-21,30,29886.0,8733.0,38619.0
8013,8013,1053,2025-07-25,2025-08-09,15,82790.0,24583.0,107373.0
8014,8014,1038,2025-07-22,2025-08-21,30,27756.0,5997.0,33753.0
8015,8015,1068,2025-07-25,2025-08-24,30,67950.0,14172.0,82122.0
8016,8016,1028,2025-07-21,2025-08-05,15,18845.0,6680.0,25525.0
8017,8017,1029,2025-07-23,2025-08-22,30,60942.0,22846.0,83788.0
8018,8018,1101,2025-07-21,2025-08-20,30,30100.0,7639.0,37739.0
8019,8019,1092,2025-07-23,2025-08-22,30,60261.0,19340.0,79601.0
8020,8020,1081,2025-07-23,2025-08-22,30,69255.0,24650.0,93905.0
8021,8021,1064,2025-07-22,2025-08-21,30,29076.0,5431.0,34507.0
8022,8022,1075,2025-07-22,2025-08-21,30,45724.0,6785.0,52509.0
8023,8023,1123,2025-07-23,2025-08-22,30,52029.0,6871.0,58900.0
8024,8024,1062,2025-07-22,2025-08-21,30,41772.0,12268.0,54040.0
8025,8025,1102,2025-07-22,2025-08-06,15,43522.0,7151.0,50673.0
8026,8026,1013,2025-07-21,2025-08-05,15,16347.0,3633.0,19980.0
8027,8027,1086,2025-07-21,2025-09-04,45,23733.0,6302.0,30035.0
8028,8028,1076,2025-07-21,2025-08-20,30,16030.0,5937.0,21967.0
8029,8029,1097,2025-07-21,2025-08-20,30,15556.0,1938.0,17494.0
8030,8030,1086,2025-07-22,2025-08-06,15,47558.0,8213.0,55771.0
8031,8031,1001,2025-07-21,2025-09-04,45,31824.0,7458.0,39282.0
8032,8032,1035,2025-07-22,2025-08-21,30,40670.0,13631.0,54301.0
8033,8033,1116,2025-07-21,2025-08-20,30,12452.0,3293.0,15745.0
8034,8034,1045,2025-07-24,2025-08-23,30,80536.0,20305.0,100841.0
8035,8035,1067,2025-07-21,2025-08-20,30,20681.0,7503.0,28184.0
8036,8036,1060,2025-07-21,2025-08-20,30,15309.0,3971.0,19280.0
8037,8037,1028,2025-07-21,2025-08-20,30,15255.0,4897.0,20152.0
8038,8038,1056,2025-07-21,2025-08-20,30,29862.0,6145.0,36007.0
8039,8039,1064,2025-07-23,2025-08-22,30,47127.0,9289.0,56416.0
8040,8040,1107,2025-07-21,2025-08-05,15,15356.0,4836.0,20192.0
8041,8041,1007,2025-07-22,2025-08-21,30,40108.0,12045.0,52153.0
8042,8042,1012,2025-07-21,2025-08-20,30,14082.0,2486.0,16568.0
8043,8043,1081,2025-07-22,2025-08-21,30,27666.0,6052.0,33718.0
8044,8044,1011,2025-07-22,2025-08-06,15,67630.0,17233.0,84863.0
8045,8045,1051,2025-07-26,2025-08-25,30,139260.0,39952.0,179212.0
8046,8046,1098,2025-07-24,2025-09-07,45,44877.0,13100.0,57977.0
8047,8047,1096,2025-07-24,2025-09-07,45,67800.0,15306.0,83106.0
8048,8048,1038,2025-07-22,2025-08-21,30,12407.0,3268.0,15675.0
8049,8049,1095,2025-07-23,2025-08-22,30,41764.0,5691.0,47455.0
8050,8050,1050,2025-07-22,2025-08-21,30,14109.0,5272.0,19381.0
8051,8051,1042,2025-07-24,2025-08-23,30,85887.0,12892.0,98779.0
8052,8052,1063,2025-07-24,2025-09-07,45,54306.0,18698.0,73004.0
8053,8053,1008,2025-07-24,2025-08-23,30,43083.0,7367.0,50450.0
8054,8054,1084,2025-07-22,2025-08-21,30,21317.0,3675.0,24992.0
8055,8055,1096,2025-07-24,2025-08-23,30,63858.0,11737.0,75595.0
8056,8056,1049,2025-07-25,2025-08-24,30,97452.0,12913.0,110365.0
8057,8057,1086,2025-07-23,2025-08-22,30,26990.0,7889.0,34879.0
8058,8058,1023,2025-07-22,2025-08-21,30,27529.0,7724.0,35253.0
8059,8059,1075,2025-07-25,2025-08-24,30,116456.0,28906.0,145362.0
8060,8060,1081,2025-07-22,2025-08-06,15,27971.0,5538.0,33509.0
8061,8061,1008,2025-07-22,2025-09-05,45,16440.0,5027.0,21467.0
8062,8062,1119,2025-07-22,2025-08-21,30,25305.0,3837.0,29142.0
8063,8063,1058,2025-07-26,2025-08-10,15,78320.0,12950.0,91270.0
8064,8064,1104,2025-07-25,2025-09-08,45,88896.0,11295.0,100191.0
8065,8065,1012,2025-07-23,2025-08-22,30,45370.0,16130.0,61500.0
8066,8066,1115,2025-07-24,2025-08-23,30,40989.0,8082.0,49071.0
8067,8067,1086,2025-07-25,2025-09-08,45,76736.0,19052.0,95788.0
8068,8068,1021,2025-07-23,2025-08-22,30,43922.0,15953.0,59875.0
8069,8069,1096,2025-07-23,2025-08-22,30,44166.0,16563.0,60729.0
8070,8070,1008,2025-07-23,2025-08-22,30,40342.0,7132.0,47474.0
8071,8071,1012,2025-07-22,2025-09-05,45,14777.0,4983.0,19760.0
8072,8072,1050,2025-07-24,2025-09-07,45,87195.0,22094.0,109289.0
8073,8073,1125,2025-07-23,2025-08-22,30,42050.0,14994.0,57044.0
8074,8074,1017,2025-07-23,2025-08-07,15,82964.0,22551.0,105515.0
8075,8075,1051,2025-07-22,2025-09-05,45,25437.0,9019.0,34456.0
8076,8076,1054,2025-07-22,2025-09-05,45,24571.0,4518.0,29089.0
8077,8077,1010,2025-07-22,2025-08-06,15,13437.0,2144.0,15581.0
8078,8078,1095,2025-07-23,2025-08-07,15,28878.0,6626.0,35504.0
8079,8079,1009,2025-07-22,2025-08-06,15,20836.0,7289.0,28125.0
8080,8080,1011,2025-07-23,2025-08-22,30,38458.0,5197.0,43655.0
8081,8081,1020,2025-07-24,2025-08-08,15,42069.0,10160.0,52229.0
8082,8082,1089,2025-07-23,2025-08-22,30,32458.0,5853.0,38311.0
8083,8083,1025,2025-07-23,2025-08-22,30,48246.0,7332.0,55578.0
8084,8084,1071,2025-07-24,2025-09-07,45,38985.0,12406.0,51391.0
8085,8085,1122,2025-07-24,2025-08-23,30,114531.0,27479.0,142010.0
8086,8086,1064,2025-07-25,2025-09-08,45,62832.0,16053.0,78885.0
8087,8087,1053,2025-07-24,2025-08-23,30,46119.0,12134.0,58253.0
8088,8088,1086,2025-07-25,2025-08-24,30,53328.0,18151.0,71479.0
8089,8089,1005,2025-07-24,2025-08-23,30,43983.0,10704.0,54687.0
8090,8090,1014,2025-07-22,2025-08-21,30,15956.0,2790.0,18746.0
8091,8091,1088,2025-07-25,2025-08-24,30,80268.0,18290.0,98558.0
8092,8092,1062,2025-07-23,2025-09-06,45,29006.0,7949.0,36955.0
8093,8093,1096,2025-07-24,2025-08-08,15,50097.0,6751.0,56848.0
8094,8094,1041,2025-07-23,2025-08-07,15,41148.0,9496.0,50644.0
8095,8095,1106,2025-07-22,2025-08-21,30,19318.0,6031.0,25349.0
8096,8096,1034,2025-07-23,2025-08-07,15,25822.0,4375.0,30197.0
8097,8097,1094,2025-07-24,2025-08-23,30,46894.0,12239.0,59133.0
8098,8098,1050,2025-07-24,2025-08-23,30,39542.0,13720.0,53262.0
8099,8099,1039,2025-07-23,2025-08-22,30,23231.0,6519.0,29750.0
8100,8100,1122,2025-07-24,2025-08-23,30,71942.0,9541.0,81483.0
8101,8101,1102,2025-07-26,2025-08-10,15,61264.0,18945.0,80209.0
8102,8102,1119,2025-07-25,2025-09-08,45,90789.0,28445.0,119234.0
8103,8103,1038,2025-07-23,2025-08-22,30,15364.0,4135.0,19499.0
8104,8104,1042,2025-07-26,2025-08-25,30,58420.0,20264.0,78684.0
8105,8105,1041,2025-07-23,2025-08-22,30,31700.0,7721.0,39421.0
8106,8106,1062,2025-07-23,2025-08-22,30,29705.0,4550.0,34255.0
8107,8107,1077,2025-07-24,2025-08-08,15,58300.0,11994.0,70294.0
8108,8108,1053,2025-07-24,2025-09-07,45,23500.0,4122.0,27622.0
8109,8109,1120,2025-07-24,2025-08-23,30,31676.0,7956.0,39632.0
8110,8110,1093,2025-07-23,2025-08-07,15,13923.0,4199.0,18122.0
8111,8111,1057,2025-07-24,2025-08-08,15,30446.0,8960.0,39406.0
8112,8112,1077,2025-07-24,2025-09-07,45,44620.0,13739.0,58359.0
8113,8113,1047,2025-07-23,2025-09-06,45,19675.0,6158.0,25833.0
8114,8114,1034,2025-07-23,2025-08-22,30,14158.0,2729.0,16887.0
8115,8115,1050,2025-07-25,2025-08-24,30,42786.0,9437.0,52223.0
8116,8116,1033,2025-07-24,2025-08-08,15,28778.0,8416.0,37194.0
8117,8117,1082,2025-07-24,2025-09-07,45,31656.0,9780.0,41436.0
8118,8118,1050,2025-07-23,2025-08-22,30,13568.0,3352.0,16920.0
8119,8119,1080,2025-07-23,2025-08-07,15,29454.0,5363.0,34817.0
8120,8120,1064,2025-07-24,2025-08-23,30,27580.0,4125.0,31705.0
8121,8121,1029,2025-07-25,2025-08-09,15,64242.0,20845.0,85087.0
8122,8122,1008,2025-07-23,2025-08-07,15,14667.0,5411.0,20078.0
8123,8123,1095,2025-07-23,2025-09-06,45,14631.0,2696.0,17327.0
8124,8124,1094,2025-07-23,2025-08-07,15,14649.0,4411.0,19060.0
8125,8125,1119,2025-07-24,2025-08-23,30,43868.0,11386.0,55254.0
8126,8126,1018,2025-07-24,2025-08-23,30,29522.0,9752.0,39274.0
8127,8127,1117,2025-07-23,2025-08-22,30,13516.0,3459.0,16975.0
8128,8128,1102,2025-07-27,2025-08-26,30,74725.0,19710.0,94435.0
8129,8129,1061,2025-07-25,2025-09-08,45,47976.0,12232.0,60208.0
8130,8130,1104,2025-07-26,2025-08-25,30,53436.0,10384.0,63820.0
8131,8131,1077,2025-07-23,2025-08-22,30,14450.0,4398.0,18848.0
8132,8132,1082,2025-07-23,2025-08-22,30,13181.0,3909.0,17090.0
8133,8133,1100,2025-07-25,2025-08-09,15,44904.0,9414.0,54318.0
8134,8134,1007,2025-07-24,2025-08-23,30,45372.0,9227.0,54599.0
8135,8135,1083,2025-07-24,2025-08-23,30,40286.0,10206.0,50492.0
8136,8136,1073,2025-07-25,2025-08-24,30,118680.0,15534.0,134214.0
8137,8137,1104,2025-07-24,2025-08-23,30,40262.0,6873.0,47135.0
8138,8138,1083,2025-07-23,2025-08-22,30,15141.0,3768.0,18909.0
8139,8139,1057,2025-07-27,2025-08-26,30,72875.0,17838.0,90713.0
8140,8140,1125,2025-07-24,2025-08-23,30,36034.0,9443.0,45477.0
8141,8141,1119,2025-07-23,2025-09-06,45,32627.0,8532.0,41159.0
8142,8142,1019,2025-07-23,2025-09-06,45,16000.0,4420.0,20420.0
8143,8143,1031,2025-07-23,2025-08-07,15,14473.0,2888.0,17361.0
8144,8144,1016,2025-07-24,2025-08-23,30,29510.0,3848.0,33358.0
8145,8145,1071,2025-07-24,2025-08-23,30,27206.0,8811.0,36017.0
8146,8146,1082,2025-07-27,2025-08-11,15,177590.0,49584.0,227174.0
8147,8147,1059,2025-07-24,2025-09-07,45,15374.0,2727.0,18101.0
8148,8148,1039,2025-07-28,2025-08-27,30,91685.0,29440.0,121125.0
8149,8149,1001,2025-07-24,2025-09-07,45,15310.0,2355.0,17665.0
8150,8150,1081,2025-07-26,2025-09-09,45,48840.0,6246.0,55086.0
8151,8151,1099,2025-07-25,2025-09-08,45,28024.0,10490.0,38514.0
8152,8152,1011,2025-07-26,2025-08-25,30,42213.0,14484.0,56697.0
8153,8153,1100,2025-07-27,2025-08-26,30,144596.0,37597.0,182193.0
8154,8154,1032,2025-07-24,2025-09-07,45,15231.0,4161.0,19392.0
8155,8155,1067,2025-07-26,2025-08-25,30,69030.0,24503.0,93533.0
8156,8156,1105,2025-07-24,2025-09-07,45,34042.0,10269.0,44311.0
8157,8157,1040,2025-07-24,2025-09-07,45,23786.0,5267.0,29053.0
8158,8158,1001,2025-07-25,2025-08-24,30,28936.0,7185.0,36121.0
8159,8159,1048,2025-07-25,2025-08-24,30,71046.0,13224.0,84270.0
8160,8160,1088,2025-07-24,2025-08-23,30,22556.0,7892.0,30448.0
8161,8161,1119,2025-07-24,2025-08-23,30,30415.0,8054.0,38469.0
8162,8162,1051,2025-07-25,2025-08-24,30,25732.0,3190.0,28922.0
8163,8163,1120,2025-07-26,2025-08-25,30,41262.0,11900.0,53162.0
8164,8164,1095,2025-07-25,2025-08-09,15,31312.0,6414.0,37726.0
8165,8165,1096,2025-07-26,2025-08-10,15,91431.0,12647.0,104078.0
8166,8166,1116,2025-07-26,2025-08-25,30,60588.0,22920.0,83508.0
8167,8167,1106,2025-07-25,2025-08-24,30,46190.0,13629.0,59819.0
8168,8168,1065,2025-07-25,2025-08-24,30,76912.0,12922.0,89834.0
8169,8169,1058,2025-07-24,2025-08-08,15,20946.0,4228.0,25174.0
8170,8170,1097,2025-07-24,2025-08-23,30,15803.0,4422.0,20225.0
8171,8171,1121,2025-07-25,2025-08-24,30,28350.0,4400.0,32750.0
8172,8172,1008,2025-07-26,2025-08-25,30,44211.0,12560.0,56771.0
8173,8173,1052,2025-07-26,2025-09-09,45,111180.0,23695.0,134875.0
8174,8174,1099,2025-07-25,2025-08-24,30,31382.0,6063.0,37445.0
8175,8175,1056,2025-07-24,2025-08-23,30,20464.0,6795.0,27259.0
8176,8176,1036,2025-07-25,2025-09-08,45,31432.0,10611.0,42043.0
8177,8177,1043,2025-07-26,2025-08-10,15,51024.0,16216.0,67240.0
8178,8178,1076,2025-07-24,2025-08-23,30,22436.0,7294.0,29730.0
8179,8179,1088,2025-07-25,2025-09-08,45,31872.0,7773.0,39645.0
8180,8180,1102,2025-07-26,2025-09-09,45,41256.0,9457.0,50713.0
8181,8181,1115,2025-07-24,2025-08-23,30,13788.0,1790.0,15578.0
8182,8182,1087,2025-07-25,2025-09-08,45,47548.0,6087.0,53635.0
8183,8183,1018,2025-07-26,2025-08-10,15,45150.0,13687.0,58837.0
8184,8184,1066,2025-07-24,2025-09-07,45,31637.0,10251.0,41888.0
8185,8185,1009,2025-07-24,2025-08-23,30,29477.0,10083.0,39560.0
8186,8186,1086,2025-07-26,2025-09-09,45,106803.0,35846.0,142649.0
8187,8187,1091,2025-07-24,2025-08-23,30,15200.0,2433.0,17633.0
8188,8188,1005,2025-07-26,2025-08-25,30,39630.0,10054.0,49684.0
8189,8189,1091,2025-07-26,2025-08-10,15,118113.0,29093.0,147206.0
8190,8190,1116,2025-07-24,2025-08-23,30,25259.0,5247.0,30506.0
8191,8191,1022,2025-07-27,2025-08-26,30,85720.0,18570.0,104290.0
8192,8192,1074,2025-07-24,2025-08-23,30,34273.0,8815.0,43088.0
8193,8193,1027,2025-07-26,2025-08-25,30,37011.0,7237.0,44248.0
8194,8194,1065,2025-07-26,2025-08-25,30,40434.0,9627.0,50061.0
8195,8195,1014,2025-07-27,2025-08-26,30,139024.0,28986.0,168010.0
8196,8196,1070,2025-07-24,2025-08-23,30,14188.0,2775.0,16963.0
8197,8197,1013,2025-07-25,2025-08-24,30,27544.0,6065.0,33609.0
8198,8198,1050,2025-07-24,2025-08-23,30,14504.0,2394.0,16898.0
8199,8199,1054,2025-07-25,2025-08-24,30,14816.0,5370.0,20186.0
8200,8200,1111,2025-07-26,2025-08-25,30,28304.0,7831.0,36135.0
8201,8201,1046,2025-07-27,2025-08-26,30,45195.0,16225.0,61420.0
8202,8202,1047,2025-07-27,2025-09-10,45,96807.0,35231.0,132038.0
8203,8203,1065,2025-07-25,2025-08-24,30,14358.0,1845.0,16203.0
8204,8204,1098,2025-07-26,2025-08-25,30,43482.0,9538.0,53020.0
8205,8205,1005,2025-07-26,2025-08-25,30,31366.0,7822.0,39188.0
8206,8206,1117,2025-07-25,2025-08-24,30,30567.0,10319.0,40886.0
8207,8207,1043,2025-07-26,2025-09-09,45,40798.0,8808.0,49606.0
8208,8208,1037,2025-07-25,2025-09-08,45,13988.0,4090.0,18078.0
8209,8209,1082,2025-07-27,2025-09-10,45,94611.0,23200.0,117811.0
8210,8210,1048,2025-07-28,2025-08-12,15,53084.0,9401.0,62485.0
8211,8211,1103,2025-07-27,2025-08-26,30,41283.0,12761.0,54044.0
8212,8212,1033,2025-07-27,2025-09-10,45,92862.0,16525.0,109387.0
8213,8213,1003,2025-07-26,2025-08-10,15,39180.0,12994.0,52174.0
8214,8214,1120,2025-07-27,2025-08-26,30,58260.0,12027.0,70287.0
8215,8215,1105,2025-07-25,2025-08-24,30,15398.0,2662.0,18060.0
8216,8216,1016,2025-07-26,2025-09-09,45,26224.0,3925.0,30149.0
8217,8217,1035,2025-07-25,2025-09-08,45,15005.0,2753.0,17758.0
8218,8218,1020,2025-07-25,2025-08-24,30,15133.0,3694.0,18827.0
8219,8219,1026,2025-07-25,2025-09-08,45,15570.0,5904.0,21474.0
8220,8220,1033,2025-07-28,2025-08-27,30,60984.0,11638.0,72622.0
8221,8221,1010,2025-07-28,2025-08-12,15,113136.0,31463.0,144599.0
8222,8222,1081,2025-07-26,2025-08-25,30,86660.0,13667.0,100327.0
8223,8223,1001,2025-07-25,2025-08-24,30,13823.0,2702.0,16525.0
8224,8224,1083,2025-07-28,2025-08-12,15,68940.0,23882.0,92822.0
8225,8225,1057,2025-07-28,2025-09-11,45,126600.0,15999.0,142599.0
8226,8226,1085,2025-07-25,2025-08-09,15,14934.0,3964.0,18898.0
8227,8227,1120,2025-07-26,2025-08-25,30,30288.0,6039.0,36327.0
8228,8228,1032,2025-07-27,2025-08-26,30,40716.0,5469.0,46185.0
8229,8229,1118,2025-07-26,2025-08-25,30,30190.0,10769.0,40959.0
8230,8230,1102,2025-07-26,2025-08-25,30,37472.0,8877.0,46349.0
8231,8231,1038,2025-07-25,2025-08-09,15,19094.0,4788.0,23882.0
8232,8232,1075,2025-07-26,2025-08-25,30,41636.0,10981.0,52617.0
8233,8233,1078,2025-07-29,2025-08-28,30,94100.0,15115.0,109215.0
8234,8234,1064,2025-07-27,2025-08-26,30,57435.0,16379.0,73814.0
8235,8235,1114,2025-07-28,2025-09-11,45,59868.0,20897.0,80765.0
8236,8236,1117,2025-07-26,2025-08-10,15,25832.0,8423.0,34255.0
8237,8237,1115,2025-07-25,2025-09-08,45,19459.0,6018.0,25477.0
8238,8238,1016,2025-07-26,2025-08-10,15,30624.0,6109.0,36733.0
8239,8239,1014,2025-07-27,2025-08-26,30,89661.0,30055.0,119716.0
8240,8240,1071,2025-07-26,2025-09-09,45,40718.0,14093.0,54811.0
8241,8241,1084,2025-07-25,2025-09-08,45,25232.0,6886.0,32118.0
8242,8242,1014,2025-07-29,2025-08-13,15,73275.0,26979.0,100254.0
8243,8243,1021,2025-07-25,2025-09-08,45,13440.0,2269.0,15709.0
8244,8244,1065,2025-07-25,2025-08-24,30,16023.0,5168.0,21191.0
8245,8245,1083,2025-07-27,2025-08-11,15,69561.0,8906.0,78467.0
8246,8246,1086,2025-07-29,2025-08-28,30,136065.0,34797.0,170862.0
8247,8247,1013,2025-07-26,2025-08-25,30,65928.0,23623.0,89551.0
8248,8248,1011,2025-07-25,2025-09-08,45,15849.0,4737.0,20586.0
8249,8249,1065,2025-07-26,2025-08-25,30,27292.0,6862.0,34154.0
8250,8250,1005,2025-07-25,2025-08-24,30,14256.0,2899.0,17155.0
8251,8251,1023,2025-07-26,2025-08-25,30,62532.0,15830.0,78362.0
8252,8252,1019,2025-07-25,2025-08-09,15,33897.0,12325.0,46222.0
8253,8253,1101,2025-07-29,2025-08-28,30,143285.0,18001.0,161286.0
8254,8254,1013,2025-07-27,2025-08-26,30,75198.0,24112.0,99310.0
8255,8255,1008,2025-07-28,2025-09-11,45,92646.0,17457.0,110103.0
8256,8256,1062,2025-07-26,2025-09-09,45,21353.0,7882.0,29235.0
8257,8257,1091,2025-07-29,2025-09-12,45,144176.0,18073.0,162249.0
8258,8258,1079,2025-07-27,2025-08-26,30,40378.0,6774.0,47152.0
8259,8259,1120,2025-07-27,2025-09-10,45,27592.0,9987.0,37579.0
8260,8260,1071,2025-07-30,2025-08-29,30,77035.0,26864.0,103899.0
8261,8261,1038,2025-07-27,2025-08-26,30,29044.0,5725.0,34769.0
8262,8262,1026,2025-07-30,2025-08-29,30,71095.0,15920.0,87015.0
8263,8263,1075,2025-07-28,2025-08-12,15,49845.0,6870.0,56715.0
8264,8264,1123,2025-07-27,2025-09-10,45,27860.0,6370.0,34230.0
8265,8265,1023,2025-07-29,2025-08-13,15,61168.0,15752.0,76920.0
8266,8266,1023,2025-07-26,2025-08-10,15,13150.0,3168.0,16318.0
8267,8267,1084,2025-07-29,2025-09-12,45,110384.0,38209.0,148593.0
8268,8268,1068,2025-07-27,2025-08-11,15,29518.0,10899.0,40417.0
8269,8269,1043,2025-07-26,2025-08-10,15,21717.0,4071.0,25788.0
8270,8270,1027,2025-07-26,2025-08-10,15,30875.0,8771.0,39646.0
8271,8271,1033,2025-07-27,2025-08-26,30,31560.0,8954.0,40514.0
8272,8272,1087,2025-07-26,2025-08-10,15,16665.0,4067.0,20732.0
8273,8273,1048,2025-07-28,2025-08-12,15,42816.0,10122.0,52938.0
8274,8274,1052,2025-07-27,2025-08-26,30,33612.0,12383.0,45995.0
8275,8275,1105,2025-07-27,2025-08-11,15,73606.0,22228.0,95834.0
8276,8276,1035,2025-07-28,2025-08-27,30,64290.0,17718.0,82008.0
8277,8277,1062,2025-07-26,2025-08-25,30,19888.0,5855.0,25743.0
8278,8278,1047,2025-07-27,2025-09-10,45,71324.0,12886.0,84210.0
8279,8279,1047,2025-07-26,2025-08-25,30,19530.0,3335.0,22865.0
8280,8280,1060,2025-07-29,2025-08-28,30,57780.0,18902.0,76682.0
8281,8281,1019,2025-07-27,2025-08-26,30,61346.0,18269.0,79615.0
8282,8282,1099,2025-07-29,2025-08-28,30,64164.0,19581.0,83745.0
8283,8283,1015,2025-07-27,2025-09-10,45,29368.0,5469.0,34837.0
8284,8284,1054,2025-07-27,2025-08-26,30,79660.0,17431.0,97091.0
8285,8285,1080,2025-07-26,2025-08-25,30,14420.0,2755.0,17175.0
8286,8286,1042,2025-07-30,2025-08-29,30,110105.0,34585.0,144690.0
8287,8287,1050,2025-07-28,2025-08-12,15,51015.0,16458.0,67473.0
8288,8288,1050,2025-07-27,2025-08-26,30,29326.0,4005.0,33331.0
8289,8289,1015,2025-07-26,2025-08-10,15,22250.0,2944.0,25194.0
8290,8290,1123,2025-07-26,2025-08-25,30,14125.0,4377.0,18502.0
8291,8291,1078,2025-07-26,2025-08-10,15,15963.0,2933.0,18896.0
8292,8292,1095,2025-07-26,2025-09-09,45,39493.0,14276.0,53769.0
8293,8293,1004,2025-07-26,2025-08-25,30,14069.0,4826.0,18895.0
8294,8294,1001,2025-07-27,2025-09-10,45,39308.0,5236.0,44544.0
8295,8295,1030,2025-07-28,2025-08-12,15,115569.0,40648.0,156217.0
8296,8296,1012,2025-07-27,2025-08-26,30,21953.0,4027.0,25980.0
8297,8297,1034,2025-07-28,2025-08-27,30,32872.0,10417.0,43289.0
8298,8298,1125,2025-07-29,2025-08-28,30,42729.0,12071.0,54800.0
8299,8299,1013,2025-07-29,2025-08-28,30,55788.0,7297.0,63085.0
8300,8300,1022,2025-07-28,2025-08-12,15,31668.0,9631.0,41299.0
8301,8301,1057,2025-07-28,2025-08-12,15,59940.0,16649.0,76589.0
8302,8302,1044,2025-07-29,2025-08-28,30,43539.0,13940.0,57479.0
8303,8303,1088,2025-07-27,2025-08-26,30,15222.0,2679.0,17901.0
8304,8304,1045,2025-07-28,2025-09-11,45,41410.0,12401.0,53811.0
8305,8305,1060,2025-07-31,2025-08-15,15,65855.0,20829.0,86684.0
8306,8306,1104,2025-07-28,2025-09-11,45,62624.0,15607.0,78231.0
8307,8307,1111,2025-07-28,2025-08-27,30,39702.0,12942.0,52644.0
8308,8308,1009,2025-07-28,2025-08-27,30,30474.0,6198.0,36672.0
8309,8309,1038,2025-07-29,2025-08-13,15,43245.0,9137.0,52382.0
8310,8310,1057,2025-07-28,2025-09-11,45,50014.0,14462.0,64476.0
8311,8311,1057,2025-07-30,2025-08-14,15,51328.0,12600.0,63928.0
8312,8312,1074,2025-07-29,2025-08-28,30,46638.0,14611.0,61249.0
8313,8313,1077,2025-07-27,2025-08-11,15,28469.0,4163.0,32632.0
8314,8314,1095,2025-07-30,2025-08-14,15,63576.0,19851.0,83427.0
8315,8315,1016,2025-07-27,2025-08-26,30,38729.0,9977.0,48706.0
8316,8316,1060,2025-07-29,2025-09-12,45,55536.0,9858.0,65394.0
8317,8317,1005,2025-07-27,2025-08-26,30,16326.0,4968.0,21294.0
8318,8318,1086,2025-07-29,2025-09-12,45,37665.0,5241.0,42906.0
8319,8319,1059,2025-07-28,2025-08-27,30,57514.0,9809.0,67323.0
8320,8320,1123,2025-07-30,2025-08-29,30,54828.0,18950.0,73778.0
8321,8321,1073,2025-07-27,2025-08-26,30,38352.0,10891.0,49243.0
8322,8322,1110,2025-07-29,2025-09-12,45,44274.0,9436.0,53710.0
8323,8323,1115,2025-07-28,2025-08-27,30,27632.0,8050.0,35682.0
8324,8324,1054,2025-07-28,2025-08-27,30,60520.0,22243.0,82763.0
8325,8325,1023,2025-07-27,2025-08-26,30,28947.0,6888.0,35835.0
8326,8326,1113,2025-07-29,2025-08-28,30,46197.0,14846.0,61043.0
8327,8327,1051,2025-07-27,2025-09-10,45,30214.0,7907.0,38121.0
8328,8328,1122,2025-07-27,2025-09-10,45,28481.0,3472.0,31953.0
8329,8329,1113,2025-07-28,2025-08-12,15,75046.0,10508.0,85554.0
8330,8330,1052,2025-07-29,2025-08-28,30,40779.0,5981.0,46760.0
8331,8331,1077,2025-07-28,2025-08-12,15,31026.0,3957.0,34983.0
8332,8332,1118,2025-07-27,2025-08-26,30,36112.0,7484.0,43596.0
8333,8333,1109,2025-07-28,2025-08-27,30,41534.0,11324.0,52858.0
8334,8334,1013,2025-07-27,2025-08-11,15,23088.0,3033.0,26121.0
8335,8335,1102,2025-07-29,2025-08-28,30,104139.0,12812.0,116951.0
8336,8336,1013,2025-07-29,2025-08-28,30,81496.0,24283.0,105779.0
8337,8337,1029,2025-07-28,2025-09-11,45,22330.0,5457.0,27787.0
8338,8338,1114,2025-07-28,2025-08-27,30,21248.0,5796.0,27044.0
8339,8339,1077,2025-07-29,2025-09-12,45,82664.0,10840.0,93504.0
8340,8340,1055,2025-07-28,2025-08-27,30,38064.0,7509.0,45573.0
8341,8341,1072,2025-07-30,2025-08-29,30,64776.0,12402.0,77178.0
8342,8342,1036,2025-07-29,2025-08-28,30,73594.0,25021.0,98615.0
8343,8343,1063,2025-07-30,2025-08-29,30,49527.0,15453.0,64980.0
8344,8344,1090,2025-07-29,2025-08-28,30,29000.0,3938.0,32938.0
8345,8345,1056,2025-08-01,2025-08-31,30,78395.0,24779.0,103174.0
8346,8346,1055,2025-07-29,2025-08-28,30,40152.0,7220.0,47372.0
8347,8347,1086,2025-07-29,2025-08-28,30,41528.0,11767.0,53295.0
8348,8348,1041,2025-07-30,2025-08-14,15,118521.0,18983.0,137504.0
8349,8349,1117,2025-08-01,2025-08-31,30,74505.0,24056.0,98561.0
8350,8350,1072,2025-07-29,2025-08-13,15,43852.0,13237.0,57089.0
8351,8351,1073,2025-07-29,2025-09-12,45,42950.0,11335.0,54285.0
8352,8352,1046,2025-07-30,2025-08-29,30,41202.0,6901.0,48103.0
8353,8353,1035,2025-07-29,2025-09-12,45,30208.0,10991.0,41199.0
8354,8354,1007,2025-07-28,2025-08-27,30,15214.0,4833.0,20047.0
8355,8355,1037,2025-07-28,2025-08-12,15,12876.0,4355.0,17231.0
8356,8356,1077,2025-07-31,2025-08-30,30,53228.0,15582.0,68810.0
8357,8357,1082,2025-07-28,2025-08-27,30,14364.0,2355.0,16719.0
8358,8358,1063,2025-07-30,2025-08-14,15,93234.0,13384.0,106618.0
8359,8359,1095,2025-07-31,2025-08-30,30,77892.0,23899.0,101791.0
8360,8360,1026,2025-07-28,2025-08-27,30,21459.0,7987.0,29446.0
8361,8361,1075,2025-07-28,2025-09-11,45,15424.0,2753.0,18177.0
8362,8362,1100,2025-07-28,2025-08-27,30,13662.0,2402.0,16064.0
8363,8363,1063,2025-07-28,2025-08-27,30,40158.0,6324.0,46482.0
8364,8364,1091,2025-07-28,2025-08-27,30,22355.0,4143.0,26498.0
8365,8365,1055,2025-07-29,2025-08-28,30,75868.0,25145.0,101013.0
8366,8366,1124,2025-07-29,2025-08-28,30,27188.0,4008.0,31196.0
8367,8367,1025,2025-07-28,2025-08-27,30,12985.0,4293.0,17278.0
8368,8368,1090,2025-07-28,2025-08-27,30,14887.0,2172.0,17059.0
8369,8369,1093,2025-07-28,2025-08-12,15,24557.0,9154.0,33711.0
8370,8370,1057,2025-07-29,2025-08-13,15,32702.0,5629.0,38331.0
8371,8371,1009,2025-07-31,2025-08-30,30,80776.0,27825.0,108601.0
8372,8372,1007,2025-07-29,2025-08-28,30,46208.0,16261.0,62469.0
8373,8373,1102,2025-07-30,2025-09-13,45,100947.0,16369.0,117316.0
8374,8374,1104,2025-08-01,2025-08-31,30,85580.0,21786.0,107366.0
8375,8375,1088,2025-07-31,2025-08-30,30,107132.0,34061.0,141193.0
8376,8376,1091,2025-07-29,2025-08-28,30,48402.0,13108.0,61510.0
8377,8377,1075,2025-07-29,2025-08-13,15,44184.0,5521.0,49705.0
8378,8378,1081,2025-07-28,2025-09-11,45,15594.0,5192.0,20786.0
8379,8379,1011,2025-08-01,2025-08-31,30,81330.0,16364.0,97694.0
8380,8380,1082,2025-07-28,2025-09-11,45,15532.0,3056.0,18588.0
8381,8381,1048,2025-07-30,2025-08-29,30,47676.0,11216.0,58892.0
8382,8382,1034,2025-07-30,2025-08-14,15,90267.0,13386.0,103653.0
8383,8383,1092,2025-07-29,2025-08-28,30,31848.0,7504.0,39352.0
8384,8384,1030,2025-07-29,2025-08-28,30,21996.0,5830.0,27826.0
8385,8385,1101,2025-08-01,2025-08-31,30,114372.0,26025.0,140397.0
8386,8386,1121,2025-07-31,2025-08-30,30,47130.0,13936.0,61066.0
8387,8387,1027,2025-07-31,2025-08-15,15,60270.0,22825.0,83095.0
8388,8388,1046,2025-07-31,2025-08-15,15,71124.0,13733.0,84857.0
8389,8389,1062,2025-07-30,2025-08-29,30,43516.0,16040.0,59556.0
8390,8390,1095,2025-07-29,2025-08-13,15,24028.0,8187.0,32215.0
8391,8391,1067,2025-07-29,2025-08-28,30,23651.0,5973.0,29624.0
8392,8392,1080,2025-08-02,2025-09-01,30,68840.0,23866.0,92706.0
8393,8393,1039,2025-08-01,2025-09-15,45,60916.0,17518.0,78434.0
8394,8394,1001,2025-07-30,2025-09-13,45,29952.0,7272.0,37224.0
8395,8395,1057,2025-07-30,2025-08-14,15,27930.0,9720.0,37650.0
8396,8396,1058,2025-07-31,2025-08-30,30,99531.0,23496.0,123027.0
8397,8397,1022,2025-07-29,2025-08-28,30,16043.0,3813.0,19856.0
8398,8398,1002,2025-07-30,2025-09-13,45,27146.0,8764.0,35910.0
8399,8399,1042,2025-08-01,2025-08-16,15,61436.0,17513.0,78949.0
8400,8400,1093,2025-07-30,2025-09-13,45,43964.0,16255.0,60219.0
8401,8401,1086,2025-07-29,2025-08-28,30,15742.0,4652.0,20394.0
8402,8402,1008,2025-07-29,2025-08-13,15,22198.0,7630.0,29828.0
8403,8403,1036,2025-07-29,2025-08-13,15,47193.0,15348.0,62541.0
8404,8404,1063,2025-07-30,2025-08-14,15,44788.0,9791.0,54579.0
8405,8405,1048,2025-07-29,2025-09-12,45,22962.0,6151.0,29113.0
8406,8406,1028,2025-07-29,2025-09-12,45,16541.0,4083.0,20624.0
8407,8407,1053,2025-07-30,2025-09-13,45,36414.0,13733.0,50147.0
8408,8408,1028,2025-08-01,2025-08-16,15,65072.0,24179.0,89251.0
8409,8409,1101,2025-07-29,2025-08-13,15,19897.0,7413.0,27310.0
8410,8410,1076,2025-07-31,2025-08-30,30,110553.0,21022.0,131575.0
8411,8411,1032,2025-07-31,2025-09-14,45,44475.0,14623.0,59098.0
8412,8412,1063,2025-07-31,2025-09-14,45,64737.0,18184.0,82921.0
8413,8413,1100,2025-07-29,2025-09-12,45,22192.0,3791.0,25983.0
8414,8414,1104,2025-07-30,2025-08-29,30,60586.0,21760.0,82346.0
8415,8415,1002,2025-07-29,2025-08-28,30,23334.0,5101.0,28435.0
8416,8416,1013,2025-08-01,2025-08-31,30,61944.0,17110.0,79054.0
8417,8417,1089,2025-07-31,2025-08-15,15,45105.0,12083.0,57188.0
8418,8418,1047,2025-07-29,2025-08-13,15,15658.0,2678.0,18336.0
8419,8419,1055,2025-08-01,2025-08-16,15,115844.0,22577.0,138421.0
8420,8420,1115,2025-07-31,2025-08-30,30,84033.0,26723.0,110756.0
8421,8421,1080,2025-07-31,2025-08-30,30,42561.0,7970.0,50531.0
8422,8422,1096,2025-07-29,2025-08-28,30,25349.0,5893.0,31242.0
8423,8423,1105,2025-07-30,2025-08-29,30,42568.0,7959.0,50527.0
8424,8424,1042,2025-07-30,2025-08-29,30,39532.0,12845.0,52377.0
8425,8425,1124,2025-08-03,2025-09-17,45,65780.0,23136.0,88916.0
8426,8426,1120,2025-07-31,2025-08-30,30,68954.0,17188.0,86142.0
8427,8427,1096,2025-07-30,2025-08-29,30,23393.0,6288.0,29681.0
8428,8428,1094,2025-07-31,2025-08-30,30,42070.0,10631.0,52701.0
8429,8429,1119,2025-07-30,2025-09-13,45,15756.0,3145.0,18901.0
8430,8430,1115,2025-07-31,2025-09-14,45,58702.0,10859.0,69561.0
8431,8431,1036,2025-08-02,2025-09-01,30,103924.0,12996.0,116920.0
8432,8432,1094,2025-08-01,2025-08-31,30,47625.0,11950.0,59575.0
8433,8433,1005,2025-07-31,2025-08-30,30,29392.0,7732.0,37124.0
8434,8434,1033,2025-07-30,2025-08-29,30,26129.0,3490.0,29619.0
8435,8435,1007,2025-07-30,2025-09-13,45,27748.0,5447.0,33195.0
8436,8436,1108,2025-07-31,2025-08-30,30,32418.0,5704.0,38122.0
8437,8437,1001,2025-08-01,2025-08-31,30,41814.0,8873.0,50687.0
8438,8438,1005,2025-07-30,2025-09-13,45,31923.0,5189.0,37112.0
8439,8439,1050,2025-08-01,2025-08-31,30,41406.0,13268.0,54674.0
8440,8440,1069,2025-07-30,2025-08-29,30,23472.0,3107.0,26579.0
8441,8441,1071,2025-07-31,2025-08-30,30,94666.0,33506.0,128172.0
8442,8442,1055,2025-07-30,2025-08-14,15,22251.0,8407.0,30658.0
8443,8443,1090,2025-07-31,2025-08-30,30,32556.0,10284.0,42840.0
8444,8444,1065,2025-07-30,2025-09-13,45,14542.0,3465.0,18007.0
8445,8445,1088,2025-08-01,2025-08-31,30,45861.0,13679.0,59540.0
8446,8446,1048,2025-07-30,2025-08-14,15,20118.0,4394.0,24512.0
8447,8447,1057,2025-07-31,2025-08-30,30,49556.0,18694.0,68250.0
8448,8448,1064,2025-08-02,2025-09-01,30,133048.0,30475.0,163523.0
8449,8449,1110,2025-07-31,2025-08-15,15,25442.0,5595.0,31037.0
8450,8450,1025,2025-08-01,2025-08-31,30,65913.0,15046.0,80959.0
8451,8451,1030,2025-08-01,2025-08-31,30,135915.0,35810.0,171725.0
8452,8452,1075,2025-07-30,2025-08-29,30,39720.0,5497.0,45217.0
8453,8453,1053,2025-07-31,2025-09-14,45,28888.0,6887.0,35775.0
8454,8454,1076,2025-08-02,2025-08-17,15,92680.0,29324.0,122004.0
8455,8455,1024,2025-07-31,2025-08-15,15,24576.0,6455.0,31031.0
8456,8456,1070,2025-07-30,2025-09-13,45,14768.0,4805.0,19573.0
8457,8457,1102,2025-07-31,2025-08-30,30,32834.0,10994.0,43828.0
8458,8458,1121,2025-07-31,2025-08-15,15,26226.0,8751.0,34977.0
8459,8459,1091,2025-08-01,2025-08-16,15,71178.0,20957.0,92135.0
8460,8460,1042,2025-07-31,2025-08-15,15,28404.0,4550.0,32954.0
8461,8461,1068,2025-07-30,2025-08-14,15,31428.0,11345.0,42773.0
8462,8462,1114,2025-07-31,2025-08-15,15,57370.0,13634.0,71004.0
8463,8463,1033,2025-08-01,2025-08-31,30,48762.0,6170.0,54932.0
8464,8464,1075,2025-07-30,2025-09-13,45,25874.0,7649.0,33523.0
8465,8465,1072,2025-08-01,2025-08-31,30,46875.0,14764.0,61639.0
8466,8466,1062,2025-08-03,2025-09-02,30,68390.0,14441.0,82831.0
8467,8467,1074,2025-07-31,2025-08-30,30,28114.0,6535.0,34649.0
8468,8468,1042,2025-07-30,2025-08-29,30,15298.0,3383.0,18681.0
8469,8469,1059,2025-08-02,2025-09-01,30,50780.0,15749.0,66529.0
8470,8470,1058,2025-07-30,2025-08-14,15,13951.0,2989.0,16940.0
8471,8471,1097,2025-07-31,2025-08-30,30,24510.0,3922.0,28432.0
8472,8472,1077,2025-07-31,2025-08-30,30,32340.0,7221.0,39561.0
8473,8473,1085,2025-07-31,2025-08-30,30,29658.0,10657.0,40315.0
8474,8474,1111,2025-07-30,2025-08-14,15,23182.0,8348.0,31530.0
8475,8475,1097,2025-08-01,2025-08-16,15,60036.0,19491.0,79527.0
8476,8476,1081,2025-07-30,2025-09-13,45,29270.0,3887.0,33157.0
8477,8477,1076,2025-08-01,2025-08-16,15,46299.0,11958.0,58257.0
8478,8478,1006,2025-08-01,2025-08-16,15,75414.0,11106.0,86520.0
8479,8479,1106,2025-08-02,2025-09-01,30,78560.0,19175.0,97735.0
8480,8480,1058,2025-07-30,2025-09-13,45,30084.0,8794.0,38878.0
8481,8481,1122,2025-07-31,2025-08-30,30,79420.0,21681.0,101101.0
8482,8482,1124,2025-08-01,2025-08-31,30,68502.0,15274.0,83776.0
8483,8483,1080,2025-07-31,2025-08-30,30,31308.0,5907.0,37215.0
8484,8484,1017,2025-07-30,2025-08-29,30,26807.0,5736.0,32543.0
8485,8485,1120,2025-08-03,2025-08-18,15,73575.0,21273.0,94848.0
8486,8486,1044,2025-07-30,2025-09-13,45,25356.0,5983.0,31339.0
8487,8487,1053,2025-08-01,2025-08-31,30,69138.0,14663.0,83801.0
8488,8488,1125,2025-08-01,2025-08-16,15,39393.0,9604.0,48997.0
8489,8489,1044,2025-08-01,2025-08-16,15,49086.0,14202.0,63288.0
8490,8490,1021,2025-08-01,2025-08-31,30,90618.0,29429.0,120047.0
8491,8491,1019,2025-08-01,2025-08-16,15,30414.0,5628.0,36042.0
8492,8492,1122,2025-08-01,2025-08-31,30,31742.0,8069.0,39811.0
8493,8493,1121,2025-08-01,2025-08-31,30,40436.0,5092.0,45528.0
8494,8494,1031,2025-08-02,2025-09-16,45,82620.0,16420.0,99040.0
8495,8495,1004,2025-08-01,2025-08-31,30,30778.0,11333.0,42111.0
8496,8496,1070,2025-07-31,2025-08-15,15,36719.0,7263.0,43982.0
8497,8497,1106,2025-08-03,2025-09-02,30,55708.0,11426.0,67134.0
8498,8498,1078,2025-07-31,2025-08-30,30,45166.0,11762.0,56928.0
8499,8499,1029,2025-08-02,2025-08-17,15,120000.0,29101.0,149101.0
8500,8500,1063,2025-08-03,2025-08-18,15,56828.0,17719.0,74547.0
8501,8501,1009,2025-08-04,2025-09-03,30,73730.0,19576.0,93306.0
8502,8502,1110,2025-08-01,2025-08-31,30,40396.0,11963.0,52359.0
8503,8503,1078,2025-08-01,2025-08-31,30,77972.0,18764.0,96736.0
8504,8504,1061,2025-07-31,2025-08-15,15,15971.0,2136.0,18107.0
8505,8505,1027,2025-08-01,2025-08-31,30,44834.0,9063.0,53897.0
8506,8506,1109,2025-08-02,2025-09-01,30,46842.0,7236.0,54078.0
8507,8507,1019,2025-08-02,2025-08-17,15,66201.0,24695.0,90896.0
8508,8508,1074,2025-08-02,2025-09-01,30,49158.0,10469.0,59627.0
8509,8509,1080,2025-07-31,2025-08-30,30,36008.0,10004.0,46012.0
8510,8510,1046,2025-08-01,2025-08-16,15,27436.0,7861.0,35297.0
8511,8511,1089,2025-08-01,2025-08-31,30,63688.0,10668.0,74356.0
8512,8512,1014,2025-08-02,2025-09-16,45,44334.0,5910.0,50244.0
8513,8513,1116,2025-08-01,2025-08-31,30,45796.0,11246.0,57042.0
8514,8514,1084,2025-08-01,2025-08-16,15,25896.0,7273.0,33169.0
8515,8515,1073,2025-08-02,2025-08-17,15,52524.0,12424.0,64948.0
8516,8516,1056,2025-08-02,2025-09-01,30,98358.0,24182.0,122540.0
8517,8517,1028,2025-08-01,2025-08-31,30,49502.0,10104.0,59606.0
8518,8518,1062,2025-08-03,2025-09-02,30,81988.0,18751.0,100739.0
8519,8519,1037,2025-08-03,2025-09-17,45,58252.0,11647.0,69899.0
8520,8520,1031,2025-08-01,2025-08-16,15,59764.0,15978.0,75742.0
8521,8521,1007,2025-08-01,2025-08-31,30,33484.0,4509.0,37993.0
8522,8522,1102,2025-07-31,2025-08-30,30,22410.0,5472.0,27882.0
8523,8523,1074,2025-08-02,2025-09-01,30,48060.0,8510.0,56570.0
8524,8524,1046,2025-07-31,2025-08-15,15,17033.0,5569.0,22602.0
8525,8525,1019,2025-08-01,2025-08-31,30,31016.0,10841.0,41857.0
8526,8526,1032,2025-08-02,2025-08-17,15,42048.0,9133.0,51181.0
8527,8527,1092,2025-07-31,2025-08-30,30,19197.0,2682.0,21879.0
8528,8528,1086,2025-08-02,2025-08-17,15,44802.0,15256.0,60058.0
8529,8529,1011,2025-08-02,2025-09-16,45,70983.0,25174.0,96157.0
8530,8530,1062,2025-08-03,2025-09-02,30,137756.0,46679.0,184435.0
8531,8531,1079,2025-08-02,2025-09-01,30,46047.0,10323.0,56370.0
8532,8532,1022,2025-08-03,2025-08-18,15,46041.0,15856.0,61897.0
8533,8533,1096,2025-08-04,2025-09-03,30,83184.0,12305.0,95489.0
8534,8534,1010,2025-08-03,2025-09-02,30,46089.0,11056.0,57145.0
8535,8535,1115,2025-08-01,2025-08-16,15,22288.0,4046.0,26334.0
8536,8536,1018,2025-08-03,2025-09-17,45,44730.0,8636.0,53366.0
8537,8537,1119,2025-08-03,2025-09-02,30,62643.0,22254.0,84897.0
8538,8538,1013,2025-08-02,2025-09-16,45,27270.0,6833.0,34103.0
8539,8539,1027,2025-08-02,2025-08-17,15,29302.0,10023.0,39325.0
8540,8540,1004,2025-08-04,2025-08-19,15,61156.0,21138.0,82294.0
8541,8541,1029,2025-08-03,2025-08-18,15,83844.0,25675.0,109519.0
8542,8542,1008,2025-08-01,2025-08-31,30,31580.0,9749.0,41329.0
8543,8543,1036,2025-08-03,2025-08-18,15,72741.0,17809.0,90550.0
8544,8544,1047,2025-08-01,2025-08-16,15,21385.0,4836.0,26221.0
8545,8545,1014,2025-08-01,2025-08-31,30,14930.0,3021.0,17951.0
8546,8546,1125,2025-08-03,2025-09-17,45,68097.0,10266.0,78363.0
8547,8547,1085,2025-08-02,2025-09-01,30,26120.0,9699.0,35819.0
8548,8548,1013,2025-08-03,2025-08-18,15,40872.0,10954.0,51826.0
8549,8549,1103,2025-08-04,2025-08-19,15,84032.0,31445.0,115477.0
8550,8550,1111,2025-08-02,2025-09-01,30,60380.0,16660.0,77040.0
8551,8551,1010,2025-08-03,2025-09-17,45,44598.0,9548.0,54146.0
8552,8552,1089,2025-08-02,2025-08-17,15,29704.0,6262.0,35966.0
8553,8553,1011,2025-08-04,2025-09-03,30,91568.0,31608.0,123176.0
8554,8554,1093,2025-08-01,2025-08-16,15,28658.0,8082.0,36740.0
8555,8555,1110,2025-08-01,2025-08-31,30,16245.0,5872.0,22117.0
8556,8556,1044,2025-08-03,2025-09-02,30,46335.0,12158.0,58493.0
8557,8557,1074,2025-08-04,2025-09-03,30,65992.0,23274.0,89266.0
8558,8558,1124,2025-08-02,2025-09-16,45,55922.0,8298.0,64220.0
8559,8559,1077,2025-08-02,2025-09-01,30,64712.0,11745.0,76457.0
8560,8560,1036,2025-08-03,2025-08-18,15,111075.0,26664.0,137739.0
8561,8561,1007,2025-08-05,2025-08-20,15,172865.0,25362.0,198227.0
8562,8562,1115,2025-08-01,2025-08-16,15,38110.0,14351.0,52461.0
8563,8563,1023,2025-08-01,2025-08-31,30,15798.0,1955.0,17753.0
8564,8564,1050,2025-08-04,2025-08-19,15,59596.0,11721.0,71317.0
8565,8565,1100,2025-08-01,2025-08-16,15,18694.0,4847.0,23541.0
8566,8566,1113,2025-08-02,2025-08-17,15,43192.0,13995.0,57187.0
8567,8567,1039,2025-08-02,2025-09-01,30,25480.0,3403.0,28883.0
8568,8568,1008,2025-08-03,2025-09-02,30,64857.0,22725.0,87582.0
8569,8569,1111,2025-08-02,2025-08-17,15,26470.0,9082.0,35552.0
8570,8570,1022,2025-08-04,2025-09-03,30,56484.0,13809.0,70293.0
8571,8571,1034,2025-08-03,2025-09-17,45,51738.0,12785.0,64523.0
8572,8572,1116,2025-08-01,2025-09-15,45,14194.0,5254.0,19448.0
8573,8573,1096,2025-08-03,2025-08-18,15,99897.0,24175.0,124072.0
8574,8574,1069,2025-08-03,2025-09-02,30,41772.0,7348.0,49120.0
8575,8575,1057,2025-08-01,2025-08-31,30,14561.0,3337.0,17898.0
8576,8576,1113,2025-08-03,2025-09-02,30,67149.0,22706.0,89855.0
8577,8577,1038,2025-08-02,2025-08-17,15,32136.0,7116.0,39252.0
8578,8578,1086,2025-08-01,2025-09-15,45,14432.0,2294.0,16726.0
8579,8579,1049,2025-08-01,2025-08-31,30,23282.0,7808.0,31090.0
8580,8580,1006,2025-08-01,2025-08-31,30,20768.0,6854.0,27622.0
8581,8581,1020,2025-08-01,2025-08-31,30,13458.0,4948.0,18406.0
8582,8582,1101,2025-08-01,2025-09-15,45,22617.0,6836.0,29453.0
8583,8583,1111,2025-08-02,2025-08-17,15,31430.0,8959.0,40389.0
8584,8584,1102,2025-08-01,2025-08-31,30,15115.0,4225.0,19340.0
8585,8585,1124,2025-08-01,2025-08-31,30,22699.0,3786.0,26485.0
8586,8586,1001,2025-08-03,2025-09-02,30,42159.0,14367.0,56526.0
8587,8587,1048,2025-08-02,2025-09-16,45,19341.0,4703.0,24044.0
8588,8588,1103,2025-08-03,2025-09-17,45,27246.0,4557.0,31803.0
8589,8589,1012,2025-08-03,2025-09-02,30,30894.0,8713.0,39607.0
8590,8590,1076,2025-08-02,2025-09-01,30,20412.0,3730.0,24142.0
8591,8591,1082,2025-08-02,2025-09-01,30,29132.0,8901.0,38033.0
8592,8592,1047,2025-08-02,2025-09-01,30,20570.0,2916.0,23486.0
8593,8593,1123,2025-08-03,2025-09-02,30,43834.0,10695.0,54529.0
8594,8594,1087,2025-08-05,2025-08-20,15,141456.0,33450.0,174906.0
8595,8595,1045,2025-08-02,2025-09-01,30,18203.0,4616.0,22819.0
8596,8596,1099,2025-08-04,2025-09-18,45,62034.0,19326.0,81360.0
8597,8597,1111,2025-08-04,2025-09-03,30,39912.0,10602.0,50514.0
8598,8598,1103,2025-08-02,2025-08-17,15,23073.0,3457.0,26530.0
8599,8599,1096,2025-08-03,2025-09-02,30,33134.0,6801.0,39935.0
8600,8600,1005,2025-08-03,2025-09-02,30,26928.0,6056.0,32984.0
8601,8601,1022,2025-08-04,2025-09-03,30,126582.0,20046.0,146628.0
8602,8602,1116,2025-08-04,2025-09-03,30,64905.0,15550.0,80455.0
8603,8603,1114,2025-08-02,2025-08-17,15,15275.0,2723.0,17998.0
8604,8604,1056,2025-08-02,2025-09-01,30,23928.0,7888.0,31816.0
8605,8605,1113,2025-08-02,2025-09-01,30,19886.0,5288.0,25174.0
8606,8606,1050,2025-08-02,2025-09-16,45,42243.0,5802.0,48045.0
8607,8607,1032,2025-08-02,2025-09-01,30,27885.0,9860.0,37745.0
8608,8608,1080,2025-08-03,2025-09-17,45,67136.0,19826.0,86962.0
8609,8609,1006,2025-08-02,2025-09-01,30,13882.0,3565.0,17447.0
8610,8610,1079,2025-08-06,2025-09-05,30,179930.0,56148.0,236078.0
8611,8611,1027,2025-08-04,2025-09-03,30,46383.0,14601.0,60984.0
8612,8612,1108,2025-08-05,2025-09-04,30,145740.0,49621.0,195361.0
8613,8613,1115,2025-08-02,2025-09-01,30,21610.0,4185.0,25795.0
8614,8614,1070,2025-08-02,2025-09-01,30,16030.0,4317.0,20347.0
8615,8615,1124,2025-08-02,2025-09-16,45,14883.0,5107.0,19990.0
8616,8616,1097,2025-08-04,2025-08-19,15,36384.0,6226.0,42610.0
8617,8617,1104,2025-08-03,2025-09-02,30,27402.0,6613.0,34015.0
8618,8618,1110,2025-08-04,2025-08-19,15,43302.0,8248.0,51550.0
8619,8619,1036,2025-08-03,2025-09-02,30,53102.0,10904.0,64006.0
8620,8620,1037,2025-08-04,2025-09-18,45,58341.0,7607.0,65948.0
8621,8621,1082,2025-08-05,2025-09-04,30,65476.0,18643.0,84119.0
8622,8622,1002,2025-08-02,2025-09-01,30,37910.0,13673.0,51583.0
8623,8623,1021,2025-08-04,2025-09-18,45,47331.0,8238.0,55569.0
8624,8624,1121,2025-08-03,2025-09-02,30,76166.0,20105.0,96271.0
8625,8625,1007,2025-08-02,2025-09-01,30,21598.0,4408.0,26006.0
8626,8626,1063,2025-08-02,2025-09-01,30,31602.0,5929.0,37531.0
8627,8627,1066,2025-08-03,2025-09-02,30,28770.0,4389.0,33159.0
8628,8628,1066,2025-08-03,2025-09-02,30,73502.0,18022.0,91524.0
8629,8629,1021,2025-08-02,2025-09-01,30,15942.0,6005.0,21947.0
8630,8630,1047,2025-08-02,2025-09-16,45,13793.0,3528.0,17321.0
8631,8631,1015,2025-08-04,2025-08-19,15,36003.0,13153.0,49156.0
8632,8632,1066,2025-08-02,2025-09-01,30,15918.0,2284.0,18202.0
8633,8633,1002,2025-08-04,2025-09-18,45,46638.0,9442.0,56080.0
8634,8634,1113,2025-08-02,2025-09-16,45,19695.0,4070.0,23765.0
8635,8635,1046,2025-08-02,2025-09-16,45,19757.0,5463.0,25220.0
8636,8636,1106,2025-08-04,2025-09-03,30,72915.0,26191.0,99106.0
8637,8637,1036,2025-08-02,2025-09-01,30,15109.0,5126.0,20235.0
8638,8638,1028,2025-08-03,2025-09-17,45,36500.0,10904.0,47404.0
8639,8639,1090,2025-08-04,2025-09-03,30,40725.0,8981.0,49706.0
8640,8640,1034,2025-08-04,2025-09-18,45,54381.0,18217.0,72598.0
8641,8641,1026,2025-08-03,2025-09-02,30,27388.0,7562.0,34950.0
8642,8642,1007,2025-08-05,2025-09-19,45,60800.0,9366.0,70166.0
8643,8643,1053,2025-08-02,2025-08-17,15,15571.0,5494.0,21065.0
8644,8644,1027,2025-08-03,2025-08-18,15,81216.0,20915.0,102131.0
8645,8645,1012,2025-08-03,2025-08-18,15,25654.0,3315.0,28969.0
8646,8646,1056,2025-08-02,2025-08-17,15,15612.0,4093.0,19705.0
8647,8647,1039,2025-08-02,2025-09-01,30,15206.0,4871.0,20077.0
8648,8648,1116,2025-08-03,2025-08-18,15,23361.0,8293.0,31654.0
8649,8649,1122,2025-08-03,2025-08-18,15,22983.0,6656.0,29639.0
8650,8650,1097,2025-08-05,2025-08-20,15,44097.0,14668.0,58765.0
8651,8651,1102,2025-08-03,2025-08-18,15,20874.0,3718.0,24592.0
8652,8652,1080,2025-08-07,2025-09-06,30,120930.0,15973.0,136903.0
8653,8653,1098,2025-08-04,2025-09-03,30,44484.0,6982.0,51466.0
8654,8654,1104,2025-08-03,2025-09-02,30,18060.0,5033.0,23093.0
8655,8655,1031,2025-08-03,2025-09-02,30,33556.0,11074.0,44630.0
8656,8656,1019,2025-08-04,2025-09-03,30,29318.0,9256.0,38574.0
8657,8657,1001,2025-08-04,2025-08-19,15,29944.0,10991.0,40935.0
8658,8658,1070,2025-08-03,2025-09-17,45,15026.0,2496.0,17522.0
8659,8659,1064,2025-08-06,2025-09-05,30,117908.0,33185.0,151093.0
8660,8660,1060,2025-08-04,2025-08-19,15,44134.0,11015.0,55149.0
8661,8661,1065,2025-08-05,2025-08-20,15,46842.0,12259.0,59101.0
8662,8662,1025,2025-08-03,2025-09-02,30,14614.0,2086.0,16700.0
8663,8663,1025,2025-08-05,2025-09-04,30,67692.0,12127.0,79819.0
8664,8664,1012,2025-08-03,2025-09-02,30,29499.0,6333.0,35832.0
8665,8665,1081,2025-08-07,2025-08-22,15,105185.0,34003.0,139188.0
8666,8666,1119,2025-08-04,2025-09-03,30,47110.0,16648.0,63758.0
8667,8667,1084,2025-08-03,2025-09-02,30,13552.0,3389.0,16941.0
8668,8668,1059,2025-08-04,2025-08-19,15,65152.0,7896.0,73048.0
8669,8669,1055,2025-08-07,2025-09-21,45,106075.0,17378.0,123453.0
8670,8670,1049,2025-08-04,2025-09-03,30,42156.0,11839.0,53995.0
8671,8671,1009,2025-08-06,2025-08-21,15,124780.0,30768.0,155548.0
8672,8672,1040,2025-08-03,2025-09-02,30,29563.0,4168.0,33731.0
8673,8673,1065,2025-08-03,2025-09-17,45,20808.0,3274.0,24082.0
8674,8674,1087,2025-08-04,2025-09-03,30,55318.0,20400.0,75718.0
8675,8675,1101,2025-08-03,2025-09-02,30,16166.0,2920.0,19086.0
8676,8676,1016,2025-08-04,2025-09-03,30,31634.0,9327.0,40961.0
8677,8677,1070,2025-08-03,2025-08-18,15,14746.0,2657.0,17403.0
8678,8678,1033,2025-08-03,2025-08-18,15,29620.0,6408.0,36028.0
8679,8679,1122,2025-08-07,2025-09-06,30,169645.0,36428.0,206073.0
8680,8680,1033,2025-08-06,2025-09-05,30,61828.0,12626.0,74454.0
8681,8681,1095,2025-08-05,2025-09-04,30,47982.0,7604.0,55586.0
8682,8682,1028,2025-08-04,2025-08-19,15,41314.0,12197.0,53511.0
8683,8683,1094,2025-08-07,2025-09-21,45,68750.0,17142.0,85892.0
8684,8684,1078,2025-08-03,2025-09-02,30,15434.0,4805.0,20239.0
8685,8685,1064,2025-08-04,2025-08-19,15,59580.0,10886.0,70466.0
8686,8686,1057,2025-08-03,2025-09-17,45,21978.0,6070.0,28048.0
8687,8687,1031,2025-08-06,2025-09-05,30,78500.0,24477.0,102977.0
8688,8688,1112,2025-08-03,2025-08-18,15,17164.0,2492.0,19656.0
8689,8689,1123,2025-08-04,2025-09-03,30,45664.0,11565.0,57229.0
8690,8690,1031,2025-08-04,2025-09-18,45,28392.0,9158.0,37550.0
8691,8691,1125,2025-08-04,2025-09-18,45,42760.0,10641.0,53401.0
8692,8692,1018,2025-08-04,2025-09-03,30,31104.0,5837.0,36941.0
8693,8693,1107,2025-08-04,2025-09-03,30,29394.0,6532.0,35926.0
8694,8694,1029,2025-08-07,2025-09-06,30,69850.0,19842.0,89692.0
8695,8695,1018,2025-08-03,2025-09-02,30,20284.0,6524.0,26808.0
8696,8696,1117,2025-08-03,2025-09-02,30,14035.0,2282.0,16317.0
8697,8697,1015,2025-08-03,2025-09-17,45,14846.0,4990.0,19836.0
8698,8698,1050,2025-08-04,2025-09-18,45,30092.0,10972.0,41064.0
8699,8699,1055,2025-08-04,2025-09-18,45,27632.0,7138.0,34770.0
8700,8700,1034,2025-08-04,2025-09-03,30,14333.0,5420.0,19753.0
8701,8701,1023,2025-08-06,2025-08-21,15,41964.0,15197.0,57161.0
8702,8702,1092,2025-08-05,2025-09-04,30,41386.0,13606.0,54992.0
8703,8703,1086,2025-08-05,2025-08-20,15,29994.0,5451.0,35445.0
8704,8704,1057,2025-08-04,2025-09-03,30,15986.0,2250.0,18236.0
8705,8705,1086,2025-08-07,2025-09-06,30,91476.0,32790.0,124266.0
8706,8706,1069,2025-08-04,2025-09-03,30,22370.0,6751.0,29121.0
8707,8707,1020,2025-08-05,2025-08-20,15,44946.0,13483.0,58429.0
8708,8708,1073,2025-08-07,2025-09-21,45,54432.0,14294.0,68726.0
8709,8709,1030,2025-08-05,2025-09-19,45,29684.0,7295.0,36979.0
8710,8710,1040,2025-08-05,2025-08-20,15,26834.0,7753.0,34587.0
8711,8711,1040,2025-08-06,2025-09-05,30,43014.0,15563.0,58577.0
8712,8712,1001,2025-08-05,2025-09-04,30,67168.0,24327.0,91495.0
8713,8713,1020,2025-08-04,2025-09-03,30,21888.0,5175.0,27063.0
8714,8714,1075,2025-08-05,2025-09-04,30,66840.0,13204.0,80044.0
8715,8715,1005,2025-08-04,2025-09-03,30,41407.0,15202.0,56609.0
8716,8716,1046,2025-08-07,2025-09-06,30,80400.0,15071.0,95471.0
8717,8717,1044,2025-08-05,2025-09-19,45,71922.0,22367.0,94289.0
8718,8718,1067,2025-08-07,2025-09-21,45,128952.0,20247.0,149199.0
8719,8719,1095,2025-08-07,2025-09-06,30,122432.0,44230.0,166662.0
8720,8720,1106,2025-08-06,2025-09-05,30,86676.0,15273.0,101949.0
8721,8721,1092,2025-08-05,2025-09-04,30,28576.0,4286.0,32862.0
8722,8722,1088,2025-08-06,2025-09-05,30,37023.0,4536.0,41559.0
8723,8723,1123,2025-08-04,2025-09-03,30,29497.0,8974.0,38471.0
8724,8724,1052,2025-08-04,2025-09-03,30,13415.0,3997.0,17412.0
8725,8725,1008,2025-08-04,2025-09-03,30,23727.0,2948.0,26675.0
8726,8726,1105,2025-08-06,2025-09-20,45,73470.0,16869.0,90339.0
8727,8727,1001,2025-08-04,2025-09-03,30,19706.0,3156.0,22862.0
8728,8728,1059,2025-08-05,2025-09-19,45,41404.0,8657.0,50061.0
8729,8729,1040,2025-08-07,2025-09-06,30,122060.0,19224.0,141284.0
8730,8730,1056,2025-08-05,2025-09-04,30,72752.0,26440.0,99192.0
8731,8731,1041,2025-08-07,2025-09-06,30,88356.0,14886.0,103242.0
8732,8732,1011,2025-08-04,2025-09-03,30,28825.0,10765.0,39590.0
8733,8733,1090,2025-08-04,2025-09-18,45,28061.0,9097.0,37158.0
8734,8734,1069,2025-08-05,2025-08-20,15,51722.0,6360.0,58082.0
8735,8735,1116,2025-08-04,2025-09-03,30,21124.0,6031.0,27155.0
8736,8736,1093,2025-08-07,2025-09-06,30,86228.0,26293.0,112521.0
8737,8737,1124,2025-08-04,2025-09-03,30,14436.0,2393.0,16829.0
8738,8738,1007,2025-08-05,2025-09-04,30,84492.0,12117.0,96609.0
8739,8739,1036,2025-08-04,2025-09-18,45,35242.0,13175.0,48417.0
8740,8740,1078,2025-08-04,2025-09-03,30,17569.0,2280.0,19849.0
8741,8741,1083,2025-08-05,2025-09-04,30,48008.0,7704.0,55712.0
8742,8742,1040,2025-08-04,2025-09-03,30,41807.0,14998.0,56805.0
8743,8743,1118,2025-08-05,2025-08-20,15,29206.0,6533.0,35739.0
8744,8744,1110,2025-08-06,2025-09-05,30,90810.0,15226.0,106036.0
8745,8745,1082,2025-08-07,2025-09-06,30,116608.0,30786.0,147394.0
8746,8746,1112,2025-08-05,2025-09-04,30,41764.0,13032.0,54796.0
8747,8747,1100,2025-08-06,2025-08-21,15,109848.0,35928.0,145776.0
8748,8748,1085,2025-08-05,2025-09-04,30,24866.0,5099.0,29965.0
8749,8749,1057,2025-08-04,2025-09-03,30,31248.0,9122.0,40370.0
8750,8750,1032,2025-08-06,2025-09-05,30,28984.0,6299.0,35283.0
8751,8751,1046,2025-08-06,2025-09-05,30,30554.0,4862.0,35416.0
8752,8752,1100,2025-08-09,2025-09-08,30,111250.0,41122.0,152372.0
8753,8753,1001,2025-08-08,2025-09-07,30,58044.0,15946.0,73990.0
8754,8754,1073,2025-08-06,2025-09-05,30,32808.0,8757.0,41565.0
8755,8755,1087,2025-08-07,2025-09-21,45,44442.0,10159.0,54601.0
8756,8756,1015,2025-08-08,2025-08-23,15,111960.0,35561.0,147521.0
8757,8757,1008,2025-08-09,2025-09-08,30,109910.0,33251.0,143161.0
8758,8758,1099,2025-08-06,2025-09-05,30,45804.0,8548.0,54352.0
8759,8759,1043,2025-08-08,2025-09-07,30,62668.0,9373.0,72041.0
8760,8760,1058,2025-08-05,2025-09-04,30,21129.0,4153.0,25282.0
8761,8761,1096,2025-08-07,2025-09-21,45,69282.0,21272.0,90554.0
8762,8762,1016,2025-08-09,2025-08-24,15,67785.0,16114.0,83899.0
8763,8763,1040,2025-08-05,2025-09-04,30,15057.0,5337.0,20394.0
8764,8764,1011,2025-08-05,2025-09-19,45,20545.0,4269.0,24814.0
8765,8765,1099,2025-08-05,2025-08-20,15,13366.0,1833.0,15199.0
8766,8766,1008,2025-08-09,2025-09-23,45,71650.0,15078.0,86728.0
8767,8767,1003,2025-08-05,2025-09-04,30,13671.0,5153.0,18824.0
8768,8768,1028,2025-08-08,2025-09-22,45,93612.0,19230.0,112842.0
8769,8769,1113,2025-08-06,2025-09-05,30,28610.0,7265.0,35875.0
8770,8770,1020,2025-08-05,2025-08-20,15,24993.0,7216.0,32209.0
8771,8771,1006,2025-08-07,2025-09-21,45,50073.0,10858.0,60931.0
8772,8772,1109,2025-08-06,2025-09-20,45,45036.0,13412.0,58448.0
8773,8773,1021,2025-08-06,2025-09-05,30,38098.0,9051.0,47149.0
8774,8774,1080,2025-08-07,2025-08-22,15,64860.0,14423.0,79283.0
8775,8775,1039,2025-08-07,2025-08-22,15,46773.0,12723.0,59496.0
8776,8776,1104,2025-08-05,2025-09-04,30,12813.0,3581.0,16394.0
8777,8777,1092,2025-08-07,2025-08-22,15,69687.0,22247.0,91934.0
8778,8778,1104,2025-08-05,2025-08-20,15,28365.0,9096.0,37461.0
8779,8779,1041,2025-08-06,2025-09-05,30,30426.0,5141.0,35567.0
8780,8780,1119,2025-08-06,2025-09-20,45,40160.0,7038.0,47198.0
8781,8781,1013,2025-08-08,2025-09-07,30,59084.0,8024.0,67108.0
8782,8782,1124,2025-08-05,2025-09-04,30,13465.0,2354.0,15819.0
8783,8783,1102,2025-08-09,2025-09-08,30,78230.0,24047.0,102277.0
8784,8784,1043,2025-08-06,2025-09-05,30,42296.0,13608.0,55904.0
8785,8785,1060,2025-08-08,2025-09-22,45,115044.0,30476.0,145520.0
8786,8786,1103,2025-08-06,2025-08-21,15,30194.0,7125.0,37319.0
8787,8787,1085,2025-08-05,2025-09-04,30,13602.0,2499.0,16101.0
8788,8788,1106,2025-08-06,2025-08-21,15,43230.0,13694.0,56924.0
8789,8789,1045,2025-08-08,2025-09-07,30,74876.0,17240.0,92116.0
8790,8790,1066,2025-08-05,2025-09-04,30,15305.0,3175.0,18480.0
8791,8791,1090,2025-08-05,2025-09-04,30,28761.0,10180.0,38941.0
8792,8792,1107,2025-08-08,2025-09-22,45,60404.0,20123.0,80527.0
8793,8793,1074,2025-08-09,2025-09-08,30,146845.0,19021.0,165866.0
8794,8794,1119,2025-08-07,2025-09-21,45,81159.0,10058.0,91217.0
8795,8795,1051,2025-08-05,2025-09-04,30,28553.0,3837.0,32390.0
8796,8796,1113,2025-08-08,2025-09-22,45,90075.0,27742.0,117817.0
8797,8797,1027,2025-08-08,2025-08-23,15,45888.0,10493.0,56381.0
8798,8798,1025,2025-08-06,2025-09-05,30,19835.0,5575.0,25410.0
8799,8799,1033,2025-08-06,2025-09-05,30,22242.0,5407.0,27649.0
8800,8800,1049,2025-08-06,2025-08-21,15,23629.0,3223.0,26852.0
8801,8801,1125,2025-08-06,2025-08-21,15,23390.0,3290.0,26680.0
8802,8802,1071,2025-08-08,2025-09-07,30,81990.0,22046.0,104036.0
8803,8803,1092,2025-08-10,2025-09-24,45,67695.0,8320.0,76015.0
8804,8804,1058,2025-08-08,2025-09-22,45,104484.0,34017.0,138501.0
8805,8805,1068,2025-08-06,2025-08-21,15,25762.0,3608.0,29370.0
8806,8806,1020,2025-08-07,2025-09-06,30,27376.0,9361.0,36737.0
8807,8807,1004,2025-08-07,2025-09-06,30,25214.0,5553.0,30767.0
8808,8808,1062,2025-08-06,2025-09-05,30,21903.0,7068.0,28971.0
8809,8809,1095,2025-08-06,2025-09-05,30,16038.0,3715.0,19753.0
8810,8810,1094,2025-08-07,2025-08-22,15,26550.0,7969.0,34519.0
8811,8811,1012,2025-08-07,2025-09-06,30,26770.0,6305.0,33075.0
8812,8812,1011,2025-08-06,2025-08-21,15,21587.0,4741.0,26328.0
8813,8813,1044,2025-08-06,2025-09-20,45,14914.0,5463.0,20377.0
8814,8814,1099,2025-08-08,2025-09-22,45,40083.0,6351.0,46434.0
8815,8815,1113,2025-08-07,2025-08-22,15,79814.0,11764.0,91578.0
8816,8816,1098,2025-08-06,2025-09-05,30,13853.0,2454.0,16307.0
8817,8817,1079,2025-08-06,2025-09-05,30,14978.0,4265.0,19243.0
8818,8818,1101,2025-08-08,2025-08-23,15,44616.0,8559.0,53175.0
8819,8819,1024,2025-08-09,2025-08-24,15,60988.0,22066.0,83054.0
8820,8820,1108,2025-08-08,2025-08-23,15,49008.0,18273.0,67281.0
8821,8821,1108,2025-08-08,2025-08-23,15,39417.0,7776.0,47193.0
8822,8822,1113,2025-08-06,2025-09-05,30,31299.0,10469.0,41768.0
8823,8823,1122,2025-08-06,2025-09-05,30,29828.0,8241.0,38069.0
8824,8824,1026,2025-08-07,2025-09-06,30,44168.0,16696.0,60864.0
8825,8825,1015,2025-08-07,2025-09-06,30,28526.0,8537.0,37063.0
8826,8826,1016,2025-08-06,2025-09-05,30,15542.0,3355.0,18897.0
8827,8827,1112,2025-08-06,2025-08-21,15,13793.0,4901.0,18694.0
8828,8828,1108,2025-08-06,2025-09-05,30,15821.0,2307.0,18128.0
8829,8829,1078,2025-08-09,2025-09-08,30,91596.0,29354.0,120950.0
8830,8830,1005,2025-08-06,2025-09-05,30,16064.0,5780.0,21844.0
8831,8831,1071,2025-08-07,2025-09-06,30,42726.0,8398.0,51124.0
8832,8832,1111,2025-08-07,2025-09-21,45,30582.0,8653.0,39235.0
8833,8833,1097,2025-08-06,2025-09-05,30,28674.0,10644.0,39318.0
8834,8834,1066,2025-08-07,2025-09-21,45,38950.0,7349.0,46299.0
8835,8835,1059,2025-08-06,2025-08-21,15,30603.0,7714.0,38317.0
8836,8836,1023,2025-08-07,2025-09-06,30,26886.0,3486.0,30372.0
8837,8837,1121,2025-08-06,2025-08-21,15,15988.0,2890.0,18878.0
8838,8838,1009,2025-08-06,2025-09-20,45,24262.0,2948.0,27210.0
8839,8839,1076,2025-08-06,2025-09-20,45,30536.0,5505.0,36041.0
8840,8840,1121,2025-08-06,2025-09-05,30,31076.0,3971.0,35047.0
8841,8841,1085,2025-08-07,2025-08-22,15,33478.0,7844.0,41322.0
8842,8842,1009,2025-08-08,2025-08-23,15,44949.0,10883.0,55832.0
8843,8843,1024,2025-08-07,2025-09-06,30,26826.0,8389.0,35215.0
8844,8844,1107,2025-08-08,2025-08-23,15,98562.0,36286.0,134848.0
8845,8845,1058,2025-08-08,2025-09-07,30,108474.0,30901.0,139375.0
8846,8846,1085,2025-08-08,2025-09-07,30,43641.0,8827.0,52468.0
8847,8847,1117,2025-08-06,2025-09-05,30,42053.0,10303.0,52356.0
8848,8848,1016,2025-08-07,2025-09-06,30,37216.0,7487.0,44703.0
8849,8849,1091,2025-08-09,2025-09-23,45,98124.0,24955.0,123079.0
8850,8850,1004,2025-08-09,2025-09-08,30,48105.0,10004.0,58109.0
8851,8851,1077,2025-08-08,2025-08-23,15,27854.0,7846.0,35700.0
8852,8852,1070,2025-08-09,2025-08-24,15,45807.0,10764.0,56571.0
8853,8853,1064,2025-08-07,2025-09-06,30,12918.0,4346.0,17264.0
8854,8854,1091,2025-08-10,2025-09-09,30,76332.0,17664.0,93996.0
8855,8855,1069,2025-08-07,2025-09-06,30,23226.0,4025.0,27251.0
8856,8856,1055,2025-08-07,2025-09-06,30,24182.0,3908.0,28090.0
8857,8857,1124,2025-08-07,2025-09-06,30,30514.0,10128.0,40642.0
8858,8858,1115,2025-08-07,2025-09-21,45,37248.0,5606.0,42854.0
8859,8859,1088,2025-08-10,2025-09-09,30,95712.0,16713.0,112425.0
8860,8860,1001,2025-08-08,2025-08-23,15,32114.0,7161.0,39275.0
8861,8861,1067,2025-08-10,2025-08-25,15,63668.0,20565.0,84233.0
8862,8862,1087,2025-08-07,2025-09-06,30,21295.0,4250.0,25545.0
8863,8863,1090,2025-08-08,2025-09-07,30,28944.0,5385.0,34329.0
8864,8864,1001,2025-08-08,2025-08-23,15,26622.0,7067.0,33689.0
8865,8865,1111,2025-08-07,2025-09-06,30,16768.0,5902.0,22670.0
8866,8866,1078,2025-08-08,2025-09-22,45,31346.0,8479.0,39825.0
8867,8867,1060,2025-08-09,2025-09-23,45,40674.0,9743.0,50417.0
8868,8868,1035,2025-08-08,2025-09-22,45,27542.0,7193.0,34735.0
8869,8869,1047,2025-08-09,2025-09-08,30,67785.0,20520.0,88305.0
8870,8870,1018,2025-08-08,2025-09-07,30,29080.0,6378.0,35458.0
8871,8871,1018,2025-08-09,2025-09-23,45,88329.0,25952.0,114281.0
8872,8872,1090,2025-08-08,2025-08-23,15,66016.0,20712.0,86728.0
8873,8873,1055,2025-08-07,2025-08-22,15,20703.0,5817.0,26520.0
8874,8874,1047,2025-08-07,2025-09-06,30,24046.0,3463.0,27509.0
8875,8875,1012,2025-08-07,2025-09-06,30,21484.0,5210.0,26694.0
8876,8876,1041,2025-08-08,2025-08-23,15,33880.0,4333.0,38213.0
8877,8877,1124,2025-08-07,2025-09-21,45,21469.0,6864.0,28333.0
8878,8878,1070,2025-08-11,2025-09-10,30,76935.0,27784.0,104719.0
8879,8879,1120,2025-08-08,2025-09-07,30,45198.0,11645.0,56843.0
8880,8880,1028,2025-08-08,2025-09-07,30,29494.0,4941.0,34435.0
8881,8881,1020,2025-08-07,2025-09-06,30,24139.0,4099.0,28238.0
8882,8882,1031,2025-08-09,2025-09-08,30,59061.0,14346.0,73407.0
8883,8883,1062,2025-08-07,2025-09-21,45,12922.0,2891.0,15813.0
8884,8884,1056,2025-08-10,2025-09-09,30,142124.0,36641.0,178765.0
8885,8885,1054,2025-08-07,2025-09-06,30,14890.0,5602.0,20492.0
8886,8886,1042,2025-08-10,2025-09-09,30,87736.0,31802.0,119538.0
8887,8887,1115,2025-08-07,2025-08-22,15,21811.0,4945.0,26756.0
8888,8888,1021,2025-08-08,2025-09-07,30,28276.0,4888.0,33164.0
8889,8889,1074,2025-08-07,2025-08-22,15,18755.0,7020.0,25775.0
8890,8890,1099,2025-08-09,2025-09-23,45,43749.0,16567.0,60316.0
8891,8891,1060,2025-08-09,2025-09-08,30,41826.0,6950.0,48776.0
8892,8892,1048,2025-08-08,2025-09-22,45,46346.0,17575.0,63921.0
8893,8893,1120,2025-08-07,2025-09-06,30,13114.0,2507.0,15621.0
8894,8894,1059,2025-08-07,2025-08-22,15,23029.0,6548.0,29577.0
8895,8895,1121,2025-08-07,2025-08-22,15,15056.0,3599.0,18655.0
8896,8896,1107,2025-08-07,2025-08-22,15,15458.0,2212.0,17670.0
8897,8897,1062,2025-08-08,2025-08-23,15,30711.0,10226.0,40937.0
8898,8898,1054,2025-08-10,2025-09-09,30,78525.0,13006.0,91531.0
8899,8899,1057,2025-08-09,2025-09-08,30,28680.0,10096.0,38776.0
8900,8900,1089,2025-08-09,2025-09-08,30,50064.0,18116.0,68180.0
8901,8901,1070,2025-08-08,2025-09-07,30,28960.0,7797.0,36757.0
8902,8902,1084,2025-08-09,2025-08-24,15,61608.0,13973.0,75581.0
8903,8903,1079,2025-08-08,2025-09-07,30,33292.0,9279.0,42571.0
8904,8904,1098,2025-08-10,2025-08-25,15,44454.0,8108.0,52562.0
8905,8905,1104,2025-08-10,2025-09-09,30,54789.0,9661.0,64450.0
8906,8906,1022,2025-08-08,2025-08-23,15,15467.0,5662.0,21129.0
8907,8907,1027,2025-08-09,2025-09-08,30,29088.0,6013.0,35101.0
8908,8908,1017,2025-08-10,2025-09-09,30,106158.0,33478.0,139636.0
8909,8909,1027,2025-08-10,2025-09-09,30,56472.0,14173.0,70645.0
8910,8910,1118,2025-08-09,2025-09-08,30,45682.0,14764.0,60446.0
8911,8911,1026,2025-08-09,2025-08-24,15,40940.0,14216.0,55156.0
8912,8912,1068,2025-08-08,2025-09-22,45,24013.0,5614.0,29627.0
8913,8913,1010,2025-08-10,2025-08-25,15,42972.0,9841.0,52813.0
8914,8914,1089,2025-08-12,2025-09-11,30,74125.0,23779.0,97904.0
8915,8915,1102,2025-08-09,2025-09-08,30,29294.0,4734.0,34028.0
8916,8916,1047,2025-08-10,2025-08-25,15,105900.0,35116.0,141016.0
8917,8917,1097,2025-08-08,2025-09-07,30,13482.0,1829.0,15311.0
8918,8918,1039,2025-08-08,2025-08-23,15,14397.0,3989.0,18386.0
8919,8919,1068,2025-08-08,2025-09-07,30,13773.0,2627.0,16400.0
8920,8920,1071,2025-08-09,2025-09-08,30,52196.0,7183.0,59379.0
8921,8921,1050,2025-08-10,2025-09-24,45,89295.0,20304.0,109599.0
8922,8922,1037,2025-08-09,2025-09-08,30,46246.0,5972.0,52218.0
8923,8923,1091,2025-08-08,2025-08-23,15,20432.0,4717.0,25149.0
8924,8924,1043,2025-08-08,2025-08-23,15,13439.0,2204.0,15643.0
8925,8925,1101,2025-08-10,2025-09-09,30,88497.0,12735.0,101232.0
8926,8926,1026,2025-08-08,2025-09-07,30,22162.0,4769.0,26931.0
8927,8927,1064,2025-08-11,2025-09-10,30,61140.0,19218.0,80358.0
8928,8928,1100,2025-08-11,2025-09-10,30,96912.0,36609.0,133521.0
8929,8929,1119,2025-08-10,2025-09-09,30,82713.0,15199.0,97912.0
8930,8930,1006,2025-08-10,2025-08-25,15,71046.0,12616.0,83662.0
8931,8931,1063,2025-08-12,2025-08-27,15,174295.0,24497.0,198792.0
8932,8932,1072,2025-08-10,2025-08-25,15,45063.0,6008.0,51071.0
8933,8933,1104,2025-08-10,2025-09-09,30,42387.0,13347.0,55734.0
8934,8934,1123,2025-08-10,2025-08-25,15,65943.0,17931.0,83874.0
8935,8935,1124,2025-08-08,2025-08-23,15,22254.0,2924.0,25178.0
8936,8936,1017,2025-08-09,2025-09-08,30,28434.0,9613.0,38047.0
8937,8937,1068,2025-08-08,2025-09-07,30,22385.0,4738.0,27123.0
8938,8938,1018,2025-08-10,2025-08-25,15,45720.0,16348.0,62068.0
8939,8939,1012,2025-08-08,2025-09-07,30,22763.0,7385.0,30148.0
8940,8940,1004,2025-08-09,2025-08-24,15,61856.0,10031.0,71887.0
8941,8941,1111,2025-08-08,2025-09-22,45,31830.0,7400.0,39230.0
8942,8942,1074,2025-08-11,2025-09-25,45,61092.0,8010.0,69102.0
8943,8943,1125,2025-08-08,2025-09-07,30,14492.0,1837.0,16329.0
8944,8944,1009,2025-08-08,2025-09-07,30,31821.0,10699.0,42520.0
8945,8945,1025,2025-08-11,2025-09-10,30,52616.0,17460.0,70076.0
8946,8946,1004,2025-08-08,2025-09-22,45,21182.0,4841.0,26023.0
8947,8947,1040,2025-08-11,2025-09-10,30,96831.0,19051.0,115882.0
8948,8948,1050,2025-08-12,2025-09-11,30,52044.0,6747.0,58791.0
8949,8949,1060,2025-08-09,2025-09-08,30,21788.0,7188.0,28976.0
8950,8950,1081,2025-08-12,2025-08-27,15,84692.0,16209.0,100901.0
8951,8951,1056,2025-08-10,2025-09-09,30,39258.0,11145.0,50403.0
8952,8952,1114,2025-08-12,2025-08-27,15,82604.0,13678.0,96282.0
8953,8953,1052,2025-08-09,2025-09-08,30,28948.0,9944.0,38892.0
8954,8954,1009,2025-08-10,2025-09-09,30,44482.0,14827.0,59309.0
8955,8955,1032,2025-08-11,2025-09-10,30,43257.0,7174.0,50431.0
8956,8956,1104,2025-08-12,2025-09-11,30,61064.0,10843.0,71907.0
8957,8957,1051,2025-08-09,2025-09-08,30,21369.0,4976.0,26345.0
8958,8958,1076,2025-08-09,2025-09-08,30,14608.0,3158.0,17766.0
8959,8959,1012,2025-08-11,2025-09-10,30,123618.0,46940.0,170558.0
8960,8960,1088,2025-08-09,2025-09-08,30,21298.0,7101.0,28399.0
8961,8961,1029,2025-08-09,2025-08-24,15,16863.0,5424.0,22287.0
8962,8962,1062,2025-08-10,2025-09-09,30,45098.0,10702.0,55800.0
8963,8963,1090,2025-08-09,2025-09-08,30,14250.0,2070.0,16320.0
8964,8964,1051,2025-08-11,2025-09-10,30,48369.0,17065.0,65434.0
8965,8965,1067,2025-08-10,2025-09-09,30,31410.0,7336.0,38746.0
8966,8966,1001,2025-08-09,2025-08-24,15,15412.0,3180.0,18592.0
8967,8967,1048,2025-08-11,2025-08-26,15,88740.0,19265.0,108005.0
8968,8968,1093,2025-08-10,2025-09-09,30,66126.0,16669.0,82795.0
8969,8969,1013,2025-08-09,2025-09-08,30,21360.0,4507.0,25867.0
8970,8970,1003,2025-08-11,2025-09-25,45,67791.0,15627.0,83418.0
8971,8971,1067,2025-08-09,2025-09-23,45,15404.0,4004.0,19408.0
8972,8972,1003,2025-08-10,2025-08-25,15,42970.0,8996.0,51966.0
8973,8973,1044,2025-08-09,2025-09-23,45,35853.0,11502.0,47355.0
8974,8974,1021,2025-08-13,2025-08-28,15,79580.0,24217.0,103797.0
8975,8975,1052,2025-08-12,2025-09-11,30,58804.0,11398.0,70202.0
8976,8976,1019,2025-08-10,2025-09-09,30,30088.0,11013.0,41101.0
8977,8977,1078,2025-08-12,2025-08-27,15,85436.0,29047.0,114483.0
8978,8978,1096,2025-08-09,2025-09-08,30,22717.0,6038.0,28755.0
8979,8979,1002,2025-08-10,2025-09-09,30,47488.0,8208.0,55696.0
8980,8980,1122,2025-08-09,2025-09-23,45,14868.0,2658.0,17526.0
8981,8981,1087,2025-08-10,2025-09-09,30,44808.0,15039.0,59847.0
8982,8982,1038,2025-08-09,2025-09-23,45,13821.0,3626.0,17447.0
8983,8983,1061,2025-08-09,2025-09-23,45,17147.0,4030.0,21177.0
8984,8984,1121,2025-08-12,2025-09-11,30,57276.0,6908.0,64184.0
8985,8985,1002,2025-08-09,2025-09-08,30,14106.0,3071.0,17177.0
8986,8986,1081,2025-08-13,2025-09-12,30,157120.0,29753.0,186873.0
8987,8987,1026,2025-08-09,2025-09-23,45,20321.0,2871.0,23192.0
8988,8988,1018,2025-08-10,2025-09-09,30,57386.0,14349.0,71735.0
8989,8989,1005,2025-08-11,2025-08-26,15,117108.0,29896.0,147004.0
8990,8990,1121,2025-08-10,2025-09-09,30,65806.0,10942.0,76748.0
8991,8991,1086,2025-08-09,2025-09-08,30,16241.0,6124.0,22365.0
8992,8992,1054,2025-08-09,2025-09-23,45,16098.0,3070.0,19168.0
8993,8993,1023,2025-08-09,2025-08-24,15,14891.0,2359.0,17250.0
8994,8994,1026,2025-08-09,2025-09-08,30,14664.0,3573.0,18237.0
8995,8995,1024,2025-08-09,2025-08-24,15,23105.0,4654.0,27759.0
8996,8996,1119,2025-08-12,2025-08-27,15,90400.0,27421.0,117821.0
8997,8997,1058,2025-08-10,2025-09-09,30,31174.0,7299.0,38473.0
8998,8998,1058,2025-08-11,2025-08-26,15,39064.0,11315.0,50379.0
8999,8999,1079,2025-08-10,2025-08-25,15,14344.0,2267.0,16611.0
9000,9000,1098,2025-08-11,2025-09-10,30,50808.0,7549.0,58357.0
9001,9001,1055,2025-08-11,2025-08-26,15,61144.0,12242.0,73386.0
9002,9002,1101,2025-08-14,2025-08-29,15,120230.0,38812.0,159042.0
9003,9003,1093,2025-08-11,2025-09-25,45,82602.0,20282.0,102884.0
9004,9004,1046,2025-08-13,2025-09-12,30,59032.0,17632.0,76664.0
9005,9005,1034,2025-08-10,2025-09-09,30,16359.0,5951.0,22310.0
9006,9006,1121,2025-08-10,2025-09-09,30,24543.0,6031.0,30574.0
9007,9007,1074,2025-08-12,2025-09-11,30,34074.0,5462.0,39536.0
9008,9008,1114,2025-08-10,2025-09-24,45,23866.0,3659.0,27525.0
9009,9009,1067,2025-08-11,2025-09-10,30,30006.0,5897.0,35903.0
9010,9010,1110,2025-08-10,2025-09-09,30,14842.0,2340.0,17182.0
9011,9011,1032,2025-08-12,2025-09-11,30,48921.0,14828.0,63749.0
9012,9012,1107,2025-08-13,2025-08-28,15,54688.0,18639.0,73327.0
9013,9013,1111,2025-08-11,2025-09-10,30,42286.0,6539.0,48825.0
9014,9014,1110,2025-08-12,2025-09-11,30,114453.0,14491.0,128944.0
9015,9015,1006,2025-08-11,2025-09-25,45,28202.0,9583.0,37785.0
9016,9016,1002,2025-08-10,2025-09-09,30,28174.0,8847.0,37021.0
9017,9017,1030,2025-08-11,2025-08-26,15,44192.0,12803.0,56995.0
9018,9018,1060,2025-08-11,2025-08-26,15,42818.0,6235.0,49053.0
9019,9019,1112,2025-08-11,2025-09-25,45,67012.0,9422.0,76434.0
9020,9020,1063,2025-08-13,2025-09-27,45,60156.0,11722.0,71878.0
9021,9021,1046,2025-08-11,2025-08-26,15,59482.0,7359.0,66841.0
9022,9022,1036,2025-08-10,2025-09-09,30,27761.0,3724.0,31485.0
9023,9023,1015,2025-08-11,2025-09-10,30,34926.0,9094.0,44020.0
9024,9024,1083,2025-08-10,2025-09-09,30,28218.0,4201.0,32419.0
9025,9025,1082,2025-08-10,2025-09-09,30,15176.0,3574.0,18750.0
9026,9026,1118,2025-08-12,2025-09-11,30,41793.0,10711.0,52504.0
9027,9027,1095,2025-08-10,2025-09-09,30,15321.0,3733.0,19054.0
9028,9028,1030,2025-08-10,2025-09-24,45,15312.0,4983.0,20295.0
9029,9029,1082,2025-08-10,2025-09-24,45,22776.0,3678.0,26454.0
9030,9030,1042,2025-08-11,2025-09-10,30,41572.0,13640.0,55212.0
9031,9031,1034,2025-08-14,2025-08-29,15,115815.0,35310.0,151125.0
9032,9032,1084,2025-08-10,2025-09-09,30,15784.0,4418.0,20202.0
9033,9033,1065,2025-08-10,2025-09-09,30,28209.0,7142.0,35351.0
9034,9034,1005,2025-08-12,2025-08-27,15,40803.0,8753.0,49556.0
9035,9035,1075,2025-08-12,2025-08-27,15,79929.0,11535.0,91464.0
9036,9036,1055,2025-08-12,2025-09-11,30,43743.0,16255.0,59998.0
9037,9037,1028,2025-08-11,2025-09-10,30,50080.0,11470.0,61550.0
9038,9038,1034,2025-08-11,2025-08-26,15,32550.0,10872.0,43422.0
9039,9039,1087,2025-08-10,2025-09-09,30,14578.0,4929.0,19507.0
9040,9040,1009,2025-08-10,2025-09-24,45,19945.0,6364.0,26309.0
9041,9041,1119,2025-08-14,2025-09-28,45,71935.0,27041.0,98976.0
9042,9042,1102,2025-08-10,2025-09-09,30,27057.0,9265.0,36322.0
9043,9043,1036,2025-08-12,2025-08-27,15,66231.0,8790.0,75021.0
9044,9044,1058,2025-08-10,2025-08-25,15,43405.0,9788.0,53193.0
9045,9045,1013,2025-08-14,2025-08-29,15,138865.0,39152.0,178017.0
9046,9046,1061,2025-08-11,2025-09-10,30,78348.0,15747.0,94095.0
9047,9047,1083,2025-08-10,2025-09-09,30,23168.0,3408.0,26576.0
9048,9048,1071,2025-08-11,2025-09-25,45,43810.0,11364.0,55174.0
9049,9049,1114,2025-08-11,2025-09-25,45,44874.0,12024.0,56898.0
9050,9050,1114,2025-08-11,2025-09-10,30,23512.0,5189.0,28701.0
9051,9051,1097,2025-08-14,2025-08-29,15,76788.0,19004.0,95792.0
9052,9052,1052,2025-08-11,2025-09-10,30,29528.0,4948.0,34476.0
9053,9053,1027,2025-08-11,2025-08-26,15,38334.0,11937.0,50271.0
9054,9054,1104,2025-08-12,2025-08-27,15,30468.0,5751.0,36219.0
9055,9055,1073,2025-08-11,2025-08-26,15,21953.0,4828.0,26781.0
9056,9056,1058,2025-08-11,2025-08-26,15,14437.0,4618.0,19055.0
9057,9057,1001,2025-08-13,2025-09-12,30,92637.0,25001.0,117638.0
9058,9058,1100,2025-08-11,2025-09-10,30,16722.0,5574.0,22296.0
9059,9059,1011,2025-08-12,2025-09-11,30,59006.0,20100.0,79106.0
9060,9060,1024,2025-08-12,2025-08-27,15,30840.0,9212.0,40052.0
9061,9061,1027,2025-08-11,2025-09-25,45,18972.0,4720.0,23692.0
9062,9062,1017,2025-08-14,2025-09-13,30,128344.0,37336.0,165680.0
9063,9063,1072,2025-08-11,2025-08-26,15,28682.0,4571.0,33253.0
9064,9064,1075,2025-08-11,2025-09-25,45,13419.0,3487.0,16906.0
9065,9065,1026,2025-08-13,2025-09-12,30,46710.0,9169.0,55879.0
9066,9066,1031,2025-08-11,2025-09-25,45,15007.0,3227.0,18234.0
9067,9067,1052,2025-08-11,2025-09-10,30,13428.0,4551.0,17979.0
9068,9068,1002,2025-08-12,2025-09-11,30,30176.0,11399.0,41575.0
9069,9069,1001,2025-08-12,2025-09-26,45,29684.0,8788.0,38472.0
9070,9070,1054,2025-08-11,2025-09-25,45,16267.0,5389.0,21656.0
9071,9071,1082,2025-08-11,2025-09-10,30,20689.0,4416.0,25105.0
9072,9072,1082,2025-08-12,2025-09-26,45,27450.0,9146.0,36596.0
9073,9073,1124,2025-08-14,2025-09-28,45,88876.0,14462.0,103338.0
9074,9074,1123,2025-08-11,2025-09-10,30,24752.0,4692.0,29444.0
9075,9075,1106,2025-08-11,2025-09-10,30,21601.0,4599.0,26200.0
9076,9076,1032,2025-08-12,2025-09-11,30,80878.0,17883.0,98761.0
9077,9077,1066,2025-08-13,2025-09-12,30,92088.0,24912.0,117000.0
9078,9078,1056,2025-08-14,2025-09-13,30,62888.0,23013.0,85901.0
9079,9079,1007,2025-08-13,2025-09-12,30,113502.0,33055.0,146557.0
9080,9080,1009,2025-08-12,2025-08-27,15,71214.0,17008.0,88222.0
9081,9081,1010,2025-08-11,2025-09-25,45,22991.0,6114.0,29105.0
9082,9082,1033,2025-08-12,2025-08-27,15,75446.0,12582.0,88028.0
9083,9083,1072,2025-08-11,2025-09-25,45,15065.0,1964.0,17029.0
9084,9084,1058,2025-08-12,2025-09-11,30,29206.0,4509.0,33715.0
9085,9085,1125,2025-08-11,2025-08-26,15,15453.0,3291.0,18744.0
9086,9086,1029,2025-08-13,2025-09-12,30,58854.0,11574.0,70428.0
9087,9087,1054,2025-08-11,2025-09-25,45,38472.0,5423.0,43895.0
9088,9088,1088,2025-08-11,2025-09-10,30,29595.0,4558.0,34153.0
9089,9089,1007,2025-08-11,2025-09-10,30,12646.0,3894.0,16540.0
9090,9090,1090,2025-08-13,2025-09-12,30,42060.0,10712.0,52772.0
9091,9091,1120,2025-08-12,2025-08-27,15,32076.0,11937.0,44013.0
9092,9092,1107,2025-08-13,2025-09-12,30,63402.0,7943.0,71345.0
9093,9093,1029,2025-08-12,2025-09-11,30,78688.0,27490.0,106178.0
9094,9094,1114,2025-08-12,2025-09-11,30,28244.0,8196.0,36440.0
9095,9095,1030,2025-08-12,2025-09-11,30,42678.0,6000.0,48678.0
9096,9096,1103,2025-08-12,2025-09-11,30,31832.0,10301.0,42133.0
9097,9097,1116,2025-08-13,2025-09-27,45,60774.0,14191.0,74965.0
9098,9098,1049,2025-08-13,2025-09-27,45,51288.0,7965.0,59253.0
9099,9099,1109,2025-08-11,2025-09-10,30,15955.0,5440.0,21395.0
9100,9100,1023,2025-08-13,2025-09-12,30,34028.0,9904.0,43932.0
9101,9101,1070,2025-08-14,2025-09-13,30,63972.0,23733.0,87705.0
9102,9102,1057,2025-08-15,2025-08-30,15,114732.0,20581.0,135313.0
9103,9103,1038,2025-08-12,2025-09-11,30,17233.0,3208.0,20441.0
9104,9104,1039,2025-08-14,2025-08-29,15,48327.0,11270.0,59597.0
9105,9105,1056,2025-08-12,2025-09-11,30,12150.0,3379.0,15529.0
9106,9106,1041,2025-08-14,2025-09-13,30,59787.0,17845.0,77632.0
9107,9107,1110,2025-08-12,2025-09-11,30,29519.0,4460.0,33979.0
9108,9108,1109,2025-08-14,2025-09-13,30,51651.0,18444.0,70095.0
9109,9109,1027,2025-08-13,2025-09-27,45,42358.0,7166.0,49524.0
9110,9110,1102,2025-08-12,2025-09-11,30,24142.0,4706.0,28848.0
9111,9111,1006,2025-08-12,2025-09-11,30,15209.0,4416.0,19625.0
9112,9112,1039,2025-08-15,2025-09-14,30,56656.0,16616.0,73272.0
9113,9113,1010,2025-08-12,2025-08-27,15,22740.0,5473.0,28213.0
9114,9114,1101,2025-08-14,2025-09-13,30,83322.0,31106.0,114428.0
9115,9115,1041,2025-08-12,2025-09-11,30,13107.0,2157.0,15264.0
9116,9116,1007,2025-08-13,2025-08-28,15,31570.0,7325.0,38895.0
9117,9117,1056,2025-08-12,2025-08-27,15,21220.0,7605.0,28825.0
9118,9118,1009,2025-08-14,2025-09-13,30,99630.0,30578.0,130208.0
9119,9119,1049,2025-08-12,2025-09-26,45,21176.0,7380.0,28556.0
9120,9120,1077,2025-08-14,2025-09-13,30,43653.0,13660.0,57313.0
9121,9121,1038,2025-08-13,2025-09-12,30,31922.0,7989.0,39911.0
9122,9122,1125,2025-08-14,2025-08-29,15,47469.0,14779.0,62248.0
9123,9123,1047,2025-08-13,2025-09-27,45,25344.0,4836.0,30180.0
9124,9124,1024,2025-08-14,2025-08-29,15,46797.0,16809.0,63606.0
9125,9125,1068,2025-08-13,2025-09-27,45,33520.0,11805.0,45325.0
9126,9126,1076,2025-08-14,2025-08-29,15,61185.0,14450.0,75635.0
9127,9127,1101,2025-08-14,2025-09-13,30,36108.0,9245.0,45353.0
9128,9128,1067,2025-08-14,2025-08-29,15,77142.0,29106.0,106248.0
9129,9129,1003,2025-08-12,2025-09-11,30,21346.0,4985.0,26331.0
9130,9130,1014,2025-08-16,2025-09-30,45,69705.0,15469.0,85174.0
9131,9131,1073,2025-08-14,2025-09-13,30,44091.0,12940.0,57031.0
9132,9132,1096,2025-08-15,2025-09-14,30,122512.0,15762.0,138274.0
9133,9133,1083,2025-08-12,2025-08-27,15,28660.0,10392.0,39052.0
9134,9134,1102,2025-08-12,2025-09-11,30,22533.0,3046.0,25579.0
9135,9135,1043,2025-08-16,2025-09-15,30,75765.0,27172.0,102937.0
9136,9136,1044,2025-08-13,2025-09-27,45,81614.0,14172.0,95786.0
9137,9137,1072,2025-08-14,2025-09-13,30,42594.0,14191.0,56785.0
9138,9138,1045,2025-08-15,2025-09-14,30,75964.0,15574.0,91538.0
9139,9139,1090,2025-08-13,2025-09-27,45,25328.0,3449.0,28777.0
9140,9140,1031,2025-08-14,2025-08-29,15,45231.0,13935.0,59166.0
9141,9141,1063,2025-08-13,2025-09-12,30,27808.0,8942.0,36750.0
9142,9142,1093,2025-08-14,2025-09-13,30,59508.0,15075.0,74583.0
9143,9143,1062,2025-08-12,2025-09-11,30,26622.0,4732.0,31354.0
9144,9144,1075,2025-08-12,2025-09-11,30,14046.0,1789.0,15835.0
9145,9145,1078,2025-08-14,2025-09-13,30,100518.0,17346.0,117864.0
9146,9146,1114,2025-08-12,2025-09-26,45,15812.0,1995.0,17807.0
9147,9147,1119,2025-08-15,2025-09-14,30,95632.0,16614.0,112246.0
9148,9148,1123,2025-08-12,2025-08-27,15,19475.0,2389.0,21864.0
9149,9149,1035,2025-08-14,2025-09-28,45,46071.0,12165.0,58236.0
9150,9150,1078,2025-08-13,2025-09-12,30,39576.0,8228.0,47804.0
9151,9151,1011,2025-08-14,2025-08-29,15,53958.0,15460.0,69418.0
9152,9152,1031,2025-08-13,2025-09-12,30,31111.0,10765.0,41876.0
9153,9153,1088,2025-08-13,2025-09-12,30,13685.0,4350.0,18035.0
9154,9154,1024,2025-08-13,2025-09-12,30,13710.0,2412.0,16122.0
9155,9155,1062,2025-08-14,2025-09-13,30,29156.0,8362.0,37518.0
9156,9156,1033,2025-08-13,2025-09-12,30,24354.0,9237.0,33591.0
9157,9157,1041,2025-08-14,2025-09-13,30,29564.0,6073.0,35637.0
9158,9158,1016,2025-08-16,2025-09-15,30,121944.0,30985.0,152929.0
9159,9159,1072,2025-08-14,2025-09-13,30,56662.0,21310.0,77972.0
9160,9160,1067,2025-08-13,2025-09-12,30,30156.0,5093.0,35249.0
9161,9161,1083,2025-08-14,2025-09-13,30,64414.0,14383.0,78797.0
9162,9162,1115,2025-08-14,2025-09-13,30,27974.0,6910.0,34884.0
9163,9163,1028,2025-08-14,2025-08-29,15,38610.0,12129.0,50739.0
9164,9164,1042,2025-08-14,2025-08-29,15,71462.0,10141.0,81603.0
9165,9165,1062,2025-08-16,2025-08-31,15,77256.0,14636.0,91892.0
9166,9166,1051,2025-08-13,2025-09-27,45,18561.0,6429.0,24990.0
9167,9167,1052,2025-08-13,2025-08-28,15,37995.0,5087.0,43082.0
9168,9168,1098,2025-08-14,2025-09-13,30,28828.0,9201.0,38029.0
9169,9169,1072,2025-08-14,2025-09-13,30,59776.0,11030.0,70806.0
9170,9170,1002,2025-08-15,2025-09-14,30,47088.0,9967.0,57055.0
9171,9171,1079,2025-08-13,2025-08-28,15,32175.0,4029.0,36204.0
9172,9172,1052,2025-08-13,2025-08-28,15,23512.0,3678.0,27190.0
9173,9173,1041,2025-08-15,2025-09-14,30,43668.0,5383.0,49051.0
9174,9174,1103,2025-08-13,2025-09-12,30,14875.0,3182.0,18057.0
9175,9175,1014,2025-08-13,2025-09-12,30,14563.0,3699.0,18262.0
9176,9176,1070,2025-08-14,2025-09-13,30,44580.0,8145.0,52725.0
9177,9177,1115,2025-08-15,2025-09-14,30,69510.0,13876.0,83386.0
9178,9178,1118,2025-08-14,2025-09-13,30,27222.0,8394.0,35616.0
9179,9179,1050,2025-08-15,2025-09-29,45,47211.0,10141.0,57352.0
9180,9180,1068,2025-08-13,2025-08-28,15,14955.0,5212.0,20167.0
9181,9181,1113,2025-08-14,2025-09-13,30,32592.0,11623.0,44215.0
9182,9182,1018,2025-08-13,2025-09-12,30,14140.0,5205.0,19345.0
9183,9183,1082,2025-08-13,2025-09-12,30,44433.0,7544.0,51977.0
9184,9184,1103,2025-08-14,2025-09-28,45,28112.0,5233.0,33345.0
9185,9185,1023,2025-08-14,2025-09-28,45,31650.0,4829.0,36479.0
9186,9186,1108,2025-08-15,2025-08-30,15,58590.0,10436.0,69026.0
9187,9187,1056,2025-08-16,2025-09-15,30,88336.0,28662.0,116998.0
9188,9188,1003,2025-08-14,2025-09-13,30,68230.0,23455.0,91685.0
9189,9189,1011,2025-08-13,2025-09-12,30,11961.0,2027.0,13988.0
9190,9190,1023,2025-08-15,2025-09-29,45,47502.0,16988.0,64490.0
9191,9191,1054,2025-08-15,2025-09-14,30,89415.0,20358.0,109773.0
9192,9192,1040,2025-08-13,2025-09-12,30,14461.0,1762.0,16223.0
9193,9193,1024,2025-08-15,2025-09-14,30,41883.0,12861.0,54744.0
9194,9194,1033,2025-08-14,2025-09-13,30,43414.0,16255.0,59669.0
9195,9195,1096,2025-08-14,2025-09-13,30,45446.0,12820.0,58266.0
9196,9196,1029,2025-08-15,2025-09-14,30,42810.0,12130.0,54940.0
9197,9197,1056,2025-08-15,2025-08-30,15,38894.0,10150.0,49044.0
9198,9198,1066,2025-08-16,2025-09-15,30,39240.0,11653.0,50893.0
9199,9199,1078,2025-08-16,2025-08-31,15,59040.0,11319.0,70359.0
9200,9200,1113,2025-08-14,2025-09-13,30,14437.0,3420.0,17857.0
9201,9201,1081,2025-08-14,2025-08-29,15,39604.0,7983.0,47587.0
9202,9202,1055,2025-08-16,2025-09-15,30,72471.0,24576.0,97047.0
9203,9203,1066,2025-08-15,2025-08-30,15,74780.0,21443.0,96223.0
9204,9204,1092,2025-08-16,2025-09-15,30,47463.0,10500.0,57963.0
9205,9205,1095,2025-08-14,2025-09-13,30,14845.0,2148.0,16993.0
9206,9206,1112,2025-08-16,2025-09-15,30,64476.0,8925.0,73401.0
9207,9207,1069,2025-08-14,2025-09-13,30,22335.0,7657.0,29992.0
9208,9208,1041,2025-08-14,2025-09-13,30,29883.0,10047.0,39930.0
9209,9209,1017,2025-08-15,2025-09-29,45,38050.0,10102.0,48152.0
9210,9210,1080,2025-08-15,2025-08-30,15,29000.0,7915.0,36915.0
9211,9211,1059,2025-08-16,2025-09-15,30,86403.0,18880.0,105283.0
9212,9212,1041,2025-08-15,2025-09-14,30,30136.0,8708.0,38844.0
9213,9213,1098,2025-08-15,2025-08-30,15,40770.0,10117.0,50887.0
9214,9214,1089,2025-08-14,2025-09-13,30,21715.0,7157.0,28872.0
9215,9215,1022,2025-08-16,2025-08-31,15,40071.0,5541.0,45612.0
9216,9216,1007,2025-08-16,2025-09-30,45,94548.0,20162.0,114710.0
9217,9217,1113,2025-08-15,2025-09-14,30,54370.0,16053.0,70423.0
9218,9218,1035,2025-08-16,2025-09-15,30,92181.0,33772.0,125953.0
9219,9219,1024,2025-08-16,2025-08-31,15,61680.0,17607.0,79287.0
9220,9220,1047,2025-08-14,2025-09-13,30,23130.0,6616.0,29746.0
9221,9221,1119,2025-08-15,2025-08-30,15,43686.0,12554.0,56240.0
9222,9222,1048,2025-08-15,2025-09-14,30,38478.0,10692.0,49170.0
9223,9223,1070,2025-08-14,2025-09-13,30,14799.0,4130.0,18929.0
9224,9224,1099,2025-08-16,2025-09-30,45,58959.0,8342.0,67301.0
9225,9225,1045,2025-08-14,2025-08-29,15,13949.0,4685.0,18634.0
9226,9226,1068,2025-08-15,2025-09-14,30,29922.0,7557.0,37479.0
9227,9227,1110,2025-08-16,2025-09-15,30,80154.0,21052.0,101206.0
9228,9228,1066,2025-08-16,2025-09-15,30,47604.0,16244.0,63848.0
9229,9229,1088,2025-08-15,2025-09-14,30,34036.0,10484.0,44520.0
9230,9230,1076,2025-08-15,2025-09-14,30,62012.0,11172.0,73184.0
9231,9231,1097,2025-08-16,2025-08-31,15,79827.0,14907.0,94734.0
9232,9232,1112,2025-08-16,2025-09-15,30,106212.0,14263.0,120475.0
9233,9233,1049,2025-08-16,2025-09-15,30,45450.0,15432.0,60882.0
9234,9234,1069,2025-08-14,2025-09-13,30,22038.0,6454.0,28492.0
9235,9235,1058,2025-08-15,2025-09-14,30,77904.0,28928.0,106832.0
9236,9236,1005,2025-08-14,2025-09-28,45,40874.0,6716.0,47590.0
9237,9237,1017,2025-08-17,2025-09-01,15,78984.0,14782.0,93766.0
9238,9238,1037,2025-08-15,2025-08-30,15,33906.0,9265.0,43171.0
9239,9239,1034,2025-08-14,2025-09-13,30,13538.0,3870.0,17408.0
9240,9240,1020,2025-08-14,2025-09-28,45,30229.0,5021.0,35250.0
9241,9241,1100,2025-08-16,2025-08-31,15,46560.0,12701.0,59261.0
9242,9242,1117,2025-08-16,2025-09-30,45,47847.0,8535.0,56382.0
9243,9243,1016,2025-08-15,2025-09-14,30,45562.0,16744.0,62306.0
9244,9244,1079,2025-08-14,2025-09-13,30,12766.0,4015.0,16781.0
9245,9245,1080,2025-08-15,2025-08-30,15,47750.0,13683.0,61433.0
9246,9246,1100,2025-08-14,2025-09-13,30,30126.0,6507.0,36633.0
9247,9247,1062,2025-08-15,2025-09-29,45,64748.0,24158.0,88906.0
9248,9248,1044,2025-08-15,2025-09-14,30,21770.0,3013.0,24783.0
9249,9249,1123,2025-08-15,2025-09-29,45,15736.0,2389.0,18125.0
9250,9250,1002,2025-08-18,2025-09-02,15,87216.0,30324.0,117540.0
9251,9251,1023,2025-08-15,2025-09-14,30,20211.0,6355.0,26566.0
9252,9252,1006,2025-08-15,2025-08-30,15,13760.0,4446.0,18206.0
9253,9253,1049,2025-08-19,2025-09-18,30,76310.0,14166.0,90476.0
9254,9254,1071,2025-08-15,2025-09-14,30,20010.0,5184.0,25194.0
9255,9255,1051,2025-08-17,2025-09-16,30,46179.0,14769.0,60948.0
9256,9256,1039,2025-08-15,2025-09-14,30,20612.0,3600.0,24212.0
9257,9257,1007,2025-08-17,2025-10-01,45,43569.0,10855.0,54424.0
9258,9258,1083,2025-08-15,2025-09-29,45,37936.0,8052.0,45988.0
9259,9259,1033,2025-08-18,2025-09-17,30,61544.0,22747.0,84291.0
9260,9260,1021,2025-08-15,2025-09-14,30,14381.0,2969.0,17350.0
9261,9261,1107,2025-08-15,2025-09-14,30,32381.0,10268.0,42649.0
9262,9262,1013,2025-08-15,2025-09-14,30,22172.0,6517.0,28689.0
9263,9263,1087,2025-08-17,2025-09-16,30,43869.0,9545.0,53414.0
9264,9264,1059,2025-08-15,2025-09-14,30,16528.0,3343.0,19871.0
9265,9265,1052,2025-08-16,2025-08-31,15,44068.0,9774.0,53842.0
9266,9266,1076,2025-08-18,2025-09-17,30,97476.0,15868.0,113344.0
9267,9267,1107,2025-08-18,2025-09-17,30,103680.0,14897.0,118577.0
9268,9268,1092,2025-08-17,2025-09-01,15,80943.0,28138.0,109081.0
9269,9269,1037,2025-08-17,2025-09-16,30,67491.0,9823.0,77314.0
9270,9270,1028,2025-08-18,2025-09-17,30,79316.0,29724.0,109040.0
9271,9271,1113,2025-08-16,2025-08-31,15,77714.0,14863.0,92577.0
9272,9272,1023,2025-08-15,2025-09-14,30,14190.0,4877.0,19067.0
9273,9273,1099,2025-08-16,2025-09-15,30,32048.0,6645.0,38693.0
9274,9274,1026,2025-08-15,2025-09-14,30,15024.0,5692.0,20716.0
9275,9275,1122,2025-08-17,2025-10-01,45,109791.0,36900.0,146691.0
9276,9276,1014,2025-08-16,2025-08-31,15,33324.0,8551.0,41875.0
9277,9277,1108,2025-08-17,2025-09-16,30,43773.0,7074.0,50847.0
9278,9278,1103,2025-08-16,2025-09-15,30,74110.0,13398.0,87508.0
9279,9279,1070,2025-08-19,2025-09-18,30,139070.0,24206.0,163276.0
9280,9280,1118,2025-08-15,2025-08-30,15,18422.0,4166.0,22588.0
9281,9281,1069,2025-08-18,2025-10-02,45,54996.0,17192.0,72188.0
9282,9282,1089,2025-08-16,2025-08-31,15,54258.0,6637.0,60895.0
9283,9283,1113,2025-08-15,2025-09-14,30,15854.0,4429.0,20283.0
9284,9284,1107,2025-08-16,2025-08-31,15,29962.0,5881.0,35843.0
9285,9285,1090,2025-08-18,2025-09-17,30,161828.0,44840.0,206668.0
9286,9286,1116,2025-08-15,2025-08-30,15,15608.0,4019.0,19627.0
9287,9287,1055,2025-08-19,2025-10-03,45,68350.0,17873.0,86223.0
9288,9288,1043,2025-08-18,2025-10-02,45,121616.0,17718.0,139334.0
9289,9289,1002,2025-08-16,2025-09-15,30,29032.0,7068.0,36100.0
9290,9290,1053,2025-08-15,2025-09-14,30,14369.0,4461.0,18830.0
9291,9291,1038,2025-08-16,2025-08-31,15,42980.0,13732.0,56712.0
9292,9292,1108,2025-08-15,2025-08-30,15,13835.0,2528.0,16363.0
9293,9293,1024,2025-08-16,2025-09-30,45,28402.0,10335.0,38737.0
9294,9294,1049,2025-08-15,2025-09-14,30,14106.0,4658.0,18764.0
9295,9295,1097,2025-08-17,2025-09-16,30,58860.0,13229.0,72089.0
9296,9296,1050,2025-08-17,2025-09-01,15,44772.0,12591.0,57363.0
9297,9297,1032,2025-08-16,2025-09-15,30,45920.0,15457.0,61377.0
9298,9298,1034,2025-08-17,2025-09-16,30,71328.0,18183.0,89511.0
9299,9299,1087,2025-08-15,2025-09-14,30,20549.0,5886.0,26435.0
9300,9300,1080,2025-08-17,2025-09-01,15,27194.0,5211.0,32405.0
9301,9301,1095,2025-08-17,2025-09-16,30,38554.0,9333.0,47887.0
9302,9302,1044,2025-08-16,2025-09-15,30,13473.0,1835.0,15308.0
9303,9303,1047,2025-08-17,2025-09-01,15,43512.0,7099.0,50611.0
9304,9304,1110,2025-08-17,2025-09-16,30,40260.0,7086.0,47346.0
9305,9305,1038,2025-08-18,2025-09-17,30,49038.0,7428.0,56466.0
9306,9306,1125,2025-08-16,2025-08-31,15,14214.0,3929.0,18143.0
9307,9307,1071,2025-08-18,2025-09-17,30,80526.0,29131.0,109657.0
9308,9308,1007,2025-08-17,2025-10-01,45,42012.0,10668.0,52680.0
9309,9309,1125,2025-08-18,2025-09-17,30,59793.0,21242.0,81035.0
9310,9310,1034,2025-08-17,2025-09-16,30,64390.0,21072.0,85462.0
9311,9311,1053,2025-08-16,2025-09-15,30,31151.0,10189.0,41340.0
9312,9312,1057,2025-08-17,2025-09-16,30,32588.0,10929.0,43517.0
9313,9313,1032,2025-08-19,2025-09-03,15,86200.0,19902.0,106102.0
9314,9314,1060,2025-08-16,2025-08-31,15,14727.0,2839.0,17566.0
9315,9315,1096,2025-08-16,2025-09-30,45,16699.0,2190.0,18889.0
9316,9316,1082,2025-08-16,2025-09-15,30,14222.0,2178.0,16400.0
9317,9317,1039,2025-08-17,2025-09-16,30,29702.0,4682.0,34384.0
9318,9318,1043,2025-08-16,2025-08-31,15,20124.0,5515.0,25639.0
9319,9319,1076,2025-08-18,2025-09-02,15,40944.0,6998.0,47942.0
9320,9320,1057,2025-08-16,2025-09-15,30,15135.0,4660.0,19795.0
9321,9321,1119,2025-08-16,2025-09-15,30,13729.0,2014.0,15743.0
9322,9322,1117,2025-08-17,2025-09-16,30,30230.0,7193.0,37423.0
9323,9323,1001,2025-08-20,2025-10-04,45,62930.0,16954.0,79884.0
9324,9324,1118,2025-08-16,2025-09-15,30,15458.0,2140.0,17598.0
9325,9325,1109,2025-08-17,2025-10-01,45,56714.0,21325.0,78039.0
9326,9326,1121,2025-08-16,2025-09-30,45,19086.0,2860.0,21946.0
9327,9327,1062,2025-08-17,2025-09-16,30,46800.0,12002.0,58802.0
9328,9328,1071,2025-08-17,2025-09-01,15,29196.0,10647.0,39843.0
9329,9329,1092,2025-08-16,2025-09-30,45,14239.0,1962.0,16201.0
9330,9330,1034,2025-08-16,2025-08-31,15,19409.0,3679.0,23088.0
9331,9331,1063,2025-08-18,2025-09-17,30,73335.0,11053.0,84388.0
9332,9332,1086,2025-08-16,2025-09-15,30,14597.0,4772.0,19369.0
9333,9333,1064,2025-08-16,2025-08-31,15,15661.0,2369.0,18030.0
9334,9334,1118,2025-08-16,2025-09-15,30,21358.0,6090.0,27448.0
9335,9335,1103,2025-08-17,2025-09-16,30,32807.0,5065.0,37872.0
9336,9336,1002,2025-08-18,2025-09-17,30,47822.0,8370.0,56192.0
9337,9337,1090,2025-08-20,2025-09-04,15,83496.0,14644.0,98140.0
9338,9338,1034,2025-08-17,2025-09-16,30,41056.0,12003.0,53059.0
9339,9339,1038,2025-08-18,2025-09-17,30,32378.0,12137.0,44515.0
9340,9340,1083,2025-08-18,2025-09-02,15,46390.0,8190.0,54580.0
9341,9341,1084,2025-08-20,2025-09-04,15,90280.0,25878.0,116158.0
9342,9342,1037,2025-08-19,2025-10-03,45,40818.0,14553.0,55371.0
9343,9343,1010,2025-08-20,2025-09-19,30,92624.0,34264.0,126888.0
9344,9344,1014,2025-08-18,2025-09-17,30,31234.0,8578.0,39812.0
9345,9345,1078,2025-08-18,2025-09-17,30,54716.0,6667.0,61383.0
9346,9346,1037,2025-08-18,2025-10-02,45,33490.0,8136.0,41626.0
9347,9347,1085,2025-08-18,2025-10-02,45,32592.0,11663.0,44255.0
9348,9348,1097,2025-08-19,2025-09-18,30,44934.0,11285.0,56219.0
9349,9349,1034,2025-08-19,2025-09-18,30,57984.0,19678.0,77662.0
9350,9350,1042,2025-08-18,2025-09-17,30,66556.0,16607.0,83163.0
9351,9351,1033,2025-08-17,2025-09-16,30,19828.0,5149.0,24977.0
9352,9352,1072,2025-08-19,2025-09-03,15,42966.0,5740.0,48706.0
9353,9353,1050,2025-08-17,2025-09-01,15,15585.0,2272.0,17857.0
9354,9354,1002,2025-08-17,2025-09-01,15,16159.0,4947.0,21106.0
9355,9355,1068,2025-08-18,2025-09-02,15,42350.0,12370.0,54720.0
9356,9356,1032,2025-08-18,2025-09-02,15,41672.0,9319.0,50991.0
9357,9357,1051,2025-08-17,2025-09-16,30,13399.0,1943.0,15342.0
9358,9358,1101,2025-08-19,2025-09-18,30,86976.0,15418.0,102394.0
9359,9359,1002,2025-08-19,2025-09-18,30,80532.0,18084.0,98616.0
9360,9360,1009,2025-08-17,2025-09-16,30,12509.0,3375.0,15884.0
9361,9361,1091,2025-08-18,2025-09-17,30,62390.0,17864.0,80254.0
9362,9362,1022,2025-08-18,2025-10-02,45,42332.0,15304.0,57636.0
9363,9363,1075,2025-08-17,2025-10-01,45,15291.0,3313.0,18604.0
9364,9364,1100,2025-08-17,2025-09-16,30,29577.0,5919.0,35496.0
9365,9365,1106,2025-08-17,2025-09-01,15,20838.0,4343.0,25181.0
9366,9366,1020,2025-08-17,2025-09-16,30,20887.0,3260.0,24147.0
9367,9367,1075,2025-08-18,2025-09-17,30,43502.0,10848.0,54350.0
9368,9368,1075,2025-08-20,2025-09-19,30,55924.0,15726.0,71650.0
9369,9369,1042,2025-08-18,2025-09-17,30,72660.0,23830.0,96490.0
9370,9370,1099,2025-08-17,2025-09-16,30,14107.0,2764.0,16871.0
9371,9371,1045,2025-08-17,2025-10-01,45,35392.0,11432.0,46824.0
9372,9372,1084,2025-08-21,2025-09-20,30,79735.0,22842.0,102577.0
9373,9373,1114,2025-08-18,2025-09-17,30,26460.0,9528.0,35988.0
9374,9374,1042,2025-08-19,2025-09-18,30,44070.0,5563.0,49633.0
9375,9375,1076,2025-08-18,2025-09-17,30,66112.0,21260.0,87372.0
9376,9376,1086,2025-08-17,2025-09-01,15,15046.0,5558.0,20604.0
9377,9377,1039,2025-08-21,2025-09-20,30,120710.0,38600.0,159310.0
9378,9378,1085,2025-08-18,2025-09-02,15,25382.0,9424.0,34806.0
9379,9379,1088,2025-08-17,2025-09-01,15,15122.0,2795.0,17917.0
9380,9380,1034,2025-08-17,2025-09-16,30,19580.0,5587.0,25167.0
9381,9381,1061,2025-08-17,2025-09-01,15,35426.0,12454.0,47880.0
9382,9382,1067,2025-08-18,2025-09-02,15,40632.0,9057.0,49689.0
9383,9383,1074,2025-08-19,2025-09-03,15,44229.0,9764.0,53993.0
9384,9384,1100,2025-08-18,2025-09-17,30,68514.0,14245.0,82759.0
9385,9385,1064,2025-08-18,2025-09-17,30,48396.0,11107.0,59503.0
9386,9386,1072,2025-08-21,2025-10-05,45,87610.0,17079.0,104689.0
9387,9387,1064,2025-08-17,2025-09-16,30,23826.0,4236.0,28062.0
9388,9388,1086,2025-08-17,2025-09-01,15,15050.0,2229.0,17279.0
9389,9389,1043,2025-08-20,2025-09-19,30,64599.0,12078.0,76677.0
9390,9390,1065,2025-08-20,2025-10-04,45,40998.0,11608.0,52606.0
9391,9391,1105,2025-08-20,2025-09-19,30,48165.0,17911.0,66076.0
9392,9392,1017,2025-08-18,2025-09-17,30,20842.0,5870.0,26712.0
9393,9393,1091,2025-08-19,2025-09-03,15,68294.0,14794.0,83088.0
9394,9394,1005,2025-08-19,2025-09-18,30,29096.0,9049.0,38145.0
9395,9395,1074,2025-08-22,2025-09-06,15,80910.0,18963.0,99873.0
9396,9396,1035,2025-08-19,2025-09-18,30,45646.0,13004.0,58650.0
9397,9397,1104,2025-08-18,2025-10-02,45,36329.0,8991.0,45320.0
9398,9398,1063,2025-08-20,2025-09-19,30,93699.0,13228.0,106927.0
9399,9399,1123,2025-08-19,2025-09-03,15,27202.0,6446.0,33648.0
9400,9400,1078,2025-08-20,2025-10-04,45,39627.0,5274.0,44901.0
9401,9401,1087,2025-08-19,2025-09-18,30,31012.0,9712.0,40724.0
9402,9402,1040,2025-08-20,2025-09-19,30,44556.0,15431.0,59987.0
9403,9403,1105,2025-08-20,2025-10-04,45,72219.0,25191.0,97410.0
9404,9404,1041,2025-08-20,2025-10-04,45,45882.0,11557.0,57439.0
9405,9405,1059,2025-08-19,2025-10-03,45,78878.0,17471.0,96349.0
9406,9406,1097,2025-08-22,2025-09-21,30,84495.0,10857.0,95352.0
9407,9407,1045,2025-08-19,2025-09-18,30,29510.0,9926.0,39436.0
9408,9408,1072,2025-08-19,2025-09-18,30,63046.0,10967.0,74013.0
9409,9409,1004,2025-08-19,2025-10-03,45,31870.0,9868.0,41738.0
9410,9410,1068,2025-08-19,2025-09-18,30,47258.0,15055.0,62313.0
9411,9411,1066,2025-08-19,2025-09-18,30,29450.0,10676.0,40126.0
9412,9412,1052,2025-08-18,2025-09-17,30,15348.0,5548.0,20896.0
9413,9413,1037,2025-08-18,2025-09-02,15,23039.0,7673.0,30712.0
9414,9414,1066,2025-08-19,2025-09-18,30,29376.0,10134.0,39510.0
9415,9415,1016,2025-08-19,2025-09-18,30,33020.0,4353.0,37373.0
9416,9416,1098,2025-08-18,2025-09-02,15,20744.0,6048.0,26792.0
9417,9417,1043,2025-08-18,2025-09-02,15,13836.0,4314.0,18150.0
9418,9418,1026,2025-08-21,2025-09-20,30,77980.0,28963.0,106943.0
9419,9419,1084,2025-08-19,2025-09-18,30,40508.0,5091.0,45599.0
9420,9420,1014,2025-08-18,2025-10-02,45,22519.0,3107.0,25626.0
9421,9421,1020,2025-08-18,2025-10-02,45,23496.0,7800.0,31296.0
9422,9422,1093,2025-08-19,2025-09-18,30,32564.0,4036.0,36600.0
9423,9423,1092,2025-08-19,2025-09-18,30,25606.0,4145.0,29751.0
9424,9424,1049,2025-08-19,2025-10-03,45,41440.0,12486.0,53926.0
9425,9425,1001,2025-08-18,2025-09-02,15,16958.0,2977.0,19935.0
9426,9426,1029,2025-08-19,2025-10-03,45,45132.0,9392.0,54524.0
9427,9427,1033,2025-08-19,2025-09-18,30,47422.0,13245.0,60667.0
9428,9428,1122,2025-08-18,2025-09-17,30,30078.0,3705.0,33783.0
9429,9429,1054,2025-08-19,2025-09-03,15,39806.0,11430.0,51236.0
9430,9430,1104,2025-08-19,2025-09-18,30,32806.0,5933.0,38739.0
9431,9431,1068,2025-08-18,2025-09-17,30,14028.0,3756.0,17784.0
9432,9432,1041,2025-08-19,2025-09-18,30,44076.0,10585.0,54661.0
9433,9433,1108,2025-08-18,2025-09-02,15,13659.0,4650.0,18309.0
9434,9434,1009,2025-08-18,2025-10-02,45,22320.0,6792.0,29112.0
9435,9435,1090,2025-08-19,2025-09-18,30,28496.0,9218.0,37714.0
9436,9436,1097,2025-08-18,2025-10-02,45,34043.0,8623.0,42666.0
9437,9437,1069,2025-08-21,2025-09-20,30,106504.0,23065.0,129569.0
9438,9438,1108,2025-08-21,2025-09-20,30,82552.0,22294.0,104846.0
9439,9439,1030,2025-08-18,2025-09-17,30,16233.0,2639.0,18872.0
9440,9440,1089,2025-08-19,2025-09-03,15,30738.0,9865.0,40603.0
9441,9441,1014,2025-08-18,2025-09-02,15,24517.0,7733.0,32250.0
9442,9442,1023,2025-08-18,2025-10-02,45,14735.0,3857.0,18592.0
9443,9443,1008,2025-08-20,2025-09-04,15,49251.0,8737.0,57988.0
9444,9444,1014,2025-08-18,2025-09-17,30,30195.0,11108.0,41303.0
9445,9445,1060,2025-08-22,2025-09-06,15,105030.0,25311.0,130341.0
9446,9446,1066,2025-08-21,2025-09-05,15,46962.0,12561.0,59523.0
9447,9447,1060,2025-08-19,2025-10-03,45,39731.0,13626.0,53357.0
9448,9448,1068,2025-08-22,2025-09-21,30,60488.0,12965.0,73453.0
9449,9449,1050,2025-08-19,2025-09-18,30,22259.0,6039.0,28298.0
9450,9450,1036,2025-08-19,2025-09-18,30,12567.0,4570.0,17137.0
9451,9451,1125,2025-08-19,2025-09-18,30,24403.0,6843.0,31246.0
9452,9452,1036,2025-08-19,2025-09-18,30,28875.0,6008.0,34883.0
9453,9453,1064,2025-08-20,2025-09-04,15,30882.0,10988.0,41870.0
9454,9454,1047,2025-08-19,2025-09-18,30,13198.0,3881.0,17079.0
9455,9455,1122,2025-08-22,2025-09-21,30,79284.0,18041.0,97325.0
9456,9456,1084,2025-08-22,2025-10-06,45,53500.0,9833.0,63333.0
9457,9457,1102,2025-08-20,2025-09-19,30,33402.0,10155.0,43557.0
9458,9458,1007,2025-08-20,2025-09-19,30,44712.0,5786.0,50498.0
9459,9459,1084,2025-08-21,2025-09-20,30,69465.0,17120.0,86585.0
9460,9460,1115,2025-08-22,2025-09-21,30,59176.0,15200.0,74376.0
9461,9461,1098,2025-08-21,2025-10-05,45,45564.0,13370.0,58934.0
9462,9462,1029,2025-08-19,2025-09-03,15,14044.0,2799.0,16843.0
9463,9463,1061,2025-08-19,2025-10-03,45,19291.0,5813.0,25104.0
9464,9464,1007,2025-08-20,2025-09-19,30,29078.0,3832.0,32910.0
9465,9465,1086,2025-08-19,2025-09-18,30,18154.0,5217.0,23371.0
9466,9466,1052,2025-08-19,2025-09-03,15,13870.0,2898.0,16768.0
9467,9467,1034,2025-08-20,2025-09-19,30,28344.0,3942.0,32286.0
9468,9468,1039,2025-08-20,2025-09-19,30,58956.0,7842.0,66798.0
9469,9469,1047,2025-08-20,2025-09-19,30,46260.0,17471.0,63731.0
9470,9470,1108,2025-08-23,2025-10-07,45,110160.0,14679.0,124839.0
9471,9471,1052,2025-08-20,2025-09-19,30,35890.0,13185.0,49075.0
9472,9472,1002,2025-08-19,2025-09-03,15,20846.0,2507.0,23353.0
9473,9473,1041,2025-08-20,2025-10-04,45,32282.0,8416.0,40698.0
9474,9474,1045,2025-08-20,2025-09-04,15,30130.0,10424.0,40554.0
9475,9475,1083,2025-08-20,2025-09-19,30,68908.0,9137.0,78045.0
9476,9476,1076,2025-08-20,2025-10-04,45,26762.0,5325.0,32087.0
9477,9477,1038,2025-08-21,2025-10-05,45,67134.0,25398.0,92532.0
9478,9478,1052,2025-08-19,2025-09-18,30,15442.0,2472.0,17914.0
9479,9479,1073,2025-08-19,2025-09-18,30,16075.0,2611.0,18686.0
9480,9480,1032,2025-08-21,2025-09-05,15,45423.0,14440.0,59863.0
9481,9481,1012,2025-08-19,2025-09-18,30,15007.0,5127.0,20134.0
9482,9482,1007,2025-08-23,2025-09-22,30,162075.0,40199.0,202274.0
9483,9483,1021,2025-08-19,2025-10-03,45,30586.0,10914.0,41500.0
9484,9484,1098,2025-08-21,2025-09-20,30,66954.0,14475.0,81429.0
9485,9485,1039,2025-08-19,2025-09-18,30,13052.0,2761.0,15813.0
9486,9486,1022,2025-08-19,2025-09-03,15,12784.0,4472.0,17256.0
9487,9487,1002,2025-08-19,2025-09-18,30,16103.0,4008.0,20111.0
9488,9488,1121,2025-08-19,2025-10-03,45,16210.0,2075.0,18285.0
9489,9489,1008,2025-08-20,2025-09-19,30,42966.0,11523.0,54489.0
9490,9490,1092,2025-08-21,2025-09-05,15,68586.0,14111.0,82697.0
9491,9491,1015,2025-08-19,2025-09-18,30,24629.0,6893.0,31522.0
9492,9492,1076,2025-08-20,2025-09-19,30,37540.0,10146.0,47686.0
9493,9493,1049,2025-08-21,2025-09-20,30,41097.0,10672.0,51769.0
9494,9494,1124,2025-08-22,2025-09-06,15,62408.0,15002.0,77410.0
9495,9495,1049,2025-08-20,2025-09-19,30,55446.0,10122.0,65568.0
9496,9496,1077,2025-08-20,2025-09-19,30,16179.0,2062.0,18241.0
9497,9497,1049,2025-08-20,2025-10-04,45,14852.0,4400.0,19252.0
9498,9498,1055,2025-08-21,2025-09-05,15,34224.0,6490.0,40714.0
9499,9499,1063,2025-08-22,2025-10-06,45,51084.0,11353.0,62437.0
9500,9500,1042,2025-08-23,2025-09-22,30,87896.0,22360.0,110256.0
9501,9501,1091,2025-08-22,2025-09-21,30,118095.0,16382.0,134477.0
9502,9502,1025,2025-08-21,2025-10-05,45,29500.0,4853.0,34353.0
9503,9503,1022,2025-08-20,2025-09-19,30,26063.0,7223.0,33286.0
9504,9504,1026,2025-08-20,2025-09-04,15,24798.0,8711.0,33509.0
9505,9505,1121,2025-08-22,2025-09-06,15,61422.0,8955.0,70377.0
9506,9506,1050,2025-08-20,2025-10-04,45,25688.0,7619.0,33307.0
9507,9507,1111,2025-08-22,2025-09-21,30,54321.0,19718.0,74039.0
9508,9508,1013,2025-08-23,2025-09-07,15,97028.0,25144.0,122172.0
9509,9509,1044,2025-08-20,2025-09-19,30,30696.0,7335.0,38031.0
9510,9510,1057,2025-08-20,2025-10-04,45,29676.0,3618.0,33294.0
9511,9511,1073,2025-08-21,2025-09-20,30,46520.0,11736.0,58256.0
9512,9512,1036,2025-08-22,2025-09-21,30,43479.0,5655.0,49134.0
9513,9513,1089,2025-08-20,2025-09-19,30,13810.0,2201.0,16011.0
9514,9514,1110,2025-08-21,2025-10-05,45,33784.0,6924.0,40708.0
9515,9515,1119,2025-08-22,2025-10-06,45,49809.0,7863.0,57672.0
9516,9516,1047,2025-08-20,2025-09-19,30,24016.0,8344.0,32360.0
9517,9517,1119,2025-08-20,2025-09-19,30,37415.0,11380.0,48795.0
9518,9518,1044,2025-08-20,2025-09-19,30,19092.0,4255.0,23347.0
9519,9519,1066,2025-08-21,2025-09-20,30,40472.0,10903.0,51375.0
9520,9520,1095,2025-08-20,2025-09-04,15,20379.0,4316.0,24695.0
9521,9521,1001,2025-08-20,2025-10-04,45,21778.0,4681.0,26459.0
9522,9522,1065,2025-08-23,2025-09-22,30,74752.0,19010.0,93762.0
9523,9523,1060,2025-08-21,2025-10-05,45,79954.0,22685.0,102639.0
9524,9524,1032,2025-08-22,2025-10-06,45,61806.0,11358.0,73164.0
9525,9525,1047,2025-08-24,2025-09-23,30,103325.0,33251.0,136576.0
9526,9526,1059,2025-08-21,2025-09-20,30,32670.0,5343.0,38013.0
9527,9527,1096,2025-08-23,2025-09-22,30,168656.0,60252.0,228908.0
9528,9528,1086,2025-08-22,2025-09-21,30,40191.0,12887.0,53078.0
9529,9529,1015,2025-08-23,2025-09-22,30,95520.0,31339.0,126859.0
9530,9530,1023,2025-08-20,2025-10-04,45,19688.0,5479.0,25167.0
9531,9531,1085,2025-08-24,2025-09-08,15,118445.0,20688.0,139133.0
9532,9532,1073,2025-08-21,2025-09-20,30,33084.0,5117.0,38201.0
9533,9533,1073,2025-08-23,2025-09-07,15,154060.0,52558.0,206618.0
9534,9534,1108,2025-08-21,2025-09-20,30,28036.0,9101.0,37137.0
9535,9535,1092,2025-08-22,2025-09-21,30,45834.0,8416.0,54250.0
9536,9536,1053,2025-08-21,2025-09-05,15,29450.0,3602.0,33052.0
9537,9537,1112,2025-08-20,2025-09-19,30,20380.0,7267.0,27647.0
9538,9538,1062,2025-08-22,2025-09-21,30,45246.0,10257.0,55503.0
9539,9539,1035,2025-08-20,2025-10-04,45,12617.0,4195.0,16812.0
9540,9540,1053,2025-08-20,2025-09-04,15,13684.0,4517.0,18201.0
9541,9541,1117,2025-08-22,2025-09-21,30,73386.0,14060.0,87446.0
9542,9542,1024,2025-08-21,2025-09-20,30,66870.0,24365.0,91235.0
9543,9543,1099,2025-08-21,2025-10-05,45,28440.0,8008.0,36448.0
9544,9544,1057,2025-08-22,2025-09-21,30,31526.0,8021.0,39547.0
9545,9545,1120,2025-08-23,2025-09-22,30,67575.0,13225.0,80800.0
9546,9546,1095,2025-08-21,2025-10-05,45,31800.0,10652.0,42452.0
9547,9547,1014,2025-08-22,2025-09-21,30,29258.0,10578.0,39836.0
9548,9548,1068,2025-08-25,2025-09-24,30,64660.0,22672.0,87332.0
9549,9549,1015,2025-08-22,2025-10-06,45,74670.0,11264.0,85934.0
9550,9550,1084,2025-08-22,2025-09-06,15,44936.0,9267.0,54203.0
9551,9551,1100,2025-08-21,2025-09-05,15,15656.0,2905.0,18561.0
9552,9552,1089,2025-08-22,2025-09-06,15,38714.0,7404.0,46118.0
9553,9553,1037,2025-08-23,2025-09-22,30,32379.0,11242.0,43621.0
9554,9554,1054,2025-08-21,2025-09-20,30,18823.0,6519.0,25342.0
9555,9555,1086,2025-08-24,2025-09-08,15,64112.0,12339.0,76451.0
9556,9556,1004,2025-08-23,2025-09-22,30,117870.0,29502.0,147372.0
9557,9557,1066,2025-08-22,2025-09-21,30,83900.0,23217.0,107117.0
9558,9558,1002,2025-08-21,2025-09-20,30,15858.0,2714.0,18572.0
9559,9559,1034,2025-08-22,2025-09-06,15,72736.0,22968.0,95704.0
9560,9560,1052,2025-08-21,2025-09-20,30,20510.0,7660.0,28170.0
9561,9561,1007,2025-08-22,2025-09-21,30,31480.0,8633.0,40113.0
9562,9562,1070,2025-08-21,2025-09-05,15,23007.0,4469.0,27476.0
9563,9563,1056,2025-08-21,2025-09-05,15,16766.0,3209.0,19975.0
9564,9564,1033,2025-08-23,2025-10-07,45,49779.0,10095.0,59874.0
9565,9565,1083,2025-08-22,2025-09-06,15,31512.0,10433.0,41945.0
9566,9566,1033,2025-08-25,2025-09-09,15,156170.0,32142.0,188312.0
9567,9567,1109,2025-08-24,2025-09-23,30,116072.0,33271.0,149343.0
9568,9568,1010,2025-08-22,2025-09-21,30,45394.0,10496.0,55890.0
9569,9569,1040,2025-08-21,2025-10-05,45,14697.0,5558.0,20255.0
9570,9570,1119,2025-08-23,2025-09-22,30,40095.0,5081.0,45176.0
9571,9571,1087,2025-08-22,2025-09-21,30,32884.0,4743.0,37627.0
9572,9572,1105,2025-08-21,2025-09-20,30,22110.0,7989.0,30099.0
9573,9573,1084,2025-08-21,2025-09-05,15,16239.0,2784.0,19023.0
9574,9574,1112,2025-08-21,2025-09-05,15,20535.0,6316.0,26851.0
9575,9575,1004,2025-08-21,2025-09-20,30,23151.0,7739.0,30890.0
9576,9576,1022,2025-08-22,2025-09-21,30,66720.0,17907.0,84627.0
9577,9577,1076,2025-08-24,2025-09-08,15,140952.0,53442.0,194394.0
9578,9578,1024,2025-08-23,2025-09-07,15,33567.0,7921.0,41488.0
9579,9579,1076,2025-08-22,2025-09-06,15,42866.0,13051.0,55917.0
9580,9580,1046,2025-08-21,2025-09-20,30,27564.0,7307.0,34871.0
9581,9581,1055,2025-08-21,2025-09-20,30,15140.0,3561.0,18701.0
9582,9582,1120,2025-08-21,2025-09-20,30,14242.0,5212.0,19454.0
9583,9583,1071,2025-08-22,2025-09-21,30,47120.0,10740.0,57860.0
9584,9584,1122,2025-08-21,2025-09-20,30,12723.0,1916.0,14639.0
9585,9585,1105,2025-08-22,2025-10-06,45,41972.0,12868.0,54840.0
9586,9586,1061,2025-08-21,2025-09-20,30,13583.0,3490.0,17073.0
9587,9587,1002,2025-08-22,2025-10-06,45,39246.0,8134.0,47380.0
9588,9588,1079,2025-08-23,2025-09-22,30,43190.0,13104.0,56294.0
9589,9589,1089,2025-08-23,2025-09-22,30,77612.0,27575.0,105187.0
9590,9590,1074,2025-08-22,2025-09-21,30,31525.0,11265.0,42790.0
9591,9591,1102,2025-08-23,2025-09-22,30,30976.0,9426.0,40402.0
9592,9592,1058,2025-08-22,2025-09-06,15,14716.0,5114.0,19830.0
9593,9593,1124,2025-08-25,2025-09-24,30,149492.0,55021.0,204513.0
9594,9594,1008,2025-08-22,2025-09-06,15,13361.0,3820.0,17181.0
9595,9595,1122,2025-08-23,2025-09-22,30,51782.0,8013.0,59795.0
9596,9596,1035,2025-08-24,2025-09-23,30,65415.0,14262.0,79677.0
9597,9597,1073,2025-08-22,2025-09-21,30,14658.0,4717.0,19375.0
9598,9598,1028,2025-08-24,2025-09-08,15,37008.0,8603.0,45611.0
9599,9599,1030,2025-08-22,2025-09-21,30,22120.0,3236.0,25356.0
9600,9600,1006,2025-08-22,2025-09-21,30,24503.0,6402.0,30905.0
9601,9601,1064,2025-08-24,2025-10-08,45,39216.0,9458.0,48674.0
9602,9602,1084,2025-08-24,2025-09-23,30,49644.0,16255.0,65899.0
9603,9603,1078,2025-08-24,2025-09-23,30,45186.0,9901.0,55087.0
9604,9604,1089,2025-08-22,2025-10-06,45,14040.0,1980.0,16020.0
9605,9605,1045,2025-08-24,2025-09-08,15,61401.0,18726.0,80127.0
9606,9606,1010,2025-08-26,2025-09-25,30,157740.0,35241.0,192981.0
9607,9607,1109,2025-08-24,2025-10-08,45,62844.0,13659.0,76503.0
9608,9608,1024,2025-08-22,2025-09-21,30,15032.0,1904.0,16936.0
9609,9609,1124,2025-08-24,2025-10-08,45,65049.0,13364.0,78413.0
9610,9610,1095,2025-08-23,2025-09-22,30,29918.0,5306.0,35224.0
9611,9611,1027,2025-08-22,2025-09-21,30,26892.0,6090.0,32982.0
9612,9612,1012,2025-08-23,2025-09-22,30,30070.0,10966.0,41036.0
9613,9613,1090,2025-08-22,2025-09-21,30,17108.0,3433.0,20541.0
9614,9614,1125,2025-08-22,2025-09-06,15,13789.0,2592.0,16381.0
9615,9615,1025,2025-08-24,2025-09-23,30,66672.0,12128.0,78800.0
9616,9616,1105,2025-08-22,2025-09-21,30,37691.0,12100.0,49791.0
9617,9617,1017,2025-08-23,2025-09-07,15,28582.0,9378.0,37960.0
9618,9618,1051,2025-08-23,2025-09-22,30,50810.0,18677.0,69487.0
9619,9619,1028,2025-08-22,2025-09-21,30,14322.0,1741.0,16063.0
9620,9620,1061,2025-08-22,2025-09-21,30,16299.0,4484.0,20783.0
9621,9621,1042,2025-08-25,2025-09-09,15,102912.0,14665.0,117577.0
9622,9622,1064,2025-08-25,2025-10-09,45,104664.0,14150.0,118814.0
9623,9623,1001,2025-08-23,2025-09-07,15,24022.0,4663.0,28685.0
9624,9624,1004,2025-08-22,2025-09-21,30,24707.0,5417.0,30124.0
9625,9625,1015,2025-08-23,2025-09-22,30,30934.0,6960.0,37894.0
9626,9626,1031,2025-08-23,2025-09-22,30,31064.0,9917.0,40981.0
9627,9627,1002,2025-08-22,2025-10-06,45,14874.0,3874.0,18748.0
9628,9628,1069,2025-08-23,2025-10-07,45,40098.0,10929.0,51027.0
9629,9629,1052,2025-08-23,2025-10-07,45,83324.0,12126.0,95450.0
9630,9630,1077,2025-08-22,2025-09-06,15,14787.0,3627.0,18414.0
9631,9631,1096,2025-08-22,2025-09-06,15,15782.0,2106.0,17888.0
9632,9632,1019,2025-08-25,2025-09-09,15,101948.0,25286.0,127234.0
9633,9633,1108,2025-08-22,2025-09-21,30,16209.0,2660.0,18869.0
9634,9634,1102,2025-08-22,2025-09-21,30,27472.0,4870.0,32342.0
9635,9635,1003,2025-08-22,2025-09-06,15,33187.0,12262.0,45449.0
9636,9636,1093,2025-08-22,2025-10-06,45,22660.0,4521.0,27181.0
9637,9637,1068,2025-08-22,2025-09-21,30,13866.0,3192.0,17058.0
9638,9638,1080,2025-08-23,2025-09-22,30,41072.0,5850.0,46922.0
9639,9639,1075,2025-08-22,2025-09-06,15,22366.0,7894.0,30260.0
9640,9640,1006,2025-08-24,2025-09-23,30,30290.0,8028.0,38318.0
9641,9641,1039,2025-08-24,2025-09-08,15,26174.0,7478.0,33652.0
9642,9642,1029,2025-08-23,2025-09-07,15,15959.0,3741.0,19700.0
9643,9643,1005,2025-08-25,2025-09-24,30,59442.0,11824.0,71266.0
9644,9644,1057,2025-08-25,2025-09-24,30,69978.0,19646.0,89624.0
9645,9645,1028,2025-08-25,2025-10-09,45,43326.0,5947.0,49273.0
9646,9646,1024,2025-08-25,2025-10-09,45,47889.0,8860.0,56749.0
9647,9647,1063,2025-08-23,2025-09-22,30,22549.0,5761.0,28310.0
9648,9648,1026,2025-08-25,2025-09-24,30,63516.0,13873.0,77389.0
9649,9649,1115,2025-08-25,2025-10-09,45,41967.0,14459.0,56426.0
9650,9650,1063,2025-08-23,2025-09-22,30,33525.0,11420.0,44945.0
9651,9651,1003,2025-08-23,2025-09-22,30,14573.0,5512.0,20085.0
9652,9652,1065,2025-08-26,2025-09-25,30,58500.0,20564.0,79064.0
9653,9653,1048,2025-08-24,2025-09-08,15,58712.0,16530.0,75242.0
9654,9654,1074,2025-08-24,2025-09-08,15,72538.0,13081.0,85619.0
9655,9655,1085,2025-08-25,2025-10-09,45,43881.0,13412.0,57293.0
9656,9656,1089,2025-08-23,2025-09-22,30,14585.0,2832.0,17417.0
9657,9657,1096,2025-08-24,2025-09-23,30,24616.0,3387.0,28003.0
9658,9658,1078,2025-08-27,2025-10-11,45,72075.0,21717.0,93792.0
9659,9659,1006,2025-08-24,2025-09-08,15,42034.0,14175.0,56209.0
9660,9660,1029,2025-08-25,2025-09-09,15,48768.0,16497.0,65265.0
9661,9661,1120,2025-08-24,2025-09-23,30,31152.0,8897.0,40049.0
9662,9662,1077,2025-08-24,2025-09-23,30,28068.0,9328.0,37396.0
9663,9663,1064,2025-08-23,2025-09-22,30,36847.0,6524.0,43371.0
9664,9664,1008,2025-08-26,2025-09-10,15,94572.0,26087.0,120659.0
9665,9665,1036,2025-08-25,2025-09-24,30,68058.0,17484.0,85542.0
9666,9666,1020,2025-08-23,2025-09-22,30,36627.0,10638.0,47265.0
9667,9667,1027,2025-08-24,2025-09-23,30,42984.0,8403.0,51387.0
9668,9668,1039,2025-08-24,2025-09-08,15,30702.0,3971.0,34673.0
9669,9669,1059,2025-08-25,2025-09-24,30,67758.0,21107.0,88865.0
9670,9670,1018,2025-08-23,2025-09-22,30,40015.0,14773.0,54788.0
9671,9671,1103,2025-08-23,2025-09-22,30,14052.0,2061.0,16113.0
9672,9672,1111,2025-08-24,2025-09-23,30,26648.0,7829.0,34477.0
9673,9673,1062,2025-08-23,2025-09-07,15,15577.0,4485.0,20062.0
9674,9674,1105,2025-08-26,2025-09-25,30,169928.0,49892.0,219820.0
9675,9675,1050,2025-08-23,2025-09-22,30,15363.0,3541.0,18904.0
9676,9676,1036,2025-08-23,2025-10-07,45,14219.0,4184.0,18403.0
9677,9677,1020,2025-08-24,2025-10-08,45,31586.0,9245.0,40831.0
9678,9678,1083,2025-08-24,2025-09-08,15,38284.0,6976.0,45260.0
9679,9679,1034,2025-08-26,2025-09-25,30,54984.0,14507.0,69491.0
9680,9680,1010,2025-08-24,2025-09-23,30,35014.0,10271.0,45285.0
9681,9681,1026,2025-08-23,2025-09-22,30,13953.0,2609.0,16562.0
9682,9682,1117,2025-08-24,2025-09-08,15,31822.0,4811.0,36633.0
9683,9683,1040,2025-08-23,2025-09-22,30,15009.0,3772.0,18781.0
9684,9684,1094,2025-08-25,2025-09-24,30,39780.0,5672.0,45452.0
9685,9685,1087,2025-08-23,2025-09-07,15,22534.0,3217.0,25751.0
9686,9686,1032,2025-08-25,2025-09-24,30,30930.0,7856.0,38786.0
9687,9687,1062,2025-08-28,2025-10-12,45,99740.0,22484.0,122224.0
9688,9688,1098,2025-08-24,2025-09-08,15,13640.0,4431.0,18071.0
9689,9689,1058,2025-08-24,2025-09-23,30,18770.0,6798.0,25568.0
9690,9690,1054,2025-08-27,2025-09-11,15,51272.0,15796.0,67068.0
9691,9691,1056,2025-08-26,2025-09-25,30,110268.0,40919.0,151187.0
9692,9692,1050,2025-08-24,2025-09-08,15,28358.0,5579.0,33937.0
9693,9693,1087,2025-08-25,2025-09-24,30,27344.0,9582.0,36926.0
9694,9694,1097,2025-08-24,2025-09-23,30,30929.0,8030.0,38959.0
9695,9695,1047,2025-08-25,2025-09-09,15,53092.0,15840.0,68932.0
9696,9696,1024,2025-08-24,2025-10-08,45,20376.0,6252.0,26628.0
9697,9697,1005,2025-08-27,2025-10-11,45,102004.0,21159.0,123163.0
9698,9698,1091,2025-08-27,2025-09-11,15,54892.0,13754.0,68646.0
9699,9699,1091,2025-08-25,2025-10-09,45,45654.0,7122.0,52776.0
9700,9700,1099,2025-08-24,2025-10-08,45,29341.0,5386.0,34727.0
9701,9701,1008,2025-08-25,2025-09-24,30,39350.0,5999.0,45349.0
9702,9702,1112,2025-08-24,2025-09-23,30,15403.0,5298.0,20701.0
9703,9703,1099,2025-08-24,2025-09-23,30,21051.0,3346.0,24397.0
9704,9704,1004,2025-08-24,2025-09-08,15,20791.0,5250.0,26041.0
9705,9705,1060,2025-08-25,2025-09-24,30,28196.0,6661.0,34857.0
9706,9706,1103,2025-08-24,2025-10-08,45,29114.0,5866.0,34980.0
9707,9707,1099,2025-08-24,2025-09-23,30,17134.0,4902.0,22036.0
9708,9708,1068,2025-08-27,2025-10-11,45,57812.0,13412.0,71224.0
9709,9709,1092,2025-08-26,2025-10-10,45,48102.0,15741.0,63843.0
9710,9710,1114,2025-08-25,2025-09-24,30,58268.0,18246.0,76514.0
9711,9711,1063,2025-08-24,2025-09-23,30,27364.0,4444.0,31808.0
9712,9712,1059,2025-08-25,2025-09-09,15,31674.0,7825.0,39499.0
9713,9713,1044,2025-08-26,2025-10-10,45,47043.0,17010.0,64053.0
9714,9714,1028,2025-08-24,2025-09-23,30,31856.0,7451.0,39307.0
9715,9715,1095,2025-08-25,2025-09-24,30,32954.0,5110.0,38064.0
9716,9716,1028,2025-08-25,2025-09-24,30,48100.0,6290.0,54390.0
9717,9717,1051,2025-08-25,2025-09-24,30,60254.0,22499.0,82753.0
9718,9718,1087,2025-08-27,2025-09-26,30,55756.0,18722.0,74478.0
9719,9719,1093,2025-08-25,2025-09-24,30,44566.0,16169.0,60735.0
9720,9720,1095,2025-08-26,2025-10-10,45,67617.0,19007.0,86624.0
9721,9721,1073,2025-08-24,2025-09-08,15,14508.0,5164.0,19672.0
9722,9722,1114,2025-08-25,2025-09-09,15,52498.0,14892.0,67390.0
9723,9723,1088,2025-08-25,2025-09-24,30,59658.0,18743.0,78401.0
9724,9724,1074,2025-08-26,2025-09-25,30,30350.0,4285.0,34635.0
9725,9725,1025,2025-08-26,2025-09-10,15,26152.0,5058.0,31210.0
9726,9726,1008,2025-08-29,2025-09-28,30,144325.0,32237.0,176562.0
9727,9727,1100,2025-08-25,2025-09-24,30,29462.0,7865.0,37327.0
9728,9728,1037,2025-08-25,2025-09-24,30,15287.0,4320.0,19607.0
9729,9729,1041,2025-08-28,2025-09-27,30,63668.0,12285.0,75953.0
9730,9730,1009,2025-08-25,2025-09-24,30,21244.0,6260.0,27504.0
9731,9731,1124,2025-08-27,2025-09-26,30,56292.0,16570.0,72862.0
9732,9732,1061,2025-08-27,2025-09-26,30,46671.0,14318.0,60989.0
9733,9733,1013,2025-08-29,2025-09-28,30,110000.0,22419.0,132419.0
9734,9734,1041,2025-08-26,2025-10-10,45,72926.0,9770.0,82696.0
9735,9735,1002,2025-08-25,2025-10-09,45,14536.0,4204.0,18740.0
9736,9736,1089,2025-08-29,2025-09-13,15,159045.0,20059.0,179104.0
9737,9737,1013,2025-08-27,2025-09-11,15,90324.0,11898.0,102222.0
9738,9738,1058,2025-08-28,2025-09-12,15,57524.0,16703.0,74227.0
9739,9739,1046,2025-08-28,2025-09-12,15,53196.0,13688.0,66884.0
9740,9740,1061,2025-08-27,2025-10-11,45,106956.0,34574.0,141530.0
9741,9741,1085,2025-08-25,2025-10-09,45,16107.0,4271.0,20378.0
9742,9742,1006,2025-08-26,2025-09-25,30,43242.0,11502.0,54744.0
9743,9743,1103,2025-08-25,2025-09-24,30,14301.0,2557.0,16858.0
9744,9744,1061,2025-08-25,2025-09-24,30,31706.0,8864.0,40570.0
9745,9745,1056,2025-08-26,2025-09-25,30,46850.0,11258.0,58108.0
9746,9746,1086,2025-08-26,2025-09-10,15,29266.0,4474.0,33740.0
9747,9747,1052,2025-08-25,2025-09-24,30,15060.0,4659.0,19719.0
9748,9748,1053,2025-08-25,2025-09-09,15,29286.0,9786.0,39072.0
9749,9749,1091,2025-08-27,2025-10-11,45,84474.0,28078.0,112552.0
9750,9750,1075,2025-08-25,2025-09-09,15,35608.0,8689.0,44297.0
9751,9751,1107,2025-08-26,2025-10-10,45,29742.0,4453.0,34195.0
9752,9752,1083,2025-08-26,2025-10-10,45,28672.0,9424.0,38096.0
9753,9753,1116,2025-08-26,2025-09-10,15,40018.0,10124.0,50142.0
9754,9754,1065,2025-08-26,2025-10-10,45,28066.0,6931.0,34997.0
9755,9755,1020,2025-08-28,2025-09-27,30,90772.0,30022.0,120794.0
9756,9756,1097,2025-08-26,2025-10-10,45,42190.0,14430.0,56620.0
9757,9757,1001,2025-08-26,2025-09-25,30,81214.0,29152.0,110366.0
9758,9758,1048,2025-08-29,2025-09-28,30,192690.0,54423.0,247113.0
9759,9759,1097,2025-08-28,2025-09-27,30,79808.0,26152.0,105960.0
9760,9760,1005,2025-08-26,2025-09-25,30,30840.0,6407.0,37247.0
9761,9761,1125,2025-08-25,2025-09-24,30,29861.0,4203.0,34064.0
9762,9762,1054,2025-08-29,2025-09-13,15,73730.0,16748.0,90478.0
9763,9763,1116,2025-08-25,2025-10-09,45,22578.0,5890.0,28468.0
9764,9764,1118,2025-08-28,2025-09-27,30,67780.0,8594.0,76374.0
9765,9765,1117,2025-08-25,2025-09-09,15,14798.0,5583.0,20381.0
9766,9766,1081,2025-08-25,2025-09-24,30,28570.0,6124.0,34694.0
9767,9767,1077,2025-08-26,2025-09-10,15,47762.0,10415.0,58177.0
9768,9768,1114,2025-08-25,2025-09-24,30,22891.0,4625.0,27516.0
9769,9769,1009,2025-08-26,2025-10-10,45,19849.0,4682.0,24531.0
9770,9770,1108,2025-08-27,2025-10-11,45,42602.0,11899.0,54501.0
9771,9771,1082,2025-08-30,2025-09-14,15,187785.0,60140.0,247925.0
9772,9772,1010,2025-08-27,2025-09-11,15,34680.0,8652.0,43332.0
9773,9773,1011,2025-08-27,2025-09-26,30,29390.0,7862.0,37252.0
9774,9774,1080,2025-08-30,2025-09-29,30,80400.0,10413.0,90813.0
9775,9775,1081,2025-08-26,2025-10-10,45,14773.0,4010.0,18783.0
9776,9776,1008,2025-08-26,2025-10-10,45,36192.0,7971.0,44163.0
9777,9777,1015,2025-08-27,2025-09-11,15,28684.0,3480.0,32164.0
9778,9778,1046,2025-08-26,2025-09-25,30,16942.0,4422.0,21364.0
9779,9779,1056,2025-08-28,2025-09-27,30,43935.0,6881.0,50816.0
9780,9780,1110,2025-08-29,2025-09-28,30,95096.0,32609.0,127705.0
9781,9781,1070,2025-08-30,2025-10-14,45,107835.0,14066.0,121901.0
9782,9782,1036,2025-08-28,2025-10-12,45,41757.0,13854.0,55611.0
9783,9783,1013,2025-08-28,2025-09-12,15,64917.0,8885.0,73802.0
9784,9784,1043,2025-08-27,2025-09-26,30,43022.0,6593.0,49615.0
9785,9785,1102,2025-08-27,2025-09-26,30,58220.0,15456.0,73676.0
9786,9786,1048,2025-08-28,2025-10-12,45,70491.0,20668.0,91159.0
9787,9787,1066,2025-08-26,2025-09-25,30,14041.0,4741.0,18782.0
9788,9788,1057,2025-08-27,2025-09-11,15,44574.0,6665.0,51239.0
9789,9789,1047,2025-08-27,2025-09-26,30,39986.0,8587.0,48573.0
9790,9790,1125,2025-08-30,2025-09-29,30,70770.0,17452.0,88222.0
9791,9791,1089,2025-08-29,2025-09-28,30,64296.0,9949.0,74245.0
9792,9792,1066,2025-08-27,2025-09-11,15,75368.0,19528.0,94896.0
9793,9793,1042,2025-08-27,2025-10-11,45,44224.0,11394.0,55618.0
9794,9794,1026,2025-08-28,2025-09-27,30,108486.0,23986.0,132472.0
9795,9795,1025,2025-08-28,2025-09-27,30,70359.0,22532.0,92891.0
9796,9796,1048,2025-08-26,2025-09-10,15,14857.0,4577.0,19434.0
9797,9797,1083,2025-08-28,2025-09-12,15,84987.0,12566.0,97553.0
9798,9798,1059,2025-08-27,2025-09-26,30,45640.0,12424.0,58064.0
9799,9799,1125,2025-08-26,2025-09-25,30,30383.0,8736.0,39119.0
9800,9800,1041,2025-08-27,2025-10-11,45,31104.0,5227.0,36331.0
9801,9801,1091,2025-08-26,2025-10-10,45,15490.0,2876.0,18366.0
9802,9802,1036,2025-08-27,2025-09-11,15,77228.0,14443.0,91671.0
9803,9803,1014,2025-08-27,2025-09-26,30,43398.0,5811.0,49209.0
9804,9804,1065,2025-08-28,2025-09-12,15,61623.0,11910.0,73533.0
9805,9805,1037,2025-08-26,2025-09-25,30,26500.0,5206.0,31706.0
9806,9806,1019,2025-08-26,2025-09-10,15,21614.0,7368.0,28982.0
9807,9807,1035,2025-08-27,2025-09-26,30,32796.0,6555.0,39351.0
9808,9808,1073,2025-08-26,2025-10-10,45,15021.0,2813.0,17834.0
9809,9809,1008,2025-08-26,2025-10-10,45,18605.0,6089.0,24694.0
9810,9810,1064,2025-08-28,2025-09-27,30,67230.0,23779.0,91009.0
9811,9811,1109,2025-08-26,2025-09-25,30,39642.0,8973.0,48615.0
9812,9812,1052,2025-08-30,2025-10-14,45,74250.0,10808.0,85058.0
9813,9813,1017,2025-08-30,2025-09-29,30,80776.0,24342.0,105118.0
9814,9814,1092,2025-08-29,2025-10-13,45,38700.0,11425.0,50125.0
9815,9815,1010,2025-08-28,2025-09-12,15,43888.0,11204.0,55092.0
9816,9816,1090,2025-08-29,2025-10-13,45,43512.0,10153.0,53665.0
9817,9817,1081,2025-08-28,2025-09-27,30,24754.0,9363.0,34117.0
9818,9818,1024,2025-08-29,2025-10-13,45,102762.0,16949.0,119711.0
9819,9819,1040,2025-08-29,2025-09-28,30,48066.0,12717.0,60783.0
9820,9820,1115,2025-08-27,2025-09-26,30,14735.0,3411.0,18146.0
9821,9821,1083,2025-08-29,2025-09-28,30,39315.0,7358.0,46673.0
9822,9822,1111,2025-08-31,2025-09-30,30,74985.0,21664.0,96649.0
9823,9823,1079,2025-08-29,2025-09-28,30,64182.0,16985.0,81167.0
9824,9824,1021,2025-08-30,2025-09-14,15,79840.0,18227.0,98067.0
9825,9825,1058,2025-08-27,2025-09-26,30,20362.0,5008.0,25370.0
9826,9826,1063,2025-08-27,2025-09-26,30,22533.0,3079.0,25612.0
9827,9827,1048,2025-08-27,2025-09-26,30,17001.0,2918.0,19919.0
9828,9828,1095,2025-08-30,2025-09-29,30,82628.0,28636.0,111264.0
9829,9829,1048,2025-08-30,2025-10-14,45,64456.0,10902.0,75358.0
9830,9830,1046,2025-08-27,2025-10-11,45,12782.0,4156.0,16938.0
9831,9831,1041,2025-08-29,2025-09-28,30,61332.0,19294.0,80626.0
9832,9832,1071,2025-08-27,2025-09-26,30,15260.0,4279.0,19539.0
9833,9833,1073,2025-08-27,2025-09-11,15,16432.0,2975.0,19407.0
9834,9834,1020,2025-08-29,2025-09-28,30,61347.0,19334.0,80681.0
9835,9835,1014,2025-08-28,2025-09-12,15,44608.0,10888.0,55496.0
9836,9836,1005,2025-08-27,2025-09-26,30,22926.0,6383.0,29309.0
9837,9837,1032,2025-08-27,2025-10-11,45,14928.0,2399.0,17327.0
9838,9838,1049,2025-08-28,2025-09-27,30,22666.0,7766.0,30432.0
9839,9839,1109,2025-08-28,2025-09-12,15,30904.0,6649.0,37553.0
9840,9840,1027,2025-08-27,2025-09-26,30,15091.0,2835.0,17926.0
9841,9841,1060,2025-08-28,2025-09-12,15,30470.0,5705.0,36175.0
9842,9842,1004,2025-08-28,2025-09-12,15,45782.0,17290.0,63072.0
9843,9843,1115,2025-08-28,2025-09-27,30,53628.0,15674.0,69302.0
9844,9844,1017,2025-08-28,2025-09-27,30,27086.0,5999.0,33085.0
9845,9845,1061,2025-08-29,2025-09-28,30,37824.0,8851.0,46675.0
9846,9846,1058,2025-08-29,2025-09-28,30,71955.0,25817.0,97772.0
9847,9847,1010,2025-08-28,2025-09-12,15,37666.0,12061.0,49727.0
9848,9848,1089,2025-08-27,2025-09-26,30,15658.0,4737.0,20395.0
9849,9849,1091,2025-08-27,2025-09-11,15,13089.0,1782.0,14871.0
9850,9850,1004,2025-08-27,2025-09-26,30,15401.0,4807.0,20208.0
9851,9851,1041,2025-08-28,2025-09-27,30,56510.0,16340.0,72850.0
9852,9852,1024,2025-08-30,2025-09-29,30,56820.0,14770.0,71590.0
9853,9853,1105,2025-08-27,2025-09-11,15,16091.0,2454.0,18545.0
9854,9854,1017,2025-08-27,2025-09-11,15,33046.0,8742.0,41788.0
9855,9855,1117,2025-08-28,2025-09-27,30,60544.0,18451.0,78995.0
9856,9856,1039,2025-08-29,2025-09-28,30,49635.0,11743.0,61378.0
9857,9857,1052,2025-08-27,2025-09-26,30,16051.0,3209.0,19260.0
9858,9858,1040,2025-08-28,2025-09-27,30,42066.0,5359.0,47425.0
9859,9859,1015,2025-08-30,2025-09-29,30,78432.0,19276.0,97708.0
9860,9860,1043,2025-08-28,2025-09-12,15,43538.0,6519.0,50057.0
9861,9861,1017,2025-08-29,2025-09-13,15,73725.0,22131.0,95856.0
9862,9862,1120,2025-08-28,2025-09-27,30,16119.0,5889.0,22008.0
9863,9863,1039,2025-08-29,2025-09-28,30,64014.0,11567.0,75581.0
9864,9864,1066,2025-08-29,2025-09-28,30,30864.0,4386.0,35250.0
9865,9865,1095,2025-09-01,2025-10-01,30,101375.0,31630.0,133005.0
9866,9866,1064,2025-08-28,2025-09-27,30,21115.0,6258.0,27373.0
9867,9867,1046,2025-08-28,2025-09-27,30,16532.0,5870.0,22402.0
9868,9868,1064,2025-08-29,2025-09-28,30,48098.0,8147.0,56245.0
9869,9869,1008,2025-08-29,2025-10-13,45,39094.0,5923.0,45017.0
9870,9870,1036,2025-08-29,2025-09-28,30,27878.0,6429.0,34307.0
9871,9871,1027,2025-08-28,2025-10-12,45,14799.0,2775.0,17574.0
9872,9872,1101,2025-08-29,2025-09-13,15,28242.0,6820.0,35062.0
9873,9873,1068,2025-08-29,2025-09-28,30,66826.0,19129.0,85955.0
9874,9874,1029,2025-08-28,2025-09-12,15,13572.0,4868.0,18440.0
9875,9875,1054,2025-08-29,2025-09-13,15,29864.0,9746.0,39610.0
9876,9876,1031,2025-08-29,2025-09-13,15,28886.0,9585.0,38471.0
9877,9877,1014,2025-08-28,2025-09-12,15,19767.0,6083.0,25850.0
9878,9878,1042,2025-08-30,2025-09-29,30,69054.0,21420.0,90474.0
9879,9879,1043,2025-08-28,2025-09-27,30,31203.0,5712.0,36915.0
9880,9880,1059,2025-08-30,2025-09-29,30,42429.0,10680.0,53109.0
9881,9881,1101,2025-08-28,2025-09-12,15,23144.0,7867.0,31011.0
9882,9882,1082,2025-08-29,2025-09-28,30,45992.0,13336.0,59328.0
9883,9883,1003,2025-09-01,2025-10-16,45,75985.0,10248.0,86233.0
9884,9884,1023,2025-08-28,2025-09-12,15,14798.0,2807.0,17605.0
9885,9885,1024,2025-08-29,2025-09-13,15,62114.0,16965.0,79079.0
9886,9886,1047,2025-08-29,2025-09-28,30,42226.0,14171.0,56397.0
9887,9887,1021,2025-08-30,2025-09-29,30,41985.0,12428.0,54413.0
9888,9888,1056,2025-08-30,2025-09-29,30,43491.0,12067.0,55558.0
9889,9889,1117,2025-08-31,2025-10-15,45,65080.0,10975.0,76055.0
9890,9890,1096,2025-08-31,2025-09-30,30,56856.0,9938.0,66794.0
9891,9891,1007,2025-08-28,2025-09-27,30,15112.0,3646.0,18758.0
9892,9892,1021,2025-08-28,2025-09-27,30,14536.0,2428.0,16964.0
9893,9893,1107,2025-08-28,2025-10-12,45,14700.0,5340.0,20040.0
9894,9894,1053,2025-08-28,2025-09-27,30,28984.0,6102.0,35086.0
9895,9895,1005,2025-08-28,2025-09-27,30,14939.0,5246.0,20185.0
9896,9896,1050,2025-08-28,2025-10-12,45,15998.0,4972.0,20970.0
9897,9897,1023,2025-09-01,2025-09-16,15,115570.0,17562.0,133132.0
9898,9898,1073,2025-08-30,2025-09-29,30,42492.0,12208.0,54700.0
9899,9899,1099,2025-08-29,2025-10-13,45,31656.0,6111.0,37767.0
9900,9900,1028,2025-08-31,2025-09-30,30,117552.0,26992.0,144544.0
9901,9901,1014,2025-08-29,2025-10-13,45,31888.0,6765.0,38653.0
9902,9902,1069,2025-08-28,2025-09-12,15,30812.0,7950.0,38762.0
9903,9903,1039,2025-08-29,2025-10-13,45,41838.0,9158.0,50996.0
9904,9904,1047,2025-08-30,2025-09-14,15,46062.0,13828.0,59890.0
9905,9905,1016,2025-09-01,2025-10-01,30,73350.0,10955.0,84305.0
9906,9906,1044,2025-08-29,2025-09-13,15,45934.0,6368.0,52302.0
9907,9907,1035,2025-08-29,2025-10-13,45,40956.0,9191.0,50147.0
9908,9908,1006,2025-08-28,2025-09-27,30,22466.0,2704.0,25170.0
9909,9909,1006,2025-08-28,2025-09-27,30,32210.0,4843.0,37053.0
9910,9910,1120,2025-08-29,2025-09-13,15,56030.0,11874.0,67904.0
9911,9911,1073,2025-08-31,2025-09-30,30,116064.0,15433.0,131497.0
9912,9912,1005,2025-08-29,2025-09-13,15,31664.0,6272.0,37936.0
9913,9913,1111,2025-08-31,2025-09-15,15,43092.0,12670.0,55762.0
9914,9914,1098,2025-09-02,2025-10-02,30,98910.0,24576.0,123486.0
9915,9915,1045,2025-08-29,2025-10-13,45,29914.0,9492.0,39406.0
9916,9916,1027,2025-09-01,2025-09-16,15,58244.0,15541.0,73785.0
9917,9917,1043,2025-08-30,2025-10-14,45,45514.0,5990.0,51504.0
9918,9918,1004,2025-08-29,2025-09-28,30,15916.0,3163.0,19079.0
9919,9919,1052,2025-08-29,2025-09-28,30,14528.0,3122.0,17650.0
9920,9920,1015,2025-08-30,2025-09-14,15,48342.0,16422.0,64764.0
9921,9921,1042,2025-08-31,2025-09-30,30,79761.0,17730.0,97491.0
9922,9922,1026,2025-08-29,2025-09-28,30,23333.0,4480.0,27813.0
9923,9923,1086,2025-08-30,2025-10-14,45,48404.0,7709.0,56113.0
9924,9924,1096,2025-08-31,2025-10-15,45,49638.0,11367.0,61005.0
9925,9925,1079,2025-08-29,2025-09-13,15,22480.0,8326.0,30806.0
9926,9926,1047,2025-08-31,2025-09-15,15,90888.0,32358.0,123246.0
9927,9927,1063,2025-08-29,2025-10-13,45,14894.0,2424.0,17318.0
9928,9928,1054,2025-08-29,2025-09-13,15,13918.0,3015.0,16933.0
9929,9929,1106,2025-09-01,2025-10-01,30,60752.0,20609.0,81361.0
9930,9930,1024,2025-08-29,2025-09-28,30,40803.0,6492.0,47295.0
9931,9931,1104,2025-08-29,2025-09-28,30,30613.0,8633.0,39246.0
9932,9932,1114,2025-08-29,2025-10-13,45,11510.0,3658.0,15168.0
9933,9933,1097,2025-08-29,2025-09-28,30,16036.0,5667.0,21703.0
9934,9934,1087,2025-08-29,2025-09-28,30,15087.0,3123.0,18210.0
9935,9935,1044,2025-08-30,2025-09-29,30,32146.0,12086.0,44232.0
9936,9936,1088,2025-08-29,2025-09-28,30,15492.0,5223.0,20715.0
9937,9937,1018,2025-08-31,2025-09-30,30,42099.0,14212.0,56311.0
9938,9938,1019,2025-08-29,2025-09-28,30,22403.0,5629.0,28032.0
9939,9939,1111,2025-08-29,2025-09-28,30,27685.0,10268.0,37953.0
9940,9940,1052,2025-09-01,2025-10-01,30,58036.0,14848.0,72884.0
9941,9941,1047,2025-08-30,2025-09-29,30,29424.0,6798.0,36222.0
9942,9942,1111,2025-09-01,2025-10-01,30,177940.0,41337.0,219277.0
9943,9943,1085,2025-08-30,2025-09-29,30,56548.0,18135.0,74683.0
9944,9944,1103,2025-08-30,2025-09-29,30,28852.0,10439.0,39291.0
9945,9945,1082,2025-08-30,2025-09-14,15,28242.0,6931.0,35173.0
9946,9946,1052,2025-09-01,2025-10-01,30,81560.0,13243.0,94803.0
9947,9947,1054,2025-08-30,2025-09-29,30,32838.0,12445.0,45283.0
9948,9948,1104,2025-08-29,2025-09-13,15,15070.0,5259.0,20329.0
9949,9949,1105,2025-09-02,2025-09-17,15,76070.0,11111.0,87181.0
9950,9950,1020,2025-08-30,2025-09-29,30,32026.0,9157.0,41183.0
9951,9951,1088,2025-08-29,2025-09-28,30,22033.0,5193.0,27226.0
9952,9952,1106,2025-08-31,2025-10-15,45,41901.0,12820.0,54721.0
9953,9953,1053,2025-08-31,2025-10-15,45,45447.0,12507.0,57954.0
9954,9954,1112,2025-08-31,2025-09-30,30,92646.0,20056.0,112702.0
9955,9955,1079,2025-08-29,2025-10-13,45,18543.0,2583.0,21126.0
9956,9956,1051,2025-08-31,2025-09-30,30,48195.0,7953.0,56148.0
9957,9957,1087,2025-09-01,2025-10-16,45,90152.0,33084.0,123236.0
9958,9958,1101,2025-08-31,2025-09-30,30,46929.0,10864.0,57793.0
9959,9959,1054,2025-08-31,2025-09-30,30,101469.0,34309.0,135778.0
9960,9960,1103,2025-08-31,2025-09-15,15,98673.0,35427.0,134100.0
9961,9961,1003,2025-08-31,2025-09-30,30,63075.0,7772.0,70847.0
9962,9962,1057,2025-08-29,2025-09-13,15,21367.0,6572.0,27939.0
9963,9963,1047,2025-08-29,2025-10-13,45,15213.0,3918.0,19131.0
9964,9964,1103,2025-08-29,2025-09-13,15,20626.0,5310.0,25936.0
9965,9965,1014,2025-08-31,2025-10-15,45,47799.0,9641.0,57440.0
9966,9966,1041,2025-09-02,2025-09-17,15,218040.0,40210.0,258250.0
9967,9967,1024,2025-08-29,2025-09-28,30,13036.0,3114.0,16150.0
9968,9968,1013,2025-09-01,2025-09-16,15,80728.0,20041.0,100769.0
9969,9969,1009,2025-08-31,2025-09-30,30,42717.0,6851.0,49568.0
9970,9970,1123,2025-08-30,2025-09-29,30,25746.0,6081.0,31827.0
9971,9971,1055,2025-08-30,2025-09-14,15,30944.0,5689.0,36633.0
9972,9972,1042,2025-09-01,2025-09-16,15,50913.0,16026.0,66939.0
9973,9973,1096,2025-08-31,2025-09-30,30,72118.0,16240.0,88358.0
9974,9974,1028,2025-09-03,2025-10-03,30,71230.0,13249.0,84479.0
9975,9975,1020,2025-08-30,2025-09-14,15,27123.0,5640.0,32763.0
9976,9976,1052,2025-08-31,2025-09-30,30,31284.0,7546.0,38830.0
9977,9977,1053,2025-08-31,2025-09-30,30,30668.0,10619.0,41287.0
9978,9978,1116,2025-08-31,2025-09-30,30,62114.0,15507.0,77621.0
9979,9979,1095,2025-09-03,2025-10-03,30,178250.0,22660.0,200910.0
9980,9980,1075,2025-08-31,2025-09-15,15,51208.0,12424.0,63632.0
9981,9981,1106,2025-09-03,2025-10-03,30,64630.0,13388.0,78018.0
9982,9982,1036,2025-08-31,2025-09-15,15,30336.0,9036.0,39372.0
9983,9983,1103,2025-08-31,2025-09-30,30,62282.0,22618.0,84900.0
9984,9984,1035,2025-08-30,2025-09-29,30,14742.0,4826.0,19568.0
9985,9985,1038,2025-09-01,2025-10-01,30,44655.0,12385.0,57040.0
9986,9986,1061,2025-09-02,2025-10-02,30,89024.0,20006.0,109030.0
9987,9987,1024,2025-09-01,2025-09-16,15,70554.0,18700.0,89254.0
9988,9988,1104,2025-09-02,2025-09-17,15,64048.0,14897.0,78945.0
9989,9989,1125,2025-08-31,2025-09-30,30,46854.0,5834.0,52688.0
9990,9990,1030,2025-09-01,2025-10-16,45,64290.0,23812.0,88102.0
9991,9991,1013,2025-08-30,2025-10-14,45,14591.0,2118.0,16709.0
9992,9992,1042,2025-08-30,2025-09-29,30,12993.0,4125.0,17118.0
9993,9993,1061,2025-09-01,2025-10-16,45,43104.0,7941.0,51045.0
9994,9994,1028,2025-08-30,2025-09-14,15,15339.0,5244.0,20583.0
9995,9995,1087,2025-08-31,2025-10-15,45,29422.0,4764.0,34186.0
9996,9996,1087,2025-09-03,2025-10-03,30,104770.0,15517.0,120287.0
9997,9997,1049,2025-09-03,2025-10-03,30,150275.0,57058.0,207333.0
9998,9998,1090,2025-09-01,2025-10-16,45,44199.0,14938.0,59137.0
9999,9999,1032,2025-08-30,2025-09-29,30,16517.0,4634.0,21151.0
10000,10000,1063,2025-08-31,2025-09-15,15,61424.0,20243.0,81667.0
10001,10001,1089,2025-08-31,2025-09-30,30,80042.0,26761.0,106803.0
10002,10002,1076,2025-08-30,2025-10-14,45,24406.0,6600.0,31006.0
10003,10003,1089,2025-08-30,2025-09-29,30,33965.0,6966.0,40931.0
10004,10004,1072,2025-09-02,2025-10-02,30,58040.0,8717.0,66757.0
10005,10005,1097,2025-09-03,2025-10-03,30,76700.0,24013.0,100713.0
10006,10006,1121,2025-08-31,2025-10-15,45,41270.0,9987.0,51257.0
10007,10007,1039,2025-08-31,2025-10-15,45,30352.0,7489.0,37841.0
10008,10008,1124,2025-09-01,2025-10-01,30,47013.0,14708.0,61721.0
10009,10009,1089,2025-09-01,2025-10-16,45,52185.0,14271.0,66456.0
10010,10010,1035,2025-08-31,2025-10-15,45,29384.0,7906.0,37290.0
10011,10011,1097,2025-08-31,2025-10-15,45,29850.0,7929.0,37779.0
10012,10012,1090,2025-09-01,2025-10-01,30,62148.0,17322.0,79470.0
10013,10013,1118,2025-08-30,2025-09-29,30,14967.0,2591.0,17558.0
10014,10014,1068,2025-09-03,2025-10-18,45,154495.0,25027.0,179522.0
10015,10015,1085,2025-08-31,2025-09-30,30,81506.0,28754.0,110260.0
10016,10016,1019,2025-08-31,2025-10-15,45,46830.0,6635.0,53465.0
10017,10017,1022,2025-08-30,2025-09-14,15,29500.0,8401.0,37901.0
10018,10018,1057,2025-08-30,2025-09-14,15,22924.0,5415.0,28339.0
10019,10019,1096,2025-09-02,2025-10-02,30,90544.0,32989.0,123533.0
10020,10020,1114,2025-08-31,2025-09-30,30,40532.0,11910.0,52442.0
10021,10021,1082,2025-08-30,2025-09-29,30,37926.0,12959.0,50885.0
10022,10022,1001,2025-08-30,2025-09-14,15,15892.0,4306.0,20198.0
10023,10023,1038,2025-09-01,2025-09-16,15,44046.0,16288.0,60334.0
10024,10024,1078,2025-08-31,2025-10-15,45,44192.0,6593.0,50785.0
10025,10025,1054,2025-08-31,2025-10-15,45,28571.0,4349.0,32920.0
10026,10026,1012,2025-09-01,2025-10-01,30,80372.0,13732.0,94104.0
10027,10027,1026,2025-09-01,2025-09-16,15,31750.0,10555.0,42305.0
10028,10028,1043,2025-09-02,2025-09-17,15,45810.0,12723.0,58533.0
10029,10029,1027,2025-08-31,2025-09-30,30,21935.0,2740.0,24675.0
10030,10030,1066,2025-09-01,2025-09-16,15,30786.0,6587.0,37373.0
10031,10031,1088,2025-09-02,2025-10-02,30,48585.0,10027.0,58612.0
10032,10032,1078,2025-09-01,2025-09-16,15,41462.0,13881.0,55343.0
10033,10033,1051,2025-09-02,2025-10-02,30,40296.0,10184.0,50480.0
10034,10034,1043,2025-09-02,2025-10-02,30,64323.0,12558.0,76881.0
10035,10035,1054,2025-09-02,2025-09-17,15,59517.0,7434.0,66951.0
10036,10036,1060,2025-09-01,2025-09-16,15,29886.0,9447.0,39333.0
10037,10037,1044,2025-09-04,2025-10-04,30,214205.0,62235.0,276440.0
10038,10038,1078,2025-08-31,2025-10-15,45,18171.0,3328.0,21499.0
10039,10039,1044,2025-09-01,2025-10-01,30,28240.0,7465.0,35705.0
10040,10040,1069,2025-09-02,2025-10-02,30,59373.0,7359.0,66732.0
10041,10041,1020,2025-09-02,2025-10-02,30,41001.0,8659.0,49660.0
10042,10042,1016,2025-08-31,2025-09-30,30,20741.0,3964.0,24705.0
10043,10043,1011,2025-08-31,2025-09-15,15,12897.0,4485.0,17382.0
10044,10044,1021,2025-09-01,2025-10-16,45,26202.0,6231.0,32433.0
10045,10045,1075,2025-09-01,2025-09-16,15,66164.0,17643.0,83807.0
10046,10046,1117,2025-09-02,2025-09-17,15,39360.0,6214.0,45574.0
10047,10047,1122,2025-09-04,2025-10-04,30,73875.0,23794.0,97669.0
10048,10048,1063,2025-08-31,2025-09-15,15,40394.0,6685.0,47079.0
10049,10049,1118,2025-09-01,2025-09-16,15,46486.0,10873.0,57359.0
10050,10050,1105,2025-09-01,2025-09-16,15,29982.0,9576.0,39558.0
10051,10051,1104,2025-09-04,2025-10-04,30,70775.0,12073.0,82848.0
10052,10052,1001,2025-08-31,2025-09-30,30,20032.0,5451.0,25483.0
10053,10053,1013,2025-09-01,2025-10-16,45,44134.0,7204.0,51338.0
10054,10054,1106,2025-08-31,2025-09-15,15,17127.0,4790.0,21917.0
10055,10055,1006,2025-08-31,2025-09-30,30,35395.0,7221.0,42616.0
10056,10056,1007,2025-09-02,2025-09-17,15,46395.0,14912.0,61307.0
10057,10057,1012,2025-09-01,2025-10-01,30,37718.0,6106.0,43824.0
10058,10058,1023,2025-08-31,2025-09-30,30,19919.0,4237.0,24156.0
10059,10059,1033,2025-09-01,2025-10-01,30,42944.0,14673.0,57617.0
10060,10060,1079,2025-09-02,2025-10-02,30,83055.0,14937.0,97992.0
10061,10061,1065,2025-09-02,2025-10-02,30,63120.0,19568.0,82688.0
10062,10062,1123,2025-09-01,2025-10-01,30,31286.0,11741.0,43027.0
10063,10063,1070,2025-08-31,2025-09-30,30,29084.0,4445.0,33529.0
10064,10064,1026,2025-08-31,2025-09-30,30,15963.0,4900.0,20863.0
10065,10065,1115,2025-09-03,2025-10-18,45,62996.0,23066.0,86062.0
10066,10066,1009,2025-09-02,2025-10-17,45,40881.0,13198.0,54079.0
10067,10067,1072,2025-08-31,2025-10-15,45,18763.0,4554.0,23317.0
10068,10068,1055,2025-08-31,2025-09-30,30,14057.0,3081.0,17138.0
10069,10069,1034,2025-09-01,2025-09-16,15,75250.0,10758.0,86008.0
10070,10070,1096,2025-08-31,2025-09-30,30,43769.0,9828.0,53597.0
10071,10071,1088,2025-09-03,2025-09-18,15,102732.0,30220.0,132952.0
10072,10072,1027,2025-09-03,2025-10-03,30,79044.0,26995.0,106039.0
10073,10073,1123,2025-09-02,2025-09-17,15,44580.0,6993.0,51573.0
10074,10074,1015,2025-09-02,2025-10-17,45,57486.0,16301.0,73787.0
10075,10075,1021,2025-09-01,2025-09-16,15,36174.0,9751.0,45925.0
10076,10076,1022,2025-09-02,2025-10-17,45,28296.0,9476.0,37772.0
10077,10077,1060,2025-09-01,2025-10-01,30,30320.0,4700.0,35020.0
10078,10078,1004,2025-09-03,2025-10-03,30,100206.0,20745.0,120951.0
10079,10079,1119,2025-09-04,2025-09-19,15,92764.0,30199.0,122963.0
10080,10080,1088,2025-09-04,2025-09-19,15,143576.0,19056.0,162632.0
10081,10081,1103,2025-09-01,2025-10-01,30,12199.0,2391.0,14590.0
10082,10082,1046,2025-09-03,2025-10-18,45,118377.0,29108.0,147485.0
10083,10083,1009,2025-09-01,2025-10-01,30,14259.0,3298.0,17557.0
10084,10084,1024,2025-09-03,2025-10-03,30,69594.0,12376.0,81970.0
10085,10085,1090,2025-09-01,2025-09-16,15,20585.0,6555.0,27140.0
10086,10086,1034,2025-09-01,2025-09-16,15,15625.0,3513.0,19138.0
10087,10087,1061,2025-09-01,2025-10-01,30,32039.0,5063.0,37102.0
10088,10088,1083,2025-09-02,2025-10-17,45,44240.0,11703.0,55943.0
10089,10089,1099,2025-09-01,2025-10-01,30,14873.0,5457.0,20330.0
10090,10090,1074,2025-09-02,2025-10-17,45,29816.0,7480.0,37296.0
10091,10091,1012,2025-09-03,2025-10-03,30,95589.0,24015.0,119604.0
10092,10092,1024,2025-09-04,2025-09-19,15,61388.0,21440.0,82828.0
10093,10093,1028,2025-09-05,2025-10-05,30,87355.0,27899.0,115254.0
10094,10094,1074,2025-09-01,2025-10-16,45,32009.0,4451.0,36460.0
10095,10095,1022,2025-09-02,2025-10-02,30,26876.0,6289.0,33165.0
10096,10096,1004,2025-09-02,2025-10-02,30,29080.0,4943.0,34023.0
10097,10097,1082,2025-09-03,2025-10-18,45,38781.0,7245.0,46026.0
10098,10098,1039,2025-09-04,2025-09-19,15,81956.0,12614.0,94570.0
10099,10099,1077,2025-09-02,2025-10-02,30,67360.0,9057.0,76417.0
10100,10100,1089,2025-09-02,2025-10-02,30,32730.0,10040.0,42770.0
10101,10101,1025,2025-09-05,2025-09-20,15,116530.0,35353.0,151883.0
10102,10102,1079,2025-09-01,2025-10-16,45,20128.0,3797.0,23925.0
10103,10103,1115,2025-09-01,2025-10-01,30,15164.0,2227.0,17391.0
10104,10104,1027,2025-09-04,2025-10-04,30,84980.0,23499.0,108479.0
10105,10105,1007,2025-09-03,2025-10-03,30,44181.0,14312.0,58493.0
10106,10106,1117,2025-09-02,2025-09-17,15,36096.0,5875.0,41971.0
10107,10107,1044,2025-09-02,2025-10-02,30,47406.0,9039.0,56445.0
10108,10108,1056,2025-09-02,2025-10-02,30,77832.0,10574.0,88406.0
10109,10109,1098,2025-09-01,2025-10-16,45,14462.0,1776.0,16238.0
10110,10110,1003,2025-09-03,2025-10-03,30,64683.0,23770.0,88453.0
10111,10111,1050,2025-09-01,2025-09-16,15,35737.0,8247.0,43984.0
10112,10112,1063,2025-09-03,2025-10-03,30,48099.0,7908.0,56007.0
10113,10113,1028,2025-09-01,2025-10-01,30,17147.0,5260.0,22407.0
10114,10114,1122,2025-09-02,2025-10-02,30,26560.0,4691.0,31251.0
10115,10115,1022,2025-09-03,2025-10-03,30,20922.0,2814.0,23736.0
10116,10116,1005,2025-09-04,2025-10-04,30,47037.0,17419.0,64456.0
10117,10117,1064,2025-09-04,2025-10-04,30,41523.0,7054.0,48577.0
10118,10118,1109,2025-09-02,2025-10-17,45,11163.0,1366.0,12529.0
10119,10119,1045,2025-09-03,2025-10-18,45,19066.0,6707.0,25773.0
10120,10120,1046,2025-09-05,2025-10-20,45,67780.0,9666.0,77446.0
10121,10121,1116,2025-09-05,2025-10-05,30,51972.0,17426.0,69398.0
10122,10122,1001,2025-09-04,2025-09-19,15,44964.0,9501.0,54465.0
10123,10123,1060,2025-09-03,2025-10-18,45,20284.0,7291.0,27575.0
10124,10124,1036,2025-09-04,2025-10-19,45,42789.0,8585.0,51374.0
10125,10125,1018,2025-09-02,2025-10-02,30,18933.0,4144.0,23077.0
10126,10126,1059,2025-09-04,2025-10-04,30,56208.0,8123.0,64331.0
10127,10127,1080,2025-09-05,2025-09-20,15,36468.0,8324.0,44792.0
10128,10128,1101,2025-09-04,2025-10-04,30,31965.0,7827.0,39792.0
10129,10129,1050,2025-09-04,2025-10-04,30,90489.0,28999.0,119488.0
10130,10130,1024,2025-09-04,2025-10-19,45,29946.0,10342.0,40288.0
10131,10131,1043,2025-09-02,2025-10-02,30,12702.0,3025.0,15727.0
10132,10132,1004,2025-09-04,2025-10-04,30,31698.0,8985.0,40683.0
10133,10133,1105,2025-09-02,2025-10-02,30,15914.0,5220.0,21134.0
10134,10134,1087,2025-09-02,2025-10-02,30,10760.0,2020.0,12780.0
10135,10135,1018,2025-09-02,2025-10-02,30,16746.0,3211.0,19957.0
10136,10136,1093,2025-09-03,2025-10-03,30,38746.0,11820.0,50566.0
10137,10137,1081,2025-09-05,2025-10-20,45,39072.0,12271.0,51343.0
10138,10138,1077,2025-09-04,2025-10-04,30,34335.0,6545.0,40880.0
10139,10139,1070,2025-09-02,2025-09-17,15,18709.0,2403.0,21112.0
10140,10140,1030,2025-09-05,2025-10-20,45,38732.0,5659.0,44391.0
10141,10141,1088,2025-09-05,2025-10-05,30,34936.0,4815.0,39751.0
10142,10142,1045,2025-09-04,2025-09-19,15,39039.0,13137.0,52176.0
10143,10143,1019,2025-09-02,2025-10-17,45,9151.0,3305.0,12456.0
10144,10144,1042,2025-09-04,2025-10-04,30,26697.0,9292.0,35989.0
10145,10145,1064,2025-09-03,2025-10-03,30,16096.0,5738.0,21834.0
10146,10146,1037,2025-09-05,2025-10-05,30,43380.0,7227.0,50607.0
10147,10147,1109,2025-09-04,2025-10-04,30,37988.0,5456.0,43444.0
10148,10148,1086,2025-09-04,2025-10-04,30,20276.0,5312.0,25588.0
10149,10149,1078,2025-09-05,2025-09-20,15,29361.0,8704.0,38065.0
10150,10150,1124,2025-09-04,2025-10-04,30,26006.0,5040.0,31046.0
10151,10151,1079,2025-09-03,2025-10-03,30,8498.0,2178.0,10676.0
10152,10152,1046,2025-09-05,2025-10-20,45,52314.0,11769.0,64083.0
10153,10153,1092,2025-09-03,2025-09-18,15,12501.0,3265.0,15766.0
10154,10154,1066,2025-09-03,2025-10-18,45,9805.0,2569.0,12374.0
10155,10155,1042,2025-09-04,2025-10-19,45,20460.0,5943.0,26403.0
10156,10156,1005,2025-09-03,2025-09-18,15,9243.0,2754.0,11997.0
10157,10157,1114,2025-09-03,2025-10-03,30,14758.0,5312.0,20070.0
10158,10158,1060,2025-09-03,2025-10-03,30,9311.0,1923.0,11234.0
10159,10159,1107,2025-09-07,2025-10-22,45,105305.0,39521.0,144826.0
10160,10160,1052,2025-09-07,2025-10-07,30,145560.0,43744.0,189304.0
10161,10161,1015,2025-09-05,2025-10-05,30,30567.0,4894.0,35461.0
10162,10162,1111,2025-09-04,2025-10-04,30,20306.0,3030.0,23336.0
10163,10163,1100,2025-09-04,2025-10-04,30,27160.0,7249.0,34409.0
10164,10164,1095,2025-09-04,2025-10-19,45,54956.0,8320.0,63276.0
10165,10165,1017,2025-09-04,2025-10-19,45,19452.0,6045.0,25497.0
10166,10166,1073,2025-09-04,2025-10-04,30,41960.0,9109.0,51069.0
10167,10167,1056,2025-09-06,2025-10-06,30,60456.0,22092.0,82548.0
10168,10168,1002,2025-09-06,2025-10-21,45,75936.0,12510.0,88446.0
10169,10169,1085,2025-09-03,2025-09-18,15,9907.0,2671.0,12578.0
10170,10170,1091,2025-09-06,2025-10-21,45,39048.0,13463.0,52511.0
10171,10171,1100,2025-09-04,2025-10-19,45,63028.0,10590.0,73618.0
10172,10172,1119,2025-09-05,2025-10-05,30,31938.0,5146.0,37084.0
10173,10173,1046,2025-09-04,2025-10-04,30,26784.0,9067.0,35851.0
10174,10174,1094,2025-09-04,2025-09-19,15,27988.0,9835.0,37823.0
10175,10175,1064,2025-09-04,2025-09-19,15,28268.0,10013.0,38281.0
10176,10176,1110,2025-09-03,2025-09-18,15,18201.0,6811.0,25012.0
10177,10177,1030,2025-09-03,2025-09-18,15,13163.0,1875.0,15038.0
10178,10178,1013,2025-09-04,2025-09-19,15,52938.0,18679.0,71617.0
10179,10179,1116,2025-09-03,2025-10-18,45,9689.0,1514.0,11203.0
10180,10180,1065,2025-09-05,2025-10-20,45,29799.0,6943.0,36742.0
10181,10181,1096,2025-09-04,2025-10-04,30,27516.0,6559.0,34075.0
10182,10182,1009,2025-09-05,2025-10-20,45,47208.0,11521.0,58729.0
10183,10183,1007,2025-09-06,2025-10-21,45,40568.0,15007.0,55575.0
10184,10184,1038,2025-09-06,2025-10-06,30,106988.0,29992.0,136980.0
10185,10185,1015,2025-09-05,2025-09-20,15,44139.0,8360.0,52499.0
10186,10186,1033,2025-09-04,2025-09-19,15,26590.0,9634.0,36224.0
10187,10187,1005,2025-09-04,2025-10-04,30,27896.0,7505.0,35401.0
10188,10188,1003,2025-09-07,2025-10-22,45,118410.0,32658.0,151068.0
10189,10189,1066,2025-09-05,2025-10-05,30,32490.0,8392.0,40882.0
10190,10190,1070,2025-09-03,2025-10-03,30,8660.0,2699.0,11359.0
10191,10191,1029,2025-09-05,2025-10-05,30,75684.0,15061.0,90745.0
10192,10192,1033,2025-09-05,2025-09-20,15,55587.0,17127.0,72714.0
10193,10193,1108,2025-09-07,2025-10-07,30,49655.0,12638.0,62293.0
10194,10194,1012,2025-09-05,2025-10-05,30,27576.0,4979.0,32555.0
10195,10195,1065,2025-09-04,2025-10-04,30,13569.0,4466.0,18035.0
10196,10196,1113,2025-09-04,2025-10-04,30,9826.0,1372.0,11198.0
10197,10197,1071,2025-09-04,2025-10-19,45,9489.0,1702.0,11191.0
10198,10198,1012,2025-09-04,2025-10-04,30,8884.0,1338.0,10222.0
10199,10199,1018,2025-09-05,2025-10-05,30,19390.0,4638.0,24028.0
10200,10200,1059,2025-09-06,2025-10-06,30,60105.0,19721.0,79826.0
10201,10201,1086,2025-09-06,2025-10-06,30,73938.0,25777.0,99715.0
10202,10202,1017,2025-09-05,2025-10-05,30,44774.0,14874.0,59648.0
10203,10203,1013,2025-09-06,2025-10-21,45,28029.0,6750.0,34779.0
10204,10204,1049,2025-09-04,2025-09-19,15,10873.0,2269.0,13142.0
10205,10205,1076,2025-09-06,2025-10-06,30,44517.0,6907.0,51424.0
10206,10206,1068,2025-09-05,2025-10-20,45,18528.0,6132.0,24660.0
10207,10207,1117,2025-09-07,2025-09-22,15,39496.0,9879.0,49375.0
10208,10208,1019,2025-09-04,2025-10-19,45,15316.0,5004.0,20320.0
10209,10209,1063,2025-09-05,2025-10-05,30,20230.0,4683.0,24913.0
10210,10210,1087,2025-09-06,2025-10-06,30,29226.0,10860.0,40086.0
10211,10211,1121,2025-09-06,2025-09-21,15,26832.0,8624.0,35456.0
10212,10212,1037,2025-09-05,2025-10-05,30,18916.0,2622.0,21538.0
10213,10213,1009,2025-09-04,2025-10-04,30,9455.0,1949.0,11404.0
10214,10214,1018,2025-09-06,2025-10-06,30,79545.0,16216.0,95761.0
10215,10215,1049,2025-09-05,2025-09-20,15,27644.0,7241.0,34885.0
10216,10216,1030,2025-09-04,2025-10-19,45,9214.0,2382.0,11596.0
10217,10217,1020,2025-09-04,2025-10-19,45,17799.0,4903.0,22702.0
10218,10218,1100,2025-09-07,2025-10-22,45,40216.0,9243.0,49459.0
10219,10219,1079,2025-09-05,2025-10-05,30,18760.0,6997.0,25757.0
10220,10220,1017,2025-09-05,2025-10-05,30,21434.0,6006.0,27440.0
10221,10221,1020,2025-09-08,2025-10-08,30,76385.0,16201.0,92586.0
10222,10222,1125,2025-09-04,2025-10-04,30,9895.0,2699.0,12594.0
10223,10223,1036,2025-09-06,2025-10-06,30,46302.0,10836.0,57138.0
10224,10224,1024,2025-09-04,2025-10-04,30,13010.0,1821.0,14831.0
10225,10225,1117,2025-09-07,2025-10-07,30,41684.0,6210.0,47894.0
10226,10226,1062,2025-09-05,2025-10-05,30,21166.0,3370.0,24536.0
10227,10227,1118,2025-09-06,2025-10-06,30,29850.0,4483.0,34333.0
10228,10228,1116,2025-09-05,2025-10-05,30,41908.0,7914.0,49822.0
10229,10229,1001,2025-09-05,2025-10-20,45,28074.0,5922.0,33996.0
10230,10230,1082,2025-09-07,2025-10-07,30,59092.0,8624.0,67716.0
10231,10231,1125,2025-09-05,2025-10-20,45,21970.0,3671.0,25641.0
10232,10232,1068,2025-09-04,2025-10-19,45,9031.0,3273.0,12304.0
10233,10233,1008,2025-09-06,2025-10-06,30,42117.0,15722.0,57839.0
10234,10234,1091,2025-09-04,2025-09-19,15,14787.0,4297.0,19084.0
10235,10235,1013,2025-09-05,2025-10-20,45,29780.0,10008.0,39788.0
10236,10236,1072,2025-09-05,2025-09-20,15,51540.0,10738.0,62278.0
10237,10237,1083,2025-09-06,2025-10-21,45,29820.0,8323.0,38143.0
10238,10238,1115,2025-09-05,2025-10-20,45,11041.0,2618.0,13659.0
10239,10239,1026,2025-09-05,2025-09-20,15,18513.0,3594.0,22107.0
10240,10240,1017,2025-09-06,2025-10-21,45,21534.0,3174.0,24708.0
10241,10241,1112,2025-09-05,2025-10-05,30,15302.0,5324.0,20626.0
10242,10242,1106,2025-09-08,2025-10-08,30,62348.0,20047.0,82395.0
10243,10243,1111,2025-09-07,2025-10-07,30,47994.0,6326.0,54320.0
10244,10244,1015,2025-09-06,2025-10-06,30,21516.0,2944.0,24460.0
10245,10245,1030,2025-09-05,2025-10-05,30,9713.0,3156.0,12869.0
10246,10246,1040,2025-09-06,2025-10-06,30,16500.0,2214.0,18714.0
10247,10247,1095,2025-09-06,2025-10-06,30,19852.0,4539.0,24391.0
10248,10248,1047,2025-09-06,2025-10-06,30,22774.0,3191.0,25965.0
10249,10249,1056,2025-09-07,2025-09-22,15,46959.0,15460.0,62419.0
10250,10250,1065,2025-09-09,2025-10-09,30,97735.0,29674.0,127409.0
10251,10251,1021,2025-09-07,2025-10-07,30,78378.0,13578.0,91956.0
10252,10252,1050,2025-09-05,2025-10-05,30,19995.0,4828.0,24823.0
10253,10253,1019,2025-09-06,2025-10-21,45,29368.0,9903.0,39271.0
10254,10254,1064,2025-09-06,2025-10-06,30,55164.0,9399.0,64563.0
10255,10255,1046,2025-09-06,2025-10-06,30,27602.0,4098.0,31700.0
10256,10256,1036,2025-09-05,2025-10-05,30,19292.0,5315.0,24607.0
10257,10257,1057,2025-09-05,2025-10-20,45,9843.0,1191.0,11034.0
10258,10258,1044,2025-09-05,2025-10-20,45,10036.0,2888.0,12924.0
10259,10259,1005,2025-09-06,2025-10-21,45,54342.0,10749.0,65091.0
10260,10260,1040,2025-09-06,2025-10-06,30,18060.0,3232.0,21292.0
10261,10261,1083,2025-09-07,2025-10-07,30,29076.0,10433.0,39509.0
10262,10262,1012,2025-09-05,2025-10-05,30,11336.0,3141.0,14477.0
10263,10263,1047,2025-09-06,2025-09-21,15,28044.0,8748.0,36792.0
10264,10264,1023,2025-09-08,2025-09-23,15,60344.0,12922.0,73266.0
10265,10265,1053,2025-09-05,2025-10-05,30,14611.0,4312.0,18923.0
10266,10266,1018,2025-09-08,2025-09-23,15,38852.0,7320.0,46172.0
10267,10267,1112,2025-09-06,2025-09-21,15,29790.0,9824.0,39614.0
10268,10268,1057,2025-09-07,2025-10-07,30,30474.0,8302.0,38776.0
10269,10269,1087,2025-09-05,2025-10-05,30,10276.0,1595.0,11871.0
10270,10270,1020,2025-09-07,2025-10-07,30,26901.0,7369.0,34270.0
10271,10271,1103,2025-09-05,2025-10-05,30,16257.0,5376.0,21633.0
10272,10272,1029,2025-09-09,2025-09-24,15,47335.0,10317.0,57652.0
10273,10273,1048,2025-09-06,2025-10-06,30,46240.0,12958.0,59198.0
10274,10274,1046,2025-09-06,2025-10-06,30,20190.0,3096.0,23286.0
10275,10275,1057,2025-09-09,2025-10-24,45,87168.0,17840.0,105008.0
10276,10276,1058,2025-09-10,2025-10-10,30,57195.0,7738.0,64933.0
10277,10277,1050,2025-09-08,2025-09-23,15,53208.0,8355.0,61563.0
10278,10278,1002,2025-09-06,2025-09-21,15,10561.0,3733.0,14294.0
10279,10279,1038,2025-09-07,2025-10-07,30,22272.0,2743.0,25015.0
10280,10280,1077,2025-09-06,2025-10-06,30,13684.0,2591.0,16275.0
10281,10281,1069,2025-09-06,2025-10-21,45,23369.0,3090.0,26459.0
10282,10282,1080,2025-09-06,2025-10-21,45,10703.0,1545.0,12248.0
10283,10283,1038,2025-09-10,2025-09-25,15,140085.0,25130.0,165215.0
10284,10284,1117,2025-09-08,2025-10-23,45,61104.0,8246.0,69350.0
10285,10285,1044,2025-09-06,2025-10-06,30,20910.0,3926.0,24836.0
10286,10286,1024,2025-09-09,2025-09-24,15,41760.0,5482.0,47242.0
10287,10287,1036,2025-09-06,2025-09-21,15,19515.0,4619.0,24134.0
10288,10288,1003,2025-09-06,2025-10-06,30,22171.0,4602.0,26773.0
10289,10289,1008,2025-09-06,2025-10-21,45,12000.0,3897.0,15897.0
10290,10290,1068,2025-09-07,2025-10-22,45,30158.0,11450.0,41608.0
10291,10291,1065,2025-09-06,2025-09-21,15,25156.0,3556.0,28712.0
10292,10292,1042,2025-09-09,2025-10-24,45,48000.0,8404.0,56404.0
10293,10293,1099,2025-09-07,2025-10-07,30,18230.0,3347.0,21577.0
10294,10294,1094,2025-09-07,2025-09-22,15,26838.0,7115.0,33953.0
10295,10295,1109,2025-09-06,2025-09-21,15,11177.0,2945.0,14122.0
10296,10296,1062,2025-09-07,2025-10-07,30,19534.0,4939.0,24473.0
10297,10297,1042,2025-09-07,2025-09-22,15,17436.0,3186.0,20622.0
10298,10298,1067,2025-09-08,2025-09-23,15,29817.0,10402.0,40219.0
10299,10299,1041,2025-09-09,2025-10-09,30,75220.0,26222.0,101442.0
10300,10300,1068,2025-09-08,2025-09-23,15,29877.0,8448.0,38325.0
10301,10301,1114,2025-09-09,2025-09-24,15,34160.0,9443.0,43603.0
10302,10302,1123,2025-09-07,2025-10-22,45,28238.0,9061.0,37299.0
10303,10303,1053,2025-09-09,2025-10-09,30,86280.0,14384.0,100664.0
10304,10304,1079,2025-09-07,2025-10-07,30,25538.0,4667.0,30205.0
10305,10305,1113,2025-09-07,2025-10-07,30,27790.0,8259.0,36049.0
10306,10306,1124,2025-09-06,2025-10-21,45,10040.0,3813.0,13853.0
10307,10307,1099,2025-09-09,2025-10-24,45,101952.0,36364.0,138316.0
10308,10308,1047,2025-09-07,2025-10-07,30,29640.0,10543.0,40183.0
10309,10309,1088,2025-09-06,2025-10-21,45,9909.0,1239.0,11148.0
10310,10310,1053,2025-09-06,2025-10-06,30,14859.0,3891.0,18750.0
10311,10311,1107,2025-09-10,2025-10-25,45,43305.0,12095.0,55400.0
10312,10312,1028,2025-09-06,2025-10-06,30,20075.0,5069.0,25144.0
10313,10313,1029,2025-09-06,2025-10-06,30,8850.0,1095.0,9945.0
10314,10314,1006,2025-09-09,2025-09-24,15,26559.0,7466.0,34025.0
10315,10315,1025,2025-09-07,2025-10-07,30,9739.0,1809.0,11548.0
10316,10316,1013,2025-09-09,2025-10-09,30,52830.0,17954.0,70784.0
10317,10317,1008,2025-09-08,2025-10-08,30,29110.0,6413.0,35523.0
10318,10318,1014,2025-09-08,2025-10-08,30,24000.0,8229.0,32229.0
10319,10319,1058,2025-09-09,2025-09-24,15,61317.0,8173.0,69490.0
10320,10320,1003,2025-09-07,2025-09-22,15,10198.0,1821.0,12019.0
10321,10321,1105,2025-09-08,2025-09-23,15,39008.0,9611.0,48619.0
10322,10322,1066,2025-09-07,2025-10-22,45,9800.0,3350.0,13150.0
10323,10323,1101,2025-09-08,2025-09-23,15,19306.0,3734.0,23040.0
10324,10324,1068,2025-09-09,2025-09-24,15,30753.0,7326.0,38079.0
10325,10325,1006,2025-09-09,2025-09-24,15,59514.0,9412.0,68926.0
10326,10326,1018,2025-09-07,2025-10-07,30,10351.0,3836.0,14187.0
10327,10327,1072,2025-09-07,2025-10-22,45,9917.0,3643.0,13560.0
10328,10328,1096,2025-09-10,2025-10-10,30,104296.0,28528.0,132824.0
10329,10329,1098,2025-09-10,2025-10-10,30,39968.0,7522.0,47490.0
10330,10330,1035,2025-09-08,2025-10-08,30,38086.0,10169.0,48255.0
10331,10331,1118,2025-09-07,2025-09-22,15,14925.0,4205.0,19130.0
10332,10332,1015,2025-09-08,2025-10-08,30,20048.0,2432.0,22480.0
10333,10333,1103,2025-09-07,2025-10-07,30,9712.0,3588.0,13300.0
10334,10334,1020,2025-09-11,2025-10-11,30,100935.0,14794.0,115729.0
10335,10335,1018,2025-09-08,2025-10-08,30,20616.0,5747.0,26363.0
10336,10336,1056,2025-09-10,2025-09-25,15,72948.0,12868.0,85816.0
10337,10337,1063,2025-09-07,2025-10-22,45,9866.0,2252.0,12118.0
10338,10338,1105,2025-09-09,2025-10-09,30,29661.0,10977.0,40638.0
10339,10339,1021,2025-09-07,2025-10-07,30,15376.0,3542.0,18918.0
10340,10340,1085,2025-09-10,2025-10-10,30,55716.0,18383.0,74099.0
10341,10341,1103,2025-09-07,2025-10-07,30,16813.0,3833.0,20646.0
10342,10342,1108,2025-09-08,2025-10-23,45,18374.0,2394.0,20768.0
10343,10343,1038,2025-09-07,2025-10-07,30,20104.0,7533.0,27637.0
10344,10344,1048,2025-09-07,2025-10-07,30,9381.0,3294.0,12675.0
10345,10345,1042,2025-09-07,2025-09-22,15,10190.0,1427.0,11617.0
10346,10346,1020,2025-09-08,2025-09-23,15,22050.0,5234.0,27284.0
10347,10347,1027,2025-09-07,2025-10-07,30,8250.0,2681.0,10931.0
10348,10348,1058,2025-09-08,2025-09-23,15,31008.0,5447.0,36455.0
10349,10349,1036,2025-09-09,2025-10-09,30,31488.0,9609.0,41097.0
10350,10350,1064,2025-09-10,2025-09-25,15,39488.0,9648.0,49136.0
10351,10351,1107,2025-09-08,2025-10-08,30,35572.0,4511.0,40083.0
10352,10352,1054,2025-09-08,2025-10-23,45,37344.0,9031.0,46375.0
10353,10353,1023,2025-09-08,2025-10-08,30,16500.0,3560.0,20060.0
10354,10354,1056,2025-09-10,2025-10-10,30,29451.0,8649.0,38100.0
10355,10355,1006,2025-09-08,2025-10-23,45,23828.0,6507.0,30335.0
10356,10356,1054,2025-09-10,2025-10-10,30,32547.0,6224.0,38771.0
10357,10357,1042,2025-09-12,2025-10-27,45,49170.0,16370.0,65540.0
10358,10358,1117,2025-09-10,2025-10-10,30,49704.0,16662.0,66366.0
10359,10359,1116,2025-09-09,2025-09-24,15,21582.0,6361.0,27943.0
10360,10360,1022,2025-09-08,2025-10-08,30,15588.0,2574.0,18162.0
10361,10361,1109,2025-09-10,2025-10-25,45,31281.0,7201.0,38482.0
10362,10362,1100,2025-09-08,2025-10-23,45,9096.0,2868.0,11964.0
10363,10363,1094,2025-09-09,2025-10-09,30,20984.0,7168.0,28152.0
10364,10364,1040,2025-09-08,2025-10-23,45,14184.0,3915.0,18099.0
10365,10365,1081,2025-09-10,2025-10-25,45,40545.0,14252.0,54797.0
10366,10366,1004,2025-09-08,2025-10-08,30,10194.0,2305.0,12499.0
10367,10367,1042,2025-09-08,2025-09-23,15,14047.0,4293.0,18340.0
10368,10368,1046,2025-09-11,2025-10-11,30,61916.0,9930.0,71846.0
10369,10369,1018,2025-09-08,2025-10-08,30,21861.0,7971.0,29832.0
10370,10370,1093,2025-09-08,2025-10-08,30,23676.0,8098.0,31774.0
10371,10371,1100,2025-09-08,2025-09-23,15,10738.0,2702.0,13440.0
10372,10372,1054,2025-09-09,2025-10-24,45,24000.0,3331.0,27331.0
10373,10373,1020,2025-09-10,2025-10-10,30,71322.0,20242.0,91564.0
10374,10374,1108,2025-09-12,2025-10-12,30,83715.0,13306.0,97021.0
10375,10375,1082,2025-09-09,2025-10-09,30,29154.0,7995.0,37149.0
10376,10376,1047,2025-09-10,2025-10-25,45,33057.0,8395.0,41452.0
10377,10377,1015,2025-09-09,2025-09-24,15,32846.0,10129.0,42975.0
10378,10378,1014,2025-09-09,2025-10-09,30,36274.0,5928.0,42202.0
10379,10379,1021,2025-09-10,2025-09-25,15,40326.0,10220.0,50546.0
10380,10380,1113,2025-09-08,2025-10-08,30,15657.0,3030.0,18687.0
10381,10381,1115,2025-09-09,2025-10-09,30,29162.0,3527.0,32689.0
10382,10382,1048,2025-09-11,2025-09-26,15,53180.0,6422.0,59602.0
10383,10383,1112,2025-09-10,2025-10-25,45,59973.0,19738.0,79711.0
10384,10384,1078,2025-09-08,2025-09-23,15,24132.0,5581.0,29713.0
10385,10385,1029,2025-09-08,2025-09-23,15,13603.0,1734.0,15337.0
10386,10386,1049,2025-09-09,2025-10-24,45,9986.0,1375.0,11361.0
10387,10387,1083,2025-09-10,2025-10-10,30,20004.0,3876.0,23880.0
10388,10388,1111,2025-09-09,2025-10-09,30,9572.0,3581.0,13153.0
10389,10389,1057,2025-09-09,2025-10-09,30,9538.0,1748.0,11286.0
10390,10390,1096,2025-09-09,2025-10-09,30,10408.0,2781.0,13189.0
10391,10391,1065,2025-09-09,2025-10-09,30,10212.0,2789.0,13001.0
10392,10392,1109,2025-09-12,2025-10-12,30,81880.0,12496.0,94376.0
10393,10393,1038,2025-09-09,2025-09-24,15,20159.0,6157.0,26316.0
10394,10394,1094,2025-09-09,2025-10-09,30,9217.0,3249.0,12466.0
10395,10395,1065,2025-09-09,2025-10-09,30,8652.0,1750.0,10402.0
10396,10396,1064,2025-09-11,2025-10-26,45,44067.0,12118.0,56185.0
10397,10397,1093,2025-09-11,2025-10-11,30,29082.0,5353.0,34435.0
10398,10398,1085,2025-09-09,2025-09-24,15,15748.0,2818.0,18566.0
10399,10399,1038,2025-09-09,2025-10-09,30,10208.0,3121.0,13329.0
10400,10400,1106,2025-09-09,2025-09-24,15,15657.0,2972.0,18629.0
10401,10401,1059,2025-09-09,2025-09-24,15,9611.0,2088.0,11699.0
10402,10402,1037,2025-09-10,2025-10-10,30,42738.0,9126.0,51864.0
10403,10403,1084,2025-09-11,2025-10-11,30,34581.0,6098.0,40679.0
10404,10404,1079,2025-09-09,2025-10-09,30,21510.0,3721.0,25231.0
10405,10405,1061,2025-09-09,2025-10-09,30,10633.0,2663.0,13296.0
10406,10406,1084,2025-09-09,2025-10-09,30,10233.0,3565.0,13798.0
10407,10407,1070,2025-09-09,2025-10-09,30,11155.0,1402.0,12557.0
10408,10408,1101,2025-09-12,2025-10-12,30,37808.0,11217.0,49025.0
10409,10409,1119,2025-09-10,2025-10-10,30,20214.0,3873.0,24087.0
10410,10410,1084,2025-09-11,2025-10-11,30,54636.0,13843.0,68479.0
10411,10411,1043,2025-09-10,2025-09-25,15,16838.0,2933.0,19771.0
10412,10412,1108,2025-09-09,2025-10-09,30,18928.0,6916.0,25844.0
10413,10413,1023,2025-09-11,2025-10-26,45,78009.0,12646.0,90655.0
10414,10414,1005,2025-09-09,2025-10-09,30,24753.0,6222.0,30975.0
10415,10415,1015,2025-09-13,2025-09-28,15,44995.0,6645.0,51640.0
10416,10416,1026,2025-09-10,2025-10-10,30,19048.0,5218.0,24266.0
10417,10417,1012,2025-09-13,2025-09-28,15,38496.0,8388.0,46884.0
10418,10418,1071,2025-09-11,2025-10-26,45,19198.0,5113.0,24311.0
10419,10419,1122,2025-09-11,2025-10-26,45,30318.0,7918.0,38236.0
10420,10420,1090,2025-09-11,2025-10-11,30,28106.0,6854.0,34960.0
10421,10421,1106,2025-09-12,2025-09-27,15,46209.0,13817.0,60026.0
10422,10422,1023,2025-09-13,2025-10-13,30,40620.0,5321.0,45941.0
10423,10423,1036,2025-09-10,2025-10-10,30,10092.0,3088.0,13180.0
10424,10424,1056,2025-09-12,2025-10-12,30,32130.0,4544.0,36674.0
10425,10425,1054,2025-09-10,2025-10-10,30,8528.0,2429.0,10957.0
10426,10426,1072,2025-09-12,2025-10-12,30,37830.0,9074.0,46904.0
10427,10427,1051,2025-09-12,2025-10-27,45,28698.0,9241.0,37939.0
10428,10428,1076,2025-09-12,2025-10-12,30,45828.0,10258.0,56086.0
10429,10429,1079,2025-09-13,2025-09-28,15,42636.0,6942.0,49578.0
10430,10430,1094,2025-09-12,2025-10-27,45,43965.0,15107.0,59072.0
10431,10431,1036,2025-09-14,2025-09-29,15,64610.0,9147.0,73757.0
10432,10432,1031,2025-09-11,2025-10-11,30,19570.0,4393.0,23963.0
10433,10433,1091,2025-09-12,2025-09-27,15,28002.0,3469.0,31471.0
10434,10434,1050,2025-09-10,2025-10-10,30,16154.0,3811.0,19965.0
10435,10435,1101,2025-09-10,2025-10-25,45,13013.0,2440.0,15453.0
10436,10436,1032,2025-09-10,2025-10-10,30,10657.0,1451.0,12108.0
10437,10437,1019,2025-09-12,2025-10-12,30,25161.0,6451.0,31612.0
10438,10438,1052,2025-09-10,2025-09-25,15,13687.0,1897.0,15584.0
10439,10439,1103,2025-09-12,2025-10-12,30,25659.0,4202.0,29861.0
10440,10440,1086,2025-09-14,2025-10-14,30,75860.0,22516.0,98376.0
10441,10441,1026,2025-09-10,2025-10-10,30,9664.0,2992.0,12656.0
10442,10442,1044,2025-09-11,2025-09-26,15,23362.0,8397.0,31759.0
10443,10443,1038,2025-09-12,2025-10-12,30,75090.0,21990.0,97080.0
10444,10444,1106,2025-09-13,2025-10-28,45,36048.0,11234.0,47282.0
10445,10445,1052,2025-09-12,2025-10-12,30,78954.0,11146.0,90100.0
10446,10446,1114,2025-09-13,2025-10-13,30,30438.0,8725.0,39163.0
10447,10447,1059,2025-09-12,2025-09-27,15,22534.0,2907.0,25441.0
10448,10448,1059,2025-09-12,2025-09-27,15,25382.0,7824.0,33206.0
10449,10449,1044,2025-09-11,2025-10-11,30,22014.0,5953.0,27967.0
10450,10450,1074,2025-09-13,2025-10-13,30,24750.0,5226.0,29976.0
10451,10451,1047,2025-09-12,2025-10-27,45,31202.0,10324.0,41526.0
10452,10452,1048,2025-09-12,2025-10-12,30,25998.0,3941.0,29939.0
10453,10453,1050,2025-09-13,2025-10-28,45,31269.0,7046.0,38315.0
10454,10454,1009,2025-09-11,2025-09-26,15,15814.0,5702.0,21516.0
10455,10455,1108,2025-09-11,2025-10-26,45,10677.0,3131.0,13808.0
10456,10456,1075,2025-09-12,2025-09-27,15,18716.0,3251.0,21967.0
10457,10457,1113,2025-09-12,2025-09-27,15,50142.0,11950.0,62092.0
10458,10458,1050,2025-09-13,2025-10-13,30,31941.0,7728.0,39669.0
10459,10459,1076,2025-09-12,2025-10-27,45,27256.0,10237.0,37493.0
10460,10460,1013,2025-09-13,2025-09-28,15,30300.0,9965.0,40265.0
10461,10461,1108,2025-09-12,2025-10-12,30,29550.0,6728.0,36278.0
10462,10462,1053,2025-09-15,2025-09-30,15,101945.0,14002.0,115947.0
10463,10463,1010,2025-09-11,2025-10-11,30,9607.0,1526.0,11133.0
10464,10464,1124,2025-09-12,2025-10-12,30,21694.0,6092.0,27786.0
10465,10465,1041,2025-09-13,2025-10-13,30,43407.0,5922.0,49329.0
10466,10466,1017,2025-09-11,2025-10-11,30,13998.0,5161.0,19159.0
10467,10467,1014,2025-09-12,2025-10-12,30,28238.0,5250.0,33488.0
10468,10468,1011,2025-09-15,2025-10-30,45,86035.0,20397.0,106432.0
10469,10469,1011,2025-09-12,2025-09-27,15,30390.0,9859.0,40249.0
10470,10470,1031,2025-09-13,2025-10-13,30,74481.0,17370.0,91851.0
10471,10471,1063,2025-09-13,2025-10-13,30,31431.0,8915.0,40346.0
10472,10472,1032,2025-09-12,2025-09-27,15,29472.0,9216.0,38688.0
10473,10473,1012,2025-09-12,2025-10-12,30,36848.0,9950.0,46798.0
10474,10474,1100,2025-09-14,2025-09-29,15,79344.0,18824.0,98168.0
10475,10475,1059,2025-09-12,2025-10-27,45,18136.0,2270.0,20406.0
10476,10476,1023,2025-09-11,2025-09-26,15,9392.0,3039.0,12431.0
10477,10477,1025,2025-09-14,2025-10-14,30,56944.0,7415.0,64359.0
10478,10478,1002,2025-09-11,2025-09-26,15,10146.0,2837.0,12983.0
10479,10479,1109,2025-09-11,2025-10-26,45,15269.0,3741.0,19010.0
10480,10480,1055,2025-09-12,2025-10-12,30,27588.0,3736.0,31324.0
10481,10481,1019,2025-09-11,2025-10-11,30,16205.0,4977.0,21182.0
10482,10482,1072,2025-09-13,2025-10-28,45,43660.0,12671.0,56331.0
10483,10483,1070,2025-09-12,2025-10-27,45,13907.0,3867.0,17774.0
10484,10484,1006,2025-09-16,2025-10-01,15,105165.0,14028.0,119193.0
10485,10485,1040,2025-09-13,2025-10-13,30,40676.0,8534.0,49210.0
10486,10486,1091,2025-09-13,2025-10-28,45,29140.0,5898.0,35038.0
10487,10487,1096,2025-09-12,2025-10-12,30,13274.0,2967.0,16241.0
10488,10488,1062,2025-09-13,2025-10-13,30,19156.0,5606.0,24762.0
10489,10489,1083,2025-09-12,2025-10-12,30,21127.0,3092.0,24219.0
10490,10490,1100,2025-09-14,2025-10-29,45,84207.0,14597.0,98804.0
10491,10491,1059,2025-09-12,2025-10-12,30,15491.0,5709.0,21200.0
10492,10492,1125,2025-09-12,2025-10-12,30,25509.0,5010.0,30519.0
10493,10493,1122,2025-09-13,2025-10-28,45,26178.0,7229.0,33407.0
10494,10494,1064,2025-09-12,2025-09-27,15,15856.0,4284.0,20140.0
10495,10495,1057,2025-09-15,2025-10-30,45,58956.0,15033.0,73989.0
10496,10496,1109,2025-09-13,2025-10-13,30,48354.0,7119.0,55473.0
10497,10497,1075,2025-09-15,2025-09-30,15,38624.0,10374.0,48998.0
10498,10498,1015,2025-09-12,2025-10-12,30,9348.0,2329.0,11677.0
10499,10499,1118,2025-09-16,2025-10-01,15,80565.0,10909.0,91474.0
10500,10500,1095,2025-09-13,2025-10-13,30,19982.0,3219.0,23201.0
10501,10501,1026,2025-09-12,2025-10-27,45,16205.0,2273.0,18478.0
10502,10502,1118,2025-09-15,2025-10-15,30,63836.0,22242.0,86078.0
10503,10503,1056,2025-09-12,2025-10-12,30,9385.0,2556.0,11941.0
10504,10504,1120,2025-09-12,2025-10-12,30,14963.0,5264.0,20227.0
10505,10505,1060,2025-09-13,2025-10-13,30,19320.0,6042.0,25362.0
10506,10506,1110,2025-09-13,2025-10-13,30,25570.0,8955.0,34525.0
10507,10507,1090,2025-09-14,2025-10-14,30,42843.0,5913.0,48756.0
10508,10508,1077,2025-09-12,2025-10-12,30,13327.0,2010.0,15337.0
10509,10509,1112,2025-09-15,2025-10-30,45,39280.0,6355.0,45635.0
10510,10510,1117,2025-09-15,2025-10-15,30,59252.0,19409.0,78661.0
10511,10511,1003,2025-09-14,2025-10-14,30,55392.0,16095.0,71487.0
10512,10512,1100,2025-09-13,2025-09-28,15,27870.0,4195.0,32065.0
10513,10513,1051,2025-09-12,2025-09-27,15,13012.0,3823.0,16835.0
10514,10514,1085,2025-09-15,2025-10-15,30,39764.0,9741.0,49505.0
10515,10515,1121,2025-09-13,2025-09-28,15,41870.0,9684.0,51554.0
10516,10516,1030,2025-09-14,2025-09-29,15,29892.0,10625.0,40517.0
10517,10517,1097,2025-09-15,2025-09-30,15,78992.0,25222.0,104214.0
10518,10518,1048,2025-09-14,2025-10-14,30,30768.0,9121.0,39889.0
10519,10519,1037,2025-09-16,2025-10-01,15,115950.0,39713.0,155663.0
10520,10520,1092,2025-09-13,2025-09-28,15,32558.0,7278.0,39836.0
10521,10521,1070,2025-09-14,2025-10-14,30,53763.0,12024.0,65787.0
10522,10522,1073,2025-09-16,2025-10-01,15,41250.0,11694.0,52944.0
10523,10523,1067,2025-09-14,2025-10-29,45,29046.0,4133.0,33179.0
10524,10524,1058,2025-09-14,2025-10-14,30,42878.0,13465.0,56343.0
10525,10525,1082,2025-09-14,2025-10-14,30,21872.0,6858.0,28730.0
10526,10526,1036,2025-09-13,2025-10-13,30,18663.0,3525.0,22188.0
10527,10527,1095,2025-09-17,2025-10-17,30,80665.0,22979.0,103644.0
10528,10528,1072,2025-09-15,2025-10-15,30,31467.0,6272.0,37739.0
10529,10529,1092,2025-09-14,2025-10-14,30,58132.0,8500.0,66632.0
10530,10530,1007,2025-09-13,2025-10-13,30,21797.0,7936.0,29733.0
10531,10531,1006,2025-09-15,2025-10-30,45,35886.0,8028.0,43914.0
10532,10532,1087,2025-09-17,2025-10-17,30,50340.0,14110.0,64450.0
10533,10533,1024,2025-09-13,2025-10-13,30,10231.0,1949.0,12180.0
10534,10534,1105,2025-09-15,2025-09-30,15,60048.0,8902.0,68950.0
10535,10535,1081,2025-09-13,2025-09-28,15,15163.0,2110.0,17273.0
10536,10536,1021,2025-09-15,2025-10-15,30,25281.0,3702.0,28983.0
10537,10537,1061,2025-09-15,2025-10-15,30,76854.0,19506.0,96360.0
10538,10538,1019,2025-09-16,2025-10-31,45,57052.0,17150.0,74202.0
10539,10539,1005,2025-09-14,2025-10-14,30,36982.0,9935.0,46917.0
10540,10540,1011,2025-09-14,2025-10-14,30,49642.0,7399.0,57041.0
10541,10541,1099,2025-09-16,2025-10-01,15,65416.0,12049.0,77465.0
10542,10542,1011,2025-09-13,2025-10-13,30,9565.0,3266.0,12831.0
10543,10543,1111,2025-09-13,2025-10-28,45,9142.0,3014.0,12156.0
10544,10544,1090,2025-09-13,2025-10-28,45,16566.0,4111.0,20677.0
10545,10545,1051,2025-09-14,2025-10-14,30,31192.0,4663.0,35855.0
10546,10546,1041,2025-09-14,2025-10-14,30,16500.0,6186.0,22686.0
10547,10547,1100,2025-09-14,2025-10-29,45,40542.0,6886.0,47428.0
10548,10548,1048,2025-09-13,2025-10-13,30,15116.0,3375.0,18491.0
10549,10549,1114,2025-09-14,2025-10-14,30,26766.0,4139.0,30905.0
10550,10550,1110,2025-09-13,2025-09-28,15,16500.0,3522.0,20022.0
10551,10551,1064,2025-09-16,2025-10-16,30,51092.0,19321.0,70413.0
10552,10552,1082,2025-09-15,2025-09-30,15,34038.0,10607.0,44645.0
10553,10553,1074,2025-09-13,2025-10-13,30,8250.0,2473.0,10723.0
10554,10554,1065,2025-09-15,2025-10-15,30,58356.0,13090.0,71446.0
10555,10555,1090,2025-09-13,2025-10-13,30,20745.0,6860.0,27605.0
10556,10556,1054,2025-09-13,2025-09-28,15,17144.0,3971.0,21115.0
10557,10557,1122,2025-09-17,2025-10-17,30,98940.0,18923.0,117863.0
10558,10558,1070,2025-09-14,2025-10-14,30,22090.0,5059.0,27149.0
10559,10559,1039,2025-09-14,2025-10-14,30,21206.0,4083.0,25289.0
10560,10560,1023,2025-09-14,2025-10-14,30,27590.0,4214.0,31804.0
10561,10561,1049,2025-09-15,2025-10-15,30,28767.0,4018.0,32785.0
10562,10562,1061,2025-09-14,2025-09-29,15,13530.0,2423.0,15953.0
10563,10563,1110,2025-09-18,2025-11-02,45,45710.0,8579.0,54289.0
10564,10564,1050,2025-09-15,2025-09-30,15,19884.0,6373.0,26257.0
10565,10565,1037,2025-09-14,2025-10-29,45,19538.0,4034.0,23572.0
10566,10566,1017,2025-09-17,2025-10-17,30,47424.0,8858.0,56282.0
10567,10567,1021,2025-09-14,2025-10-14,30,10213.0,1349.0,11562.0
10568,10568,1103,2025-09-14,2025-10-14,30,9938.0,2774.0,12712.0
10569,10569,1124,2025-09-16,2025-10-01,15,30789.0,6916.0,37705.0
10570,10570,1037,2025-09-15,2025-09-30,15,27096.0,4261.0,31357.0
10571,10571,1085,2025-09-14,2025-10-14,30,24203.0,5006.0,29209.0
10572,10572,1072,2025-09-15,2025-09-30,15,20218.0,4450.0,24668.0
10573,10573,1007,2025-09-16,2025-10-31,45,28800.0,9713.0,38513.0
10574,10574,1092,2025-09-14,2025-10-14,30,9935.0,1972.0,11907.0
10575,10575,1031,2025-09-16,2025-10-01,15,39723.0,11318.0,51041.0
10576,10576,1078,2025-09-16,2025-10-16,30,39546.0,10980.0,50526.0
10577,10577,1079,2025-09-17,2025-10-17,30,36200.0,6109.0,42309.0
10578,10578,1026,2025-09-14,2025-10-14,30,12912.0,3426.0,16338.0
10579,10579,1052,2025-09-16,2025-10-01,15,44562.0,12773.0,57335.0
10580,10580,1066,2025-09-16,2025-10-01,15,48540.0,7238.0,55778.0
10581,10581,1014,2025-09-15,2025-10-30,45,19024.0,5210.0,24234.0
10582,10582,1063,2025-09-16,2025-10-16,30,41388.0,14980.0,56368.0
10583,10583,1081,2025-09-16,2025-10-16,30,53224.0,11817.0,65041.0
10584,10584,1018,2025-09-16,2025-10-31,45,29150.0,6206.0,35356.0
10585,10585,1121,2025-09-16,2025-10-16,30,22026.0,6008.0,28034.0
10586,10586,1027,2025-09-18,2025-10-18,30,60596.0,14242.0,74838.0
10587,10587,1100,2025-09-15,2025-10-15,30,20000.0,4506.0,24506.0
10588,10588,1020,2025-09-16,2025-10-31,45,24000.0,6111.0,30111.0
10589,10589,1012,2025-09-16,2025-10-16,30,21044.0,2640.0,23684.0
10590,10590,1100,2025-09-16,2025-10-16,30,39406.0,9263.0,48669.0
10591,10591,1092,2025-09-16,2025-10-31,45,26306.0,8469.0,34775.0
10592,10592,1006,2025-09-16,2025-10-16,30,24330.0,3330.0,27660.0
10593,10593,1056,2025-09-16,2025-10-31,45,19682.0,7267.0,26949.0
10594,10594,1028,2025-09-17,2025-10-17,30,43326.0,12080.0,55406.0
10595,10595,1021,2025-09-15,2025-10-15,30,14696.0,4501.0,19197.0
10596,10596,1036,2025-09-15,2025-09-30,15,19501.0,4693.0,24194.0
10597,10597,1050,2025-09-17,2025-10-02,15,55980.0,17610.0,73590.0
10598,10598,1106,2025-09-16,2025-10-16,30,18078.0,4728.0,22806.0
10599,10599,1075,2025-09-16,2025-10-16,30,18454.0,3742.0,22196.0
10600,10600,1060,2025-09-16,2025-10-31,45,20790.0,6187.0,26977.0
10601,10601,1061,2025-09-15,2025-10-15,30,9811.0,1834.0,11645.0
10602,10602,1060,2025-09-17,2025-10-17,30,24634.0,8851.0,33485.0
10603,10603,1092,2025-09-19,2025-10-19,30,41692.0,10348.0,52040.0
10604,10604,1002,2025-09-17,2025-11-01,45,26516.0,8245.0,34761.0
10605,10605,1088,2025-09-17,2025-10-02,15,18114.0,4367.0,22481.0
10606,10606,1125,2025-09-17,2025-11-01,45,39368.0,7922.0,47290.0
10607,10607,1009,2025-09-18,2025-11-02,45,27687.0,7483.0,35170.0
10608,10608,1097,2025-09-17,2025-10-17,30,33000.0,6067.0,39067.0
10609,10609,1108,2025-09-16,2025-10-16,30,9269.0,2063.0,11332.0
10610,10610,1049,2025-09-18,2025-10-18,30,29847.0,6191.0,36038.0
10611,10611,1093,2025-09-17,2025-10-17,30,49406.0,12083.0,61489.0
10612,10612,1019,2025-09-17,2025-11-01,45,36022.0,12387.0,48409.0
10613,10613,1087,2025-09-16,2025-10-16,30,10430.0,2331.0,12761.0
10614,10614,1031,2025-09-20,2025-11-04,45,46685.0,10325.0,57010.0
10615,10615,1095,2025-09-16,2025-10-16,30,21599.0,5460.0,27059.0
10616,10616,1104,2025-09-18,2025-10-18,30,32793.0,10114.0,42907.0
10617,10617,1073,2025-09-20,2025-10-20,30,105635.0,22360.0,127995.0
10618,10618,1041,2025-09-17,2025-10-17,30,18742.0,5927.0,24669.0
10619,10619,1002,2025-09-17,2025-10-17,30,18274.0,2360.0,20634.0
10620,10620,1010,2025-09-17,2025-11-01,45,21282.0,7574.0,28856.0
10621,10621,1004,2025-09-20,2025-11-04,45,49255.0,6536.0,55791.0
10622,10622,1088,2025-09-19,2025-10-19,30,39900.0,11404.0,51304.0
10623,10623,1029,2025-09-16,2025-10-01,15,11530.0,2008.0,13538.0
10624,10624,1019,2025-09-19,2025-10-19,30,72792.0,12738.0,85530.0
10625,10625,1024,2025-09-16,2025-10-16,30,18874.0,5127.0,24001.0
10626,10626,1079,2025-09-16,2025-10-16,30,10097.0,1434.0,11531.0
10627,10627,1048,2025-09-18,2025-11-02,45,30687.0,9622.0,40309.0
10628,10628,1077,2025-09-19,2025-10-19,30,51912.0,14818.0,66730.0
10629,10629,1042,2025-09-19,2025-10-04,15,42572.0,5457.0,48029.0
10630,10630,1095,2025-09-16,2025-10-16,30,14986.0,4042.0,19028.0
10631,10631,1056,2025-09-18,2025-10-18,30,43056.0,13167.0,56223.0
10632,10632,1084,2025-09-16,2025-10-16,30,24885.0,7814.0,32699.0
10633,10633,1104,2025-09-18,2025-11-02,45,73857.0,19835.0,93692.0
10634,10634,1025,2025-09-16,2025-10-31,45,14432.0,4219.0,18651.0
10635,10635,1019,2025-09-18,2025-10-03,15,52167.0,12422.0,64589.0
10636,10636,1114,2025-09-16,2025-10-16,30,9011.0,1125.0,10136.0
10637,10637,1018,2025-09-18,2025-10-18,30,28786.0,9067.0,37853.0
10638,10638,1037,2025-09-21,2025-10-21,30,72715.0,12505.0,85220.0
10639,10639,1007,2025-09-17,2025-11-01,45,9400.0,1974.0,11374.0
10640,10640,1013,2025-09-20,2025-10-05,15,40156.0,5039.0,45195.0
10641,10641,1094,2025-09-18,2025-10-18,30,20500.0,5470.0,25970.0
10642,10642,1120,2025-09-19,2025-10-19,30,40824.0,15481.0,56305.0
10643,10643,1124,2025-09-18,2025-10-18,30,29658.0,6089.0,35747.0
10644,10644,1040,2025-09-20,2025-10-05,15,42716.0,5497.0,48213.0
10645,10645,1064,2025-09-18,2025-10-18,30,19188.0,2626.0,21814.0
10646,10646,1040,2025-09-20,2025-10-20,30,53760.0,20108.0,73868.0
10647,10647,1020,2025-09-17,2025-10-17,30,15387.0,5387.0,20774.0
10648,10648,1001,2025-09-20,2025-10-20,30,42520.0,8961.0,51481.0
10649,10649,1051,2025-09-21,2025-10-21,30,73625.0,8965.0,82590.0
10650,10650,1100,2025-09-18,2025-10-03,15,43886.0,15205.0,59091.0
10651,10651,1007,2025-09-19,2025-10-19,30,48747.0,17192.0,65939.0
10652,10652,1107,2025-09-18,2025-10-18,30,19312.0,4372.0,23684.0
10653,10653,1107,2025-09-21,2025-10-21,30,50050.0,10882.0,60932.0
10654,10654,1069,2025-09-18,2025-11-02,45,26810.0,7895.0,34705.0
10655,10655,1074,2025-09-17,2025-10-17,30,20172.0,5288.0,25460.0
10656,10656,1029,2025-09-17,2025-10-02,15,13331.0,1847.0,15178.0
10657,10657,1006,2025-09-20,2025-11-04,45,37412.0,13431.0,50843.0
10658,10658,1073,2025-09-17,2025-10-17,30,13721.0,4808.0,18529.0
10659,10659,1003,2025-09-20,2025-10-20,30,50220.0,12812.0,63032.0
10660,10660,1010,2025-09-17,2025-10-02,15,15164.0,5619.0,20783.0
10661,10661,1033,2025-09-19,2025-10-19,30,57303.0,8888.0,66191.0
10662,10662,1007,2025-09-17,2025-11-01,45,15855.0,4583.0,20438.0
10663,10663,1018,2025-09-18,2025-10-03,15,20808.0,5378.0,26186.0
10664,10664,1029,2025-09-18,2025-10-03,15,20492.0,7002.0,27494.0
10665,10665,1116,2025-09-19,2025-10-04,15,58452.0,10758.0,69210.0
10666,10666,1063,2025-09-17,2025-11-01,45,19154.0,2447.0,21601.0
10667,10667,1040,2025-09-19,2025-11-03,45,44700.0,8166.0,52866.0
10668,10668,1082,2025-09-19,2025-11-03,45,30786.0,10604.0,41390.0
10669,10669,1124,2025-09-18,2025-10-03,15,21354.0,7102.0,28456.0
10670,10670,1123,2025-09-18,2025-10-18,30,34444.0,8361.0,42805.0
10671,10671,1092,2025-09-18,2025-10-03,15,19284.0,2544.0,21828.0
10672,10672,1028,2025-09-18,2025-11-02,45,21958.0,3590.0,25548.0
10673,10673,1111,2025-09-17,2025-10-02,15,13547.0,2591.0,16138.0
10674,10674,1089,2025-09-20,2025-10-05,15,78020.0,25888.0,103908.0
10675,10675,1014,2025-09-21,2025-10-21,30,80685.0,26780.0,107465.0
10676,10676,1103,2025-09-17,2025-10-17,30,12564.0,4611.0,17175.0
10677,10677,1103,2025-09-20,2025-10-20,30,34800.0,8556.0,43356.0
10678,10678,1097,2025-09-20,2025-11-04,45,47364.0,12911.0,60275.0
10679,10679,1053,2025-09-22,2025-10-07,15,133700.0,50643.0,184343.0
10680,10680,1033,2025-09-19,2025-10-19,30,19450.0,7081.0,26531.0
10681,10681,1054,2025-09-18,2025-10-18,30,10809.0,1876.0,12685.0
10682,10682,1069,2025-09-21,2025-10-21,30,85280.0,14707.0,99987.0
10683,10683,1112,2025-09-18,2025-10-18,30,13980.0,2550.0,16530.0
10684,10684,1103,2025-09-19,2025-10-19,30,27338.0,3545.0,30883.0
10685,10685,1006,2025-09-19,2025-10-19,30,31256.0,10865.0,42121.0
10686,10686,1100,2025-09-18,2025-10-03,15,9196.0,1287.0,10483.0
10687,10687,1024,2025-09-18,2025-10-18,30,26905.0,7265.0,34170.0
10688,10688,1040,2025-09-22,2025-10-22,30,52010.0,14924.0,66934.0
10689,10689,1021,2025-09-18,2025-11-02,45,15333.0,3091.0,18424.0
10690,10690,1043,2025-09-18,2025-11-02,45,15048.0,4438.0,19486.0
10691,10691,1047,2025-09-18,2025-10-18,30,14532.0,3509.0,18041.0
10692,10692,1026,2025-09-18,2025-11-02,45,10225.0,2690.0,12915.0
10693,10693,1063,2025-09-18,2025-10-18,30,9827.0,1822.0,11649.0
10694,10694,1059,2025-09-19,2025-10-04,15,28878.0,10146.0,39024.0
10695,10695,1099,2025-09-19,2025-10-19,30,40540.0,6136.0,46676.0
10696,10696,1098,2025-09-20,2025-10-20,30,45087.0,6833.0,51920.0
10697,10697,1022,2025-09-19,2025-10-19,30,19018.0,5504.0,24522.0
10698,10698,1067,2025-09-19,2025-10-04,15,20316.0,7578.0,27894.0
10699,10699,1091,2025-09-21,2025-10-21,30,80644.0,22729.0,103373.0
10700,10700,1039,2025-09-20,2025-10-20,30,45477.0,13406.0,58883.0
10701,10701,1079,2025-09-19,2025-10-19,30,21510.0,7993.0,29503.0
10702,10702,1096,2025-09-19,2025-10-19,30,20100.0,7459.0,27559.0
10703,10703,1008,2025-09-19,2025-10-04,15,25252.0,6484.0,31736.0
10704,10704,1038,2025-09-19,2025-10-19,30,18256.0,6078.0,24334.0
10705,10705,1043,2025-09-18,2025-10-18,30,10571.0,2004.0,12575.0
10706,10706,1017,2025-09-19,2025-10-19,30,20124.0,7236.0,27360.0
10707,10707,1071,2025-09-19,2025-10-19,30,20924.0,5560.0,26484.0
10708,10708,1099,2025-09-18,2025-11-02,45,9749.0,2235.0,11984.0
10709,10709,1078,2025-09-19,2025-11-03,45,18890.0,4809.0,23699.0
10710,10710,1123,2025-09-19,2025-10-19,30,21644.0,4476.0,26120.0
10711,10711,1047,2025-09-19,2025-10-19,30,9896.0,3021.0,12917.0
10712,10712,1121,2025-09-19,2025-10-04,15,9541.0,1472.0,11013.0
10713,10713,1030,2025-09-19,2025-10-04,15,9215.0,1234.0,10449.0
10714,10714,1012,2025-09-20,2025-11-04,45,19480.0,4977.0,24457.0
10715,10715,1009,2025-09-19,2025-11-03,45,11160.0,1988.0,13148.0
10716,10716,1085,2025-09-19,2025-10-04,15,9100.0,2403.0,11503.0
10717,10717,1075,2025-09-22,2025-10-22,30,85652.0,31239.0,116891.0
10718,10718,1100,2025-09-19,2025-10-04,15,9491.0,2408.0,11899.0
10719,10719,1071,2025-09-20,2025-10-20,30,18652.0,2330.0,20982.0
10720,10720,1109,2025-09-22,2025-11-06,45,35588.0,12661.0,48249.0
10721,10721,1115,2025-09-19,2025-11-03,45,21375.0,3537.0,24912.0
10722,10722,1110,2025-09-22,2025-10-07,15,52128.0,9565.0,61693.0
10723,10723,1114,2025-09-19,2025-10-19,30,9653.0,2259.0,11912.0
10724,10724,1093,2025-09-20,2025-10-05,15,22308.0,5649.0,27957.0
10725,10725,1031,2025-09-19,2025-10-19,30,18582.0,4936.0,23518.0
10726,10726,1016,2025-09-19,2025-11-03,45,9808.0,3186.0,12994.0
10727,10727,1108,2025-09-20,2025-10-20,30,32432.0,4409.0,36841.0
10728,10728,1049,2025-09-19,2025-10-19,30,15124.0,3038.0,18162.0
10729,10729,1059,2025-09-23,2025-10-23,30,54570.0,7108.0,61678.0
10730,10730,1042,2025-09-19,2025-10-04,15,10442.0,3707.0,14149.0
10731,10731,1084,2025-09-21,2025-10-21,30,26859.0,6722.0,33581.0
10732,10732,1027,2025-09-19,2025-10-19,30,9862.0,3316.0,13178.0
10733,10733,1106,2025-09-19,2025-11-03,45,10477.0,2324.0,12801.0
10734,10734,1098,2025-09-20,2025-10-20,30,32674.0,6601.0,39275.0
10735,10735,1060,2025-09-19,2025-10-19,30,10355.0,3204.0,13559.0
10736,10736,1045,2025-09-21,2025-10-21,30,65271.0,19129.0,84400.0
10737,10737,1054,2025-09-20,2025-10-20,30,53856.0,14070.0,67926.0
10738,10738,1091,2025-09-20,2025-10-20,30,21808.0,4590.0,26398.0
10739,10739,1084,2025-09-21,2025-10-21,30,19590.0,6835.0,26425.0
10740,10740,1038,2025-09-20,2025-10-20,30,13924.0,3162.0,17086.0
10741,10741,1047,2025-09-20,2025-10-20,30,10349.0,2267.0,12616.0
10742,10742,1098,2025-09-22,2025-10-07,15,30543.0,3853.0,34396.0
10743,10743,1006,2025-09-21,2025-11-05,45,20574.0,7648.0,28222.0
10744,10744,1085,2025-09-21,2025-10-06,15,18316.0,3200.0,21516.0
10745,10745,1117,2025-09-20,2025-10-20,30,9337.0,1872.0,11209.0
10746,10746,1119,2025-09-21,2025-11-05,45,30778.0,4044.0,34822.0
10747,10747,1009,2025-09-21,2025-10-21,30,27570.0,7827.0,35397.0
10748,10748,1023,2025-09-20,2025-11-04,45,14133.0,3291.0,17424.0
10749,10749,1021,2025-09-21,2025-10-21,30,27194.0,7602.0,34796.0
10750,10750,1114,2025-09-22,2025-11-06,45,44994.0,8605.0,53599.0
10751,10751,1053,2025-09-20,2025-10-05,15,13213.0,3986.0,17199.0
10752,10752,1011,2025-09-22,2025-10-07,15,29136.0,10723.0,39859.0
10753,10753,1098,2025-09-20,2025-10-05,15,15140.0,2786.0,17926.0
10754,10754,1101,2025-09-24,2025-11-08,45,101450.0,29619.0,131069.0
10755,10755,1095,2025-09-22,2025-10-22,30,30573.0,5827.0,36400.0
10756,10756,1087,2025-09-22,2025-10-07,15,45837.0,16197.0,62034.0
10757,10757,1092,2025-09-20,2025-10-20,30,24625.0,6337.0,30962.0
10758,10758,1125,2025-09-21,2025-10-21,30,31458.0,7365.0,38823.0
10759,10759,1005,2025-09-22,2025-10-22,30,28350.0,6078.0,34428.0
10760,10760,1032,2025-09-20,2025-10-20,30,15083.0,5040.0,20123.0
10761,10761,1088,2025-09-20,2025-10-20,30,18701.0,5649.0,24350.0
10762,10762,1109,2025-09-22,2025-10-22,30,63822.0,19137.0,82959.0
10763,10763,1104,2025-09-22,2025-11-06,45,29142.0,6440.0,35582.0
10764,10764,1033,2025-09-24,2025-11-08,45,63875.0,21286.0,85161.0
10765,10765,1003,2025-09-24,2025-10-24,30,45905.0,10689.0,56594.0
10766,10766,1103,2025-09-22,2025-10-22,30,49773.0,15389.0,65162.0
10767,10767,1075,2025-09-20,2025-10-20,30,10248.0,1913.0,12161.0
10768,10768,1111,2025-09-21,2025-10-21,30,20322.0,5654.0,25976.0
10769,10769,1117,2025-09-21,2025-10-21,30,52260.0,12231.0,64491.0
10770,10770,1022,2025-09-20,2025-10-20,30,10840.0,2112.0,12952.0
10771,10771,1015,2025-09-20,2025-10-20,30,9849.0,3145.0,12994.0
10772,10772,1014,2025-09-20,2025-10-20,30,8589.0,1221.0,9810.0
10773,10773,1070,2025-09-20,2025-10-20,30,10302.0,1895.0,12197.0
10774,10774,1011,2025-09-22,2025-10-22,30,45438.0,16919.0,62357.0
10775,10775,1013,2025-09-22,2025-10-22,30,29672.0,6678.0,36350.0
10776,10776,1088,2025-09-22,2025-10-22,30,20128.0,4643.0,24771.0
10777,10777,1054,2025-09-21,2025-11-05,45,10363.0,2136.0,12499.0
10778,10778,1091,2025-09-21,2025-10-21,30,12975.0,3853.0,16828.0
10779,10779,1044,2025-09-21,2025-11-05,45,10743.0,1677.0,12420.0
10780,10780,1046,2025-09-22,2025-10-22,30,20414.0,6990.0,27404.0
10781,10781,1121,2025-09-21,2025-10-21,30,10850.0,1670.0,12520.0
10782,10782,1113,2025-09-22,2025-11-06,45,29990.0,10561.0,40551.0
10783,10783,1003,2025-09-21,2025-10-21,30,10559.0,1271.0,11830.0
10784,10784,1056,2025-09-22,2025-10-07,15,36258.0,12271.0,48529.0
10785,10785,1048,2025-09-25,2025-10-10,15,66845.0,18069.0,84914.0
10786,10786,1073,2025-09-23,2025-10-23,30,36462.0,11486.0,47948.0
10787,10787,1122,2025-09-22,2025-10-22,30,26108.0,7433.0,33541.0
10788,10788,1038,2025-09-22,2025-10-22,30,21488.0,6074.0,27562.0
10789,10789,1035,2025-09-23,2025-10-08,15,40032.0,10503.0,50535.0
10790,10790,1002,2025-09-21,2025-10-21,30,10958.0,1713.0,12671.0
10791,10791,1015,2025-09-21,2025-10-21,30,10512.0,3118.0,13630.0
10792,10792,1119,2025-09-24,2025-10-09,15,55032.0,11709.0,66741.0
10793,10793,1022,2025-09-21,2025-10-06,15,20472.0,6395.0,26867.0
10794,10794,1053,2025-09-21,2025-10-21,30,20656.0,2982.0,23638.0
10795,10795,1120,2025-09-22,2025-10-22,30,35640.0,11942.0,47582.0
10796,10796,1050,2025-09-23,2025-11-07,45,43047.0,14794.0,57841.0
10797,10797,1089,2025-09-21,2025-10-21,30,10199.0,3796.0,13995.0
10798,10798,1108,2025-09-24,2025-10-24,30,38124.0,7516.0,45640.0
10799,10799,1094,2025-09-23,2025-10-23,30,32793.0,4188.0,36981.0
10800,10800,1057,2025-09-23,2025-10-23,30,31611.0,8960.0,40571.0
10801,10801,1088,2025-09-23,2025-10-23,30,44685.0,16387.0,61072.0
10802,10802,1072,2025-09-22,2025-10-07,15,10295.0,3457.0,13752.0
10803,10803,1058,2025-09-23,2025-10-23,30,38088.0,5352.0,43440.0
10804,10804,1039,2025-09-26,2025-10-26,30,76950.0,27604.0,104554.0
10805,10805,1043,2025-09-25,2025-10-10,15,39412.0,12241.0,51653.0
10806,10806,1112,2025-09-22,2025-11-06,45,10536.0,2733.0,13269.0
10807,10807,1001,2025-09-23,2025-10-23,30,44964.0,16817.0,61781.0
10808,10808,1006,2025-09-25,2025-11-09,45,66904.0,23880.0,90784.0
10809,10809,1107,2025-09-22,2025-10-07,15,15664.0,3950.0,19614.0
10810,10810,1124,2025-09-22,2025-10-22,30,13033.0,3512.0,16545.0
10811,10811,1002,2025-09-22,2025-11-06,45,10137.0,1480.0,11617.0
10812,10812,1062,2025-09-24,2025-10-24,30,38904.0,8709.0,47613.0
10813,10813,1101,2025-09-24,2025-10-09,15,40329.0,5131.0,45460.0
10814,10814,1103,2025-09-22,2025-11-06,45,8296.0,1710.0,10006.0
10815,10815,1074,2025-09-23,2025-10-23,30,19682.0,5811.0,25493.0
10816,10816,1077,2025-09-22,2025-10-22,30,15206.0,2485.0,17691.0
10817,10817,1123,2025-09-23,2025-10-23,30,40112.0,14421.0,54533.0
10818,10818,1018,2025-09-22,2025-10-07,15,10030.0,2066.0,12096.0
10819,10819,1109,2025-09-22,2025-10-22,30,9517.0,2307.0,11824.0
10820,10820,1024,2025-09-24,2025-10-24,30,26019.0,4560.0,30579.0
10821,10821,1073,2025-09-24,2025-10-24,30,28218.0,4629.0,32847.0
10822,10822,1020,2025-09-23,2025-11-07,45,19780.0,5709.0,25489.0
10823,10823,1021,2025-09-26,2025-11-10,45,51700.0,16433.0,68133.0
10824,10824,1063,2025-09-23,2025-10-08,15,52582.0,19413.0,71995.0
10825,10825,1078,2025-09-22,2025-10-22,30,8686.0,2227.0,10913.0
10826,10826,1013,2025-09-22,2025-10-22,30,10147.0,1818.0,11965.0
10827,10827,1028,2025-09-24,2025-11-08,45,80529.0,21260.0,101789.0
10828,10828,1109,2025-09-23,2025-10-23,30,20456.0,7339.0,27795.0
10829,10829,1007,2025-09-22,2025-10-22,30,8938.0,3069.0,12007.0
10830,10830,1062,2025-09-23,2025-11-07,45,20118.0,3645.0,23763.0
10831,10831,1064,2025-09-23,2025-11-07,45,37202.0,8542.0,45744.0
10832,10832,1031,2025-09-24,2025-10-24,30,31668.0,6730.0,38398.0
10833,10833,1074,2025-09-22,2025-10-22,30,10657.0,2484.0,13141.0
10834,10834,1033,2025-09-23,2025-10-23,30,46768.0,12397.0,59165.0
10835,10835,1046,2025-09-22,2025-10-07,15,20118.0,2879.0,22997.0
10836,10836,1038,2025-09-23,2025-10-08,15,23372.0,4643.0,28015.0
10837,10837,1056,2025-09-24,2025-10-24,30,62079.0,22568.0,84647.0
10838,10838,1003,2025-09-23,2025-11-07,45,21168.0,3084.0,24252.0
10839,10839,1121,2025-09-24,2025-10-24,30,45606.0,6598.0,52204.0
10840,10840,1046,2025-09-23,2025-10-23,30,23718.0,3894.0,27612.0
10841,10841,1064,2025-09-23,2025-10-08,15,52072.0,10302.0,62374.0
10842,10842,1117,2025-09-23,2025-10-23,30,18400.0,3727.0,22127.0
10843,10843,1066,2025-09-22,2025-10-22,30,14177.0,2856.0,17033.0
10844,10844,1040,2025-09-23,2025-10-23,30,14034.0,5155.0,19189.0
10845,10845,1092,2025-09-23,2025-10-23,30,15116.0,1910.0,17026.0
10846,10846,1053,2025-09-25,2025-10-10,15,42099.0,15142.0,57241.0
10847,10847,1031,2025-09-24,2025-10-24,30,17728.0,4960.0,22688.0
10848,10848,1088,2025-09-23,2025-10-23,30,18897.0,3762.0,22659.0
10849,10849,1012,2025-09-23,2025-10-08,15,9090.0,3123.0,12213.0
10850,10850,1036,2025-09-26,2025-10-26,30,39504.0,12091.0,51595.0
10851,10851,1065,2025-09-23,2025-10-23,30,9585.0,2521.0,12106.0
10852,10852,1026,2025-09-26,2025-11-10,45,38840.0,13633.0,52473.0
10853,10853,1084,2025-09-24,2025-10-24,30,20452.0,5053.0,25505.0
10854,10854,1049,2025-09-23,2025-10-08,15,10626.0,3148.0,13774.0
10855,10855,1119,2025-09-24,2025-10-24,30,39902.0,10644.0,50546.0
10856,10856,1117,2025-09-23,2025-10-08,15,10078.0,3018.0,13096.0
10857,10857,1041,2025-09-26,2025-10-26,30,81236.0,23585.0,104821.0
10858,10858,1062,2025-09-23,2025-10-08,15,16500.0,2271.0,18771.0
10859,10859,1050,2025-09-24,2025-10-24,30,28464.0,4803.0,33267.0
10860,10860,1025,2025-09-26,2025-10-26,30,36924.0,10030.0,46954.0
10861,10861,1027,2025-09-25,2025-11-09,45,28320.0,7415.0,35735.0
10862,10862,1071,2025-09-24,2025-10-24,30,19482.0,3107.0,22589.0
10863,10863,1001,2025-09-25,2025-10-25,30,49500.0,11693.0,61193.0
10864,10864,1050,2025-09-26,2025-10-26,30,35316.0,11809.0,47125.0
10865,10865,1013,2025-09-26,2025-10-11,15,40032.0,6094.0,46126.0
10866,10866,1016,2025-09-24,2025-10-09,15,36386.0,12690.0,49076.0
10867,10867,1070,2025-09-25,2025-10-25,30,60648.0,22576.0,83224.0
10868,10868,1054,2025-09-26,2025-10-26,30,40052.0,7346.0,47398.0
10869,10869,1065,2025-09-23,2025-11-07,45,14627.0,3057.0,17684.0
10870,10870,1002,2025-09-23,2025-10-23,30,9784.0,3690.0,13474.0
10871,10871,1120,2025-09-24,2025-11-08,45,29708.0,11202.0,40910.0
10872,10872,1122,2025-09-23,2025-11-07,45,10292.0,2416.0,12708.0
10873,10873,1065,2025-09-24,2025-10-09,15,21004.0,7758.0,28762.0
10874,10874,1091,2025-09-26,2025-11-10,45,40660.0,14907.0,55567.0
10875,10875,1123,2025-09-23,2025-10-08,15,19850.0,4769.0,24619.0
10876,10876,1024,2025-09-25,2025-10-25,30,43296.0,10863.0,54159.0
10877,10877,1108,2025-09-24,2025-10-24,30,19192.0,6728.0,25920.0
10878,10878,1082,2025-09-26,2025-11-10,45,49360.0,8987.0,58347.0
10879,10879,1013,2025-09-23,2025-10-23,30,12332.0,3174.0,15506.0
10880,10880,1020,2025-09-23,2025-10-23,30,14706.0,2882.0,17588.0
10881,10881,1029,2025-09-24,2025-10-24,30,9204.0,1685.0,10889.0
10882,10882,1009,2025-09-25,2025-10-25,30,21252.0,2837.0,24089.0
10883,10883,1064,2025-09-24,2025-10-24,30,10001.0,2744.0,12745.0
10884,10884,1070,2025-09-25,2025-10-10,15,25608.0,8203.0,33811.0
10885,10885,1057,2025-09-25,2025-11-09,45,46104.0,7119.0,53223.0
10886,10886,1001,2025-09-26,2025-10-26,30,57711.0,16804.0,74515.0
10887,10887,1112,2025-09-26,2025-10-26,30,40368.0,4946.0,45314.0
10888,10888,1039,2025-09-26,2025-10-26,30,41322.0,5328.0,46650.0
10889,10889,1004,2025-09-24,2025-10-09,15,9567.0,1636.0,11203.0
10890,10890,1068,2025-09-24,2025-10-09,15,20868.0,6982.0,27850.0
10891,10891,1073,2025-09-26,2025-10-26,30,27825.0,8741.0,36566.0
10892,10892,1057,2025-09-24,2025-10-09,15,14059.0,4954.0,19013.0
10893,10893,1098,2025-09-24,2025-10-24,30,10376.0,1913.0,12289.0
10894,10894,1028,2025-09-24,2025-10-24,30,10158.0,2156.0,12314.0
10895,10895,1097,2025-09-28,2025-10-28,30,65605.0,9185.0,74790.0
10896,10896,1076,2025-09-26,2025-10-26,30,56535.0,9507.0,66042.0
10897,10897,1059,2025-09-27,2025-10-12,15,39516.0,9199.0,48715.0
10898,10898,1007,2025-09-24,2025-10-09,15,14450.0,2372.0,16822.0
10899,10899,1108,2025-09-24,2025-10-09,15,20141.0,5630.0,25771.0
10900,10900,1124,2025-09-25,2025-10-25,30,29714.0,8675.0,38389.0
10901,10901,1119,2025-09-26,2025-10-11,15,31473.0,4298.0,35771.0
10902,10902,1049,2025-09-26,2025-10-11,15,29142.0,10257.0,39399.0
10903,10903,1008,2025-09-28,2025-10-28,30,73665.0,24249.0,97914.0
10904,10904,1111,2025-09-25,2025-10-25,30,27084.0,7197.0,34281.0
10905,10905,1014,2025-09-27,2025-10-27,30,39856.0,11026.0,50882.0
10906,10906,1041,2025-09-24,2025-10-24,30,10484.0,2286.0,12770.0
10907,10907,1021,2025-09-26,2025-10-11,15,43359.0,12040.0,55399.0
10908,10908,1035,2025-09-27,2025-10-27,30,42856.0,11508.0,54364.0
10909,10909,1068,2025-09-24,2025-10-24,30,10601.0,1764.0,12365.0
10910,10910,1064,2025-09-26,2025-10-26,30,27651.0,5858.0,33509.0
10911,10911,1092,2025-09-28,2025-10-13,15,69955.0,25340.0,95295.0
10912,10912,1062,2025-09-26,2025-10-26,30,33726.0,9787.0,43513.0
10913,10913,1013,2025-09-24,2025-10-24,30,8875.0,1807.0,10682.0
10914,10914,1067,2025-09-28,2025-10-28,30,89452.0,27714.0,117166.0
10915,10915,1044,2025-09-28,2025-11-12,45,85408.0,21208.0,106616.0
10916,10916,1106,2025-09-27,2025-10-27,30,36000.0,11081.0,47081.0
10917,10917,1017,2025-09-25,2025-10-25,30,19235.0,6346.0,25581.0
10918,10918,1125,2025-09-27,2025-11-11,45,27513.0,7756.0,35269.0
10919,10919,1013,2025-09-25,2025-10-10,15,11083.0,3705.0,14788.0
10920,10920,1044,2025-09-29,2025-10-29,30,135040.0,19636.0,154676.0
10921,10921,1105,2025-09-27,2025-10-27,30,26733.0,5582.0,32315.0
10922,10922,1060,2025-09-25,2025-11-09,45,9064.0,1356.0,10420.0
10923,10923,1112,2025-09-26,2025-11-10,45,30636.0,9203.0,39839.0
10924,10924,1110,2025-09-27,2025-10-27,30,32580.0,8705.0,41285.0
10925,10925,1040,2025-09-27,2025-10-27,30,42078.0,11372.0,53450.0
10926,10926,1083,2025-09-28,2025-10-28,30,56452.0,15413.0,71865.0
10927,10927,1030,2025-09-27,2025-10-12,15,77727.0,26301.0,104028.0
10928,10928,1121,2025-09-29,2025-11-13,45,102810.0,18876.0,121686.0
10929,10929,1039,2025-09-25,2025-10-25,30,10777.0,2851.0,13628.0
10930,10930,1039,2025-09-25,2025-10-25,30,27544.0,5175.0,32719.0
10931,10931,1040,2025-09-25,2025-11-09,45,12690.0,3230.0,15920.0
10932,10932,1073,2025-09-26,2025-11-10,45,18984.0,5313.0,24297.0
10933,10933,1097,2025-09-25,2025-10-10,15,11253.0,3640.0,14893.0
10934,10934,1094,2025-09-25,2025-10-25,30,8977.0,2960.0,11937.0
10935,10935,1008,2025-09-25,2025-10-25,30,14822.0,4672.0,19494.0
10936,10936,1028,2025-09-26,2025-10-26,30,21710.0,4736.0,26446.0
10937,10937,1010,2025-09-27,2025-10-27,30,31434.0,10949.0,42383.0
10938,10938,1072,2025-09-26,2025-10-26,30,17866.0,5948.0,23814.0
10939,10939,1089,2025-09-28,2025-11-12,45,62388.0,21303.0,83691.0
10940,10940,1067,2025-09-30,2025-10-30,30,120685.0,37853.0,158538.0
10941,10941,1066,2025-09-27,2025-10-27,30,32982.0,9010.0,41992.0
10942,10942,1018,2025-09-27,2025-10-12,15,18186.0,5940.0,24126.0
10943,10943,1019,2025-09-26,2025-10-11,15,10615.0,2902.0,13517.0
10944,10944,1022,2025-09-26,2025-10-11,15,20322.0,6414.0,26736.0
10945,10945,1052,2025-09-26,2025-11-10,45,10595.0,1503.0,12098.0
10946,10946,1053,2025-09-28,2025-10-28,30,26958.0,5018.0,31976.0
10947,10947,1015,2025-09-28,2025-10-13,15,28821.0,10619.0,39440.0
10948,10948,1009,2025-09-28,2025-11-12,45,27921.0,5300.0,33221.0
10949,10949,1106,2025-09-26,2025-10-11,15,19301.0,6755.0,26056.0
10950,10950,1018,2025-09-27,2025-10-12,15,26626.0,6824.0,33450.0
10951,10951,1045,2025-09-27,2025-10-27,30,18762.0,6571.0,25333.0
10952,10952,1097,2025-09-26,2025-10-26,30,14129.0,1788.0,15917.0
10953,10953,1047,2025-09-28,2025-11-12,45,49899.0,10661.0,60560.0
10954,10954,1021,2025-09-26,2025-10-11,15,14964.0,4941.0,19905.0
10955,10955,1036,2025-09-26,2025-11-10,45,21922.0,5367.0,27289.0
10956,10956,1054,2025-09-27,2025-10-27,30,22096.0,5940.0,28036.0
10957,10957,1106,2025-09-26,2025-10-26,30,11882.0,2978.0,14860.0
10958,10958,1014,2025-09-26,2025-10-11,15,9181.0,1770.0,10951.0
10959,10959,1025,2025-09-28,2025-10-13,15,39048.0,11228.0,50276.0
10960,10960,1076,2025-09-27,2025-10-12,15,25998.0,6677.0,32675.0
10961,10961,1044,2025-09-27,2025-10-27,30,17130.0,5341.0,22471.0
10962,10962,1109,2025-09-28,2025-10-13,15,22262.0,3686.0,25948.0
10963,10963,1106,2025-09-27,2025-10-27,30,20242.0,3274.0,23516.0
10964,10964,1054,2025-09-28,2025-10-13,15,24494.0,4830.0,29324.0
10965,10965,1089,2025-09-28,2025-10-13,15,19128.0,6365.0,25493.0
10966,10966,1036,2025-09-29,2025-10-29,30,45834.0,15157.0,60991.0
10967,10967,1086,2025-09-27,2025-10-27,30,19876.0,6042.0,25918.0
10968,10968,1089,2025-09-28,2025-11-12,45,51356.0,9452.0,60808.0
10969,10969,1075,2025-09-29,2025-10-14,15,28614.0,8518.0,37132.0
10970,10970,1032,2025-09-29,2025-10-14,15,43617.0,13937.0,57554.0
10971,10971,1071,2025-09-29,2025-10-29,30,43236.0,14248.0,57484.0
10972,10972,1014,2025-09-29,2025-10-29,30,25602.0,8282.0,33884.0
10973,10973,1043,2025-09-27,2025-10-27,30,18571.0,2338.0,20909.0
10974,10974,1095,2025-09-27,2025-11-11,45,14097.0,4498.0,18595.0
10975,10975,1079,2025-09-28,2025-10-28,30,50068.0,8969.0,59037.0
10976,10976,1051,2025-09-29,2025-10-29,30,29475.0,5281.0,34756.0
10977,10977,1077,2025-09-28,2025-10-28,30,19688.0,4386.0,24074.0
10978,10978,1113,2025-09-30,2025-10-30,30,59564.0,15229.0,74793.0
10979,10979,1018,2025-09-29,2025-11-13,45,32403.0,7165.0,39568.0
10980,10980,1123,2025-09-30,2025-10-30,30,37824.0,7586.0,45410.0
10981,10981,1059,2025-10-01,2025-10-16,15,50850.0,17967.0,68817.0
10982,10982,1074,2025-09-28,2025-10-28,30,33518.0,9872.0,43390.0
10983,10983,1089,2025-09-30,2025-10-30,30,63132.0,23086.0,86218.0
10984,10984,1060,2025-09-27,2025-10-12,15,9603.0,3568.0,13171.0
10985,10985,1082,2025-09-28,2025-10-28,30,35278.0,6711.0,41989.0
10986,10986,1097,2025-09-29,2025-11-13,45,31794.0,7877.0,39671.0
10987,10987,1069,2025-09-27,2025-11-11,45,22082.0,6017.0,28099.0
10988,10988,1034,2025-09-28,2025-10-28,30,54534.0,19063.0,73597.0
10989,10989,1096,2025-09-29,2025-10-14,15,30342.0,7626.0,37968.0
10990,10990,1106,2025-09-30,2025-10-15,15,86952.0,26056.0,113008.0
10991,10991,1092,2025-09-28,2025-11-12,45,39104.0,11127.0,50231.0
10992,10992,1026,2025-09-27,2025-10-27,30,8308.0,1596.0,9904.0
10993,10993,1108,2025-09-27,2025-11-11,45,13239.0,2703.0,15942.0
10994,10994,1080,2025-09-27,2025-10-12,15,15146.0,2873.0,18019.0
10995,10995,1028,2025-09-29,2025-10-29,30,78489.0,28152.0,106641.0
10996,10996,1120,2025-09-30,2025-10-30,30,52136.0,13267.0,65403.0
10997,10997,1040,2025-09-27,2025-10-27,30,16680.0,4768.0,21448.0
10998,10998,1119,2025-09-30,2025-10-30,30,43785.0,6549.0,50334.0
10999,10999,1007,2025-09-28,2025-10-28,30,13578.0,4243.0,17821.0
11000,11000,1041,2025-09-29,2025-11-13,45,28992.0,8537.0,37529.0
11001,11001,1124,2025-09-28,2025-10-28,30,24295.0,4924.0,29219.0
11002,11002,1121,2025-09-30,2025-10-30,30,50502.0,15934.0,66436.0
11003,11003,1072,2025-10-01,2025-11-15,45,76756.0,12853.0,89609.0
11004,11004,1086,2025-09-29,2025-10-14,15,21860.0,6825.0,28685.0
11005,11005,1010,2025-09-30,2025-11-14,45,32520.0,4964.0,37484.0
11006,11006,1119,2025-09-30,2025-10-30,30,41331.0,6534.0,47865.0
11007,11007,1119,2025-09-30,2025-10-15,15,50892.0,14530.0,65422.0
11008,11008,1060,2025-09-29,2025-10-29,30,39566.0,7367.0,46933.0
11009,11009,1108,2025-09-29,2025-10-29,30,19816.0,5720.0,25536.0
11010,11010,1062,2025-09-30,2025-11-14,45,28044.0,9337.0,37381.0
11011,11011,1005,2025-09-28,2025-10-28,30,16015.0,1974.0,17989.0
11012,11012,1118,2025-09-28,2025-10-28,30,9869.0,2049.0,11918.0
11013,11013,1098,2025-10-02,2025-10-17,15,113150.0,27869.0,141019.0
11014,11014,1109,2025-09-28,2025-10-28,30,10109.0,2194.0,12303.0
11015,11015,1094,2025-09-30,2025-10-30,30,88356.0,27394.0,115750.0
11016,11016,1020,2025-09-28,2025-10-13,15,10343.0,1549.0,11892.0
11017,11017,1070,2025-10-01,2025-10-31,30,105356.0,38118.0,143474.0
11018,11018,1073,2025-09-30,2025-10-30,30,46443.0,16496.0,62939.0
11019,11019,1062,2025-09-28,2025-11-12,45,15011.0,4696.0,19707.0
11020,11020,1121,2025-09-30,2025-10-30,30,44868.0,6166.0,51034.0
11021,11021,1036,2025-09-28,2025-10-13,15,14906.0,2120.0,17026.0
11022,11022,1019,2025-09-29,2025-10-29,30,33544.0,6486.0,40030.0
11023,11023,1061,2025-09-29,2025-10-29,30,21232.0,4176.0,25408.0
11024,11024,1111,2025-09-28,2025-10-13,15,13798.0,3341.0,17139.0
11025,11025,1065,2025-09-29,2025-11-13,45,9750.0,3528.0,13278.0
11026,11026,1094,2025-09-30,2025-10-30,30,16500.0,4063.0,20563.0
11027,11027,1112,2025-09-30,2025-10-30,30,17210.0,6309.0,23519.0
11028,11028,1057,2025-09-29,2025-10-29,30,12699.0,4119.0,16818.0
11029,11029,1012,2025-09-30,2025-10-30,30,28158.0,6553.0,34711.0
11030,11030,1050,2025-09-30,2025-10-30,30,47554.0,6434.0,53988.0
11031,11031,1086,2025-09-29,2025-10-14,15,14673.0,3522.0,18195.0
11032,11032,1063,2025-09-30,2025-10-15,15,30904.0,7354.0,38258.0
11033,11033,1071,2025-09-29,2025-10-29,30,21651.0,4342.0,25993.0
11034,11034,1037,2025-09-30,2025-10-15,15,20394.0,4650.0,25044.0
11035,11035,1039,2025-09-30,2025-10-15,15,28766.0,10245.0,39011.0
11036,11036,1123,2025-09-30,2025-11-14,45,17414.0,3004.0,20418.0
11037,11037,1069,2025-09-29,2025-10-14,15,20646.0,5489.0,26135.0
11038,11038,1112,2025-10-01,2025-10-16,15,30894.0,3797.0,34691.0
11039,11039,1053,2025-09-30,2025-10-30,30,26358.0,3319.0,29677.0
11040,11040,1101,2025-09-30,2025-10-15,15,26278.0,5782.0,32060.0
11041,11041,1043,2025-10-02,2025-11-01,30,42776.0,8608.0,51384.0
11042,11042,1038,2025-09-29,2025-10-29,30,13758.0,4996.0,18754.0
11043,11043,1027,2025-09-29,2025-10-29,30,10775.0,1894.0,12669.0
11044,11044,1099,2025-09-30,2025-10-30,30,19238.0,3798.0,23036.0
11045,11045,1038,2025-09-29,2025-10-29,30,8362.0,2736.0,11098.0
11046,11046,1065,2025-10-01,2025-10-31,30,52770.0,8494.0,61264.0
11047,11047,1096,2025-09-30,2025-10-30,30,28368.0,4783.0,33151.0
11048,11048,1082,2025-09-30,2025-10-15,15,49636.0,7583.0,57219.0
11049,11049,1101,2025-10-01,2025-10-31,30,30744.0,5158.0,35902.0
11050,11050,1079,2025-09-30,2025-10-30,30,50006.0,16490.0,66496.0
11051,11051,1105,2025-09-29,2025-10-29,30,8879.0,3245.0,12124.0
11052,11052,1095,2025-09-30,2025-10-30,30,29598.0,6037.0,35635.0
11053,11053,1048,2025-10-03,2025-11-02,30,52610.0,16857.0,69467.0
11054,11054,1072,2025-10-01,2025-10-31,30,26655.0,6113.0,32768.0
11055,11055,1070,2025-10-02,2025-11-01,30,30726.0,11258.0,41984.0
11056,11056,1021,2025-09-30,2025-10-30,30,9711.0,1992.0,11703.0
11057,11057,1007,2025-10-01,2025-10-31,30,50768.0,9252.0,60020.0
11058,11058,1067,2025-09-30,2025-11-14,45,10217.0,2808.0,13025.0
11059,11059,1041,2025-10-02,2025-11-01,30,29538.0,8717.0,38255.0
11060,11060,1063,2025-09-30,2025-11-14,45,30638.0,3800.0,34438.0
11061,11061,1078,2025-10-02,2025-11-01,30,28110.0,3831.0,31941.0
11062,11062,1009,2025-09-30,2025-10-30,30,9688.0,3500.0,13188.0
11063,11063,1034,2025-10-02,2025-11-16,45,38328.0,13821.0,52149.0
11064,11064,1083,2025-09-30,2025-10-15,15,15740.0,3766.0,19506.0
11065,11065,1018,2025-09-30,2025-10-15,15,10258.0,2520.0,12778.0
11066,11066,1066,2025-10-02,2025-11-01,30,39459.0,11014.0,50473.0
11067,11067,1060,2025-09-30,2025-10-15,15,10795.0,1882.0,12677.0
11068,11068,1051,2025-09-30,2025-10-15,15,10613.0,3479.0,14092.0
11069,11069,1004,2025-10-01,2025-10-31,30,45024.0,6757.0,51781.0
11070,11070,1004,2025-10-01,2025-10-16,15,27974.0,4490.0,32464.0
11071,11071,1119,2025-10-01,2025-10-31,30,31052.0,9438.0,40490.0
11072,11072,1043,2025-09-30,2025-10-30,30,25905.0,8347.0,34252.0
11073,11073,1035,2025-10-01,2025-10-16,15,27440.0,8232.0,35672.0
11074,11074,1125,2025-09-30,2025-10-30,30,9737.0,1196.0,10933.0
11075,11075,1119,2025-09-30,2025-10-30,30,9818.0,1800.0,11618.0
11076,11076,1075,2025-10-03,2025-11-02,30,41308.0,6024.0,47332.0
11077,11077,1019,2025-10-01,2025-10-31,30,17402.0,2793.0,20195.0
11078,11078,1044,2025-09-30,2025-11-14,45,9782.0,2568.0,12350.0
11079,11079,1050,2025-10-04,2025-10-19,15,69675.0,21780.0,91455.0
11080,11080,1014,2025-09-30,2025-11-14,45,14377.0,4610.0,18987.0
11081,11081,1099,2025-10-02,2025-11-16,45,43254.0,10964.0,54218.0
11082,11082,1048,2025-10-03,2025-11-02,30,58172.0,19339.0,77511.0
11083,11083,1056,2025-10-01,2025-10-16,15,10023.0,1311.0,11334.0
11084,11084,1031,2025-10-01,2025-10-16,15,8620.0,2675.0,11295.0
11085,11085,1069,2025-10-02,2025-10-17,15,20384.0,2703.0,23087.0
11086,11086,1104,2025-10-01,2025-10-31,30,10150.0,2241.0,12391.0
11087,11087,1070,2025-10-01,2025-10-31,30,20065.0,3570.0,23635.0
11088,11088,1123,2025-10-03,2025-11-02,30,59745.0,18550.0,78295.0
11089,11089,1071,2025-10-01,2025-10-16,15,22308.0,6369.0,28677.0
11090,11090,1044,2025-10-01,2025-10-31,30,10380.0,2554.0,12934.0
11091,11091,1018,2025-10-02,2025-11-01,30,27576.0,9518.0,37094.0
11092,11092,1046,2025-10-01,2025-10-16,15,9736.0,2561.0,12297.0
11093,11093,1079,2025-10-02,2025-11-01,30,38486.0,12059.0,50545.0
11094,11094,1016,2025-10-03,2025-11-02,30,44274.0,11661.0,55935.0
11095,11095,1043,2025-10-01,2025-10-31,30,10768.0,2695.0,13463.0
11096,11096,1080,2025-10-03,2025-11-02,30,32304.0,5295.0,37599.0
11097,11097,1105,2025-10-03,2025-11-02,30,44658.0,13889.0,58547.0
11098,11098,1039,2025-10-03,2025-10-18,15,48306.0,9471.0,57777.0
11099,11099,1078,2025-10-04,2025-11-18,45,52496.0,19542.0,72038.0
11100,11100,1089,2025-10-01,2025-10-31,30,22016.0,7578.0,29594.0
11101,11101,1027,2025-10-03,2025-10-18,15,64914.0,15852.0,80766.0
11102,11102,1077,2025-10-01,2025-11-15,45,9397.0,1184.0,10581.0
11103,11103,1122,2025-10-02,2025-11-01,30,30056.0,7675.0,37731.0
11104,11104,1104,2025-10-02,2025-11-01,30,17322.0,3246.0,20568.0
11105,11105,1045,2025-10-02,2025-11-01,30,19588.0,5431.0,25019.0
11106,11106,1024,2025-10-01,2025-10-31,30,14894.0,4129.0,19023.0
11107,11107,1024,2025-10-02,2025-11-01,30,29924.0,6361.0,36285.0
11108,11108,1001,2025-10-01,2025-10-16,15,14209.0,4467.0,18676.0
11109,11109,1021,2025-10-02,2025-10-17,15,20520.0,3497.0,24017.0
11110,11110,1125,2025-10-02,2025-11-01,30,41954.0,15004.0,56958.0
11111,11111,1082,2025-10-03,2025-11-02,30,30048.0,6083.0,36131.0
11112,11112,1075,2025-10-05,2025-11-04,30,45110.0,7600.0,52710.0
11113,11113,1081,2025-10-01,2025-10-16,15,12673.0,1837.0,14510.0
11114,11114,1085,2025-10-03,2025-11-17,45,30390.0,6153.0,36543.0
11115,11115,1025,2025-10-01,2025-10-31,30,18780.0,4334.0,23114.0
11116,11116,1113,2025-10-03,2025-11-02,30,48492.0,11221.0,59713.0
11117,11117,1006,2025-10-02,2025-11-01,30,35572.0,6064.0,41636.0
11118,11118,1046,2025-10-02,2025-11-01,30,22970.0,3065.0,26035.0
11119,11119,1046,2025-10-04,2025-11-03,30,31542.0,4806.0,36348.0
11120,11120,1068,2025-10-04,2025-11-03,30,32775.0,7190.0,39965.0
11121,11121,1002,2025-10-03,2025-10-18,15,19780.0,3437.0,23217.0
11122,11122,1024,2025-10-02,2025-10-17,15,24249.0,8653.0,32902.0
11123,11123,1099,2025-10-03,2025-11-17,45,20392.0,3999.0,24391.0
11124,11124,1102,2025-10-03,2025-10-18,15,21922.0,2946.0,24868.0
11125,11125,1065,2025-10-02,2025-11-01,30,10253.0,3811.0,14064.0
11126,11126,1024,2025-10-04,2025-11-03,30,34284.0,7857.0,42141.0
11127,11127,1045,2025-10-05,2025-11-04,30,53092.0,14863.0,67955.0
11128,11128,1044,2025-10-04,2025-11-03,30,35301.0,7137.0,42438.0
11129,11129,1107,2025-10-04,2025-11-03,30,36813.0,12971.0,49784.0
11130,11130,1045,2025-10-05,2025-11-19,45,98288.0,25681.0,123969.0
11131,11131,1078,2025-10-05,2025-11-19,45,41496.0,14047.0,55543.0
11132,11132,1041,2025-10-04,2025-11-03,30,73848.0,9651.0,83499.0
11133,11133,1082,2025-10-02,2025-11-01,30,10877.0,1438.0,12315.0
11134,11134,1079,2025-10-04,2025-11-18,45,73143.0,11907.0,85050.0
11135,11135,1001,2025-10-02,2025-11-01,30,22861.0,5014.0,27875.0
11136,11136,1015,2025-10-04,2025-11-03,30,69276.0,12903.0,82179.0
11137,11137,1063,2025-10-05,2025-11-19,45,47792.0,10864.0,58656.0
11138,11138,1065,2025-10-02,2025-10-17,15,18299.0,3920.0,22219.0
11139,11139,1085,2025-10-02,2025-11-16,45,27685.0,5816.0,33501.0
11140,11140,1055,2025-10-04,2025-11-03,30,56160.0,8230.0,64390.0
11141,11141,1093,2025-10-05,2025-11-04,30,137560.0,30523.0,168083.0
11142,11142,1036,2025-10-02,2025-10-17,15,13959.0,3466.0,17425.0
11143,11143,1105,2025-10-03,2025-11-02,30,21224.0,4019.0,25243.0
11144,11144,1005,2025-10-02,2025-10-17,15,11315.0,3978.0,15293.0
11145,11145,1049,2025-10-03,2025-11-02,30,25362.0,4856.0,30218.0
11146,11146,1097,2025-10-04,2025-10-19,15,34374.0,9833.0,44207.0
11147,11147,1074,2025-10-02,2025-11-01,30,12611.0,1548.0,14159.0
11148,11148,1076,2025-10-02,2025-11-01,30,11257.0,1376.0,12633.0
11149,11149,1125,2025-10-03,2025-11-02,30,34650.0,5287.0,39937.0
11150,11150,1007,2025-10-03,2025-10-18,15,40314.0,10589.0,50903.0
11151,11151,1013,2025-10-03,2025-11-02,30,34018.0,7344.0,41362.0
11152,11152,1098,2025-10-02,2025-11-01,30,21066.0,4695.0,25761.0
11153,11153,1095,2025-10-04,2025-11-03,30,34977.0,9151.0,44128.0
11154,11154,1120,2025-10-02,2025-11-01,30,17220.0,2978.0,20198.0
11155,11155,1065,2025-10-02,2025-11-16,45,16409.0,4978.0,21387.0
11156,11156,1110,2025-10-06,2025-11-05,30,56300.0,15554.0,71854.0
11157,11157,1095,2025-10-05,2025-11-04,30,47576.0,12716.0,60292.0
11158,11158,1061,2025-10-02,2025-11-01,30,13794.0,2308.0,16102.0
11159,11159,1063,2025-10-03,2025-11-02,30,19531.0,4324.0,23855.0
11160,11160,1038,2025-10-03,2025-11-02,30,16943.0,4092.0,21035.0
11161,11161,1024,2025-10-05,2025-11-19,45,90186.0,30748.0,120934.0
11162,11162,1022,2025-10-03,2025-11-02,30,9696.0,3405.0,13101.0
11163,11163,1109,2025-10-04,2025-11-03,30,32430.0,11384.0,43814.0
11164,11164,1089,2025-10-05,2025-11-19,45,88077.0,24376.0,112453.0
11165,11165,1106,2025-10-03,2025-11-02,30,11536.0,4070.0,15606.0
11166,11166,1011,2025-10-04,2025-10-19,15,20196.0,2479.0,22675.0
11167,11167,1074,2025-10-06,2025-10-21,15,127932.0,24102.0,152034.0
11168,11168,1039,2025-10-03,2025-11-02,30,10466.0,1861.0,12327.0
11169,11169,1075,2025-10-04,2025-11-03,30,23362.0,5031.0,28393.0
11170,11170,1034,2025-10-03,2025-11-17,45,16328.0,4900.0,21228.0
11171,11171,1081,2025-10-07,2025-11-06,30,86290.0,26089.0,112379.0
11172,11172,1061,2025-10-07,2025-11-06,30,82670.0,29679.0,112349.0
11173,11173,1033,2025-10-04,2025-11-03,30,22240.0,4378.0,26618.0
11174,11174,1086,2025-10-05,2025-10-20,15,81888.0,27196.0,109084.0
11175,11175,1106,2025-10-03,2025-10-18,15,16004.0,3550.0,19554.0
11176,11176,1068,2025-10-06,2025-11-20,45,72496.0,18368.0,90864.0
11177,11177,1107,2025-10-03,2025-11-02,30,32727.0,9184.0,41911.0
11178,11178,1052,2025-10-03,2025-10-18,15,10578.0,2546.0,13124.0
11179,11179,1038,2025-10-07,2025-11-06,30,81615.0,27338.0,108953.0
11180,11180,1030,2025-10-05,2025-11-04,30,46674.0,15903.0,62577.0
11181,11181,1118,2025-10-04,2025-11-03,30,23026.0,8565.0,31591.0
11182,11182,1021,2025-10-04,2025-11-03,30,24254.0,4462.0,28716.0
11183,11183,1057,2025-10-05,2025-11-19,45,77505.0,25045.0,102550.0
11184,11184,1104,2025-10-03,2025-11-02,30,15027.0,4498.0,19525.0
11185,11185,1121,2025-10-06,2025-11-05,30,43400.0,14180.0,57580.0
11186,11186,1086,2025-10-04,2025-11-03,30,36112.0,8707.0,44819.0
11187,11187,1023,2025-10-03,2025-11-02,30,10911.0,2176.0,13087.0
11188,11188,1041,2025-10-06,2025-11-05,30,42200.0,9307.0,51507.0
11189,11189,1081,2025-10-07,2025-11-06,30,59850.0,19380.0,79230.0
11190,11190,1004,2025-10-04,2025-10-19,15,38364.0,6870.0,45234.0
11191,11191,1031,2025-10-06,2025-11-20,45,67544.0,14497.0,82041.0
11192,11192,1071,2025-10-05,2025-10-20,15,34251.0,8561.0,42812.0
11193,11193,1012,2025-10-03,2025-11-02,30,15737.0,2120.0,17857.0
11194,11194,1014,2025-10-06,2025-11-05,30,68112.0,22391.0,90503.0
11195,11195,1113,2025-10-04,2025-11-03,30,20718.0,7177.0,27895.0
11196,11196,1032,2025-10-03,2025-11-17,45,12225.0,2866.0,15091.0
11197,11197,1042,2025-10-05,2025-10-20,15,49212.0,11802.0,61014.0
11198,11198,1072,2025-10-04,2025-11-03,30,24274.0,4465.0,28739.0
11199,11199,1082,2025-10-03,2025-11-02,30,16017.0,4391.0,20408.0
11200,11200,1098,2025-10-05,2025-11-04,30,47529.0,18050.0,65579.0
11201,11201,1081,2025-10-04,2025-11-03,30,24092.0,3312.0,27404.0
11202,11202,1078,2025-10-03,2025-11-02,30,22961.0,4091.0,27052.0
11203,11203,1111,2025-10-05,2025-10-20,15,30426.0,7372.0,37798.0
11204,11204,1049,2025-10-03,2025-11-02,30,18771.0,3436.0,22207.0
11205,11205,1082,2025-10-03,2025-11-02,30,10400.0,3632.0,14032.0
11206,11206,1053,2025-10-04,2025-11-03,30,62934.0,17458.0,80392.0
11207,11207,1109,2025-10-04,2025-11-03,30,34720.0,4238.0,38958.0
11208,11208,1058,2025-10-06,2025-10-21,15,33042.0,6110.0,39152.0
11209,11209,1049,2025-10-06,2025-11-20,45,46257.0,7292.0,53549.0
11210,11210,1119,2025-10-07,2025-11-06,30,41944.0,12264.0,54208.0
11211,11211,1041,2025-10-05,2025-10-20,15,29826.0,4879.0,34705.0
11212,11212,1062,2025-10-07,2025-11-06,30,69656.0,8584.0,78240.0
11213,11213,1060,2025-10-06,2025-10-21,15,33867.0,5039.0,38906.0
11214,11214,1018,2025-10-06,2025-11-05,30,34617.0,9059.0,43676.0
11215,11215,1073,2025-10-06,2025-11-05,30,35211.0,4789.0,40000.0
11216,11216,1012,2025-10-05,2025-11-04,30,27056.0,5563.0,32619.0
11217,11217,1044,2025-10-06,2025-11-05,30,64086.0,11637.0,75723.0
11218,11218,1070,2025-10-05,2025-11-19,45,22382.0,4816.0,27198.0
11219,11219,1047,2025-10-05,2025-11-04,30,52296.0,13455.0,65751.0
11220,11220,1121,2025-10-08,2025-11-07,30,57895.0,9943.0,67838.0
11221,11221,1057,2025-10-04,2025-11-03,30,10833.0,1682.0,12515.0
11222,11222,1066,2025-10-05,2025-11-04,30,31136.0,9398.0,40534.0
11223,11223,1021,2025-10-04,2025-11-03,30,16350.0,5315.0,21665.0
11224,11224,1097,2025-10-06,2025-11-05,30,44496.0,16876.0,61372.0
11225,11225,1069,2025-10-05,2025-10-20,15,47084.0,15849.0,62933.0
11226,11226,1077,2025-10-06,2025-11-05,30,37905.0,11689.0,49594.0
11227,11227,1002,2025-10-06,2025-11-05,30,47091.0,9584.0,56675.0
11228,11228,1011,2025-10-04,2025-11-03,30,10122.0,3639.0,13761.0
11229,11229,1106,2025-10-04,2025-11-18,45,11449.0,1659.0,13108.0
11230,11230,1082,2025-10-07,2025-11-06,30,69296.0,18465.0,87761.0
11231,11231,1091,2025-10-07,2025-11-06,30,64992.0,23964.0,88956.0
11232,11232,1068,2025-10-06,2025-11-05,30,35511.0,10296.0,45807.0
11233,11233,1107,2025-10-06,2025-11-20,45,50238.0,15898.0,66136.0
11234,11234,1079,2025-10-06,2025-11-05,30,95589.0,11840.0,107429.0
11235,11235,1051,2025-10-05,2025-11-04,30,22152.0,7109.0,29261.0
11236,11236,1078,2025-10-04,2025-11-18,45,20418.0,5585.0,26003.0
11237,11237,1019,2025-10-05,2025-11-04,30,25630.0,7673.0,33303.0
11238,11238,1055,2025-10-05,2025-11-19,45,62520.0,16939.0,79459.0
11239,11239,1060,2025-10-04,2025-10-19,15,12466.0,2072.0,14538.0
11240,11240,1079,2025-10-04,2025-11-03,30,12029.0,3303.0,15332.0
11241,11241,1117,2025-10-05,2025-10-20,15,16003.0,5736.0,21739.0
11242,11242,1011,2025-10-06,2025-11-05,30,35116.0,4479.0,39595.0
11243,11243,1051,2025-10-09,2025-11-08,30,57375.0,13918.0,71293.0
11244,11244,1082,2025-10-05,2025-10-20,15,10157.0,1412.0,11569.0
11245,11245,1125,2025-10-05,2025-11-04,30,12782.0,1591.0,14373.0
11246,11246,1045,2025-10-07,2025-11-06,30,49020.0,5957.0,54977.0
11247,11247,1024,2025-10-05,2025-11-04,30,13277.0,2923.0,16200.0
11248,11248,1054,2025-10-08,2025-11-07,30,87120.0,12538.0,99658.0
11249,11249,1012,2025-10-07,2025-11-06,30,96114.0,18500.0,114614.0
11250,11250,1030,2025-10-06,2025-11-05,30,22436.0,4246.0,26682.0
11251,11251,1043,2025-10-07,2025-11-06,30,46722.0,8006.0,54728.0
11252,11252,1103,2025-10-06,2025-10-21,15,23398.0,8768.0,32166.0
11253,11253,1073,2025-10-07,2025-10-22,15,36336.0,12752.0,49088.0
11254,11254,1084,2025-10-06,2025-11-05,30,19848.0,4152.0,24000.0
11255,11255,1100,2025-10-06,2025-10-21,15,23912.0,4696.0,28608.0
11256,11256,1009,2025-10-06,2025-11-05,30,34406.0,4762.0,39168.0
11257,11257,1110,2025-10-05,2025-11-04,30,10983.0,2338.0,13321.0
11258,11258,1041,2025-10-08,2025-10-23,15,41344.0,11332.0,52676.0
11259,11259,1086,2025-10-08,2025-11-22,45,43372.0,11286.0,54658.0
11260,11260,1006,2025-10-09,2025-11-08,30,62730.0,10522.0,73252.0
11261,11261,1020,2025-10-06,2025-11-05,30,48258.0,14691.0,62949.0
11262,11262,1027,2025-10-05,2025-10-20,15,15265.0,4781.0,20046.0
11263,11263,1039,2025-10-06,2025-11-20,45,25524.0,5274.0,30798.0
11264,11264,1116,2025-10-06,2025-11-05,30,27586.0,4608.0,32194.0
11265,11265,1067,2025-10-09,2025-11-23,45,159530.0,45265.0,204795.0
11266,11266,1103,2025-10-06,2025-11-20,45,22454.0,5958.0,28412.0
11267,11267,1078,2025-10-05,2025-11-04,30,11282.0,3909.0,15191.0
11268,11268,1020,2025-10-06,2025-10-21,15,20350.0,7556.0,27906.0
11269,11269,1017,2025-10-07,2025-10-22,15,47733.0,18044.0,65777.0
11270,11270,1096,2025-10-09,2025-11-08,30,53610.0,11867.0,65477.0
11271,11271,1117,2025-10-05,2025-11-19,45,28680.0,5050.0,33730.0
11272,11272,1099,2025-10-07,2025-11-06,30,50307.0,18436.0,68743.0
11273,11273,1031,2025-10-08,2025-11-22,45,52851.0,6769.0,59620.0
11274,11274,1119,2025-10-06,2025-11-05,30,16938.0,4916.0,21854.0
11275,11275,1012,2025-10-07,2025-11-06,30,49418.0,14939.0,64357.0
11276,11276,1074,2025-10-07,2025-10-22,15,35688.0,10796.0,46484.0
11277,11277,1122,2025-10-07,2025-10-22,15,23942.0,8717.0,32659.0
11278,11278,1091,2025-10-06,2025-11-05,30,23671.0,6901.0,30572.0
11279,11279,1048,2025-10-06,2025-10-21,15,11303.0,2455.0,13758.0
11280,11280,1070,2025-10-07,2025-11-21,45,23686.0,6536.0,30222.0
11281,11281,1082,2025-10-08,2025-10-23,15,77823.0,21516.0,99339.0
11282,11282,1117,2025-10-06,2025-11-05,30,11385.0,2534.0,13919.0
11283,11283,1012,2025-10-07,2025-11-06,30,34670.0,8702.0,43372.0
11284,11284,1086,2025-10-07,2025-10-22,15,29770.0,8568.0,38338.0
11285,11285,1071,2025-10-06,2025-10-21,15,17561.0,5250.0,22811.0
11286,11286,1049,2025-10-09,2025-11-08,30,48392.0,6869.0,55261.0
11287,11287,1083,2025-10-07,2025-11-06,30,20692.0,3836.0,24528.0
11288,11288,1082,2025-10-10,2025-10-25,15,121040.0,43137.0,164177.0
11289,11289,1018,2025-10-09,2025-11-08,30,66416.0,9587.0,76003.0
11290,11290,1026,2025-10-06,2025-11-20,45,21833.0,5258.0,27091.0
11291,11291,1021,2025-10-09,2025-11-23,45,41416.0,9703.0,51119.0
11292,11292,1018,2025-10-06,2025-11-05,30,12505.0,4661.0,17166.0
11293,11293,1079,2025-10-08,2025-10-23,15,63204.0,15069.0,78273.0
11294,11294,1012,2025-10-06,2025-11-05,30,11279.0,1433.0,12712.0
11295,11295,1076,2025-10-06,2025-11-05,30,12299.0,4556.0,16855.0
11296,11296,1042,2025-10-08,2025-11-07,30,35847.0,6335.0,42182.0
11297,11297,1039,2025-10-06,2025-11-05,30,11560.0,1661.0,13221.0
11298,11298,1036,2025-10-08,2025-11-22,45,91896.0,16736.0,108632.0
11299,11299,1097,2025-10-06,2025-11-05,30,14750.0,4293.0,19043.0
11300,11300,1041,2025-10-08,2025-11-22,45,57027.0,13529.0,70556.0
11301,11301,1042,2025-10-06,2025-11-05,30,22197.0,6779.0,28976.0
11302,11302,1023,2025-10-06,2025-10-21,15,16615.0,5164.0,21779.0
11303,11303,1004,2025-10-08,2025-11-22,45,33108.0,12245.0,45353.0
11304,11304,1016,2025-10-08,2025-11-07,30,35391.0,6584.0,41975.0
11305,11305,1033,2025-10-09,2025-11-08,30,43228.0,10608.0,53836.0
11306,11306,1023,2025-10-06,2025-11-05,30,16965.0,4853.0,21818.0
11307,11307,1097,2025-10-09,2025-10-24,15,92052.0,27957.0,120009.0
11308,11308,1072,2025-10-06,2025-11-20,45,11460.0,3831.0,15291.0
11309,11309,1001,2025-10-08,2025-11-22,45,21362.0,7133.0,28495.0
11310,11310,1017,2025-10-08,2025-10-23,15,37142.0,12309.0,49451.0
11311,11311,1091,2025-10-08,2025-11-07,30,23072.0,8409.0,31481.0
11312,11312,1063,2025-10-07,2025-11-06,30,27060.0,9937.0,36997.0
11313,11313,1063,2025-10-07,2025-11-06,30,15279.0,4810.0,20089.0
11314,11314,1041,2025-10-08,2025-11-07,30,46738.0,8474.0,55212.0
11315,11315,1022,2025-10-07,2025-10-22,15,11515.0,3922.0,15437.0
11316,11316,1060,2025-10-08,2025-11-07,30,24246.0,7679.0,31925.0
11317,11317,1116,2025-10-09,2025-11-08,30,53283.0,20080.0,73363.0
11318,11318,1119,2025-10-07,2025-11-06,30,17526.0,2943.0,20469.0
11319,11319,1023,2025-10-08,2025-11-07,30,20546.0,4318.0,24864.0
11320,11320,1083,2025-10-07,2025-11-06,30,31028.0,4642.0,35670.0
11321,11321,1014,2025-10-07,2025-11-06,30,10733.0,2208.0,12941.0
11322,11322,1038,2025-10-09,2025-11-08,30,47784.0,11601.0,59385.0
11323,11323,1072,2025-10-08,2025-11-07,30,24230.0,6443.0,30673.0
11324,11324,1042,2025-10-08,2025-11-22,45,60248.0,9028.0,69276.0
11325,11325,1018,2025-10-08,2025-10-23,15,22936.0,3753.0,26689.0
11326,11326,1074,2025-10-08,2025-11-07,30,34146.0,9177.0,43323.0
11327,11327,1038,2025-10-09,2025-11-08,30,50202.0,8856.0,59058.0
11328,11328,1075,2025-10-10,2025-11-09,30,62344.0,14469.0,76813.0
11329,11329,1118,2025-10-07,2025-11-06,30,23736.0,2930.0,26666.0
11330,11330,1103,2025-10-08,2025-11-22,45,32386.0,11004.0,43390.0
11331,11331,1041,2025-10-07,2025-11-21,45,15049.0,2153.0,17202.0
11332,11332,1030,2025-10-08,2025-10-23,15,32812.0,12346.0,45158.0
11333,11333,1089,2025-10-11,2025-11-10,30,79060.0,14974.0,94034.0
11334,11334,1121,2025-10-10,2025-11-09,30,42868.0,10764.0,53632.0
11335,11335,1094,2025-10-10,2025-11-09,30,92808.0,20778.0,113586.0
11336,11336,1077,2025-10-09,2025-11-08,30,80781.0,24074.0,104855.0
11337,11337,1101,2025-10-07,2025-11-06,30,14104.0,3539.0,17643.0
11338,11338,1012,2025-10-08,2025-11-07,30,32790.0,8126.0,40916.0
11339,11339,1096,2025-10-07,2025-10-22,15,16808.0,3749.0,20557.0
11340,11340,1045,2025-10-07,2025-11-06,30,22031.0,3357.0,25388.0
11341,11341,1023,2025-10-07,2025-11-06,30,17353.0,5139.0,22492.0
11342,11342,1069,2025-10-07,2025-11-21,45,10944.0,2594.0,13538.0
11343,11343,1056,2025-10-10,2025-11-09,30,87152.0,24731.0,111883.0
11344,11344,1029,2025-10-09,2025-10-24,15,33450.0,12461.0,45911.0
11345,11345,1044,2025-10-07,2025-11-06,30,15901.0,5803.0,21704.0
11346,11346,1067,2025-10-10,2025-11-09,30,52232.0,12791.0,65023.0
11347,11347,1033,2025-10-08,2025-10-23,15,37344.0,6267.0,43611.0
11348,11348,1086,2025-10-10,2025-10-25,15,66376.0,21982.0,88358.0
11349,11349,1051,2025-10-07,2025-11-06,30,15488.0,1983.0,17471.0
11350,11350,1101,2025-10-08,2025-10-23,15,33394.0,9634.0,43028.0
11351,11351,1096,2025-10-07,2025-10-22,15,11941.0,2497.0,14438.0
11352,11352,1001,2025-10-07,2025-11-06,30,12885.0,2900.0,15785.0
11353,11353,1021,2025-10-08,2025-11-07,30,22882.0,6908.0,29790.0
11354,11354,1073,2025-10-10,2025-10-25,15,36831.0,13077.0,49908.0
11355,11355,1016,2025-10-08,2025-10-23,15,26722.0,9754.0,36476.0
11356,11356,1043,2025-10-09,2025-11-08,30,31136.0,8901.0,40037.0
11357,11357,1031,2025-10-08,2025-11-22,45,24249.0,8552.0,32801.0
11358,11358,1115,2025-10-09,2025-10-24,15,24086.0,7876.0,31962.0
11359,11359,1077,2025-10-08,2025-11-07,30,16425.0,4640.0,21065.0
11360,11360,1035,2025-10-12,2025-11-11,30,52190.0,14550.0,66740.0
11361,11361,1076,2025-10-08,2025-11-07,30,11647.0,2954.0,14601.0
11362,11362,1069,2025-10-09,2025-11-08,30,23142.0,5668.0,28810.0
11363,11363,1061,2025-10-08,2025-10-23,15,17250.0,5563.0,22813.0
11364,11364,1050,2025-10-10,2025-11-09,30,49356.0,11751.0,61107.0
11365,11365,1045,2025-10-10,2025-11-24,45,34719.0,10510.0,45229.0
11366,11366,1004,2025-10-09,2025-11-08,30,23680.0,7340.0,31020.0
11367,11367,1015,2025-10-09,2025-11-08,30,35552.0,10412.0,45964.0
11368,11368,1048,2025-10-08,2025-10-23,15,12144.0,3254.0,15398.0
11369,11369,1004,2025-10-10,2025-10-25,15,30534.0,10709.0,41243.0
11370,11370,1038,2025-10-08,2025-11-07,30,15246.0,2902.0,18148.0
11371,11371,1011,2025-10-09,2025-11-08,30,30068.0,4265.0,34333.0
11372,11372,1050,2025-10-11,2025-11-10,30,65716.0,11796.0,77512.0
11373,11373,1060,2025-10-08,2025-11-07,30,17808.0,4315.0,22123.0
11374,11374,1053,2025-10-08,2025-11-07,30,22786.0,3290.0,26076.0
11375,11375,1081,2025-10-09,2025-10-24,15,27636.0,9189.0,36825.0
11376,11376,1091,2025-10-11,2025-11-10,30,69556.0,19630.0,89186.0
11377,11377,1105,2025-10-08,2025-11-22,45,16488.0,2768.0,19256.0
11378,11378,1016,2025-10-09,2025-11-08,30,22796.0,3838.0,26634.0
11379,11379,1118,2025-10-09,2025-10-24,15,22776.0,6667.0,29443.0
11380,11380,1092,2025-10-08,2025-11-07,30,15627.0,5154.0,20781.0
11381,11381,1113,2025-10-10,2025-10-25,15,81369.0,21249.0,102618.0
11382,11382,1065,2025-10-08,2025-11-07,30,11905.0,2841.0,14746.0
11383,11383,1102,2025-10-08,2025-11-22,45,19933.0,5858.0,25791.0
11384,11384,1121,2025-10-08,2025-11-07,30,23739.0,3716.0,27455.0
11385,11385,1012,2025-10-12,2025-11-11,30,78640.0,23671.0,102311.0
11386,11386,1057,2025-10-09,2025-11-08,30,9965.0,2756.0,12721.0
11387,11387,1077,2025-10-13,2025-11-12,30,80645.0,15618.0,96263.0
11388,11388,1009,2025-10-09,2025-11-08,30,9715.0,2260.0,11975.0
11389,11389,1089,2025-10-11,2025-10-26,15,59556.0,21990.0,81546.0
11390,11390,1110,2025-10-13,2025-11-12,30,122590.0,41362.0,163952.0
11391,11391,1048,2025-10-09,2025-10-24,15,16321.0,2421.0,18742.0
11392,11392,1059,2025-10-09,2025-11-08,30,9915.0,3068.0,12983.0
11393,11393,1102,2025-10-13,2025-11-12,30,139995.0,18121.0,158116.0
11394,11394,1050,2025-10-12,2025-11-26,45,78228.0,20756.0,98984.0
11395,11395,1109,2025-10-10,2025-10-25,15,35322.0,5152.0,40474.0
11396,11396,1099,2025-10-09,2025-10-24,15,11789.0,1703.0,13492.0
11397,11397,1052,2025-10-10,2025-11-09,30,22380.0,6858.0,29238.0
11398,11398,1048,2025-10-09,2025-11-08,30,23883.0,4926.0,28809.0
11399,11399,1030,2025-10-11,2025-11-10,30,51681.0,11991.0,63672.0
11400,11400,1007,2025-10-09,2025-10-24,15,10478.0,2614.0,13092.0
11401,11401,1059,2025-10-10,2025-11-09,30,41970.0,7564.0,49534.0
11402,11402,1083,2025-10-11,2025-11-10,30,36291.0,13482.0,49773.0
11403,11403,1011,2025-10-09,2025-11-08,30,13492.0,3745.0,17237.0
11404,11404,1065,2025-10-10,2025-11-24,45,24174.0,7759.0,31933.0
11405,11405,1125,2025-10-12,2025-11-11,30,43576.0,9213.0,52789.0
11406,11406,1058,2025-10-09,2025-11-08,30,11519.0,3941.0,15460.0
11407,11407,1125,2025-10-12,2025-10-27,15,96396.0,15352.0,111748.0
11408,11408,1081,2025-10-09,2025-11-08,30,29593.0,5868.0,35461.0
11409,11409,1118,2025-10-09,2025-10-24,15,22126.0,6466.0,28592.0
11410,11410,1094,2025-10-09,2025-10-24,15,17724.0,5514.0,23238.0
11411,11411,1119,2025-10-11,2025-11-25,45,32604.0,7491.0,40095.0
11412,11412,1044,2025-10-11,2025-10-26,15,89511.0,19002.0,108513.0
11413,11413,1109,2025-10-11,2025-11-25,45,39306.0,9968.0,49274.0
11414,11414,1025,2025-10-13,2025-11-12,30,52925.0,16518.0,69443.0
11415,11415,1120,2025-10-11,2025-11-10,30,48867.0,14935.0,63802.0
11416,11416,1020,2025-10-09,2025-11-08,30,22273.0,6215.0,28488.0
11417,11417,1033,2025-10-12,2025-10-27,15,115848.0,36817.0,152665.0
11418,11418,1079,2025-10-10,2025-11-09,30,22224.0,4756.0,26980.0
11419,11419,1021,2025-10-09,2025-11-23,45,11971.0,3373.0,15344.0
11420,11420,1001,2025-10-11,2025-11-10,30,34818.0,7390.0,42208.0
11421,11421,1107,2025-10-09,2025-10-24,15,11271.0,3885.0,15156.0
11422,11422,1104,2025-10-12,2025-11-26,45,65036.0,22338.0,87374.0
11423,11423,1104,2025-10-09,2025-11-08,30,30974.0,10086.0,41060.0
11424,11424,1089,2025-10-09,2025-11-08,30,13497.0,1718.0,15215.0
11425,11425,1061,2025-10-09,2025-11-08,30,10873.0,3384.0,14257.0
11426,11426,1044,2025-10-09,2025-11-08,30,16589.0,4666.0,21255.0
11427,11427,1095,2025-10-12,2025-10-27,15,75468.0,20465.0,95933.0
11428,11428,1058,2025-10-10,2025-10-25,15,23826.0,5052.0,28878.0
11429,11429,1018,2025-10-09,2025-11-23,45,30680.0,7822.0,38502.0
11430,11430,1016,2025-10-09,2025-10-24,15,12945.0,2866.0,15811.0
11431,11431,1045,2025-10-13,2025-11-12,30,82165.0,22844.0,105009.0
11432,11432,1007,2025-10-11,2025-10-26,15,77637.0,18042.0,95679.0
11433,11433,1017,2025-10-09,2025-11-23,45,28367.0,8060.0,36427.0
11434,11434,1028,2025-10-13,2025-11-12,30,61735.0,10552.0,72287.0
11435,11435,1011,2025-10-10,2025-11-09,30,18012.0,4624.0,22636.0
11436,11436,1096,2025-10-11,2025-11-10,30,57600.0,7010.0,64610.0
11437,11437,1021,2025-10-10,2025-11-24,45,13399.0,2189.0,15588.0
11438,11438,1125,2025-10-12,2025-10-27,15,40821.0,8296.0,49117.0
11439,11439,1055,2025-10-12,2025-10-27,15,57324.0,8752.0,66076.0
11440,11440,1092,2025-10-10,2025-11-24,45,17640.0,5059.0,22699.0
11441,11441,1089,2025-10-10,2025-11-09,30,14531.0,3351.0,17882.0
11442,11442,1006,2025-10-10,2025-10-25,15,23126.0,8309.0,31435.0
11443,11443,1007,2025-10-10,2025-11-09,30,16934.0,3496.0,20430.0
11444,11444,1040,2025-10-10,2025-11-09,30,27064.0,6280.0,33344.0
11445,11445,1045,2025-10-12,2025-11-26,45,46419.0,7723.0,54142.0
11446,11446,1046,2025-10-10,2025-11-09,30,11347.0,2454.0,13801.0
11447,11447,1068,2025-10-12,2025-11-11,30,30453.0,10390.0,40843.0
11448,11448,1077,2025-10-11,2025-11-10,30,23830.0,4374.0,28204.0
11449,11449,1070,2025-10-10,2025-10-25,15,11149.0,2980.0,14129.0
11450,11450,1053,2025-10-10,2025-11-09,30,25221.0,7872.0,33093.0
11451,11451,1041,2025-10-12,2025-11-11,30,43425.0,8376.0,51801.0
11452,11452,1123,2025-10-11,2025-11-10,30,23864.0,5292.0,29156.0
11453,11453,1112,2025-10-11,2025-11-10,30,23164.0,8518.0,31682.0
11454,11454,1034,2025-10-10,2025-11-09,30,17321.0,5050.0,22371.0
11455,11455,1010,2025-10-11,2025-11-10,30,23570.0,6212.0,29782.0
11456,11456,1104,2025-10-12,2025-10-27,15,33909.0,4320.0,38229.0
11457,11457,1083,2025-10-12,2025-11-26,45,35553.0,9181.0,44734.0
11458,11458,1103,2025-10-12,2025-11-11,30,52419.0,6524.0,58943.0
11459,11459,1068,2025-10-11,2025-11-25,45,23760.0,8322.0,32082.0
11460,11460,1102,2025-10-12,2025-11-11,30,31362.0,11275.0,42637.0
11461,11461,1016,2025-10-10,2025-10-25,15,24362.0,3425.0,27787.0
11462,11462,1076,2025-10-11,2025-10-26,15,34614.0,11169.0,45783.0
11463,11463,1102,2025-10-10,2025-10-25,15,10905.0,3630.0,14535.0
11464,11464,1017,2025-10-10,2025-11-24,45,16921.0,6251.0,23172.0
11465,11465,1028,2025-10-12,2025-11-11,30,38190.0,5424.0,43614.0
11466,11466,1095,2025-10-11,2025-11-10,30,36636.0,7412.0,44048.0
11467,11467,1015,2025-10-11,2025-11-10,30,43750.0,6304.0,50054.0
11468,11468,1002,2025-10-11,2025-10-26,15,64068.0,19412.0,83480.0
11469,11469,1121,2025-10-12,2025-11-11,30,91368.0,14457.0,105825.0
11470,11470,1031,2025-10-12,2025-11-11,30,48231.0,11634.0,59865.0
11471,11471,1007,2025-10-11,2025-11-10,30,43198.0,5282.0,48480.0
11472,11472,1028,2025-10-10,2025-11-24,45,17590.0,5023.0,22613.0
11473,11473,1122,2025-10-12,2025-10-27,15,47289.0,14372.0,61661.0
11474,11474,1066,2025-10-14,2025-11-13,30,43432.0,13869.0,57301.0
11475,11475,1042,2025-10-11,2025-11-25,45,25392.0,3233.0,28625.0
11476,11476,1044,2025-10-11,2025-11-25,45,9407.0,1452.0,10859.0
11477,11477,1045,2025-10-11,2025-11-10,30,11110.0,4026.0,15136.0
11478,11478,1051,2025-10-11,2025-11-10,30,10492.0,3117.0,13609.0
11479,11479,1061,2025-10-12,2025-11-11,30,34378.0,7170.0,41548.0
11480,11480,1092,2025-10-13,2025-11-12,30,72540.0,10174.0,82714.0
11481,11481,1016,2025-10-11,2025-11-10,30,12426.0,2274.0,14700.0
11482,11482,1045,2025-10-11,2025-11-25,45,20189.0,4415.0,24604.0
11483,11483,1078,2025-10-13,2025-11-27,45,37440.0,12030.0,49470.0
11484,11484,1028,2025-10-11,2025-11-10,30,11290.0,1452.0,12742.0
11485,11485,1043,2025-10-11,2025-11-10,30,12423.0,4022.0,16445.0
11486,11486,1125,2025-10-11,2025-11-10,30,32677.0,6258.0,38935.0
11487,11487,1039,2025-10-12,2025-11-11,30,38114.0,12442.0,50556.0
11488,11488,1078,2025-10-11,2025-10-26,15,17994.0,6353.0,24347.0
11489,11489,1092,2025-10-12,2025-11-26,45,23676.0,8455.0,32131.0
11490,11490,1092,2025-10-15,2025-11-29,45,56070.0,8703.0,64773.0
11491,11491,1113,2025-10-13,2025-11-12,30,33189.0,7172.0,40361.0
11492,11492,1105,2025-10-12,2025-11-11,30,23504.0,3472.0,26976.0
11493,11493,1068,2025-10-13,2025-10-28,15,80775.0,15181.0,95956.0
11494,11494,1038,2025-10-12,2025-11-11,30,21734.0,4437.0,26171.0
11495,11495,1077,2025-10-14,2025-11-13,30,48824.0,16064.0,64888.0
11496,11496,1075,2025-10-13,2025-11-27,45,64212.0,21774.0,85986.0
11497,11497,1077,2025-10-11,2025-11-25,45,19121.0,4560.0,23681.0
11498,11498,1118,2025-10-11,2025-11-10,30,12290.0,1991.0,14281.0
11499,11499,1033,2025-10-11,2025-11-10,30,12025.0,2343.0,14368.0
11500,11500,1060,2025-10-11,2025-11-10,30,15441.0,4444.0,19885.0
11501,11501,1056,2025-10-12,2025-10-27,15,24668.0,5888.0,30556.0
11502,11502,1016,2025-10-11,2025-11-25,45,11486.0,3773.0,15259.0
11503,11503,1043,2025-10-13,2025-11-12,30,36360.0,8201.0,44561.0
11504,11504,1048,2025-10-13,2025-11-12,30,80235.0,24898.0,105133.0
11505,11505,1104,2025-10-11,2025-11-25,45,11766.0,2997.0,14763.0
11506,11506,1108,2025-10-14,2025-11-13,30,49131.0,6916.0,56047.0
11507,11507,1077,2025-10-14,2025-10-29,15,37578.0,5534.0,43112.0
11508,11508,1067,2025-10-13,2025-11-12,30,25938.0,9324.0,35262.0
11509,11509,1065,2025-10-14,2025-10-29,15,99294.0,33108.0,132402.0
11510,11510,1122,2025-10-13,2025-11-12,30,27614.0,5405.0,33019.0
11511,11511,1092,2025-10-14,2025-10-29,15,46971.0,13854.0,60825.0
11512,11512,1068,2025-10-15,2025-11-14,30,62060.0,22698.0,84758.0
11513,11513,1114,2025-10-12,2025-10-27,15,10698.0,2739.0,13437.0
11514,11514,1040,2025-10-13,2025-11-12,30,37476.0,11717.0,49193.0
11515,11515,1014,2025-10-12,2025-11-11,30,17871.0,6428.0,24299.0
11516,11516,1056,2025-10-15,2025-11-14,30,116144.0,33998.0,150142.0
11517,11517,1021,2025-10-15,2025-11-29,45,107764.0,20875.0,128639.0
11518,11518,1004,2025-10-12,2025-11-26,45,17304.0,3924.0,21228.0
11519,11519,1024,2025-10-16,2025-10-31,15,54965.0,8162.0,63127.0
11520,11520,1114,2025-10-12,2025-10-27,15,15853.0,1999.0,17852.0
11521,11521,1094,2025-10-13,2025-10-28,15,42998.0,9040.0,52038.0
11522,11522,1034,2025-10-14,2025-10-29,15,47790.0,13559.0,61349.0
11523,11523,1046,2025-10-13,2025-10-28,15,33684.0,11948.0,45632.0
11524,11524,1072,2025-10-12,2025-11-11,30,22691.0,5081.0,27772.0
11525,11525,1064,2025-10-13,2025-10-28,15,31954.0,4942.0,36896.0
11526,11526,1111,2025-10-12,2025-11-11,30,26048.0,7402.0,33450.0
11527,11527,1109,2025-10-14,2025-11-13,30,53094.0,13729.0,66823.0
11528,11528,1079,2025-10-12,2025-11-11,30,25754.0,7626.0,33380.0
11529,11529,1081,2025-10-12,2025-11-11,30,17623.0,6297.0,23920.0
11530,11530,1071,2025-10-12,2025-10-27,15,16444.0,5136.0,21580.0
11531,11531,1031,2025-10-14,2025-11-13,30,46341.0,8243.0,54584.0
11532,11532,1120,2025-10-14,2025-10-29,15,35043.0,8461.0,43504.0
11533,11533,1041,2025-10-13,2025-11-27,45,34610.0,13004.0,47614.0
11534,11534,1123,2025-10-14,2025-11-28,45,51504.0,7607.0,59111.0
11535,11535,1106,2025-10-12,2025-10-27,15,24799.0,6911.0,31710.0
11536,11536,1031,2025-10-12,2025-11-11,30,28615.0,10105.0,38720.0
11537,11537,1072,2025-10-12,2025-10-27,15,25131.0,4376.0,29507.0
11538,11538,1013,2025-10-13,2025-11-12,30,26452.0,6156.0,32608.0
11539,11539,1123,2025-10-12,2025-11-11,30,12001.0,3237.0,15238.0
11540,11540,1048,2025-10-13,2025-11-12,30,23004.0,4489.0,27493.0
11541,11541,1064,2025-10-12,2025-11-11,30,21141.0,6380.0,27521.0
11542,11542,1082,2025-10-13,2025-10-28,15,23172.0,5636.0,28808.0
11543,11543,1110,2025-10-14,2025-10-29,15,34473.0,7444.0,41917.0
11544,11544,1120,2025-10-12,2025-10-27,15,11667.0,4054.0,15721.0
11545,11545,1009,2025-10-12,2025-10-27,15,16576.0,5693.0,22269.0
11546,11546,1017,2025-10-12,2025-11-11,30,12911.0,3441.0,16352.0
11547,11547,1072,2025-10-12,2025-11-11,30,11306.0,3252.0,14558.0
11548,11548,1056,2025-10-12,2025-11-11,30,12221.0,2009.0,14230.0
11549,11549,1065,2025-10-13,2025-11-27,45,24002.0,3820.0,27822.0
11550,11550,1042,2025-10-14,2025-11-28,45,33474.0,6905.0,40379.0
11551,11551,1066,2025-10-13,2025-11-27,45,60250.0,21984.0,82234.0
11552,11552,1024,2025-10-14,2025-11-28,45,60234.0,10372.0,70606.0
11553,11553,1089,2025-10-13,2025-11-12,30,22954.0,3092.0,26046.0
11554,11554,1040,2025-10-12,2025-11-26,45,12151.0,3203.0,15354.0
11555,11555,1041,2025-10-14,2025-10-29,15,22510.0,5477.0,27987.0
11556,11556,1118,2025-10-15,2025-10-30,15,79086.0,29401.0,108487.0
11557,11557,1074,2025-10-14,2025-10-29,15,48218.0,17239.0,65457.0
11558,11558,1120,2025-10-13,2025-11-27,45,11592.0,3564.0,15156.0
11559,11559,1113,2025-10-14,2025-10-29,15,34930.0,12053.0,46983.0
11560,11560,1036,2025-10-15,2025-10-30,15,39237.0,13896.0,53133.0
11561,11561,1112,2025-10-14,2025-10-29,15,22596.0,3101.0,25697.0
11562,11562,1123,2025-10-14,2025-11-28,45,43004.0,7260.0,50264.0
11563,11563,1110,2025-10-17,2025-11-01,15,75545.0,14816.0,90361.0
11564,11564,1119,2025-10-13,2025-11-12,30,16773.0,5577.0,22350.0
11565,11565,1017,2025-10-14,2025-11-28,45,23208.0,7338.0,30546.0
11566,11566,1038,2025-10-14,2025-11-13,30,36726.0,8563.0,45289.0
11567,11567,1104,2025-10-16,2025-11-15,30,43404.0,15753.0,59157.0
11568,11568,1031,2025-10-14,2025-11-13,30,44730.0,16505.0,61235.0
11569,11569,1115,2025-10-14,2025-10-29,15,46620.0,14087.0,60707.0
11570,11570,1111,2025-10-15,2025-11-29,45,55887.0,16850.0,72737.0
11571,11571,1123,2025-10-15,2025-10-30,15,31758.0,10397.0,42155.0
11572,11572,1054,2025-10-13,2025-10-28,15,15416.0,1926.0,17342.0
11573,11573,1081,2025-10-15,2025-11-14,30,47613.0,7958.0,55571.0
11574,11574,1024,2025-10-13,2025-11-12,30,12072.0,2314.0,14386.0
11575,11575,1014,2025-10-13,2025-11-12,30,23131.0,2785.0,25916.0
11576,11576,1028,2025-10-13,2025-10-28,15,11060.0,3859.0,14919.0
11577,11577,1020,2025-10-16,2025-11-30,45,128148.0,40338.0,168486.0
11578,11578,1116,2025-10-14,2025-10-29,15,23018.0,6076.0,29094.0
11579,11579,1028,2025-10-14,2025-11-13,30,35720.0,6155.0,41875.0
11580,11580,1083,2025-10-16,2025-11-30,45,67020.0,9336.0,76356.0
11581,11581,1086,2025-10-14,2025-11-28,45,36964.0,11473.0,48437.0
11582,11582,1039,2025-10-15,2025-10-30,15,37578.0,9661.0,47239.0
11583,11583,1078,2025-10-16,2025-10-31,15,54036.0,15341.0,69377.0
11584,11584,1052,2025-10-14,2025-10-29,15,32382.0,4400.0,36782.0
11585,11585,1031,2025-10-16,2025-10-31,15,40128.0,6662.0,46790.0
11586,11586,1110,2025-10-14,2025-11-28,45,30918.0,7140.0,38058.0
11587,11587,1046,2025-10-15,2025-10-30,15,40725.0,5930.0,46655.0
11588,11588,1112,2025-10-13,2025-11-12,30,25712.0,8660.0,34372.0
11589,11589,1088,2025-10-14,2025-11-13,30,23502.0,7052.0,30554.0
11590,11590,1023,2025-10-17,2025-11-16,30,84565.0,13957.0,98522.0
11591,11591,1026,2025-10-14,2025-10-29,15,32000.0,7443.0,39443.0
11592,11592,1068,2025-10-14,2025-11-28,45,24018.0,4984.0,29002.0
11593,11593,1109,2025-10-17,2025-11-01,15,51480.0,8630.0,60110.0
11594,11594,1052,2025-10-17,2025-11-16,30,75820.0,26350.0,102170.0
11595,11595,1059,2025-10-16,2025-11-15,30,50526.0,10022.0,60548.0
11596,11596,1049,2025-10-18,2025-12-02,45,93590.0,22574.0,116164.0
11597,11597,1063,2025-10-15,2025-10-30,15,31070.0,5583.0,36653.0
11598,11598,1041,2025-10-16,2025-10-31,15,66366.0,15652.0,82018.0
11599,11599,1064,2025-10-14,2025-10-29,15,12640.0,4322.0,16962.0
11600,11600,1032,2025-10-15,2025-11-14,30,33516.0,8374.0,41890.0
11601,11601,1087,2025-10-17,2025-11-16,30,71032.0,23288.0,94320.0
11602,11602,1087,2025-10-15,2025-11-29,45,22316.0,3551.0,25867.0
11603,11603,1095,2025-10-15,2025-11-29,45,54796.0,11621.0,66417.0
11604,11604,1116,2025-10-14,2025-11-13,30,21767.0,6276.0,28043.0
11605,11605,1074,2025-10-15,2025-10-30,15,23006.0,3527.0,26533.0
11606,11606,1085,2025-10-15,2025-11-14,30,60052.0,22672.0,82724.0
11607,11607,1115,2025-10-15,2025-11-14,30,25110.0,4397.0,29507.0
11608,11608,1109,2025-10-14,2025-11-13,30,20962.0,5770.0,26732.0
11609,11609,1043,2025-10-16,2025-10-31,15,53100.0,19136.0,72236.0
11610,11610,1038,2025-10-15,2025-11-29,45,24156.0,5488.0,29644.0
11611,11611,1111,2025-10-15,2025-10-30,15,20544.0,7763.0,28307.0
11612,11612,1102,2025-10-16,2025-10-31,15,36801.0,7104.0,43905.0
11613,11613,1052,2025-10-18,2025-11-17,30,80540.0,17732.0,98272.0
11614,11614,1095,2025-10-15,2025-10-30,15,33678.0,10269.0,43947.0
11615,11615,1097,2025-10-14,2025-11-28,45,17358.0,3666.0,21024.0
11616,11616,1094,2025-10-14,2025-11-28,45,17753.0,4777.0,22530.0
11617,11617,1069,2025-10-17,2025-11-01,15,46500.0,5702.0,52202.0
11618,11618,1091,2025-10-18,2025-12-02,45,60065.0,8729.0,68794.0
11619,11619,1008,2025-10-16,2025-11-15,30,35943.0,10957.0,46900.0
11620,11620,1120,2025-10-14,2025-11-13,30,32508.0,9899.0,42407.0
11621,11621,1057,2025-10-16,2025-10-31,15,39582.0,4841.0,44423.0
11622,11622,1074,2025-10-14,2025-11-28,45,18665.0,4623.0,23288.0
11623,11623,1081,2025-10-16,2025-11-30,45,33885.0,12575.0,46460.0
11624,11624,1099,2025-10-17,2025-11-16,30,108108.0,27726.0,135834.0
11625,11625,1030,2025-10-15,2025-11-14,30,35602.0,10581.0,46183.0
11626,11626,1112,2025-10-14,2025-11-13,30,10574.0,2085.0,12659.0
11627,11627,1113,2025-10-15,2025-11-29,45,62352.0,8498.0,70850.0
11628,11628,1051,2025-10-16,2025-11-15,30,94914.0,35811.0,130725.0
11629,11629,1122,2025-10-15,2025-11-14,30,22692.0,5692.0,28384.0
11630,11630,1026,2025-10-15,2025-11-29,45,23326.0,8382.0,31708.0
11631,11631,1117,2025-10-16,2025-11-15,30,73644.0,23816.0,97460.0
11632,11632,1006,2025-10-14,2025-11-13,30,15381.0,4581.0,19962.0
11633,11633,1112,2025-10-15,2025-11-14,30,21264.0,7585.0,28849.0
11634,11634,1009,2025-10-14,2025-11-28,45,28834.0,7675.0,36509.0
11635,11635,1057,2025-10-15,2025-11-29,45,12138.0,3799.0,15937.0
11636,11636,1014,2025-10-15,2025-10-30,15,29008.0,8535.0,37543.0
11637,11637,1018,2025-10-17,2025-11-16,30,69540.0,17225.0,86765.0
11638,11638,1094,2025-10-15,2025-11-14,30,12095.0,2567.0,14662.0
11639,11639,1063,2025-10-19,2025-11-18,30,58035.0,15844.0,73879.0
11640,11640,1022,2025-10-17,2025-12-01,45,47421.0,11307.0,58728.0
11641,11641,1115,2025-10-19,2025-11-18,30,72070.0,13734.0,85804.0
11642,11642,1009,2025-10-15,2025-11-14,30,16512.0,2837.0,19349.0
11643,11643,1070,2025-10-16,2025-11-15,30,31786.0,9351.0,41137.0
11644,11644,1060,2025-10-16,2025-11-30,45,23650.0,4597.0,28247.0
11645,11645,1090,2025-10-15,2025-10-30,15,10595.0,2504.0,13099.0
11646,11646,1118,2025-10-15,2025-10-30,15,13582.0,3297.0,16879.0
11647,11647,1115,2025-10-16,2025-11-15,30,30580.0,8540.0,39120.0
11648,11648,1083,2025-10-15,2025-11-29,45,15788.0,4241.0,20029.0
11649,11649,1065,2025-10-16,2025-11-15,30,33104.0,9768.0,42872.0
11650,11650,1079,2025-10-16,2025-11-15,30,38290.0,5594.0,43884.0
11651,11651,1097,2025-10-15,2025-11-14,30,11317.0,2118.0,13435.0
11652,11652,1118,2025-10-17,2025-12-01,45,34794.0,4496.0,39290.0
11653,11653,1101,2025-10-16,2025-11-15,30,41220.0,9023.0,50243.0
11654,11654,1113,2025-10-15,2025-11-14,30,10883.0,1422.0,12305.0
11655,11655,1021,2025-10-17,2025-11-01,15,35019.0,9836.0,44855.0
11656,11656,1087,2025-10-15,2025-11-29,45,18312.0,6719.0,25031.0
11657,11657,1041,2025-10-15,2025-10-30,15,17520.0,5362.0,22882.0
11658,11658,1021,2025-10-16,2025-11-15,30,23432.0,7661.0,31093.0
11659,11659,1112,2025-10-18,2025-12-02,45,51696.0,18840.0,70536.0
11660,11660,1117,2025-10-17,2025-11-16,30,39297.0,10220.0,49517.0
11661,11661,1064,2025-10-15,2025-11-14,30,16342.0,2126.0,18468.0
11662,11662,1094,2025-10-17,2025-11-01,15,52563.0,11883.0,64446.0
11663,11663,1040,2025-10-18,2025-11-17,30,57732.0,9069.0,66801.0
11664,11664,1096,2025-10-18,2025-12-02,45,40176.0,13326.0,53502.0
11665,11665,1049,2025-10-18,2025-12-02,45,48184.0,10848.0,59032.0
11666,11666,1058,2025-10-16,2025-10-31,15,22012.0,2952.0,24964.0
11667,11667,1093,2025-10-17,2025-11-16,30,34317.0,8624.0,42941.0
11668,11668,1067,2025-10-18,2025-11-17,30,72936.0,9755.0,82691.0
11669,11669,1009,2025-10-16,2025-11-30,45,43764.0,6032.0,49796.0
11670,11670,1052,2025-10-19,2025-11-18,30,60130.0,13294.0,73424.0
11671,11671,1101,2025-10-17,2025-11-16,30,35463.0,10848.0,46311.0
11672,11672,1050,2025-10-16,2025-11-15,30,40270.0,6417.0,46687.0
11673,11673,1095,2025-10-17,2025-11-01,15,36123.0,5365.0,41488.0
11674,11674,1065,2025-10-15,2025-10-30,15,13201.0,2285.0,15486.0
11675,11675,1024,2025-10-15,2025-10-30,15,26640.0,3754.0,30394.0
11676,11676,1013,2025-10-15,2025-10-30,15,29302.0,3689.0,32991.0
11677,11677,1008,2025-10-16,2025-11-30,45,52128.0,18964.0,71092.0
11678,11678,1065,2025-10-15,2025-11-29,45,12694.0,2794.0,15488.0
11679,11679,1054,2025-10-16,2025-11-15,30,17961.0,2710.0,20671.0
11680,11680,1027,2025-10-18,2025-11-02,15,33219.0,11139.0,44358.0
11681,11681,1079,2025-10-20,2025-11-19,30,54765.0,7591.0,62356.0
11682,11682,1011,2025-10-19,2025-11-18,30,64784.0,17466.0,82250.0
11683,11683,1068,2025-10-17,2025-12-01,45,19852.0,7445.0,27297.0
11684,11684,1077,2025-10-18,2025-12-02,45,33561.0,10108.0,43669.0
11685,11685,1038,2025-10-17,2025-11-16,30,34832.0,5355.0,40187.0
11686,11686,1066,2025-10-16,2025-11-30,45,29394.0,7789.0,37183.0
11687,11687,1066,2025-10-16,2025-10-31,15,15888.0,5602.0,21490.0
11688,11688,1048,2025-10-19,2025-11-18,30,47448.0,10067.0,57515.0
11689,11689,1075,2025-10-17,2025-11-16,30,42366.0,13182.0,55548.0
11690,11690,1113,2025-10-18,2025-11-02,15,98688.0,34176.0,132864.0
11691,11691,1105,2025-10-18,2025-11-02,15,36039.0,12938.0,48977.0
11692,11692,1111,2025-10-17,2025-11-16,30,49812.0,14519.0,64331.0
11693,11693,1017,2025-10-16,2025-11-15,30,22216.0,3290.0,25506.0
11694,11694,1092,2025-10-16,2025-11-30,45,21736.0,3012.0,24748.0
11695,11695,1048,2025-10-18,2025-11-17,30,91398.0,18225.0,109623.0
11696,11696,1104,2025-10-16,2025-11-15,30,12512.0,3120.0,15632.0
11697,11697,1041,2025-10-16,2025-11-30,45,11123.0,3243.0,14366.0
11698,11698,1061,2025-10-16,2025-11-15,30,15461.0,5482.0,20943.0
11699,11699,1025,2025-10-16,2025-11-15,30,21112.0,5509.0,26621.0
11700,11700,1011,2025-10-20,2025-11-19,30,86770.0,30029.0,116799.0
11701,11701,1080,2025-10-17,2025-11-16,30,24402.0,4799.0,29201.0
11702,11702,1108,2025-10-16,2025-11-15,30,25912.0,8468.0,34380.0
11703,11703,1124,2025-10-16,2025-11-15,30,22890.0,8220.0,31110.0
11704,11704,1002,2025-10-17,2025-11-16,30,31988.0,7512.0,39500.0
11705,11705,1004,2025-10-16,2025-11-15,30,11646.0,1906.0,13552.0
11706,11706,1121,2025-10-16,2025-11-30,45,15665.0,4291.0,19956.0
11707,11707,1036,2025-10-17,2025-11-16,30,35718.0,8731.0,44449.0
11708,11708,1074,2025-10-16,2025-10-31,15,14838.0,2533.0,17371.0
11709,11709,1091,2025-10-16,2025-10-31,15,11109.0,2737.0,13846.0
11710,11710,1046,2025-10-18,2025-11-17,30,37128.0,13324.0,50452.0
11711,11711,1066,2025-10-16,2025-10-31,15,21750.0,5443.0,27193.0
11712,11712,1119,2025-10-16,2025-10-31,15,19819.0,2470.0,22289.0
11713,11713,1001,2025-10-16,2025-11-15,30,16528.0,4675.0,21203.0
11714,11714,1044,2025-10-18,2025-11-02,15,51060.0,8302.0,59362.0
11715,11715,1055,2025-10-16,2025-11-30,45,17318.0,2208.0,19526.0
11716,11716,1070,2025-10-16,2025-11-15,30,24950.0,6944.0,31894.0
11717,11717,1114,2025-10-16,2025-10-31,15,17276.0,6093.0,23369.0
11718,11718,1043,2025-10-19,2025-11-18,30,36036.0,10670.0,46706.0
11719,11719,1063,2025-10-18,2025-11-17,30,23806.0,4331.0,28137.0
11720,11720,1077,2025-10-17,2025-12-01,45,11907.0,2352.0,14259.0
11721,11721,1108,2025-10-21,2025-11-20,30,91145.0,17899.0,109044.0
11722,11722,1010,2025-10-19,2025-12-03,45,37371.0,12369.0,49740.0
11723,11723,1065,2025-10-18,2025-11-17,30,23604.0,5447.0,29051.0
11724,11724,1011,2025-10-17,2025-11-16,30,14451.0,1743.0,16194.0
11725,11725,1042,2025-10-18,2025-11-17,30,23616.0,4397.0,28013.0
11726,11726,1051,2025-10-18,2025-11-02,15,24926.0,5828.0,30754.0
11727,11727,1095,2025-10-19,2025-11-18,30,33225.0,11153.0,44378.0
11728,11728,1111,2025-10-19,2025-12-03,45,32784.0,10824.0,43608.0
11729,11729,1119,2025-10-19,2025-11-18,30,39189.0,7855.0,47044.0
11730,11730,1093,2025-10-18,2025-11-02,15,27174.0,6430.0,33604.0
11731,11731,1059,2025-10-18,2025-11-17,30,64696.0,12555.0,77251.0
11732,11732,1021,2025-10-17,2025-11-16,30,12641.0,2055.0,14696.0
11733,11733,1069,2025-10-20,2025-11-04,15,36400.0,7012.0,43412.0
11734,11734,1020,2025-10-17,2025-11-16,30,9952.0,2371.0,12323.0
11735,11735,1031,2025-10-18,2025-11-02,15,24126.0,3966.0,28092.0
11736,11736,1053,2025-10-18,2025-12-02,45,57518.0,20716.0,78234.0
11737,11737,1040,2025-10-21,2025-11-05,15,64945.0,10971.0,75916.0
11738,11738,1106,2025-10-17,2025-12-01,45,15605.0,2991.0,18596.0
11739,11739,1103,2025-10-18,2025-11-17,30,33828.0,4112.0,37940.0
11740,11740,1109,2025-10-19,2025-11-18,30,34659.0,4744.0,39403.0
11741,11741,1022,2025-10-17,2025-11-16,30,12086.0,2261.0,14347.0
11742,11742,1104,2025-10-20,2025-11-04,15,66824.0,24760.0,91584.0
11743,11743,1064,2025-10-18,2025-11-17,30,18708.0,6104.0,24812.0
11744,11744,1020,2025-10-20,2025-11-19,30,68288.0,14565.0,82853.0
11745,11745,1003,2025-10-20,2025-11-04,15,118024.0,22930.0,140954.0
11746,11746,1072,2025-10-17,2025-11-16,30,11212.0,2372.0,13584.0
11747,11747,1102,2025-10-19,2025-11-18,30,35298.0,6197.0,41495.0
11748,11748,1125,2025-10-19,2025-11-18,30,33729.0,4100.0,37829.0
11749,11749,1100,2025-10-21,2025-12-05,45,113805.0,32313.0,146118.0
11750,11750,1098,2025-10-17,2025-11-01,15,10951.0,3423.0,14374.0
11751,11751,1018,2025-10-17,2025-11-16,30,11062.0,3729.0,14791.0
11752,11752,1042,2025-10-18,2025-11-02,15,59754.0,16107.0,75861.0
11753,11753,1062,2025-10-21,2025-11-20,30,121430.0,44215.0,165645.0
11754,11754,1049,2025-10-18,2025-11-02,15,22982.0,8241.0,31223.0
11755,11755,1025,2025-10-17,2025-11-01,15,9532.0,2493.0,12025.0
11756,11756,1113,2025-10-18,2025-11-17,30,29913.0,3604.0,33517.0
11757,11757,1051,2025-10-18,2025-11-02,15,17775.0,3381.0,21156.0
11758,11758,1117,2025-10-18,2025-11-02,15,11170.0,2421.0,13591.0
11759,11759,1098,2025-10-19,2025-11-03,15,22192.0,3389.0,25581.0
11760,11760,1123,2025-10-18,2025-11-17,30,24925.0,6728.0,31653.0
11761,11761,1064,2025-10-18,2025-11-17,30,11247.0,1401.0,12648.0
11762,11762,1010,2025-10-18,2025-11-02,15,10878.0,3719.0,14597.0
11763,11763,1039,2025-10-20,2025-12-04,45,51069.0,15856.0,66925.0
11764,11764,1053,2025-10-18,2025-11-17,30,12391.0,3419.0,15810.0
11765,11765,1079,2025-10-19,2025-11-18,30,36150.0,13102.0,49252.0
11766,11766,1123,2025-10-20,2025-11-19,30,59553.0,14398.0,73951.0
11767,11767,1090,2025-10-19,2025-11-18,30,35370.0,4718.0,40088.0
11768,11768,1028,2025-10-20,2025-11-19,30,54549.0,9213.0,63762.0
11769,11769,1019,2025-10-19,2025-11-18,30,45858.0,14382.0,60240.0
11770,11770,1104,2025-10-19,2025-11-18,30,22806.0,3428.0,26234.0
11771,11771,1025,2025-10-21,2025-12-05,45,44556.0,5423.0,49979.0
11772,11772,1121,2025-10-18,2025-11-17,30,22581.0,8179.0,30760.0
11773,11773,1008,2025-10-20,2025-11-04,15,34044.0,5441.0,39485.0
11774,11774,1125,2025-10-22,2025-11-21,30,65160.0,13451.0,78611.0
11775,11775,1099,2025-10-20,2025-11-19,30,36591.0,12503.0,49094.0
11776,11776,1098,2025-10-18,2025-11-17,30,24043.0,6048.0,30091.0
11777,11777,1108,2025-10-19,2025-11-18,30,22614.0,4947.0,27561.0
11778,11778,1121,2025-10-19,2025-11-18,30,32830.0,12262.0,45092.0
11779,11779,1037,2025-10-18,2025-12-02,45,11584.0,4029.0,15613.0
11780,11780,1019,2025-10-19,2025-11-18,30,22906.0,4416.0,27322.0
11781,11781,1023,2025-10-21,2025-12-05,45,43156.0,11733.0,54889.0
11782,11782,1121,2025-10-21,2025-11-20,30,45184.0,8928.0,54112.0
11783,11783,1096,2025-10-19,2025-11-18,30,34058.0,4549.0,38607.0
11784,11784,1013,2025-10-20,2025-11-19,30,51570.0,9950.0,61520.0
11785,11785,1094,2025-10-18,2025-11-17,30,11074.0,1470.0,12544.0
11786,11786,1083,2025-10-18,2025-11-02,15,11982.0,3224.0,15206.0
11787,11787,1033,2025-10-19,2025-11-18,30,26590.0,6737.0,33327.0
11788,11788,1031,2025-10-19,2025-11-03,15,33260.0,6690.0,39950.0
11789,11789,1122,2025-10-19,2025-11-03,15,23624.0,3685.0,27309.0
11790,11790,1085,2025-10-21,2025-11-05,15,58652.0,20553.0,79205.0
11791,11791,1060,2025-10-18,2025-11-17,30,22693.0,5913.0,28606.0
11792,11792,1090,2025-10-18,2025-11-02,15,16462.0,3827.0,20289.0
11793,11793,1022,2025-10-21,2025-11-20,30,43484.0,11262.0,54746.0
11794,11794,1108,2025-10-18,2025-11-02,15,11715.0,3186.0,14901.0
11795,11795,1103,2025-10-18,2025-11-17,30,16358.0,3270.0,19628.0
11796,11796,1068,2025-10-19,2025-11-03,15,11988.0,1735.0,13723.0
11797,11797,1095,2025-10-19,2025-12-03,45,11095.0,3000.0,14095.0
11798,11798,1053,2025-10-23,2025-11-22,30,66605.0,10336.0,76941.0
11799,11799,1122,2025-10-20,2025-12-04,45,24802.0,7300.0,32102.0
11800,11800,1116,2025-10-20,2025-11-19,30,26102.0,8168.0,34270.0
11801,11801,1008,2025-10-20,2025-12-04,45,45358.0,5842.0,51200.0
11802,11802,1120,2025-10-20,2025-12-04,45,23468.0,5326.0,28794.0
11803,11803,1005,2025-10-21,2025-11-20,30,33354.0,7198.0,40552.0
11804,11804,1103,2025-10-19,2025-12-03,45,12057.0,1966.0,14023.0
11805,11805,1108,2025-10-19,2025-11-18,30,10430.0,2317.0,12747.0
11806,11806,1052,2025-10-19,2025-11-03,15,13225.0,4509.0,17734.0
11807,11807,1042,2025-10-21,2025-11-20,30,46563.0,10708.0,57271.0
11808,11808,1050,2025-10-19,2025-11-03,15,17396.0,4970.0,22366.0
11809,11809,1056,2025-10-20,2025-12-04,45,36358.0,6146.0,42504.0
11810,11810,1064,2025-10-22,2025-11-21,30,121280.0,38553.0,159833.0
11811,11811,1103,2025-10-19,2025-11-18,30,11996.0,1653.0,13649.0
11812,11812,1110,2025-10-21,2025-11-20,30,33795.0,10138.0,43933.0
11813,11813,1050,2025-10-21,2025-11-20,30,36726.0,6549.0,43275.0
11814,11814,1125,2025-10-23,2025-11-07,15,60720.0,9746.0,70466.0
11815,11815,1037,2025-10-20,2025-11-19,30,26152.0,3854.0,30006.0
11816,11816,1113,2025-10-19,2025-11-03,15,11690.0,3103.0,14793.0
11817,11817,1033,2025-10-20,2025-11-04,15,35916.0,7482.0,43398.0
11818,11818,1019,2025-10-20,2025-11-04,15,22792.0,4245.0,27037.0
11819,11819,1044,2025-10-23,2025-11-22,30,79485.0,11454.0,90939.0
11820,11820,1062,2025-10-19,2025-11-03,15,17148.0,4417.0,21565.0
11821,11821,1112,2025-10-21,2025-11-20,30,73731.0,20345.0,94076.0
11822,11822,1059,2025-10-23,2025-11-22,30,133330.0,39307.0,172637.0
11823,11823,1119,2025-10-20,2025-11-19,30,45202.0,6664.0,51866.0
11824,11824,1009,2025-10-21,2025-12-05,45,96072.0,16237.0,112309.0
11825,11825,1063,2025-10-20,2025-11-04,15,21764.0,5543.0,27307.0
11826,11826,1042,2025-10-19,2025-12-03,45,10447.0,2649.0,13096.0
11827,11827,1086,2025-10-22,2025-11-21,30,92864.0,26324.0,119188.0
11828,11828,1073,2025-10-21,2025-11-05,15,85815.0,21784.0,107599.0
11829,11829,1060,2025-10-21,2025-12-05,45,48801.0,9264.0,58065.0
11830,11830,1013,2025-10-20,2025-12-04,45,12244.0,2571.0,14815.0
11831,11831,1064,2025-10-20,2025-11-19,30,22553.0,4018.0,26571.0
11832,11832,1016,2025-10-22,2025-11-21,30,71190.0,9527.0,80717.0
11833,11833,1012,2025-10-21,2025-11-05,15,37506.0,5190.0,42696.0
11834,11834,1063,2025-10-21,2025-11-20,30,20344.0,5535.0,25879.0
11835,11835,1106,2025-10-21,2025-11-20,30,19760.0,4504.0,24264.0
11836,11836,1028,2025-10-20,2025-11-04,15,10450.0,2241.0,12691.0
11837,11837,1008,2025-10-21,2025-11-20,30,32352.0,7714.0,40066.0
11838,11838,1009,2025-10-21,2025-11-20,30,21948.0,8191.0,30139.0
11839,11839,1044,2025-10-21,2025-12-05,45,52388.0,9859.0,62247.0
11840,11840,1052,2025-10-20,2025-11-19,30,11697.0,2101.0,13798.0
11841,11841,1114,2025-10-22,2025-11-06,15,70503.0,23047.0,93550.0
11842,11842,1001,2025-10-21,2025-11-20,30,20614.0,6606.0,27220.0
11843,11843,1105,2025-10-22,2025-11-21,30,50121.0,18933.0,69054.0
11844,11844,1122,2025-10-22,2025-11-21,30,49407.0,10591.0,59998.0
11845,11845,1005,2025-10-21,2025-11-20,30,24368.0,8829.0,33197.0
11846,11846,1079,2025-10-20,2025-11-19,30,28741.0,10422.0,39163.0
11847,11847,1103,2025-10-22,2025-11-06,15,47814.0,14306.0,62120.0
11848,11848,1018,2025-10-24,2025-12-08,45,59640.0,9369.0,69009.0
11849,11849,1051,2025-10-20,2025-11-19,30,26845.0,5051.0,31896.0
11850,11850,1068,2025-10-22,2025-11-21,30,30276.0,4099.0,34375.0
11851,11851,1073,2025-10-22,2025-11-06,15,54450.0,19848.0,74298.0
11852,11852,1045,2025-10-21,2025-11-20,30,30780.0,9588.0,40368.0
11853,11853,1071,2025-10-20,2025-11-19,30,11163.0,1833.0,12996.0
11854,11854,1038,2025-10-24,2025-11-23,30,60040.0,17600.0,77640.0
11855,11855,1106,2025-10-20,2025-11-04,15,22040.0,7940.0,29980.0
11856,11856,1003,2025-10-21,2025-12-05,45,22516.0,4752.0,27268.0
11857,11857,1097,2025-10-20,2025-11-04,15,24629.0,8385.0,33014.0
11858,11858,1088,2025-10-20,2025-11-04,15,21966.0,3999.0,25965.0
11859,11859,1015,2025-10-20,2025-11-19,30,11966.0,3095.0,15061.0
11860,11860,1120,2025-10-20,2025-11-19,30,12638.0,4447.0,17085.0
11861,11861,1107,2025-10-22,2025-11-21,30,63642.0,8296.0,71938.0
11862,11862,1094,2025-10-21,2025-12-05,45,11714.0,3341.0,15055.0
11863,11863,1043,2025-10-23,2025-11-22,30,58542.0,7794.0,66336.0
11864,11864,1049,2025-10-21,2025-11-20,30,15352.0,3411.0,18763.0
11865,11865,1007,2025-10-21,2025-12-05,45,17337.0,4421.0,21758.0
11866,11866,1025,2025-10-22,2025-11-21,30,22066.0,3052.0,25118.0
11867,11867,1116,2025-10-23,2025-12-07,45,54177.0,9410.0,63587.0
11868,11868,1057,2025-10-24,2025-11-08,15,46548.0,9156.0,55704.0
11869,11869,1107,2025-10-22,2025-12-06,45,32892.0,5012.0,37904.0
11870,11870,1036,2025-10-23,2025-12-07,45,36537.0,9178.0,45715.0
11871,11871,1003,2025-10-23,2025-11-22,30,34827.0,5242.0,40069.0
11872,11872,1045,2025-10-22,2025-11-21,30,29530.0,5977.0,35507.0
11873,11873,1031,2025-10-21,2025-11-20,30,24120.0,5782.0,29902.0
11874,11874,1067,2025-10-23,2025-12-07,45,27294.0,8094.0,35388.0
11875,11875,1124,2025-10-22,2025-11-21,30,24482.0,8844.0,33326.0
11876,11876,1109,2025-10-23,2025-11-22,30,54744.0,17077.0,71821.0
11877,11877,1024,2025-10-23,2025-12-07,45,101214.0,28751.0,129965.0
11878,11878,1075,2025-10-21,2025-12-05,45,22965.0,3364.0,26329.0
11879,11879,1112,2025-10-21,2025-11-20,30,12475.0,2449.0,14924.0
11880,11880,1113,2025-10-24,2025-12-08,45,42128.0,7941.0,50069.0
11881,11881,1021,2025-10-22,2025-11-21,30,38298.0,6232.0,44530.0
11882,11882,1093,2025-10-21,2025-11-20,30,11168.0,2861.0,14029.0
11883,11883,1082,2025-10-21,2025-11-20,30,22320.0,6911.0,29231.0
11884,11884,1025,2025-10-23,2025-11-22,30,45645.0,5479.0,51124.0
11885,11885,1027,2025-10-23,2025-11-07,15,32235.0,10801.0,43036.0
11886,11886,1102,2025-10-22,2025-11-21,30,34864.0,12707.0,47571.0
11887,11887,1053,2025-10-21,2025-11-20,30,13251.0,2529.0,15780.0
11888,11888,1025,2025-10-21,2025-11-05,15,10341.0,3709.0,14050.0
11889,11889,1080,2025-10-21,2025-11-20,30,11019.0,1374.0,12393.0
11890,11890,1042,2025-10-22,2025-12-06,45,40552.0,12797.0,53349.0
11891,11891,1083,2025-10-21,2025-11-20,30,23463.0,7053.0,30516.0
11892,11892,1077,2025-10-21,2025-11-20,30,21873.0,7177.0,29050.0
11893,11893,1114,2025-10-23,2025-11-07,15,22464.0,4611.0,27075.0
11894,11894,1070,2025-10-22,2025-11-21,30,12282.0,2460.0,14742.0
11895,11895,1105,2025-10-23,2025-11-22,30,31906.0,5076.0,36982.0
11896,11896,1078,2025-10-24,2025-11-23,30,35628.0,12712.0,48340.0
11897,11897,1078,2025-10-22,2025-11-21,30,11138.0,3988.0,15126.0
11898,11898,1087,2025-10-23,2025-11-22,30,60792.0,15951.0,76743.0
11899,11899,1034,2025-10-24,2025-11-08,15,80730.0,29210.0,109940.0
11900,11900,1083,2025-10-25,2025-11-09,15,84552.0,26856.0,111408.0
11901,11901,1055,2025-10-23,2025-11-07,15,27298.0,4799.0,32097.0
11902,11902,1036,2025-10-23,2025-11-22,30,32720.0,5350.0,38070.0
11903,11903,1026,2025-10-25,2025-11-09,15,94652.0,20436.0,115088.0
11904,11904,1022,2025-10-22,2025-12-06,45,15625.0,2992.0,18617.0
11905,11905,1043,2025-10-22,2025-11-21,30,27413.0,8377.0,35790.0
11906,11906,1091,2025-10-24,2025-11-23,30,32934.0,6712.0,39646.0
11907,11907,1052,2025-10-22,2025-12-06,45,23785.0,7292.0,31077.0
11908,11908,1095,2025-10-23,2025-11-07,15,21700.0,3887.0,25587.0
11909,11909,1071,2025-10-24,2025-11-23,30,92694.0,12961.0,105655.0
11910,11910,1034,2025-10-22,2025-11-06,15,18307.0,2746.0,21053.0
11911,11911,1095,2025-10-23,2025-11-22,30,24450.0,3975.0,28425.0
11912,11912,1087,2025-10-23,2025-12-07,45,53628.0,16890.0,70518.0
11913,11913,1061,2025-10-23,2025-11-22,30,22278.0,3659.0,25937.0
11914,11914,1085,2025-10-24,2025-11-23,30,66219.0,19548.0,85767.0
11915,11915,1090,2025-10-22,2025-11-21,30,12848.0,3804.0,16652.0
11916,11916,1089,2025-10-24,2025-12-08,45,36921.0,4816.0,41737.0
11917,11917,1107,2025-10-24,2025-11-23,30,26919.0,3284.0,30203.0
11918,11918,1059,2025-10-23,2025-11-22,30,36140.0,10922.0,47062.0
11919,11919,1015,2025-10-22,2025-12-06,45,11029.0,1862.0,12891.0
11920,11920,1078,2025-10-26,2025-11-25,30,80570.0,21572.0,102142.0
11921,11921,1008,2025-10-26,2025-11-25,30,82355.0,18345.0,100700.0
11922,11922,1072,2025-10-22,2025-11-06,15,15329.0,3417.0,18746.0
11923,11923,1074,2025-10-22,2025-11-21,30,16167.0,5695.0,21862.0
11924,11924,1075,2025-10-24,2025-11-23,30,36429.0,10189.0,46618.0
11925,11925,1016,2025-10-25,2025-12-09,45,42572.0,8760.0,51332.0
11926,11926,1050,2025-10-25,2025-11-09,15,107404.0,36492.0,143896.0
11927,11927,1011,2025-10-22,2025-12-06,45,11263.0,4227.0,15490.0
11928,11928,1043,2025-10-24,2025-11-08,15,73620.0,25574.0,99194.0
11929,11929,1084,2025-10-24,2025-11-23,30,61773.0,17514.0,79287.0
11930,11930,1031,2025-10-23,2025-12-07,45,19926.0,4245.0,24171.0
11931,11931,1015,2025-10-24,2025-11-23,30,37707.0,9390.0,47097.0
11932,11932,1119,2025-10-22,2025-11-21,30,12173.0,4492.0,16665.0
11933,11933,1020,2025-10-23,2025-11-07,15,25774.0,6214.0,31988.0
11934,11934,1073,2025-10-23,2025-12-07,45,37276.0,9286.0,46562.0
11935,11935,1112,2025-10-24,2025-11-08,15,53715.0,19865.0,73580.0
11936,11936,1010,2025-10-24,2025-11-23,30,33018.0,4928.0,37946.0
11937,11937,1100,2025-10-23,2025-12-07,45,27112.0,4998.0,32110.0
11938,11938,1058,2025-10-23,2025-12-07,45,24482.0,5143.0,29625.0
11939,11939,1050,2025-10-26,2025-11-25,30,77955.0,20197.0,98152.0
11940,11940,1029,2025-10-24,2025-11-23,30,30063.0,10474.0,40537.0
11941,11941,1063,2025-10-25,2025-12-09,45,46215.0,8020.0,54235.0
11942,11942,1124,2025-10-24,2025-11-23,30,22716.0,2939.0,25655.0
11943,11943,1010,2025-10-24,2025-12-08,45,30856.0,9387.0,40243.0
11944,11944,1078,2025-10-23,2025-11-22,30,22653.0,7378.0,30031.0
11945,11945,1091,2025-10-23,2025-11-22,30,22892.0,7862.0,30754.0
11946,11946,1124,2025-10-24,2025-12-08,45,24040.0,3274.0,27314.0
11947,11947,1109,2025-10-24,2025-11-23,30,61666.0,21297.0,82963.0
11948,11948,1061,2025-10-24,2025-11-23,30,40482.0,10476.0,50958.0
11949,11949,1080,2025-10-25,2025-11-24,30,35352.0,8214.0,43566.0
11950,11950,1006,2025-10-24,2025-11-08,15,32588.0,10387.0,42975.0
11951,11951,1053,2025-10-23,2025-12-07,45,18282.0,5738.0,24020.0
11952,11952,1102,2025-10-24,2025-11-23,30,17808.0,6337.0,24145.0
11953,11953,1093,2025-10-26,2025-11-10,15,65796.0,19539.0,85335.0
11954,11954,1053,2025-10-24,2025-11-08,15,20916.0,6318.0,27234.0
11955,11955,1043,2025-10-25,2025-11-24,30,39915.0,12069.0,51984.0
11956,11956,1079,2025-10-23,2025-11-22,30,11718.0,1929.0,13647.0
11957,11957,1010,2025-10-23,2025-11-22,30,9904.0,3436.0,13340.0
11958,11958,1101,2025-10-24,2025-11-23,30,45644.0,15173.0,60817.0
11959,11959,1015,2025-10-26,2025-11-10,15,67980.0,8445.0,76425.0
11960,11960,1017,2025-10-25,2025-12-09,45,51300.0,17026.0,68326.0
11961,11961,1111,2025-10-25,2025-11-24,30,64926.0,10914.0,75840.0
11962,11962,1011,2025-10-23,2025-11-22,30,12198.0,4004.0,16202.0
11963,11963,1113,2025-10-24,2025-12-08,45,23170.0,5139.0,28309.0
11964,11964,1006,2025-10-24,2025-11-23,30,34446.0,6779.0,41225.0
11965,11965,1049,2025-10-24,2025-11-08,15,20330.0,5326.0,25656.0
11966,11966,1025,2025-10-24,2025-11-23,30,23094.0,4445.0,27539.0
11967,11967,1027,2025-10-24,2025-11-23,30,43664.0,14346.0,58010.0
11968,11968,1111,2025-10-23,2025-12-07,45,23830.0,2867.0,26697.0
11969,11969,1013,2025-10-23,2025-11-22,30,11994.0,3001.0,14995.0
11970,11970,1024,2025-10-24,2025-11-08,15,25384.0,3655.0,29039.0
11971,11971,1073,2025-10-23,2025-11-22,30,22627.0,3431.0,26058.0
11972,11972,1023,2025-10-25,2025-11-09,15,78234.0,15134.0,93368.0
11973,11973,1090,2025-10-23,2025-11-07,15,11992.0,3163.0,15155.0
11974,11974,1095,2025-10-26,2025-11-25,30,61136.0,14692.0,75828.0
11975,11975,1017,2025-10-23,2025-11-22,30,11587.0,1851.0,13438.0
11976,11976,1030,2025-10-25,2025-11-09,15,50901.0,9192.0,60093.0
11977,11977,1114,2025-10-23,2025-11-22,30,11718.0,3130.0,14848.0
11978,11978,1119,2025-10-23,2025-11-07,15,10779.0,2148.0,12927.0
11979,11979,1082,2025-10-24,2025-11-08,15,32836.0,5855.0,38691.0
11980,11980,1026,2025-10-27,2025-12-11,45,53185.0,7571.0,60756.0
11981,11981,1040,2025-10-24,2025-11-08,15,43406.0,13663.0,57069.0
11982,11982,1031,2025-10-24,2025-11-08,15,31854.0,8383.0,40237.0
11983,11983,1028,2025-10-25,2025-11-24,30,51579.0,17078.0,68657.0
11984,11984,1096,2025-10-24,2025-11-08,15,51548.0,14431.0,65979.0
11985,11985,1121,2025-10-28,2025-11-12,15,79320.0,13841.0,93161.0
11986,11986,1078,2025-10-25,2025-11-09,15,23980.0,4611.0,28591.0
11987,11987,1041,2025-10-25,2025-11-24,30,25448.0,8827.0,34275.0
11988,11988,1002,2025-10-25,2025-11-24,30,35684.0,6261.0,41945.0
11989,11989,1122,2025-10-28,2025-11-27,30,56355.0,10222.0,66577.0
11990,11990,1031,2025-10-25,2025-11-24,30,44404.0,6964.0,51368.0
11991,11991,1044,2025-10-25,2025-11-09,15,19526.0,7187.0,26713.0
11992,11992,1083,2025-10-25,2025-12-09,45,30766.0,7804.0,38570.0
11993,11993,1077,2025-10-24,2025-12-08,45,18769.0,6622.0,25391.0
11994,11994,1062,2025-10-26,2025-11-25,30,90768.0,29218.0,119986.0
11995,11995,1087,2025-10-24,2025-12-08,45,10466.0,2781.0,13247.0
11996,11996,1057,2025-10-25,2025-11-24,30,39912.0,8001.0,47913.0
11997,11997,1016,2025-10-26,2025-12-10,45,53073.0,19653.0,72726.0
11998,11998,1098,2025-10-27,2025-11-26,30,44176.0,6884.0,51060.0
11999,11999,1077,2025-10-24,2025-11-23,30,22094.0,5801.0,27895.0
12000,12000,1043,2025-10-24,2025-11-23,30,16866.0,2046.0,18912.0
12001,12001,1065,2025-10-25,2025-12-09,45,35594.0,12029.0,47623.0
12002,12002,1009,2025-10-24,2025-11-23,30,18274.0,2542.0,20816.0
12003,12003,1031,2025-10-27,2025-11-11,15,48756.0,16903.0,65659.0
12004,12004,1104,2025-10-25,2025-11-09,15,34842.0,8452.0,43294.0
12005,12005,1096,2025-10-28,2025-11-27,30,58645.0,13839.0,72484.0
12006,12006,1045,2025-10-28,2025-11-12,15,114205.0,16961.0,131166.0
12007,12007,1098,2025-10-25,2025-11-24,30,26336.0,6343.0,32679.0
12008,12008,1115,2025-10-26,2025-12-10,45,38484.0,12531.0,51015.0
12009,12009,1087,2025-10-25,2025-11-24,30,21174.0,5880.0,27054.0
12010,12010,1061,2025-10-25,2025-11-09,15,46984.0,8242.0,55226.0
12011,12011,1017,2025-10-25,2025-11-24,30,49778.0,16185.0,65963.0
12012,12012,1076,2025-10-24,2025-11-23,30,19912.0,4230.0,24142.0
12013,12013,1089,2025-10-26,2025-11-10,15,58773.0,12393.0,71166.0
12014,12014,1004,2025-10-24,2025-11-23,30,25472.0,8605.0,34077.0
12015,12015,1007,2025-10-27,2025-12-11,45,64376.0,10191.0,74567.0
12016,12016,1072,2025-10-24,2025-12-08,45,11232.0,2217.0,13449.0
12017,12017,1102,2025-10-26,2025-11-25,30,33972.0,4389.0,38361.0
12018,12018,1040,2025-10-25,2025-11-09,15,61244.0,15162.0,76406.0
12019,12019,1004,2025-10-25,2025-12-09,45,31752.0,3876.0,35628.0
12020,12020,1085,2025-10-25,2025-11-09,15,10609.0,3445.0,14054.0
12021,12021,1118,2025-10-26,2025-11-10,15,41436.0,5236.0,46672.0
12022,12022,1114,2025-10-27,2025-12-11,45,29391.0,5657.0,35048.0
12023,12023,1057,2025-10-26,2025-11-25,30,34264.0,10090.0,44354.0
12024,12024,1112,2025-10-25,2025-11-09,15,12328.0,3145.0,15473.0
12025,12025,1025,2025-10-25,2025-11-24,30,12873.0,4525.0,17398.0
12026,12026,1028,2025-10-27,2025-11-11,15,34209.0,7432.0,41641.0
12027,12027,1031,2025-10-26,2025-11-25,30,32638.0,4915.0,37553.0
12028,12028,1004,2025-10-25,2025-11-24,30,27142.0,4780.0,31922.0
12029,12029,1095,2025-10-26,2025-11-25,30,26296.0,8485.0,34781.0
12030,12030,1110,2025-10-27,2025-11-26,30,96138.0,32438.0,128576.0
12031,12031,1051,2025-10-26,2025-11-25,30,47646.0,18036.0,65682.0
12032,12032,1036,2025-10-25,2025-11-24,30,22462.0,7046.0,29508.0
12033,12033,1015,2025-10-27,2025-11-26,30,36996.0,10908.0,47904.0
12034,12034,1045,2025-10-26,2025-11-25,30,34940.0,12184.0,47124.0
12035,12035,1054,2025-10-26,2025-11-10,15,35474.0,8337.0,43811.0
12036,12036,1003,2025-10-27,2025-11-26,30,50790.0,14495.0,65285.0
12037,12037,1108,2025-10-28,2025-11-27,30,49124.0,6264.0,55388.0
12038,12038,1066,2025-10-25,2025-11-24,30,21353.0,6993.0,28346.0
12039,12039,1112,2025-10-25,2025-12-09,45,23090.0,7470.0,30560.0
12040,12040,1094,2025-10-26,2025-12-10,45,24536.0,3978.0,28514.0
12041,12041,1009,2025-10-27,2025-11-26,30,45339.0,7449.0,52788.0
12042,12042,1026,2025-10-27,2025-11-11,15,70188.0,13905.0,84093.0
12043,12043,1107,2025-10-25,2025-11-24,30,10561.0,3381.0,13942.0
12044,12044,1044,2025-10-25,2025-11-09,15,16652.0,5843.0,22495.0
12045,12045,1008,2025-10-26,2025-11-10,15,19466.0,3787.0,23253.0
12046,12046,1070,2025-10-28,2025-11-12,15,85380.0,15342.0,100722.0
12047,12047,1087,2025-10-27,2025-11-26,30,49635.0,8607.0,58242.0
12048,12048,1110,2025-10-28,2025-12-12,45,65560.0,18714.0,84274.0
12049,12049,1042,2025-10-27,2025-11-11,15,34083.0,4587.0,38670.0
12050,12050,1056,2025-10-25,2025-11-24,30,11941.0,1999.0,13940.0
12051,12051,1034,2025-10-25,2025-11-24,30,11390.0,3746.0,15136.0
12052,12052,1001,2025-10-26,2025-11-25,30,24436.0,4426.0,28862.0
12053,12053,1088,2025-10-26,2025-11-25,30,22462.0,7528.0,29990.0
12054,12054,1094,2025-10-26,2025-11-10,15,37838.0,13828.0,51666.0
12055,12055,1104,2025-10-25,2025-11-24,30,11839.0,3897.0,15736.0
12056,12056,1048,2025-10-27,2025-11-26,30,33093.0,5247.0,38340.0
12057,12057,1079,2025-10-27,2025-11-26,30,35379.0,6047.0,41426.0
12058,12058,1017,2025-10-28,2025-11-27,30,139012.0,48652.0,187664.0
12059,12059,1013,2025-10-28,2025-11-27,30,133516.0,16646.0,150162.0
12060,12060,1083,2025-10-28,2025-11-12,15,137684.0,38531.0,176215.0
12061,12061,1026,2025-10-25,2025-11-24,30,16785.0,4511.0,21296.0
12062,12062,1005,2025-10-27,2025-11-11,15,52908.0,18450.0,71358.0
12063,12063,1123,2025-10-25,2025-11-09,15,17285.0,4045.0,21330.0
12064,12064,1083,2025-10-27,2025-11-26,30,33168.0,6527.0,39695.0
12065,12065,1045,2025-10-28,2025-11-12,15,56523.0,16470.0,72993.0
12066,12066,1091,2025-10-27,2025-12-11,45,20102.0,4208.0,24310.0
12067,12067,1018,2025-10-28,2025-11-27,30,92793.0,15182.0,107975.0
12068,12068,1050,2025-10-28,2025-11-27,30,72306.0,27149.0,99455.0
12069,12069,1084,2025-10-29,2025-11-13,15,71628.0,18472.0,90100.0
12070,12070,1054,2025-10-26,2025-11-25,30,15697.0,2837.0,18534.0
12071,12071,1105,2025-10-28,2025-11-27,30,52305.0,9671.0,61976.0
12072,12072,1107,2025-10-26,2025-11-25,30,12858.0,2420.0,15278.0
12073,12073,1046,2025-10-27,2025-11-11,15,49008.0,6561.0,55569.0
12074,12074,1002,2025-10-26,2025-11-25,30,23149.0,6024.0,29173.0
12075,12075,1072,2025-10-26,2025-11-25,30,13079.0,2482.0,15561.0
12076,12076,1067,2025-10-28,2025-11-27,30,77046.0,26762.0,103808.0
12077,12077,1015,2025-10-26,2025-11-25,30,9277.0,2487.0,11764.0
12078,12078,1078,2025-10-27,2025-12-11,45,46630.0,13302.0,59932.0
12079,12079,1001,2025-10-30,2025-12-14,45,63280.0,14006.0,77286.0
12080,12080,1039,2025-10-26,2025-12-10,45,12422.0,3380.0,15802.0
12081,12081,1022,2025-10-26,2025-11-25,30,9944.0,1354.0,11298.0
12082,12082,1065,2025-10-27,2025-11-26,30,23750.0,4668.0,28418.0
12083,12083,1039,2025-10-28,2025-11-12,15,36966.0,5462.0,42428.0
12084,12084,1062,2025-10-29,2025-11-13,15,89912.0,13614.0,103526.0
12085,12085,1071,2025-10-29,2025-11-28,30,76760.0,28916.0,105676.0
12086,12086,1119,2025-10-27,2025-11-26,30,22736.0,6105.0,28841.0
12087,12087,1088,2025-10-26,2025-11-25,30,13202.0,3439.0,16641.0
12088,12088,1029,2025-10-29,2025-11-28,30,72904.0,21669.0,94573.0
12089,12089,1045,2025-10-28,2025-11-12,15,93174.0,13334.0,106508.0
12090,12090,1105,2025-10-26,2025-12-10,45,12178.0,2792.0,14970.0
12091,12091,1106,2025-10-27,2025-11-11,15,29622.0,5280.0,34902.0
12092,12092,1111,2025-10-26,2025-12-10,45,14634.0,2737.0,17371.0
12093,12093,1040,2025-10-27,2025-11-11,15,23128.0,4916.0,28044.0
12094,12094,1062,2025-10-26,2025-11-25,30,15260.0,5788.0,21048.0
12095,12095,1079,2025-10-26,2025-11-25,30,21698.0,5523.0,27221.0
12096,12096,1022,2025-10-27,2025-11-26,30,24966.0,5991.0,30957.0
12097,12097,1083,2025-10-28,2025-12-12,45,31368.0,6659.0,38027.0
12098,12098,1042,2025-10-27,2025-11-26,30,22994.0,7478.0,30472.0
12099,12099,1023,2025-10-28,2025-11-12,15,47760.0,9099.0,56859.0
12100,12100,1035,2025-10-27,2025-11-26,30,21208.0,5297.0,26505.0
12101,12101,1012,2025-10-26,2025-12-10,45,21901.0,7210.0,29111.0
12102,12102,1116,2025-10-29,2025-11-13,15,61948.0,16370.0,78318.0
12103,12103,1005,2025-10-30,2025-11-29,30,45756.0,8231.0,53987.0
12104,12104,1028,2025-10-30,2025-11-29,30,47820.0,6924.0,54744.0
12105,12105,1032,2025-10-28,2025-11-12,15,22944.0,3934.0,26878.0
12106,12106,1097,2025-10-27,2025-11-26,30,10872.0,2050.0,12922.0
12107,12107,1016,2025-10-27,2025-11-11,15,18827.0,3658.0,22485.0
12108,12108,1086,2025-10-27,2025-12-11,45,20008.0,4329.0,24337.0
12109,12109,1118,2025-10-28,2025-11-12,15,27164.0,9183.0,36347.0
12110,12110,1025,2025-10-27,2025-12-11,45,9880.0,3698.0,13578.0
12111,12111,1069,2025-10-28,2025-11-27,30,27290.0,6633.0,33923.0
12112,12112,1097,2025-10-29,2025-11-13,15,50445.0,8914.0,59359.0
12113,12113,1036,2025-10-27,2025-12-11,45,29421.0,7152.0,36573.0
12114,12114,1084,2025-10-28,2025-11-27,30,20838.0,7419.0,28257.0
12115,12115,1063,2025-10-27,2025-11-26,30,19094.0,5592.0,24686.0
12116,12116,1054,2025-10-27,2025-11-26,30,12362.0,4274.0,16636.0
12117,12117,1122,2025-10-29,2025-11-28,30,30330.0,10331.0,40661.0
12118,12118,1008,2025-10-27,2025-11-11,15,11310.0,3634.0,14944.0
12119,12119,1068,2025-10-27,2025-11-26,30,17074.0,3690.0,20764.0
12120,12120,1114,2025-10-27,2025-11-26,30,11557.0,2639.0,14196.0
12121,12121,1023,2025-10-27,2025-12-11,45,10400.0,2739.0,13139.0
12122,12122,1088,2025-10-29,2025-11-28,30,31494.0,9583.0,41077.0
12123,12123,1030,2025-10-27,2025-11-26,30,11569.0,2164.0,13733.0
12124,12124,1022,2025-10-27,2025-11-26,30,10779.0,3228.0,14007.0
12125,12125,1036,2025-10-28,2025-12-12,45,45804.0,11877.0,57681.0
12126,12126,1117,2025-10-28,2025-11-27,30,57560.0,15250.0,72810.0
12127,12127,1036,2025-10-29,2025-11-28,30,65859.0,13608.0,79467.0
12128,12128,1104,2025-10-29,2025-11-28,30,32118.0,8355.0,40473.0
12129,12129,1014,2025-10-30,2025-11-29,30,100172.0,32711.0,132883.0
12130,12130,1059,2025-10-27,2025-12-11,45,14604.0,5310.0,19914.0
12131,12131,1106,2025-10-31,2025-11-30,30,158080.0,56993.0,215073.0
12132,12132,1056,2025-10-27,2025-11-26,30,16223.0,4257.0,20480.0
12133,12133,1029,2025-10-27,2025-12-11,45,11606.0,3206.0,14812.0
12134,12134,1117,2025-10-27,2025-11-26,30,10716.0,3469.0,14185.0
12135,12135,1009,2025-10-27,2025-11-26,30,10504.0,1403.0,11907.0
12136,12136,1029,2025-10-28,2025-11-27,30,24580.0,7910.0,32490.0
12137,12137,1101,2025-10-31,2025-11-30,30,116630.0,33908.0,150538.0
12138,12138,1059,2025-10-29,2025-12-13,45,37035.0,11456.0,48491.0
12139,12139,1074,2025-10-29,2025-11-28,30,36411.0,11077.0,47488.0
12140,12140,1060,2025-10-30,2025-12-14,45,46388.0,13920.0,60308.0
12141,12141,1091,2025-10-30,2025-11-14,15,68684.0,10536.0,79220.0
12142,12142,1065,2025-10-29,2025-11-28,30,33690.0,5219.0,38909.0
12143,12143,1111,2025-10-27,2025-11-11,15,16537.0,5656.0,22193.0
12144,12144,1115,2025-10-28,2025-11-27,30,21068.0,7667.0,28735.0
12145,12145,1068,2025-10-30,2025-12-14,45,45402.0,14111.0,59513.0
12146,12146,1015,2025-10-28,2025-11-27,30,10117.0,3275.0,13392.0
12147,12147,1028,2025-10-29,2025-11-28,30,48180.0,14441.0,62621.0
12148,12148,1044,2025-10-30,2025-11-29,30,31065.0,10136.0,41201.0
12149,12149,1059,2025-10-28,2025-11-12,15,26051.0,9100.0,35151.0
12150,12150,1075,2025-10-30,2025-11-29,30,52332.0,18062.0,70394.0
12151,12151,1050,2025-10-29,2025-12-13,45,25552.0,4842.0,30394.0
12152,12152,1090,2025-10-31,2025-11-30,30,88056.0,30066.0,118122.0
12153,12153,1073,2025-10-31,2025-11-30,30,78792.0,24554.0,103346.0
12154,12154,1083,2025-11-01,2025-12-01,30,53520.0,13598.0,67118.0
12155,12155,1080,2025-10-29,2025-11-13,15,54046.0,18661.0,72707.0
12156,12156,1061,2025-10-28,2025-12-12,45,11834.0,2416.0,14250.0
12157,12157,1033,2025-10-28,2025-11-27,30,10704.0,1825.0,12529.0
12158,12158,1026,2025-10-29,2025-11-13,15,23616.0,3049.0,26665.0
12159,12159,1041,2025-10-28,2025-11-12,15,23750.0,6799.0,30549.0
12160,12160,1001,2025-10-30,2025-11-29,30,69945.0,17177.0,87122.0
12161,12161,1110,2025-10-31,2025-11-30,30,128604.0,48419.0,177023.0
12162,12162,1093,2025-10-29,2025-11-28,30,33838.0,9524.0,43362.0
12163,12163,1009,2025-10-29,2025-11-28,30,34874.0,6593.0,41467.0
12164,12164,1071,2025-10-28,2025-11-27,30,12399.0,3841.0,16240.0
12165,12165,1124,2025-10-28,2025-11-12,15,17612.0,3225.0,20837.0
12166,12166,1056,2025-10-28,2025-11-12,15,11642.0,2633.0,14275.0
12167,12167,1072,2025-10-30,2025-11-29,30,29526.0,6844.0,36370.0
12168,12168,1052,2025-10-29,2025-11-13,15,23686.0,3175.0,26861.0
12169,12169,1068,2025-10-29,2025-11-28,30,25032.0,7777.0,32809.0
12170,12170,1125,2025-10-30,2025-11-14,15,32730.0,9803.0,42533.0
12171,12171,1100,2025-10-29,2025-11-28,30,32410.0,11287.0,43697.0
12172,12172,1099,2025-10-29,2025-11-28,30,22664.0,6533.0,29197.0
12173,12173,1057,2025-10-29,2025-11-13,15,24632.0,6638.0,31270.0
12174,12174,1034,2025-10-28,2025-11-27,30,11431.0,4207.0,15638.0
12175,12175,1105,2025-10-30,2025-11-29,30,70218.0,22018.0,92236.0
12176,12176,1097,2025-10-28,2025-12-12,45,22808.0,5743.0,28551.0
12177,12177,1019,2025-10-29,2025-11-13,15,31770.0,7109.0,38879.0
12178,12178,1106,2025-10-29,2025-11-28,30,35144.0,4922.0,40066.0
12179,12179,1055,2025-10-29,2025-11-28,30,23502.0,5836.0,29338.0
12180,12180,1092,2025-10-28,2025-12-12,45,11237.0,2097.0,13334.0
12181,12181,1061,2025-10-31,2025-12-15,45,49740.0,7327.0,57067.0
12182,12182,1007,2025-10-29,2025-12-13,45,24062.0,4562.0,28624.0
12183,12183,1040,2025-10-28,2025-11-27,30,11550.0,1601.0,13151.0
12184,12184,1019,2025-10-29,2025-11-28,30,29423.0,4054.0,33477.0
12185,12185,1034,2025-10-29,2025-12-13,45,12361.0,2522.0,14883.0
12186,12186,1095,2025-10-31,2025-11-15,15,67521.0,21159.0,88680.0
12187,12187,1105,2025-10-29,2025-12-13,45,22441.0,3521.0,25962.0
12188,12188,1101,2025-10-29,2025-12-13,45,17564.0,5567.0,23131.0
12189,12189,1089,2025-10-29,2025-11-13,15,11837.0,1627.0,13464.0
12190,12190,1029,2025-10-30,2025-11-14,15,20902.0,6369.0,27271.0
12191,12191,1004,2025-10-31,2025-11-30,30,36582.0,8051.0,44633.0
12192,12192,1104,2025-10-31,2025-11-30,30,97908.0,21543.0,119451.0
12193,12193,1008,2025-10-31,2025-11-30,30,57792.0,11232.0,69024.0
12194,12194,1026,2025-10-31,2025-11-15,15,72975.0,8847.0,81822.0
12195,12195,1104,2025-10-30,2025-12-14,45,44404.0,10495.0,54899.0
12196,12196,1058,2025-10-30,2025-12-14,45,20564.0,7504.0,28068.0
12197,12197,1003,2025-10-31,2025-11-15,15,33960.0,11251.0,45211.0
12198,12198,1029,2025-10-30,2025-11-14,15,24904.0,3197.0,28101.0
12199,12199,1039,2025-10-30,2025-11-29,30,62782.0,16962.0,79744.0
12200,12200,1055,2025-10-30,2025-12-14,45,34066.0,12905.0,46971.0
12201,12201,1050,2025-10-30,2025-11-29,30,36376.0,11722.0,48098.0
12202,12202,1025,2025-11-01,2025-11-16,15,62364.0,17338.0,79702.0
12203,12203,1102,2025-10-29,2025-11-13,15,19636.0,3850.0,23486.0
12204,12204,1096,2025-10-30,2025-11-14,15,61338.0,17452.0,78790.0
12205,12205,1089,2025-10-29,2025-11-28,30,18669.0,6987.0,25656.0
12206,12206,1108,2025-10-29,2025-11-13,15,29384.0,9770.0,39154.0
12207,12207,1073,2025-10-30,2025-11-14,15,35296.0,4504.0,39800.0
12208,12208,1066,2025-10-30,2025-11-29,30,31648.0,6538.0,38186.0
12209,12209,1033,2025-10-29,2025-11-28,30,11577.0,2148.0,13725.0
12210,12210,1054,2025-10-31,2025-11-30,30,56223.0,14763.0,70986.0
12211,12211,1040,2025-10-30,2025-11-29,30,31058.0,7972.0,39030.0
12212,12212,1027,2025-10-29,2025-11-28,30,16737.0,4807.0,21544.0
12213,12213,1125,2025-11-01,2025-12-01,30,122612.0,28795.0,151407.0
12214,12214,1090,2025-10-31,2025-11-30,30,47829.0,17009.0,64838.0
12215,12215,1072,2025-10-29,2025-11-13,15,24450.0,8161.0,32611.0
12216,12216,1009,2025-10-29,2025-12-13,45,18612.0,4896.0,23508.0
12217,12217,1060,2025-10-30,2025-11-29,30,40090.0,6792.0,46882.0
12218,12218,1081,2025-11-01,2025-12-16,45,45736.0,17241.0,62977.0
12219,12219,1059,2025-10-29,2025-11-28,30,11179.0,3158.0,14337.0
12220,12220,1075,2025-11-01,2025-12-01,30,92948.0,15008.0,107956.0
12221,12221,1061,2025-11-02,2025-11-17,15,60015.0,15782.0,75797.0
12222,12222,1042,2025-10-31,2025-11-30,30,86037.0,10449.0,96486.0
12223,12223,1099,2025-10-29,2025-11-28,30,16899.0,2512.0,19411.0
12224,12224,1063,2025-10-30,2025-12-14,45,24538.0,4245.0,28783.0
12225,12225,1116,2025-10-29,2025-11-28,30,12258.0,3858.0,16116.0
12226,12226,1025,2025-10-29,2025-11-13,15,17650.0,4436.0,22086.0
12227,12227,1086,2025-10-29,2025-11-28,30,16742.0,4519.0,21261.0
12228,12228,1071,2025-10-31,2025-11-30,30,80274.0,19993.0,100267.0
12229,12229,1079,2025-10-31,2025-11-15,15,63993.0,17363.0,81356.0
12230,12230,1113,2025-10-29,2025-11-28,30,17652.0,4799.0,22451.0
12231,12231,1090,2025-10-29,2025-11-13,15,11851.0,2186.0,14037.0
12232,12232,1080,2025-10-30,2025-12-14,45,25230.0,8252.0,33482.0
12233,12233,1043,2025-10-30,2025-11-29,30,10019.0,1457.0,11476.0
12234,12234,1079,2025-10-31,2025-11-15,15,23938.0,8949.0,32887.0
12235,12235,1050,2025-11-01,2025-12-01,30,34362.0,11770.0,46132.0
12236,12236,1116,2025-11-01,2025-11-16,15,46794.0,7395.0,54189.0
12237,12237,1094,2025-10-31,2025-11-15,15,43766.0,11486.0,55252.0
12238,12238,1054,2025-10-31,2025-11-30,30,33454.0,8488.0,41942.0
12239,12239,1068,2025-10-31,2025-11-30,30,60614.0,14515.0,75129.0
12240,12240,1078,2025-11-03,2025-12-03,30,144310.0,50322.0,194632.0
12241,12241,1014,2025-10-30,2025-11-29,30,30128.0,5252.0,35380.0
12242,12242,1028,2025-11-01,2025-12-01,30,28974.0,10128.0,39102.0
12243,12243,1071,2025-11-02,2025-12-02,30,47720.0,15048.0,62768.0
12244,12244,1028,2025-10-31,2025-12-15,45,30770.0,6078.0,36848.0
12245,12245,1069,2025-10-30,2025-11-14,15,11906.0,2669.0,14575.0
12246,12246,1022,2025-10-31,2025-11-30,30,34710.0,6829.0,41539.0
12247,12247,1080,2025-10-31,2025-11-30,30,44222.0,12832.0,57054.0
12248,12248,1124,2025-11-01,2025-12-01,30,33135.0,4627.0,37762.0
12249,12249,1043,2025-11-01,2025-12-01,30,34413.0,7868.0,42281.0
12250,12250,1121,2025-11-02,2025-11-17,15,73676.0,21230.0,94906.0
12251,12251,1075,2025-11-01,2025-12-16,45,47316.0,8749.0,56065.0
12252,12252,1123,2025-10-31,2025-11-15,15,57004.0,20291.0,77295.0
12253,12253,1039,2025-10-31,2025-11-30,30,36278.0,13262.0,49540.0
12254,12254,1019,2025-11-01,2025-12-16,45,43380.0,8610.0,51990.0
12255,12255,1040,2025-10-31,2025-11-15,15,54752.0,15440.0,70192.0
12256,12256,1125,2025-11-01,2025-12-16,45,33507.0,8969.0,42476.0
12257,12257,1064,2025-10-31,2025-11-15,15,37716.0,7043.0,44759.0
12258,12258,1115,2025-10-30,2025-11-29,30,10710.0,3214.0,13924.0
12259,12259,1027,2025-10-30,2025-12-14,45,17722.0,2628.0,20350.0
12260,12260,1058,2025-10-31,2025-11-15,15,25178.0,5108.0,30286.0
12261,12261,1040,2025-10-30,2025-11-29,30,11991.0,4225.0,16216.0
12262,12262,1090,2025-11-01,2025-11-16,15,36183.0,8955.0,45138.0
12263,12263,1032,2025-10-31,2025-11-30,30,23910.0,8793.0,32703.0
12264,12264,1066,2025-10-31,2025-11-15,15,24122.0,8213.0,32335.0
12265,12265,1011,2025-11-01,2025-12-01,30,85986.0,28045.0,114031.0
12266,12266,1013,2025-10-31,2025-11-30,30,21638.0,7636.0,29274.0
12267,12267,1042,2025-11-01,2025-11-16,15,37476.0,7766.0,45242.0
12268,12268,1066,2025-10-30,2025-11-29,30,10069.0,2972.0,13041.0
12269,12269,1003,2025-10-30,2025-11-29,30,16885.0,3259.0,20144.0
12270,12270,1012,2025-10-30,2025-11-29,30,14722.0,2202.0,16924.0
12271,12271,1109,2025-11-01,2025-12-01,30,21622.0,4922.0,26544.0
12272,12272,1013,2025-10-31,2025-12-15,45,15993.0,3367.0,19360.0
12273,12273,1002,2025-11-01,2025-12-01,30,31788.0,7961.0,39749.0
12274,12274,1023,2025-11-03,2025-12-03,30,45220.0,5636.0,50856.0
12275,12275,1039,2025-11-02,2025-12-02,30,73170.0,12229.0,85399.0
12276,12276,1124,2025-10-31,2025-11-30,30,18782.0,2982.0,21764.0
12277,12277,1116,2025-11-01,2025-11-16,15,31304.0,6934.0,38238.0
12278,12278,1005,2025-10-31,2025-11-15,15,16609.0,4108.0,20717.0
12279,12279,1011,2025-11-01,2025-12-01,30,24840.0,6230.0,31070.0
12280,12280,1057,2025-11-01,2025-12-01,30,48904.0,8811.0,57715.0
12281,12281,1124,2025-10-31,2025-12-15,45,10846.0,2356.0,13202.0
12282,12282,1020,2025-11-01,2025-12-01,30,56430.0,15178.0,71608.0
12283,12283,1053,2025-10-31,2025-11-15,15,11972.0,2715.0,14687.0
12284,12284,1077,2025-11-01,2025-12-01,30,30528.0,6170.0,36698.0
12285,12285,1105,2025-11-01,2025-12-01,30,21898.0,5323.0,27221.0
12286,12286,1124,2025-11-02,2025-12-02,30,37458.0,10883.0,48341.0
12287,12287,1090,2025-11-01,2025-12-01,30,22190.0,8065.0,30255.0
12288,12288,1100,2025-11-03,2025-12-18,45,120784.0,39798.0,160582.0
12289,12289,1050,2025-10-31,2025-11-30,30,10571.0,3298.0,13869.0
12290,12290,1031,2025-10-31,2025-11-15,15,12100.0,3278.0,15378.0
12291,12291,1053,2025-10-31,2025-11-30,30,10151.0,3851.0,14002.0
12292,12292,1058,2025-11-01,2025-12-01,30,56256.0,6859.0,63115.0
12293,12293,1032,2025-11-01,2025-12-01,30,37626.0,6101.0,43727.0
12294,12294,1022,2025-10-31,2025-11-15,15,16616.0,4461.0,21077.0
12295,12295,1122,2025-10-31,2025-12-15,45,16015.0,5594.0,21609.0
12296,12296,1052,2025-11-01,2025-12-01,30,22046.0,5032.0,27078.0
12297,12297,1020,2025-11-01,2025-12-16,45,20656.0,5360.0,26016.0
12298,12298,1053,2025-10-31,2025-11-30,30,25724.0,6436.0,32160.0
12299,12299,1011,2025-11-02,2025-11-17,15,47436.0,10436.0,57872.0
12300,12300,1029,2025-11-03,2025-12-03,30,97324.0,14364.0,111688.0
12301,12301,1020,2025-11-01,2025-12-01,30,34814.0,10125.0,44939.0
12302,12302,1011,2025-11-01,2025-12-01,30,32458.0,7587.0,40045.0
12303,12303,1039,2025-10-31,2025-12-15,45,18013.0,2402.0,20415.0
12304,12304,1087,2025-10-31,2025-11-30,30,17387.0,3211.0,20598.0
12305,12305,1112,2025-11-01,2025-12-01,30,23756.0,8900.0,32656.0
12306,12306,1057,2025-10-31,2025-11-15,15,13002.0,1840.0,14842.0
12307,12307,1050,2025-11-01,2025-12-16,45,23590.0,5276.0,28866.0
12308,12308,1108,2025-10-31,2025-12-15,45,23306.0,8020.0,31326.0
12309,12309,1027,2025-11-02,2025-11-17,15,32730.0,9770.0,42500.0
12310,12310,1064,2025-11-01,2025-12-16,45,22530.0,3066.0,25596.0
12311,12311,1040,2025-11-01,2025-12-01,30,19924.0,4011.0,23935.0
12312,12312,1089,2025-10-31,2025-12-15,45,27378.0,4876.0,32254.0
12313,12313,1082,2025-11-02,2025-12-02,30,34911.0,5320.0,40231.0
12314,12314,1019,2025-11-03,2025-12-03,30,50228.0,8337.0,58565.0
12315,12315,1092,2025-10-31,2025-11-30,30,12673.0,4690.0,17363.0
12316,12316,1109,2025-11-02,2025-12-02,30,30906.0,9631.0,40537.0
12317,12317,1110,2025-11-05,2025-12-20,45,61325.0,11669.0,72994.0
12318,12318,1109,2025-11-03,2025-12-18,45,35715.0,10771.0,46486.0
12319,12319,1072,2025-11-02,2025-12-02,30,27174.0,6101.0,33275.0
12320,12320,1042,2025-11-03,2025-12-03,30,35061.0,11188.0,46249.0
12321,12321,1049,2025-11-04,2025-12-19,45,117232.0,28296.0,145528.0
12322,12322,1121,2025-11-01,2025-12-01,30,23809.0,8814.0,32623.0
12323,12323,1101,2025-11-04,2025-12-19,45,41916.0,10553.0,52469.0
12324,12324,1009,2025-11-03,2025-12-18,45,79608.0,22932.0,102540.0
12325,12325,1004,2025-11-01,2025-12-16,45,22506.0,8544.0,31050.0
12326,12326,1039,2025-11-02,2025-11-17,15,34716.0,11444.0,46160.0
12327,12327,1018,2025-11-02,2025-11-17,15,24790.0,5388.0,30178.0
12328,12328,1031,2025-11-04,2025-12-04,30,90004.0,14019.0,104023.0
12329,12329,1087,2025-11-01,2025-12-01,30,10271.0,1535.0,11806.0
12330,12330,1076,2025-11-01,2025-11-16,15,18151.0,5397.0,23548.0
12331,12331,1029,2025-11-02,2025-11-17,15,23562.0,8456.0,32018.0
12332,12332,1003,2025-11-04,2025-11-19,15,49148.0,15521.0,64669.0
12333,12333,1046,2025-11-02,2025-12-02,30,20600.0,7395.0,27995.0
12334,12334,1105,2025-11-04,2025-12-19,45,125064.0,37380.0,162444.0
12335,12335,1012,2025-11-01,2025-11-16,15,22823.0,4452.0,27275.0
12336,12336,1083,2025-11-04,2025-11-19,15,71816.0,9394.0,81210.0
12337,12337,1073,2025-11-02,2025-12-02,30,20680.0,6241.0,26921.0
12338,12338,1123,2025-11-01,2025-12-01,30,11447.0,3298.0,14745.0
12339,12339,1020,2025-11-01,2025-12-01,30,16090.0,2961.0,19051.0
12340,12340,1015,2025-11-03,2025-11-18,15,66333.0,16808.0,83141.0
12341,12341,1021,2025-11-02,2025-12-17,45,26456.0,9076.0,35532.0
12342,12342,1024,2025-11-02,2025-12-02,30,57220.0,11592.0,68812.0
12343,12343,1045,2025-11-04,2025-12-04,30,61824.0,18352.0,80176.0
12344,12344,1110,2025-11-04,2025-12-04,30,92128.0,26587.0,118715.0
12345,12345,1118,2025-11-06,2025-12-21,45,77095.0,14462.0,91557.0
12346,12346,1103,2025-11-02,2025-12-17,45,9247.0,2200.0,11447.0
12347,12347,1072,2025-11-04,2025-12-04,30,24750.0,8936.0,33686.0
12348,12348,1037,2025-11-05,2025-11-20,15,36104.0,12861.0,48965.0
12349,12349,1030,2025-11-02,2025-12-17,45,12876.0,3757.0,16633.0
12350,12350,1096,2025-11-02,2025-12-02,30,10730.0,3493.0,14223.0
12351,12351,1056,2025-11-04,2025-11-19,15,73212.0,10635.0,83847.0
12352,12352,1072,2025-11-05,2025-12-05,30,55560.0,17303.0,72863.0
12353,12353,1077,2025-11-05,2025-12-05,30,61360.0,21843.0,83203.0
12354,12354,1055,2025-11-02,2025-12-17,45,18088.0,4031.0,22119.0
12355,12355,1010,2025-11-04,2025-11-19,15,30741.0,9407.0,40148.0
12356,12356,1111,2025-11-03,2025-12-03,30,17574.0,6110.0,23684.0
12357,12357,1003,2025-11-04,2025-12-04,30,52911.0,10094.0,63005.0
12358,12358,1094,2025-11-05,2025-12-20,45,42128.0,15199.0,57327.0
12359,12359,1064,2025-11-02,2025-12-17,45,15656.0,2015.0,17671.0
12360,12360,1112,2025-11-02,2025-12-02,30,9064.0,1744.0,10808.0
12361,12361,1101,2025-11-03,2025-11-18,15,26678.0,8513.0,35191.0
12362,12362,1072,2025-11-02,2025-12-02,30,23807.0,8141.0,31948.0
12363,12363,1026,2025-11-04,2025-12-04,30,45684.0,12026.0,57710.0
12364,12364,1072,2025-11-03,2025-12-18,45,49450.0,18354.0,67804.0
12365,12365,1014,2025-11-03,2025-12-03,30,20872.0,4224.0,25096.0
12366,12366,1095,2025-11-03,2025-11-18,15,48142.0,17637.0,65779.0
12367,12367,1026,2025-11-04,2025-12-19,45,80043.0,9643.0,89686.0
12368,12368,1077,2025-11-02,2025-12-02,30,14089.0,3011.0,17100.0
12369,12369,1045,2025-11-03,2025-12-03,30,35526.0,12847.0,48373.0
12370,12370,1030,2025-11-02,2025-12-02,30,21777.0,3996.0,25773.0
12371,12371,1052,2025-11-04,2025-12-19,45,65337.0,18786.0,84123.0
12372,12372,1100,2025-11-05,2025-12-05,30,36620.0,8375.0,44995.0
12373,12373,1074,2025-11-02,2025-12-17,45,13221.0,3010.0,16231.0
12374,12374,1053,2025-11-03,2025-11-18,15,18242.0,4069.0,22311.0
12375,12375,1102,2025-11-05,2025-12-20,45,42404.0,5586.0,47990.0
12376,12376,1075,2025-11-04,2025-12-19,45,80277.0,9830.0,90107.0
12377,12377,1082,2025-11-06,2025-12-06,30,48930.0,9120.0,58050.0
12378,12378,1041,2025-11-04,2025-12-04,30,47916.0,7020.0,54936.0
12379,12379,1106,2025-11-02,2025-12-02,30,10834.0,2482.0,13316.0
12380,12380,1050,2025-11-03,2025-11-18,15,20514.0,4135.0,24649.0
12381,12381,1054,2025-11-05,2025-12-05,30,101608.0,30088.0,131696.0
12382,12382,1065,2025-11-03,2025-12-03,30,29148.0,5847.0,34995.0
12383,12383,1023,2025-11-04,2025-11-19,15,39429.0,14622.0,54051.0
12384,12384,1073,2025-11-02,2025-11-17,15,26528.0,9054.0,35582.0
12385,12385,1054,2025-11-03,2025-12-03,30,19636.0,3966.0,23602.0
12386,12386,1061,2025-11-06,2025-12-06,30,52144.0,7224.0,59368.0
12387,12387,1124,2025-11-04,2025-11-19,15,24000.0,8722.0,32722.0
12388,12388,1092,2025-11-03,2025-11-18,15,10526.0,2643.0,13169.0
12389,12389,1028,2025-11-07,2025-12-07,30,42450.0,10129.0,52579.0
12390,12390,1033,2025-11-05,2025-12-05,30,51588.0,10274.0,61862.0
12391,12391,1063,2025-11-03,2025-12-03,30,13561.0,3049.0,16610.0
12392,12392,1082,2025-11-04,2025-12-04,30,30340.0,10801.0,41141.0
12393,12393,1007,2025-11-04,2025-11-19,15,24036.0,8979.0,33015.0
12394,12394,1084,2025-11-03,2025-11-18,15,9383.0,2700.0,12083.0
12395,12395,1020,2025-11-04,2025-11-19,15,28052.0,4883.0,32935.0
12396,12396,1003,2025-11-06,2025-12-06,30,82652.0,25160.0,107812.0
12397,12397,1083,2025-11-06,2025-12-06,30,53308.0,14259.0,67567.0
12398,12398,1018,2025-11-04,2025-11-19,15,16718.0,3724.0,20442.0
12399,12399,1122,2025-11-03,2025-12-03,30,16988.0,4564.0,21552.0
12400,12400,1120,2025-11-05,2025-11-20,15,29784.0,10126.0,39910.0
12401,12401,1107,2025-11-05,2025-11-20,15,43926.0,9727.0,53653.0
12402,12402,1083,2025-11-04,2025-12-04,30,28552.0,5508.0,34060.0
12403,12403,1103,2025-11-07,2025-11-22,15,135995.0,21209.0,157204.0
12404,12404,1123,2025-11-04,2025-12-04,30,26942.0,7192.0,34134.0
12405,12405,1065,2025-11-03,2025-12-03,30,9783.0,3025.0,12808.0
12406,12406,1078,2025-11-06,2025-11-21,15,44468.0,9953.0,54421.0
12407,12407,1086,2025-11-05,2025-12-05,30,28702.0,7533.0,36235.0
12408,12408,1053,2025-11-05,2025-12-05,30,20614.0,6937.0,27551.0
12409,12409,1123,2025-11-04,2025-12-04,30,13349.0,2022.0,15371.0
12410,12410,1018,2025-11-06,2025-11-21,15,64128.0,23186.0,87314.0
12411,12411,1047,2025-11-07,2025-12-07,30,35960.0,9179.0,45139.0
12412,12412,1063,2025-11-05,2025-12-05,30,19978.0,3296.0,23274.0
12413,12413,1010,2025-11-07,2025-12-22,45,63596.0,23806.0,87402.0
12414,12414,1034,2025-11-05,2025-12-20,45,31732.0,11111.0,42843.0
12415,12415,1060,2025-11-04,2025-12-19,45,14255.0,1962.0,16217.0
12416,12416,1015,2025-11-07,2025-12-07,30,56192.0,21263.0,77455.0
12417,12417,1055,2025-11-05,2025-12-05,30,30552.0,10713.0,41265.0
12418,12418,1022,2025-11-04,2025-12-04,30,24507.0,8402.0,32909.0
12419,12419,1080,2025-11-04,2025-12-04,30,20204.0,3428.0,23632.0
12420,12420,1050,2025-11-04,2025-11-19,15,10437.0,2226.0,12663.0
12421,12421,1014,2025-11-06,2025-12-06,30,27495.0,9531.0,37026.0
12422,12422,1020,2025-11-07,2025-11-22,15,43636.0,5705.0,49341.0
12423,12423,1089,2025-11-05,2025-11-20,15,19858.0,5694.0,25552.0
12424,12424,1028,2025-11-04,2025-11-19,15,10055.0,2217.0,12272.0
12425,12425,1044,2025-11-04,2025-11-19,15,21706.0,7169.0,28875.0
12426,12426,1111,2025-11-04,2025-12-04,30,13673.0,3162.0,16835.0
12427,12427,1017,2025-11-07,2025-11-22,15,39980.0,14879.0,54859.0
12428,12428,1045,2025-11-04,2025-11-19,15,24723.0,4635.0,29358.0
12429,12429,1071,2025-11-04,2025-12-19,45,10111.0,3519.0,13630.0
12430,12430,1036,2025-11-05,2025-12-05,30,18786.0,5410.0,24196.0
12431,12431,1094,2025-11-05,2025-12-05,30,19856.0,6272.0,26128.0
12432,12432,1121,2025-11-04,2025-12-19,45,9799.0,2268.0,12067.0
12433,12433,1078,2025-11-05,2025-12-05,30,29514.0,9163.0,38677.0
12434,12434,1035,2025-11-04,2025-12-04,30,12883.0,4886.0,17769.0
12435,12435,1096,2025-11-07,2025-12-07,30,37120.0,8695.0,45815.0
12436,12436,1023,2025-11-07,2025-12-22,45,42076.0,12247.0,54323.0
12437,12437,1063,2025-11-04,2025-11-19,15,13195.0,3752.0,16947.0
12438,12438,1025,2025-11-06,2025-12-06,30,73440.0,13515.0,86955.0
12439,12439,1113,2025-11-05,2025-12-05,30,28586.0,3872.0,32458.0
12440,12440,1015,2025-11-05,2025-11-20,15,10799.0,2651.0,13450.0
12441,12441,1010,2025-11-05,2025-11-20,15,14224.0,2712.0,16936.0
12442,12442,1071,2025-11-05,2025-11-20,15,12403.0,3685.0,16088.0
12443,12443,1118,2025-11-07,2025-12-22,45,26805.0,3735.0,30540.0
12444,12444,1092,2025-11-05,2025-12-05,30,9819.0,3646.0,13465.0
12445,12445,1114,2025-11-08,2025-12-23,45,38944.0,9914.0,48858.0
12446,12446,1096,2025-11-09,2025-12-24,45,116155.0,37360.0,153515.0
12447,12447,1004,2025-11-06,2025-11-21,15,18592.0,6705.0,25297.0
12448,12448,1108,2025-11-05,2025-12-05,30,13914.0,2515.0,16429.0
12449,12449,1096,2025-11-06,2025-12-06,30,27676.0,8503.0,36179.0
12450,12450,1114,2025-11-07,2025-11-22,15,38043.0,7853.0,45896.0
12451,12451,1019,2025-11-05,2025-12-20,45,26799.0,8349.0,35148.0
12452,12452,1007,2025-11-06,2025-12-21,45,35144.0,8803.0,43947.0
12453,12453,1089,2025-11-06,2025-11-21,15,18238.0,2642.0,20880.0
12454,12454,1019,2025-11-07,2025-12-07,30,29859.0,10861.0,40720.0
12455,12455,1069,2025-11-05,2025-12-05,30,13946.0,4172.0,18118.0
12456,12456,1003,2025-11-06,2025-12-21,45,20154.0,5392.0,25546.0
12457,12457,1016,2025-11-09,2025-12-09,30,70630.0,20517.0,91147.0
12458,12458,1115,2025-11-05,2025-12-05,30,26563.0,4642.0,31205.0
12459,12459,1087,2025-11-05,2025-12-05,30,11210.0,3546.0,14756.0
12460,12460,1030,2025-11-08,2025-12-23,45,33000.0,5271.0,38271.0
12461,12461,1070,2025-11-07,2025-12-22,45,28578.0,10769.0,39347.0
12462,12462,1120,2025-11-07,2025-12-07,30,42192.0,9826.0,52018.0
12463,12463,1110,2025-11-05,2025-11-20,15,9892.0,3063.0,12955.0
12464,12464,1115,2025-11-06,2025-12-21,45,18456.0,5888.0,24344.0
12465,12465,1095,2025-11-06,2025-12-06,30,22488.0,5415.0,27903.0
12466,12466,1059,2025-11-06,2025-11-21,15,18706.0,2720.0,21426.0
12467,12467,1020,2025-11-07,2025-12-07,30,51324.0,8635.0,59959.0
12468,12468,1080,2025-11-07,2025-11-22,15,30669.0,7362.0,38031.0
12469,12469,1029,2025-11-09,2025-12-24,45,57360.0,21014.0,78374.0
12470,12470,1083,2025-11-08,2025-12-08,30,29493.0,10155.0,39648.0
12471,12471,1046,2025-11-08,2025-11-23,15,32643.0,10920.0,43563.0
12472,12472,1023,2025-11-09,2025-12-24,45,40276.0,9502.0,49778.0
12473,12473,1047,2025-11-07,2025-12-22,45,20968.0,6120.0,27088.0
12474,12474,1105,2025-11-09,2025-12-09,30,96224.0,27759.0,123983.0
12475,12475,1067,2025-11-06,2025-12-06,30,9829.0,1948.0,11777.0
12476,12476,1081,2025-11-06,2025-12-06,30,15769.0,3853.0,19622.0
12477,12477,1037,2025-11-09,2025-12-09,30,106084.0,26931.0,133015.0
12478,12478,1106,2025-11-07,2025-12-07,30,28700.0,7976.0,36676.0
12479,12479,1125,2025-11-06,2025-12-21,45,22156.0,2691.0,24847.0
12480,12480,1058,2025-11-06,2025-12-06,30,14976.0,2362.0,17338.0
12481,12481,1017,2025-11-07,2025-12-07,30,50242.0,16993.0,67235.0
12482,12482,1118,2025-11-07,2025-12-07,30,19750.0,2862.0,22612.0
12483,12483,1015,2025-11-06,2025-12-21,45,14228.0,3411.0,17639.0
12484,12484,1037,2025-11-07,2025-12-07,30,34122.0,12572.0,46694.0
12485,12485,1054,2025-11-08,2025-12-08,30,30210.0,9199.0,39409.0
12486,12486,1087,2025-11-06,2025-12-21,45,15725.0,3214.0,18939.0
12487,12487,1092,2025-11-07,2025-12-07,30,26430.0,8494.0,34924.0
12488,12488,1077,2025-11-07,2025-12-07,30,30532.0,6424.0,36956.0
12489,12489,1024,2025-11-06,2025-12-06,30,13802.0,4183.0,17985.0
12490,12490,1121,2025-11-06,2025-12-06,30,8522.0,2949.0,11471.0
12491,12491,1101,2025-11-06,2025-11-21,15,15409.0,3423.0,18832.0
12492,12492,1035,2025-11-10,2025-12-10,30,74605.0,18219.0,92824.0
12493,12493,1016,2025-11-08,2025-11-23,15,62979.0,16103.0,79082.0
12494,12494,1106,2025-11-06,2025-11-21,15,16436.0,5157.0,21593.0
12495,12495,1004,2025-11-09,2025-12-09,30,77120.0,11057.0,88177.0
12496,12496,1027,2025-11-07,2025-12-07,30,45318.0,8252.0,53570.0
12497,12497,1086,2025-11-06,2025-12-21,45,9687.0,1704.0,11391.0
12498,12498,1125,2025-11-09,2025-12-09,30,50636.0,7525.0,58161.0
12499,12499,1092,2025-11-06,2025-12-21,45,11323.0,2642.0,13965.0
12500,12500,1024,2025-11-08,2025-12-08,30,59106.0,7752.0,66858.0
12501,12501,1016,2025-11-07,2025-12-07,30,20642.0,6077.0,26719.0
12502,12502,1104,2025-11-07,2025-12-22,45,21030.0,6194.0,27224.0
12503,12503,1007,2025-11-07,2025-12-07,30,59122.0,16091.0,75213.0
12504,12504,1071,2025-11-09,2025-12-09,30,41916.0,8379.0,50295.0
12505,12505,1095,2025-11-06,2025-11-21,15,13331.0,2441.0,15772.0
12506,12506,1094,2025-11-07,2025-12-22,45,10679.0,3936.0,14615.0
12507,12507,1027,2025-11-08,2025-11-23,15,19496.0,6343.0,25839.0
12508,12508,1052,2025-11-08,2025-12-08,30,39520.0,8874.0,48394.0
12509,12509,1051,2025-11-08,2025-12-23,45,19826.0,3801.0,23627.0
12510,12510,1020,2025-11-08,2025-11-23,15,28742.0,7041.0,35783.0
12511,12511,1081,2025-11-07,2025-12-07,30,9828.0,3551.0,13379.0
12512,12512,1086,2025-11-07,2025-12-07,30,19719.0,5241.0,24960.0
12513,12513,1025,2025-11-08,2025-12-23,45,52264.0,17345.0,69609.0
12514,12514,1004,2025-11-10,2025-11-25,15,62964.0,23879.0,86843.0
12515,12515,1022,2025-11-11,2025-12-11,30,114580.0,39991.0,154571.0
12516,12516,1053,2025-11-08,2025-12-08,30,32832.0,8582.0,41414.0
12517,12517,1110,2025-11-07,2025-11-22,15,14899.0,2054.0,16953.0
12518,12518,1109,2025-11-09,2025-12-24,45,30183.0,5318.0,35501.0
12519,12519,1053,2025-11-11,2025-12-26,45,71740.0,24151.0,95891.0
12520,12520,1124,2025-11-10,2025-12-10,30,59196.0,17233.0,76429.0
12521,12521,1064,2025-11-10,2025-11-25,15,38616.0,11397.0,50013.0
12522,12522,1104,2025-11-07,2025-11-22,15,21033.0,7590.0,28623.0
12523,12523,1050,2025-11-09,2025-12-24,45,27783.0,3924.0,31707.0
12524,12524,1046,2025-11-07,2025-12-07,30,10064.0,2214.0,12278.0
12525,12525,1106,2025-11-10,2025-12-10,30,42796.0,10705.0,53501.0
12526,12526,1113,2025-11-09,2025-12-09,30,73890.0,12117.0,86007.0
12527,12527,1081,2025-11-07,2025-11-22,15,9851.0,3289.0,13140.0
12528,12528,1016,2025-11-07,2025-12-07,30,13897.0,4507.0,18404.0
12529,12529,1090,2025-11-07,2025-11-22,15,20138.0,5935.0,26073.0
12530,12530,1079,2025-11-07,2025-12-22,45,9979.0,3624.0,13603.0
12531,12531,1081,2025-11-10,2025-12-10,30,38516.0,11065.0,49581.0
12532,12532,1049,2025-11-09,2025-12-09,30,55506.0,20863.0,76369.0
12533,12533,1095,2025-11-11,2025-12-11,30,45805.0,16436.0,62241.0
12534,12534,1035,2025-11-12,2025-12-12,30,91855.0,18598.0,110453.0
12535,12535,1111,2025-11-10,2025-12-10,30,29493.0,6837.0,36330.0
12536,12536,1027,2025-11-08,2025-11-23,15,24280.0,4256.0,28536.0
12537,12537,1029,2025-11-10,2025-11-25,15,63711.0,18242.0,81953.0
12538,12538,1086,2025-11-08,2025-12-08,30,19698.0,5828.0,25526.0
12539,12539,1084,2025-11-11,2025-12-26,45,41032.0,7396.0,48428.0
12540,12540,1017,2025-11-08,2025-11-23,15,10285.0,2605.0,12890.0
12541,12541,1076,2025-11-10,2025-12-10,30,43707.0,7679.0,51386.0
12542,12542,1007,2025-11-10,2025-11-25,15,31131.0,9862.0,40993.0
12543,12543,1064,2025-11-10,2025-12-10,30,45594.0,9053.0,54647.0
12544,12544,1084,2025-11-08,2025-12-08,30,13156.0,1942.0,15098.0
12545,12545,1034,2025-11-08,2025-12-08,30,11110.0,3404.0,14514.0
12546,12546,1091,2025-11-08,2025-12-08,30,15287.0,5787.0,21074.0
12547,12547,1031,2025-11-08,2025-12-08,30,11598.0,1432.0,13030.0
12548,12548,1088,2025-11-09,2025-12-09,30,39502.0,7859.0,47361.0
12549,12549,1119,2025-11-10,2025-12-10,30,41409.0,7188.0,48597.0
12550,12550,1100,2025-11-08,2025-12-23,45,9296.0,3014.0,12310.0
12551,12551,1012,2025-11-09,2025-12-09,30,33502.0,4549.0,38051.0
12552,12552,1013,2025-11-09,2025-12-24,45,28066.0,6706.0,34772.0
12553,12553,1080,2025-11-09,2025-11-24,15,20314.0,7278.0,27592.0
12554,12554,1103,2025-11-08,2025-12-08,30,31846.0,7033.0,38879.0
12555,12555,1050,2025-11-09,2025-12-24,45,18234.0,3820.0,22054.0
12556,12556,1096,2025-11-08,2025-11-23,15,15980.0,2673.0,18653.0
12557,12557,1060,2025-11-09,2025-12-09,30,24912.0,3610.0,28522.0
12558,12558,1003,2025-11-09,2025-11-24,15,20888.0,4654.0,25542.0
12559,12559,1018,2025-11-08,2025-12-23,45,10141.0,1628.0,11769.0
12560,12560,1062,2025-11-08,2025-12-08,30,9386.0,1782.0,11168.0
12561,12561,1022,2025-11-09,2025-11-24,15,18722.0,5856.0,24578.0
12562,12562,1076,2025-11-08,2025-11-23,15,10231.0,2455.0,12686.0
12563,12563,1067,2025-11-08,2025-12-08,30,10284.0,3508.0,13792.0
12564,12564,1084,2025-11-09,2025-12-24,45,19190.0,2651.0,21841.0
12565,12565,1092,2025-11-10,2025-12-10,30,19986.0,4633.0,24619.0
12566,12566,1092,2025-11-10,2025-12-25,45,20544.0,2913.0,23457.0
12567,12567,1009,2025-11-09,2025-12-09,30,13656.0,2628.0,16284.0
12568,12568,1066,2025-11-10,2025-12-10,30,27058.0,8984.0,36042.0
12569,12569,1117,2025-11-10,2025-12-25,45,42818.0,15923.0,58741.0
12570,12570,1032,2025-11-09,2025-12-09,30,18019.0,5459.0,23478.0
12571,12571,1035,2025-11-09,2025-11-24,15,24279.0,5676.0,29955.0
12572,12572,1007,2025-11-09,2025-12-24,45,9728.0,1885.0,11613.0
12573,12573,1070,2025-11-10,2025-12-25,45,19776.0,6562.0,26338.0
12574,12574,1005,2025-11-10,2025-12-10,30,28952.0,4361.0,33313.0
12575,12575,1020,2025-11-09,2025-12-24,45,10526.0,2261.0,12787.0
12576,12576,1073,2025-11-11,2025-12-11,30,28989.0,4942.0,33931.0
12577,12577,1063,2025-11-10,2025-12-25,45,40154.0,11526.0,51680.0
12578,12578,1046,2025-11-09,2025-11-24,15,13385.0,3904.0,17289.0
12579,12579,1067,2025-11-10,2025-12-10,30,35884.0,12073.0,47957.0
12580,12580,1042,2025-11-09,2025-12-09,30,10351.0,1535.0,11886.0
12581,12581,1031,2025-11-11,2025-12-11,30,63447.0,15919.0,79366.0
12582,12582,1061,2025-11-11,2025-12-11,30,41439.0,14445.0,55884.0
12583,12583,1051,2025-11-10,2025-11-25,15,16500.0,3944.0,20444.0
12584,12584,1013,2025-11-12,2025-12-12,30,53960.0,9056.0,63016.0
12585,12585,1047,2025-11-09,2025-12-09,30,27391.0,6765.0,34156.0
12586,12586,1117,2025-11-10,2025-12-25,45,20130.0,5041.0,25171.0
12587,12587,1055,2025-11-12,2025-11-27,15,44028.0,14521.0,58549.0
12588,12588,1005,2025-11-10,2025-12-10,30,29218.0,4524.0,33742.0
12589,12589,1067,2025-11-09,2025-12-09,30,9151.0,2810.0,11961.0
12590,12590,1081,2025-11-10,2025-12-10,30,21982.0,4227.0,26209.0
12591,12591,1028,2025-11-09,2025-11-24,15,10837.0,2726.0,13563.0
12592,12592,1117,2025-11-10,2025-12-10,30,18558.0,6831.0,25389.0
12593,12593,1096,2025-11-09,2025-12-24,45,19425.0,3750.0,23175.0
12594,12594,1093,2025-11-10,2025-12-10,30,20170.0,3965.0,24135.0
12595,12595,1024,2025-11-09,2025-12-09,30,14061.0,4788.0,18849.0
12596,12596,1081,2025-11-09,2025-12-09,30,27206.0,8347.0,35553.0
12597,12597,1072,2025-11-09,2025-12-09,30,18815.0,5171.0,23986.0
12598,12598,1028,2025-11-11,2025-11-26,15,26217.0,5723.0,31940.0
12599,12599,1004,2025-11-10,2025-11-25,15,33810.0,12180.0,45990.0
12600,12600,1101,2025-11-12,2025-12-12,30,76284.0,16370.0,92654.0
12601,12601,1052,2025-11-10,2025-12-10,30,43024.0,5354.0,48378.0
12602,12602,1050,2025-11-13,2025-12-13,30,55940.0,13283.0,69223.0
12603,12603,1120,2025-11-11,2025-11-26,15,36518.0,8598.0,45116.0
12604,12604,1028,2025-11-10,2025-12-25,45,9442.0,1290.0,10732.0
12605,12605,1063,2025-11-11,2025-11-26,15,21730.0,7624.0,29354.0
12606,12606,1007,2025-11-10,2025-12-25,45,11261.0,1694.0,12955.0
12607,12607,1036,2025-11-10,2025-12-10,30,10999.0,2422.0,13421.0
12608,12608,1066,2025-11-11,2025-12-26,45,19580.0,5190.0,24770.0
12609,12609,1028,2025-11-10,2025-12-25,45,22105.0,3887.0,25992.0
12610,12610,1117,2025-11-10,2025-11-25,15,19115.0,2527.0,21642.0
12611,12611,1067,2025-11-10,2025-12-10,30,9863.0,2320.0,12183.0
12612,12612,1029,2025-11-11,2025-12-11,30,20780.0,4781.0,25561.0
12613,12613,1078,2025-11-10,2025-11-25,15,10011.0,1608.0,11619.0
12614,12614,1015,2025-11-12,2025-12-12,30,30243.0,9183.0,39426.0
12615,12615,1047,2025-11-11,2025-11-26,15,28180.0,9162.0,37342.0
12616,12616,1120,2025-11-10,2025-12-25,45,8476.0,1119.0,9595.0
12617,12617,1120,2025-11-12,2025-12-12,30,56982.0,10233.0,67215.0
12618,12618,1030,2025-11-10,2025-12-25,45,18640.0,3610.0,22250.0
12619,12619,1106,2025-11-11,2025-12-11,30,20444.0,4155.0,24599.0
12620,12620,1081,2025-11-12,2025-11-27,15,30378.0,3682.0,34060.0
12621,12621,1036,2025-11-11,2025-12-26,45,39690.0,6896.0,46586.0
12622,12622,1123,2025-11-10,2025-12-10,30,13645.0,3539.0,17184.0
12623,12623,1035,2025-11-11,2025-12-11,30,38300.0,11321.0,49621.0
12624,12624,1097,2025-11-10,2025-12-10,30,10088.0,1472.0,11560.0
12625,12625,1030,2025-11-10,2025-12-10,30,15616.0,2107.0,17723.0
12626,12626,1064,2025-11-14,2025-12-29,45,43205.0,14295.0,57500.0
12627,12627,1070,2025-11-10,2025-12-10,30,11011.0,2676.0,13687.0
12628,12628,1004,2025-11-10,2025-12-25,45,14533.0,3452.0,17985.0
12629,12629,1117,2025-11-10,2025-12-10,30,16886.0,5177.0,22063.0
12630,12630,1124,2025-11-12,2025-12-27,45,74577.0,26858.0,101435.0
12631,12631,1075,2025-11-13,2025-12-28,45,40132.0,6327.0,46459.0
12632,12632,1017,2025-11-12,2025-12-12,30,29373.0,3843.0,33216.0
12633,12633,1012,2025-11-10,2025-11-25,15,14936.0,5360.0,20296.0
12634,12634,1081,2025-11-12,2025-11-27,15,37302.0,4847.0,42149.0
12635,12635,1008,2025-11-14,2025-12-14,30,50085.0,7510.0,57595.0
12636,12636,1109,2025-11-13,2025-12-28,45,50316.0,8624.0,58940.0
12637,12637,1015,2025-11-10,2025-12-10,30,20231.0,4943.0,25174.0
12638,12638,1109,2025-11-11,2025-11-26,15,19216.0,4400.0,23616.0
12639,12639,1083,2025-11-12,2025-11-27,15,47625.0,9442.0,57067.0
12640,12640,1017,2025-11-13,2025-12-13,30,60648.0,8941.0,69589.0
12641,12641,1045,2025-11-12,2025-12-12,30,17724.0,5494.0,23218.0
12642,12642,1028,2025-11-12,2025-12-27,45,22642.0,7074.0,29716.0
12643,12643,1118,2025-11-11,2025-12-26,45,9345.0,1623.0,10968.0
12644,12644,1117,2025-11-13,2025-12-28,45,43560.0,10783.0,54343.0
12645,12645,1081,2025-11-12,2025-12-27,45,31764.0,9475.0,41239.0
12646,12646,1121,2025-11-11,2025-12-11,30,14981.0,2521.0,17502.0
12647,12647,1033,2025-11-14,2025-12-29,45,99068.0,35298.0,134366.0
12648,12648,1032,2025-11-14,2025-12-14,30,61044.0,7577.0,68621.0
12649,12649,1093,2025-11-11,2025-12-11,30,8850.0,1748.0,10598.0
12650,12650,1045,2025-11-14,2025-12-14,30,43940.0,13664.0,57604.0
12651,12651,1055,2025-11-12,2025-12-12,30,37744.0,11171.0,48915.0
12652,12652,1050,2025-11-13,2025-12-28,45,74865.0,10801.0,85666.0
12653,12653,1048,2025-11-13,2025-12-13,30,29895.0,10764.0,40659.0
12654,12654,1091,2025-11-11,2025-11-26,15,10479.0,2686.0,13165.0
12655,12655,1058,2025-11-11,2025-12-11,30,9632.0,3138.0,12770.0
12656,12656,1085,2025-11-11,2025-11-26,15,9308.0,3473.0,12781.0
12657,12657,1107,2025-11-13,2025-12-13,30,33156.0,12058.0,45214.0
12658,12658,1025,2025-11-12,2025-12-12,30,19710.0,2386.0,22096.0
12659,12659,1046,2025-11-11,2025-11-26,15,10138.0,2644.0,12782.0
12660,12660,1036,2025-11-11,2025-12-26,45,10410.0,2197.0,12607.0
12661,12661,1098,2025-11-13,2025-11-28,15,67464.0,9676.0,77140.0
12662,12662,1009,2025-11-13,2025-12-13,30,67209.0,23249.0,90458.0
12663,12663,1058,2025-11-13,2025-12-13,30,27333.0,8380.0,35713.0
12664,12664,1073,2025-11-15,2025-12-15,30,71720.0,25756.0,97476.0
12665,12665,1082,2025-11-12,2025-12-12,30,20956.0,4539.0,25495.0
12666,12666,1101,2025-11-11,2025-12-11,30,13730.0,2578.0,16308.0
12667,12667,1015,2025-11-11,2025-12-11,30,14479.0,3179.0,17658.0
12668,12668,1117,2025-11-11,2025-11-26,15,14772.0,4918.0,19690.0
12669,12669,1102,2025-11-14,2025-11-29,15,95812.0,32499.0,128311.0
12670,12670,1013,2025-11-11,2025-11-26,15,12995.0,3931.0,16926.0
12671,12671,1113,2025-11-13,2025-12-13,30,38616.0,8425.0,47041.0
12672,12672,1043,2025-11-12,2025-12-12,30,55148.0,13474.0,68622.0
12673,12673,1104,2025-11-11,2025-11-26,15,9758.0,1175.0,10933.0
12674,12674,1099,2025-11-13,2025-12-28,45,68376.0,8397.0,76773.0
12675,12675,1014,2025-11-13,2025-12-13,30,29865.0,7319.0,37184.0
12676,12676,1079,2025-11-12,2025-12-12,30,26484.0,7976.0,34460.0
12677,12677,1011,2025-11-12,2025-12-12,30,14731.0,2373.0,17104.0
12678,12678,1119,2025-11-12,2025-12-27,45,11418.0,1711.0,13129.0
12679,12679,1058,2025-11-13,2025-12-13,30,29416.0,8937.0,38353.0
12680,12680,1009,2025-11-14,2025-11-29,15,66105.0,19204.0,85309.0
12681,12681,1087,2025-11-12,2025-12-12,30,10954.0,2084.0,13038.0
12682,12682,1043,2025-11-15,2025-12-15,30,59804.0,12001.0,71805.0
12683,12683,1026,2025-11-13,2025-12-13,30,17956.0,2707.0,20663.0
12684,12684,1060,2025-11-16,2025-12-31,45,104800.0,21274.0,126074.0
12685,12685,1111,2025-11-14,2025-12-14,30,46503.0,7760.0,54263.0
12686,12686,1003,2025-11-15,2025-11-30,15,42228.0,6300.0,48528.0
12687,12687,1012,2025-11-14,2025-12-14,30,30837.0,5584.0,36421.0
12688,12688,1109,2025-11-13,2025-12-13,30,17774.0,5469.0,23243.0
12689,12689,1035,2025-11-14,2025-12-14,30,47325.0,11840.0,59165.0
12690,12690,1115,2025-11-12,2025-12-12,30,15053.0,2738.0,17791.0
12691,12691,1085,2025-11-13,2025-12-13,30,20608.0,2889.0,23497.0
12692,12692,1013,2025-11-16,2025-12-16,30,48950.0,8130.0,57080.0
12693,12693,1037,2025-11-16,2025-12-16,30,103220.0,16123.0,119343.0
12694,12694,1049,2025-11-14,2025-12-14,30,53139.0,15573.0,68712.0
12695,12695,1029,2025-11-12,2025-12-12,30,13095.0,1722.0,14817.0
12696,12696,1014,2025-11-13,2025-12-13,30,49888.0,13908.0,63796.0
12697,12697,1081,2025-11-16,2025-12-16,30,50165.0,12208.0,62373.0
12698,12698,1067,2025-11-14,2025-12-14,30,31074.0,10848.0,41922.0
12699,12699,1087,2025-11-14,2025-12-14,30,42438.0,5785.0,48223.0
12700,12700,1051,2025-11-12,2025-12-12,30,21896.0,4693.0,26589.0
12701,12701,1051,2025-11-12,2025-12-12,30,18321.0,6019.0,24340.0
12702,12702,1124,2025-11-15,2025-11-30,15,67068.0,11171.0,78239.0
12703,12703,1026,2025-11-13,2025-12-13,30,10164.0,2224.0,12388.0
12704,12704,1093,2025-11-13,2025-11-28,15,8680.0,2492.0,11172.0
12705,12705,1103,2025-11-16,2025-12-31,45,57080.0,15532.0,72612.0
12706,12706,1060,2025-11-17,2026-01-01,45,47465.0,8664.0,56129.0
12707,12707,1064,2025-11-13,2025-12-13,30,11760.0,4033.0,15793.0
12708,12708,1086,2025-11-13,2025-12-13,30,10075.0,1781.0,11856.0
12709,12709,1008,2025-11-15,2025-12-15,30,30567.0,8862.0,39429.0
12710,12710,1001,2025-11-15,2025-11-30,15,52347.0,11466.0,63813.0
12711,12711,1057,2025-11-14,2025-12-14,30,28724.0,5149.0,33873.0
12712,12712,1089,2025-11-13,2025-11-28,15,20610.0,5585.0,26195.0
12713,12713,1011,2025-11-13,2025-12-13,30,8861.0,3219.0,12080.0
12714,12714,1122,2025-11-16,2025-12-31,45,82136.0,12788.0,94924.0
12715,12715,1005,2025-11-13,2025-12-28,45,16500.0,4192.0,20692.0
12716,12716,1022,2025-11-16,2025-12-16,30,38520.0,11970.0,50490.0
12717,12717,1075,2025-11-14,2025-12-14,30,27096.0,4184.0,31280.0
12718,12718,1001,2025-11-16,2025-12-31,45,33000.0,9194.0,42194.0
12719,12719,1086,2025-11-16,2025-12-16,30,59292.0,9923.0,69215.0
12720,12720,1035,2025-11-15,2025-12-15,30,29919.0,9949.0,39868.0
12721,12721,1104,2025-11-13,2025-12-28,45,10625.0,2348.0,12973.0
12722,12722,1052,2025-11-13,2025-12-13,30,10637.0,1526.0,12163.0
12723,12723,1094,2025-11-16,2025-12-16,30,41572.0,14117.0,55689.0
12724,12724,1019,2025-11-15,2025-11-30,15,30036.0,3880.0,33916.0
12725,12725,1110,2025-11-15,2025-12-15,30,48564.0,10705.0,59269.0
12726,12726,1036,2025-11-14,2025-12-14,30,21778.0,3461.0,25239.0
12727,12727,1083,2025-11-16,2025-12-16,30,42048.0,13983.0,56031.0
12728,12728,1040,2025-11-13,2025-12-13,30,8659.0,1488.0,10147.0
12729,12729,1046,2025-11-15,2025-12-15,30,31572.0,7092.0,38664.0
12730,12730,1051,2025-11-14,2025-12-14,30,30784.0,5160.0,35944.0
12731,12731,1071,2025-11-17,2025-12-17,30,76525.0,21149.0,97674.0
12732,12732,1057,2025-11-15,2025-12-30,45,42501.0,14348.0,56849.0
12733,12733,1125,2025-11-16,2025-12-31,45,41472.0,8698.0,50170.0
12734,12734,1039,2025-11-13,2025-12-13,30,21529.0,4549.0,26078.0
12735,12735,1090,2025-11-17,2026-01-01,45,46985.0,13449.0,60434.0
12736,12736,1105,2025-11-13,2025-12-28,45,21535.0,5379.0,26914.0
12737,12737,1053,2025-11-14,2025-12-14,30,59478.0,7533.0,67011.0
12738,12738,1045,2025-11-13,2025-11-28,15,8839.0,3356.0,12195.0
12739,12739,1082,2025-11-13,2025-12-13,30,10072.0,3523.0,13595.0
12740,12740,1071,2025-11-15,2025-12-15,30,28410.0,8266.0,36676.0
12741,12741,1003,2025-11-15,2025-12-15,30,26586.0,6199.0,32785.0
12742,12742,1117,2025-11-15,2025-12-15,30,46614.0,16703.0,63317.0
12743,12743,1024,2025-11-15,2025-11-30,15,18204.0,4306.0,22510.0
12744,12744,1104,2025-11-14,2025-12-14,30,15303.0,3660.0,18963.0
12745,12745,1028,2025-11-15,2025-12-15,30,20378.0,4259.0,24637.0
12746,12746,1103,2025-11-15,2025-11-30,15,19118.0,4789.0,23907.0
12747,12747,1019,2025-11-15,2025-12-15,30,22040.0,8148.0,30188.0
12748,12748,1099,2025-11-16,2025-12-16,30,57957.0,20146.0,78103.0
12749,12749,1101,2025-11-18,2025-12-18,30,45055.0,7525.0,52580.0
12750,12750,1063,2025-11-15,2025-12-15,30,17808.0,6390.0,24198.0
12751,12751,1050,2025-11-17,2025-12-17,30,38972.0,9259.0,48231.0
12752,12752,1010,2025-11-14,2025-12-14,30,9725.0,2044.0,11769.0
12753,12753,1062,2025-11-14,2025-11-29,15,15446.0,2167.0,17613.0
12754,12754,1012,2025-11-16,2025-12-31,45,30888.0,8501.0,39389.0
12755,12755,1099,2025-11-14,2025-12-14,30,10099.0,3312.0,13411.0
12756,12756,1017,2025-11-14,2025-12-14,30,9399.0,3267.0,12666.0
12757,12757,1067,2025-11-14,2025-12-14,30,26391.0,9820.0,36211.0
12758,12758,1029,2025-11-16,2025-12-16,30,64137.0,15123.0,79260.0
12759,12759,1054,2025-11-14,2025-12-29,45,14927.0,5354.0,20281.0
12760,12760,1041,2025-11-14,2025-12-14,30,15850.0,2254.0,18104.0
12761,12761,1054,2025-11-16,2025-12-31,45,48054.0,11602.0,59656.0
12762,12762,1122,2025-11-14,2025-11-29,15,14144.0,3683.0,17827.0
12763,12763,1016,2025-11-15,2025-11-30,15,31468.0,6914.0,38382.0
12764,12764,1047,2025-11-15,2025-12-15,30,21794.0,5060.0,26854.0
12765,12765,1078,2025-11-15,2025-12-15,30,18282.0,6495.0,24777.0
12766,12766,1006,2025-11-16,2025-12-16,30,47937.0,13259.0,61196.0
12767,12767,1064,2025-11-14,2025-12-14,30,10589.0,3599.0,14188.0
12768,12768,1041,2025-11-15,2025-12-30,45,18238.0,4122.0,22360.0
12769,12769,1049,2025-11-15,2025-11-30,15,36682.0,12451.0,49133.0
12770,12770,1074,2025-11-15,2025-12-15,30,27150.0,7014.0,34164.0
12771,12771,1014,2025-11-14,2025-12-14,30,14720.0,3491.0,18211.0
12772,12772,1002,2025-11-15,2025-12-30,45,19610.0,3875.0,23485.0
12773,12773,1015,2025-11-14,2025-11-29,15,9267.0,2744.0,12011.0
12774,12774,1087,2025-11-16,2025-12-31,45,30099.0,4714.0,34813.0
12775,12775,1013,2025-11-19,2025-12-19,30,51770.0,6756.0,58526.0
12776,12776,1041,2025-11-15,2025-12-30,45,10403.0,1910.0,12313.0
12777,12777,1080,2025-11-15,2025-12-15,30,20201.0,3912.0,24113.0
12778,12778,1098,2025-11-15,2025-12-15,30,19192.0,6412.0,25604.0
12779,12779,1030,2025-11-16,2025-12-16,30,18812.0,5052.0,23864.0
12780,12780,1074,2025-11-16,2025-12-16,30,26330.0,5698.0,32028.0
12781,12781,1012,2025-11-15,2025-12-15,30,12496.0,2445.0,14941.0
12782,12782,1124,2025-11-15,2025-12-15,30,9573.0,2124.0,11697.0
12783,12783,1035,2025-11-15,2025-12-15,30,25463.0,6791.0,32254.0
12784,12784,1056,2025-11-16,2025-12-16,30,36534.0,8926.0,45460.0
12785,12785,1124,2025-11-15,2025-11-30,15,18760.0,5364.0,24124.0
12786,12786,1087,2025-11-17,2025-12-17,30,41379.0,10514.0,51893.0
12787,12787,1019,2025-11-16,2025-12-16,30,30272.0,7157.0,37429.0
12788,12788,1044,2025-11-17,2026-01-01,45,85581.0,25474.0,111055.0
12789,12789,1100,2025-11-16,2025-12-16,30,42196.0,10550.0,52746.0
12790,12790,1057,2025-11-15,2025-12-15,30,9506.0,3361.0,12867.0
12791,12791,1006,2025-11-16,2025-12-31,45,20292.0,4809.0,25101.0
12792,12792,1099,2025-11-15,2025-12-30,45,9167.0,1160.0,10327.0
12793,12793,1026,2025-11-15,2025-12-15,30,9909.0,3264.0,13173.0
12794,12794,1035,2025-11-16,2025-12-16,30,32344.0,7783.0,40127.0
12795,12795,1010,2025-11-17,2025-12-17,30,56682.0,12311.0,68993.0
12796,12796,1110,2025-11-15,2025-11-30,15,14527.0,4655.0,19182.0
12797,12797,1115,2025-11-15,2025-12-15,30,21867.0,7269.0,29136.0
12798,12798,1049,2025-11-16,2025-12-16,30,34876.0,5304.0,40180.0
12799,12799,1070,2025-11-16,2025-12-01,15,20514.0,3965.0,24479.0
12800,12800,1111,2025-11-18,2025-12-18,30,107720.0,18375.0,126095.0
12801,12801,1012,2025-11-15,2025-12-15,30,9196.0,3494.0,12690.0
12802,12802,1103,2025-11-15,2025-11-30,15,10430.0,3223.0,13653.0
12803,12803,1026,2025-11-17,2025-12-17,30,61830.0,21830.0,83660.0
12804,12804,1050,2025-11-17,2025-12-17,30,28788.0,4278.0,33066.0
12805,12805,1125,2025-11-16,2025-12-16,30,22330.0,6785.0,29115.0
12806,12806,1123,2025-11-15,2025-12-30,45,9226.0,1451.0,10677.0
12807,12807,1054,2025-11-15,2025-12-15,30,23201.0,6327.0,29528.0
12808,12808,1092,2025-11-17,2025-12-02,15,47091.0,9867.0,56958.0
12809,12809,1029,2025-11-15,2025-12-15,30,19715.0,6672.0,26387.0
12810,12810,1062,2025-11-16,2025-12-16,30,31324.0,9407.0,40731.0
12811,12811,1028,2025-11-15,2025-12-30,45,9599.0,2873.0,12472.0
12812,12812,1057,2025-11-16,2025-12-31,45,19388.0,3133.0,22521.0
12813,12813,1058,2025-11-17,2026-01-01,45,19404.0,5474.0,24878.0
12814,12814,1066,2025-11-17,2025-12-17,30,27742.0,5395.0,33137.0
12815,12815,1125,2025-11-17,2025-12-17,30,30560.0,11379.0,41939.0
12816,12816,1088,2025-11-19,2025-12-19,30,87660.0,22326.0,109986.0
12817,12817,1119,2025-11-17,2025-12-17,30,22386.0,3577.0,25963.0
12818,12818,1062,2025-11-17,2026-01-01,45,19172.0,7255.0,26427.0
12819,12819,1087,2025-11-17,2025-12-17,30,35522.0,5720.0,41242.0
12820,12820,1025,2025-11-17,2025-12-17,30,27026.0,6463.0,33489.0
12821,12821,1095,2025-11-19,2025-12-19,30,41704.0,10180.0,51884.0
12822,12822,1059,2025-11-16,2025-12-01,15,9918.0,1270.0,11188.0
12823,12823,1011,2025-11-17,2025-12-17,30,21788.0,5763.0,27551.0
12824,12824,1096,2025-11-16,2025-12-16,30,8968.0,2009.0,10977.0
12825,12825,1021,2025-11-17,2026-01-01,45,22096.0,8204.0,30300.0
12826,12826,1102,2025-11-20,2025-12-20,30,98865.0,35812.0,134677.0
12827,12827,1114,2025-11-17,2025-12-17,30,27492.0,4053.0,31545.0
12828,12828,1023,2025-11-18,2025-12-18,30,28239.0,5563.0,33802.0
12829,12829,1060,2025-11-17,2025-12-17,30,30098.0,4156.0,34254.0
12830,12830,1067,2025-11-17,2025-12-02,15,40390.0,5926.0,46316.0
12831,12831,1102,2025-11-16,2025-12-16,30,21181.0,6552.0,27733.0
12832,12832,1100,2025-11-19,2025-12-04,15,44140.0,15618.0,59758.0
12833,12833,1097,2025-11-17,2026-01-01,45,22238.0,2915.0,25153.0
12834,12834,1080,2025-11-17,2025-12-17,30,31370.0,11564.0,42934.0
12835,12835,1055,2025-11-17,2025-12-17,30,16528.0,4689.0,21217.0
12836,12836,1038,2025-11-18,2025-12-18,30,30696.0,6788.0,37484.0
12837,12837,1085,2025-11-18,2026-01-02,45,30522.0,4453.0,34975.0
12838,12838,1091,2025-11-17,2025-12-17,30,18198.0,5937.0,24135.0
12839,12839,1084,2025-11-19,2025-12-04,15,110672.0,23139.0,133811.0
12840,12840,1075,2025-11-20,2025-12-20,30,34176.0,9533.0,43709.0
12841,12841,1105,2025-11-18,2025-12-18,30,19090.0,5800.0,24890.0
12842,12842,1042,2025-11-18,2025-12-18,30,31378.0,9469.0,40847.0
12843,12843,1016,2025-11-17,2026-01-01,45,21178.0,6043.0,27221.0
12844,12844,1122,2025-11-19,2025-12-19,30,40809.0,12602.0,53411.0
12845,12845,1052,2025-11-18,2025-12-03,15,31638.0,4342.0,35980.0
12846,12846,1075,2025-11-19,2025-12-04,15,32142.0,4073.0,36215.0
12847,12847,1099,2025-11-18,2025-12-03,15,20108.0,4199.0,24307.0
12848,12848,1001,2025-11-17,2025-12-17,30,9721.0,3438.0,13159.0
12849,12849,1061,2025-11-21,2025-12-21,30,67300.0,15291.0,82591.0
12850,12850,1018,2025-11-18,2025-12-18,30,27580.0,6427.0,34007.0
12851,12851,1057,2025-11-18,2026-01-02,45,30014.0,9332.0,39346.0
12852,12852,1004,2025-11-18,2025-12-18,30,38616.0,5485.0,44101.0
12853,12853,1111,2025-11-17,2025-12-02,15,11689.0,3508.0,15197.0
12854,12854,1014,2025-11-18,2026-01-02,45,38530.0,5137.0,43667.0
12855,12855,1117,2025-11-19,2026-01-03,45,40578.0,14106.0,54684.0
12856,12856,1055,2025-11-18,2026-01-02,45,23088.0,4057.0,27145.0
12857,12857,1101,2025-11-19,2025-12-19,30,46107.0,6305.0,52412.0
12858,12858,1091,2025-11-17,2025-12-17,30,26878.0,7278.0,34156.0
12859,12859,1003,2025-11-20,2025-12-20,30,38548.0,9031.0,47579.0
12860,12860,1123,2025-11-18,2025-12-18,30,19016.0,5507.0,24523.0
12861,12861,1016,2025-11-20,2025-12-20,30,41492.0,7534.0,49026.0
12862,12862,1081,2025-11-21,2025-12-06,15,118445.0,21020.0,139465.0
12863,12863,1110,2025-11-21,2025-12-06,15,68080.0,16026.0,84106.0
12864,12864,1024,2025-11-19,2025-12-04,15,65190.0,15575.0,80765.0
12865,12865,1060,2025-11-19,2025-12-04,15,18334.0,2253.0,20587.0
12866,12866,1086,2025-11-20,2025-12-20,30,34653.0,11605.0,46258.0
12867,12867,1100,2025-11-20,2025-12-20,30,46233.0,7124.0,53357.0
12868,12868,1101,2025-11-18,2025-12-18,30,20749.0,3317.0,24066.0
12869,12869,1071,2025-11-19,2025-12-19,30,21214.0,3325.0,24539.0
12870,12870,1021,2025-11-19,2026-01-03,45,19290.0,6230.0,25520.0
12871,12871,1065,2025-11-18,2025-12-18,30,26718.0,5190.0,31908.0
12872,12872,1015,2025-11-19,2025-12-04,15,29686.0,5485.0,35171.0
12873,12873,1088,2025-11-19,2025-12-19,30,17040.0,5740.0,22780.0
12874,12874,1031,2025-11-19,2026-01-03,45,25726.0,3187.0,28913.0
12875,12875,1028,2025-11-20,2025-12-20,30,33246.0,6262.0,39508.0
12876,12876,1111,2025-11-18,2025-12-18,30,8891.0,1950.0,10841.0
12877,12877,1107,2025-11-22,2025-12-22,30,74885.0,27264.0,102149.0
12878,12878,1016,2025-11-19,2025-12-19,30,21508.0,4156.0,25664.0
12879,12879,1045,2025-11-19,2025-12-04,15,18272.0,5548.0,23820.0
12880,12880,1049,2025-11-19,2026-01-03,45,28432.0,4697.0,33129.0
12881,12881,1031,2025-11-18,2026-01-02,45,10903.0,3821.0,14724.0
12882,12882,1086,2025-11-18,2025-12-18,30,15736.0,2180.0,17916.0
12883,12883,1059,2025-11-18,2025-12-18,30,14019.0,2605.0,16624.0
12884,12884,1003,2025-11-20,2025-12-20,30,63000.0,13416.0,76416.0
12885,12885,1081,2025-11-22,2025-12-22,30,49355.0,7906.0,57261.0
12886,12886,1061,2025-11-18,2026-01-02,45,14939.0,4816.0,19755.0
12887,12887,1035,2025-11-18,2026-01-02,45,10777.0,3268.0,14045.0
12888,12888,1048,2025-11-18,2025-12-03,15,19796.0,4193.0,23989.0
12889,12889,1103,2025-11-21,2025-12-06,15,79264.0,18492.0,97756.0
12890,12890,1076,2025-11-18,2025-12-18,30,14816.0,2278.0,17094.0
12891,12891,1034,2025-11-20,2025-12-05,15,30234.0,9561.0,39795.0
12892,12892,1035,2025-11-20,2025-12-20,30,29097.0,5449.0,34546.0
12893,12893,1124,2025-11-22,2025-12-22,30,97465.0,24838.0,122303.0
12894,12894,1103,2025-11-20,2025-12-20,30,44601.0,13326.0,57927.0
12895,12895,1109,2025-11-19,2026-01-03,45,21034.0,2889.0,23923.0
12896,12896,1102,2025-11-19,2025-12-19,30,54538.0,7678.0,62216.0
12897,12897,1047,2025-11-20,2025-12-20,30,19724.0,6630.0,26354.0
12898,12898,1115,2025-11-19,2025-12-19,30,14021.0,3602.0,17623.0
12899,12899,1099,2025-11-21,2026-01-05,45,42207.0,10979.0,53186.0
12900,12900,1108,2025-11-20,2025-12-05,15,20420.0,4598.0,25018.0
12901,12901,1027,2025-11-20,2025-12-20,30,58856.0,14847.0,73703.0
12902,12902,1105,2025-11-21,2025-12-21,30,25305.0,4690.0,29995.0
12903,12903,1116,2025-11-20,2025-12-20,30,32490.0,9614.0,42104.0
12904,12904,1099,2025-11-19,2025-12-04,15,13579.0,2679.0,16258.0
12905,12905,1050,2025-11-21,2025-12-21,30,33111.0,11123.0,44234.0
12906,12906,1092,2025-11-20,2026-01-04,45,25462.0,3587.0,29049.0
12907,12907,1030,2025-11-21,2025-12-06,15,58152.0,7811.0,65963.0
12908,12908,1090,2025-11-21,2026-01-05,45,30507.0,7328.0,37835.0
12909,12909,1035,2025-11-21,2025-12-06,15,47853.0,11587.0,59440.0
12910,12910,1097,2025-11-20,2025-12-20,30,20358.0,6664.0,27022.0
12911,12911,1038,2025-11-19,2025-12-19,30,25617.0,6693.0,32310.0
12912,12912,1021,2025-11-20,2025-12-20,30,20630.0,3442.0,24072.0
12913,12913,1038,2025-11-21,2025-12-21,30,29721.0,6313.0,36034.0
12914,12914,1054,2025-11-21,2026-01-05,45,63093.0,12276.0,75369.0
12915,12915,1029,2025-11-20,2025-12-20,30,26652.0,5999.0,32651.0
12916,12916,1069,2025-11-20,2025-12-20,30,21108.0,4624.0,25732.0
12917,12917,1070,2025-11-23,2025-12-23,30,44310.0,12829.0,57139.0
12918,12918,1125,2025-11-19,2025-12-19,30,8969.0,1534.0,10503.0
12919,12919,1036,2025-11-20,2025-12-20,30,35898.0,7027.0,42925.0
12920,12920,1113,2025-11-23,2026-01-07,45,52615.0,12269.0,64884.0
12921,12921,1014,2025-11-20,2026-01-04,45,18600.0,2490.0,21090.0
12922,12922,1033,2025-11-20,2025-12-05,15,19042.0,3208.0,22250.0
12923,12923,1079,2025-11-21,2025-12-21,30,60384.0,11906.0,72290.0
12924,12924,1040,2025-11-20,2026-01-04,45,17658.0,3482.0,21140.0
12925,12925,1008,2025-11-20,2025-12-20,30,16401.0,2928.0,19329.0
12926,12926,1061,2025-11-20,2025-12-20,30,16381.0,2679.0,19060.0
12927,12927,1050,2025-11-24,2025-12-24,30,52115.0,14972.0,67087.0
12928,12928,1072,2025-11-23,2025-12-23,30,119420.0,34762.0,154182.0
12929,12929,1065,2025-11-22,2025-12-07,15,29661.0,9881.0,39542.0
12930,12930,1101,2025-11-21,2025-12-21,30,21526.0,5597.0,27123.0
12931,12931,1013,2025-11-21,2026-01-05,45,41156.0,9280.0,50436.0
12932,12932,1037,2025-11-22,2025-12-07,15,44775.0,11045.0,55820.0
12933,12933,1036,2025-11-21,2026-01-05,45,20060.0,4117.0,24177.0
12934,12934,1108,2025-11-20,2025-12-05,15,15825.0,5375.0,21200.0
12935,12935,1012,2025-11-20,2025-12-20,30,13012.0,3768.0,16780.0
12936,12936,1123,2025-11-23,2026-01-07,45,76788.0,15084.0,91872.0
12937,12937,1093,2025-11-20,2025-12-20,30,18512.0,4175.0,22687.0
12938,12938,1120,2025-11-22,2025-12-07,15,46587.0,6555.0,53142.0
12939,12939,1039,2025-11-21,2025-12-21,30,18648.0,2846.0,21494.0
12940,12940,1069,2025-11-20,2025-12-20,30,25236.0,4377.0,29613.0
12941,12941,1125,2025-11-21,2025-12-06,15,39604.0,9724.0,49328.0
12942,12942,1059,2025-11-21,2025-12-21,30,40230.0,6275.0,46505.0
12943,12943,1048,2025-11-20,2026-01-04,45,18477.0,5495.0,23972.0
12944,12944,1011,2025-11-24,2025-12-24,30,55370.0,19342.0,74712.0
12945,12945,1037,2025-11-20,2025-12-05,15,24524.0,8594.0,33118.0
12946,12946,1060,2025-11-20,2025-12-20,30,15101.0,5179.0,20280.0
12947,12947,1010,2025-11-23,2025-12-23,30,38712.0,10318.0,49030.0
12948,12948,1058,2025-11-24,2025-12-24,30,73195.0,15845.0,89040.0
12949,12949,1105,2025-11-20,2025-12-20,30,11883.0,3804.0,15687.0
12950,12950,1110,2025-11-22,2026-01-06,45,67083.0,15004.0,82087.0
12951,12951,1070,2025-11-20,2026-01-04,45,20454.0,7053.0,27507.0
12952,12952,1036,2025-11-22,2025-12-22,30,31509.0,4111.0,35620.0
12953,12953,1061,2025-11-21,2026-01-05,45,10583.0,3613.0,14196.0
12954,12954,1105,2025-11-22,2025-12-07,15,16900.0,4183.0,21083.0
12955,12955,1065,2025-11-24,2025-12-09,15,109376.0,26245.0,135621.0
12956,12956,1007,2025-11-23,2025-12-23,30,31119.0,9527.0,40646.0
12957,12957,1099,2025-11-24,2025-12-24,30,44196.0,9404.0,53600.0
12958,12958,1085,2025-11-22,2025-12-22,30,29484.0,4872.0,34356.0
12959,12959,1029,2025-11-23,2025-12-23,30,45051.0,7216.0,52267.0
12960,12960,1092,2025-11-24,2025-12-24,30,58320.0,10455.0,68775.0
12961,12961,1076,2025-11-22,2026-01-06,45,43154.0,14782.0,57936.0
12962,12962,1063,2025-11-21,2026-01-05,45,8501.0,2101.0,10602.0
12963,12963,1064,2025-11-21,2025-12-21,30,25941.0,6610.0,32551.0
12964,12964,1059,2025-11-21,2026-01-05,45,28487.0,4151.0,32638.0
12965,12965,1116,2025-11-21,2025-12-06,15,11047.0,3161.0,14208.0
12966,12966,1115,2025-11-21,2025-12-21,30,21000.0,6681.0,27681.0
12967,12967,1068,2025-11-22,2025-12-07,15,18570.0,6901.0,25471.0
12968,12968,1022,2025-11-21,2025-12-06,15,14527.0,2931.0,17458.0
12969,12969,1081,2025-11-21,2025-12-21,30,9528.0,1613.0,11141.0
12970,12970,1065,2025-11-23,2025-12-23,30,49431.0,10483.0,59914.0
12971,12971,1031,2025-11-21,2025-12-06,15,12811.0,3430.0,16241.0
12972,12972,1106,2025-11-21,2026-01-05,45,18097.0,3122.0,21219.0
12973,12973,1013,2025-11-21,2025-12-06,15,26690.0,8814.0,35504.0
12974,12974,1123,2025-11-21,2025-12-21,30,9584.0,3570.0,13154.0
12975,12975,1037,2025-11-23,2025-12-23,30,47130.0,13056.0,60186.0
12976,12976,1100,2025-11-21,2025-12-06,15,8941.0,2903.0,11844.0
12977,12977,1052,2025-11-23,2025-12-23,30,28398.0,8432.0,36830.0
12978,12978,1092,2025-11-21,2025-12-21,30,23077.0,3815.0,26892.0
12979,12979,1007,2025-11-22,2026-01-06,45,30272.0,9295.0,39567.0
12980,12980,1033,2025-11-21,2025-12-21,30,9138.0,1397.0,10535.0
12981,12981,1117,2025-11-24,2026-01-08,45,81592.0,30997.0,112589.0
12982,12982,1003,2025-11-23,2025-12-08,15,30597.0,7538.0,38135.0
12983,12983,1042,2025-11-23,2025-12-23,30,28680.0,6160.0,34840.0
12984,12984,1093,2025-11-24,2026-01-08,45,35920.0,8817.0,44737.0
12985,12985,1065,2025-11-22,2025-12-07,15,33294.0,9402.0,42696.0
12986,12986,1122,2025-11-23,2025-12-23,30,31275.0,8799.0,40074.0
12987,12987,1057,2025-11-21,2025-12-21,30,9960.0,1349.0,11309.0
12988,12988,1077,2025-11-21,2025-12-21,30,16500.0,2302.0,18802.0
12989,12989,1041,2025-11-23,2025-12-23,30,22110.0,2784.0,24894.0
12990,12990,1095,2025-11-23,2026-01-07,45,38556.0,11928.0,50484.0
12991,12991,1101,2025-11-22,2025-12-22,30,10010.0,2565.0,12575.0
12992,12992,1045,2025-11-24,2025-12-24,30,41946.0,10698.0,52644.0
12993,12993,1075,2025-11-25,2026-01-09,45,34892.0,6595.0,41487.0
12994,12994,1041,2025-11-22,2025-12-22,30,9524.0,3377.0,12901.0
12995,12995,1054,2025-11-22,2025-12-07,15,8250.0,2846.0,11096.0
12996,12996,1096,2025-11-24,2025-12-24,30,29925.0,5499.0,35424.0
12997,12997,1009,2025-11-22,2025-12-22,30,28317.0,4162.0,32479.0
12998,12998,1011,2025-11-22,2025-12-07,15,24580.0,8628.0,33208.0
12999,12999,1012,2025-11-22,2025-12-07,15,10464.0,1768.0,12232.0
13000,13000,1003,2025-11-24,2025-12-09,15,41784.0,13869.0,55653.0
13001,13001,1031,2025-11-22,2025-12-22,30,24907.0,7034.0,31941.0
13002,13002,1015,2025-11-25,2025-12-25,30,75236.0,18248.0,93484.0
13003,13003,1094,2025-11-22,2025-12-22,30,13508.0,1934.0,15442.0
13004,13004,1120,2025-11-24,2026-01-08,45,36000.0,10924.0,46924.0
13005,13005,1037,2025-11-24,2025-12-24,30,40224.0,8901.0,49125.0
13006,13006,1056,2025-11-25,2025-12-25,30,40732.0,9024.0,49756.0
13007,13007,1074,2025-11-25,2025-12-25,30,79596.0,19643.0,99239.0
13008,13008,1026,2025-11-23,2026-01-07,45,18418.0,5487.0,23905.0
13009,13009,1050,2025-11-24,2025-12-09,15,25218.0,9027.0,34245.0
13010,13010,1010,2025-11-23,2025-12-23,30,31424.0,7225.0,38649.0
13011,13011,1105,2025-11-24,2025-12-24,30,32940.0,11293.0,44233.0
13012,13012,1083,2025-11-25,2025-12-25,30,25422.0,7343.0,32765.0
13013,13013,1092,2025-11-23,2026-01-07,45,9958.0,2310.0,12268.0
13014,13014,1068,2025-11-23,2025-12-23,30,8738.0,2223.0,10961.0
13015,13015,1021,2025-11-25,2025-12-10,15,67440.0,16634.0,84074.0
13016,13016,1081,2025-11-23,2025-12-23,30,10464.0,2023.0,12487.0
13017,13017,1088,2025-11-25,2025-12-25,30,42582.0,11810.0,54392.0
13018,13018,1105,2025-11-25,2025-12-25,30,29823.0,6608.0,36431.0
13019,13019,1122,2025-11-24,2025-12-09,15,40586.0,6608.0,47194.0
13020,13020,1048,2025-11-24,2026-01-08,45,17412.0,4163.0,21575.0
13021,13021,1014,2025-11-25,2026-01-09,45,28338.0,10378.0,38716.0
13022,13022,1018,2025-11-24,2025-12-24,30,18828.0,2378.0,21206.0
13023,13023,1001,2025-11-23,2025-12-08,15,9411.0,3213.0,12624.0
13024,13024,1089,2025-11-24,2025-12-09,15,19000.0,6985.0,25985.0
13025,13025,1114,2025-11-27,2025-12-27,30,53850.0,9413.0,63263.0
13026,13026,1092,2025-11-25,2025-12-25,30,57126.0,17487.0,74613.0
13027,13027,1033,2025-11-25,2025-12-25,30,65802.0,17859.0,83661.0
13028,13028,1111,2025-11-23,2025-12-23,30,24476.0,7988.0,32464.0
13029,13029,1019,2025-11-23,2025-12-08,15,19839.0,6592.0,26431.0
13030,13030,1110,2025-11-23,2026-01-07,45,8607.0,2667.0,11274.0
13031,13031,1055,2025-11-23,2025-12-23,30,9833.0,2462.0,12295.0
13032,13032,1014,2025-11-26,2025-12-11,15,39220.0,6876.0,46096.0
13033,13033,1090,2025-11-25,2025-12-10,15,24750.0,3876.0,28626.0
13034,13034,1089,2025-11-25,2025-12-25,30,59925.0,11148.0,71073.0
13035,13035,1112,2025-11-24,2025-12-09,15,29924.0,9731.0,39655.0
13036,13036,1020,2025-11-24,2025-12-24,30,20570.0,4724.0,25294.0
13037,13037,1071,2025-11-23,2025-12-08,15,8265.0,1403.0,9668.0
13038,13038,1075,2025-11-25,2026-01-09,45,26766.0,4045.0,30811.0
13039,13039,1025,2025-11-26,2025-12-26,30,50696.0,18162.0,68858.0
13040,13040,1083,2025-11-24,2025-12-24,30,26256.0,7157.0,33413.0
13041,13041,1003,2025-11-26,2025-12-26,30,58016.0,9927.0,67943.0
13042,13042,1072,2025-11-25,2025-12-25,30,58518.0,12960.0,71478.0
13043,13043,1016,2025-11-25,2025-12-25,30,41469.0,15038.0,56507.0
13044,13044,1083,2025-11-23,2025-12-23,30,9884.0,3460.0,13344.0
13045,13045,1121,2025-11-26,2026-01-10,45,106860.0,27956.0,134816.0
13046,13046,1070,2025-11-25,2026-01-09,45,29523.0,7752.0,37275.0
13047,13047,1065,2025-11-25,2025-12-25,30,47619.0,5922.0,53541.0
13048,13048,1054,2025-11-25,2025-12-25,30,21016.0,4672.0,25688.0
13049,13049,1045,2025-11-24,2025-12-24,30,10104.0,2818.0,12922.0
13050,13050,1035,2025-11-25,2025-12-10,15,39152.0,6523.0,45675.0
13051,13051,1024,2025-11-26,2025-12-26,30,27837.0,7684.0,35521.0
13052,13052,1117,2025-11-25,2025-12-25,30,25096.0,3532.0,28628.0
13053,13053,1119,2025-11-28,2025-12-13,15,46165.0,7508.0,53673.0
13054,13054,1039,2025-11-27,2025-12-27,30,38844.0,7579.0,46423.0
13055,13055,1109,2025-11-25,2025-12-25,30,19584.0,5855.0,25439.0
13056,13056,1043,2025-11-26,2026-01-10,45,70893.0,26342.0,97235.0
13057,13057,1049,2025-11-25,2025-12-10,15,34898.0,10345.0,45243.0
13058,13058,1107,2025-11-25,2026-01-09,45,19400.0,3363.0,22763.0
13059,13059,1124,2025-11-27,2025-12-12,15,45056.0,8330.0,53386.0
13060,13060,1084,2025-11-24,2025-12-09,15,10521.0,3174.0,13695.0
13061,13061,1034,2025-11-27,2025-12-27,30,49508.0,9029.0,58537.0
13062,13062,1046,2025-11-25,2025-12-25,30,23030.0,7463.0,30493.0
13063,13063,1104,2025-11-27,2025-12-27,30,85316.0,16875.0,102191.0
13064,13064,1086,2025-11-26,2026-01-10,45,27660.0,9687.0,37347.0
13065,13065,1078,2025-11-25,2026-01-09,45,20504.0,3486.0,23990.0
13066,13066,1015,2025-11-26,2025-12-11,15,77313.0,24976.0,102289.0
13067,13067,1022,2025-11-27,2026-01-11,45,39888.0,13589.0,53477.0
13068,13068,1002,2025-11-26,2025-12-11,15,45642.0,17010.0,62652.0
13069,13069,1046,2025-11-25,2025-12-10,15,18008.0,6387.0,24395.0
13070,13070,1077,2025-11-27,2025-12-27,30,40576.0,15195.0,55771.0
13071,13071,1103,2025-11-24,2025-12-24,30,13367.0,3123.0,16490.0
13072,13072,1092,2025-11-25,2025-12-10,15,28008.0,10440.0,38448.0
13073,13073,1014,2025-11-26,2025-12-26,30,48120.0,7270.0,55390.0
13074,13074,1017,2025-11-24,2025-12-09,15,13092.0,2990.0,16082.0
13075,13075,1090,2025-11-24,2025-12-24,30,10248.0,1613.0,11861.0
13076,13076,1121,2025-11-25,2025-12-25,30,26510.0,9804.0,36314.0
13077,13077,1055,2025-11-25,2025-12-25,30,37846.0,7065.0,44911.0
13078,13078,1055,2025-11-25,2025-12-25,30,21538.0,8003.0,29541.0
13079,13079,1091,2025-11-29,2025-12-14,15,49365.0,10974.0,60339.0
13080,13080,1102,2025-11-25,2025-12-10,15,14526.0,3221.0,17747.0
13081,13081,1125,2025-11-27,2025-12-12,15,30189.0,7333.0,37522.0
13082,13082,1030,2025-11-25,2025-12-25,30,20790.0,3826.0,24616.0
13083,13083,1090,2025-11-29,2026-01-13,45,77820.0,29025.0,106845.0
13084,13084,1013,2025-11-28,2025-12-13,15,43192.0,6181.0,49373.0
13085,13085,1051,2025-11-26,2025-12-26,30,28620.0,10298.0,38918.0
13086,13086,1043,2025-11-27,2025-12-27,30,67458.0,15473.0,82931.0
13087,13087,1022,2025-11-27,2025-12-27,30,44559.0,15057.0,59616.0
13088,13088,1123,2025-11-25,2025-12-10,15,10341.0,3043.0,13384.0
13089,13089,1089,2025-11-27,2026-01-11,45,72060.0,8713.0,80773.0
13090,13090,1048,2025-11-26,2025-12-11,15,31036.0,10507.0,41543.0
13091,13091,1051,2025-11-25,2025-12-10,15,27276.0,7986.0,35262.0
13092,13092,1030,2025-11-25,2025-12-25,30,20803.0,4420.0,25223.0
13093,13093,1057,2025-11-25,2025-12-25,30,13499.0,2592.0,16091.0
13094,13094,1071,2025-11-26,2025-12-11,15,49468.0,8281.0,57749.0
13095,13095,1046,2025-11-27,2025-12-27,30,60756.0,15803.0,76559.0
13096,13096,1100,2025-11-27,2025-12-12,15,60780.0,10357.0,71137.0
13097,13097,1098,2025-11-25,2025-12-10,15,10377.0,2055.0,12432.0
13098,13098,1027,2025-11-26,2025-12-26,30,21524.0,4028.0,25552.0
13099,13099,1103,2025-11-25,2025-12-25,30,24306.0,6309.0,30615.0
13100,13100,1098,2025-11-26,2025-12-26,30,29156.0,3986.0,33142.0
13101,13101,1043,2025-11-29,2025-12-14,15,50030.0,6991.0,57021.0
13102,13102,1102,2025-11-25,2025-12-25,30,10782.0,3033.0,13815.0
13103,13103,1026,2025-11-26,2025-12-11,15,19720.0,4131.0,23851.0
13104,13104,1070,2025-11-27,2026-01-11,45,26505.0,7640.0,34145.0
13105,13105,1088,2025-11-25,2025-12-25,30,9057.0,1697.0,10754.0
13106,13106,1120,2025-11-25,2026-01-09,45,10337.0,1479.0,11816.0
13107,13107,1058,2025-11-25,2025-12-25,30,25293.0,7080.0,32373.0
13108,13108,1087,2025-11-27,2025-12-12,15,33303.0,10900.0,44203.0
13109,13109,1053,2025-11-27,2026-01-11,45,32544.0,8720.0,41264.0
13110,13110,1032,2025-11-26,2025-12-26,30,19324.0,6783.0,26107.0
13111,13111,1114,2025-11-27,2025-12-27,30,31434.0,4650.0,36084.0
13112,13112,1121,2025-11-26,2025-12-26,30,29150.0,9345.0,38495.0
13113,13113,1009,2025-11-29,2025-12-29,30,51280.0,13077.0,64357.0
13114,13114,1090,2025-11-30,2026-01-14,45,116455.0,22048.0,138503.0
13115,13115,1001,2025-11-26,2025-12-26,30,13640.0,4383.0,18023.0
13116,13116,1088,2025-11-27,2025-12-27,30,23428.0,7028.0,30456.0
13117,13117,1095,2025-11-26,2025-12-26,30,8809.0,3066.0,11875.0
13118,13118,1005,2025-11-29,2025-12-14,15,41140.0,8284.0,49424.0
13119,13119,1075,2025-11-28,2025-12-13,15,65772.0,16542.0,82314.0
13120,13120,1069,2025-11-26,2025-12-26,30,12667.0,3192.0,15859.0
13121,13121,1064,2025-11-27,2025-12-27,30,39994.0,13595.0,53589.0
13122,13122,1032,2025-11-28,2025-12-28,30,44112.0,7057.0,51169.0
13123,13123,1097,2025-11-29,2025-12-29,30,70088.0,23900.0,93988.0
13124,13124,1079,2025-11-29,2025-12-29,30,37540.0,9133.0,46673.0
13125,13125,1091,2025-11-28,2026-01-12,45,29631.0,4509.0,34140.0
13126,13126,1053,2025-11-28,2025-12-28,30,33531.0,7084.0,40615.0
13127,13127,1023,2025-11-26,2026-01-10,45,12538.0,3242.0,15780.0
13128,13128,1049,2025-11-27,2025-12-12,15,21138.0,2813.0,23951.0
13129,13129,1085,2025-11-27,2025-12-27,30,19990.0,6616.0,26606.0
13130,13130,1115,2025-11-29,2026-01-13,45,41988.0,11795.0,53783.0
13131,13131,1024,2025-11-26,2025-12-26,30,8720.0,2059.0,10779.0
13132,13132,1103,2025-11-26,2026-01-10,45,9849.0,2566.0,12415.0
13133,13133,1013,2025-11-28,2025-12-28,30,56025.0,7490.0,63515.0
13134,13134,1085,2025-11-29,2025-12-14,15,77168.0,12182.0,89350.0
13135,13135,1093,2025-11-28,2025-12-28,30,48270.0,12620.0,60890.0
13136,13136,1111,2025-11-29,2026-01-13,45,36540.0,5729.0,42269.0
13137,13137,1074,2025-11-26,2025-12-26,30,9287.0,2853.0,12140.0
13138,13138,1044,2025-11-28,2025-12-28,30,30315.0,7756.0,38071.0
13139,13139,1014,2025-11-27,2025-12-12,15,22180.0,3273.0,25453.0
13140,13140,1102,2025-11-26,2025-12-11,15,11236.0,3708.0,14944.0
13141,13141,1043,2025-11-27,2025-12-27,30,31126.0,10064.0,41190.0
13142,13142,1030,2025-11-26,2025-12-26,30,9762.0,2364.0,12126.0
13143,13143,1110,2025-11-30,2025-12-15,15,40108.0,6563.0,46671.0
13144,13144,1008,2025-11-28,2025-12-13,15,22850.0,6354.0,29204.0
13145,13145,1019,2025-11-27,2026-01-11,45,8250.0,1312.0,9562.0
13146,13146,1047,2025-11-27,2025-12-27,30,16215.0,4999.0,21214.0
13147,13147,1111,2025-11-27,2025-12-27,30,10417.0,1855.0,12272.0
13148,13148,1068,2025-11-27,2025-12-12,15,16258.0,4460.0,20718.0
13149,13149,1076,2025-11-27,2026-01-11,45,9748.0,2912.0,12660.0
13150,13150,1013,2025-11-27,2025-12-27,30,11283.0,3596.0,14879.0
13151,13151,1075,2025-11-28,2025-12-13,15,18522.0,3427.0,21949.0
13152,13152,1113,2025-11-27,2025-12-12,15,9957.0,1816.0,11773.0
13153,13153,1066,2025-12-01,2025-12-31,30,55925.0,15384.0,71309.0
13154,13154,1086,2025-11-27,2025-12-27,30,10951.0,2103.0,13054.0
13155,13155,1017,2025-11-27,2025-12-12,15,14077.0,5174.0,19251.0
13156,13156,1093,2025-11-27,2025-12-27,30,10129.0,3387.0,13516.0
13157,13157,1119,2025-11-29,2025-12-29,30,53049.0,16935.0,69984.0
13158,13158,1065,2025-11-27,2025-12-27,30,13583.0,5110.0,18693.0
13159,13159,1018,2025-11-27,2026-01-11,45,19845.0,2545.0,22390.0
13160,13160,1080,2025-11-27,2026-01-11,45,10114.0,3716.0,13830.0
13161,13161,1109,2025-11-29,2025-12-29,30,29907.0,9279.0,39186.0
13162,13162,1012,2025-11-27,2025-12-27,30,12844.0,2418.0,15262.0
13163,13163,1023,2025-11-28,2025-12-28,30,19118.0,5977.0,25095.0
13164,13164,1012,2025-11-30,2025-12-30,30,112164.0,37994.0,150158.0
13165,13165,1092,2025-11-30,2026-01-14,45,90648.0,21795.0,112443.0
13166,13166,1016,2025-11-28,2025-12-13,15,25470.0,4559.0,30029.0
13167,13167,1063,2025-11-28,2025-12-28,30,29904.0,8313.0,38217.0
13168,13168,1105,2025-11-27,2025-12-27,30,8349.0,2072.0,10421.0
13169,13169,1118,2025-11-30,2026-01-14,45,60484.0,21374.0,81858.0
13170,13170,1058,2025-11-27,2025-12-12,15,10300.0,3837.0,14137.0
13171,13171,1119,2025-11-27,2025-12-12,15,19874.0,3386.0,23260.0
13172,13172,1072,2025-11-29,2025-12-14,15,59319.0,9259.0,68578.0
13173,13173,1019,2025-11-29,2025-12-14,15,41469.0,7232.0,48701.0
13174,13174,1071,2025-11-27,2025-12-27,30,13431.0,4829.0,18260.0
13175,13175,1083,2025-11-27,2025-12-27,30,9207.0,2844.0,12051.0
13176,13176,1059,2025-11-28,2025-12-13,15,29696.0,9139.0,38835.0
13177,13177,1082,2025-12-01,2026-01-15,45,54080.0,19036.0,73116.0
13178,13178,1060,2025-11-28,2026-01-12,45,21662.0,2828.0,24490.0
13179,13179,1115,2025-11-27,2026-01-11,45,12324.0,3288.0,15612.0
13180,13180,1114,2025-11-28,2025-12-13,15,41668.0,11667.0,53335.0
13181,13181,1074,2025-11-29,2025-12-14,15,43794.0,11565.0,55359.0
13182,13182,1084,2025-11-27,2026-01-11,45,9995.0,3692.0,13687.0
13183,13183,1086,2025-11-27,2025-12-12,15,14070.0,1981.0,16051.0
13184,13184,1071,2025-11-28,2025-12-28,30,19932.0,6838.0,26770.0
13185,13185,1121,2025-11-30,2025-12-15,15,74661.0,20285.0,94946.0
13186,13186,1019,2025-11-28,2025-12-28,30,22051.0,5867.0,27918.0
13187,13187,1002,2025-11-28,2026-01-12,45,13036.0,4556.0,17592.0
13188,13188,1085,2025-11-30,2025-12-30,30,24750.0,5662.0,30412.0
13189,13189,1102,2025-11-30,2026-01-14,45,33957.0,4395.0,38352.0
13190,13190,1015,2025-11-30,2025-12-15,15,30243.0,8058.0,38301.0
13191,13191,1043,2025-11-28,2026-01-12,45,13542.0,2962.0,16504.0
13192,13192,1037,2025-11-30,2025-12-15,15,73539.0,25279.0,98818.0
13193,13193,1096,2025-12-02,2025-12-17,15,89375.0,32344.0,121719.0
13194,13194,1075,2025-11-29,2025-12-14,15,21300.0,6232.0,27532.0
13195,13195,1041,2025-11-29,2025-12-14,15,20834.0,6037.0,26871.0
13196,13196,1039,2025-11-28,2025-12-28,30,24365.0,5161.0,29526.0
13197,13197,1054,2025-11-28,2025-12-13,15,26218.0,9817.0,36035.0
13198,13198,1092,2025-11-29,2025-12-29,30,28988.0,7190.0,36178.0
13199,13199,1044,2025-11-30,2025-12-30,30,30438.0,5709.0,36147.0
13200,13200,1002,2025-11-28,2025-12-13,15,14312.0,3290.0,17602.0
13201,13201,1069,2025-11-28,2025-12-28,30,21983.0,5122.0,27105.0
13202,13202,1105,2025-11-29,2026-01-13,45,51042.0,17623.0,68665.0
13203,13203,1078,2025-11-28,2026-01-12,45,9605.0,1691.0,11296.0
13204,13204,1086,2025-12-01,2025-12-31,30,110364.0,23294.0,133658.0
13205,13205,1114,2025-11-29,2025-12-29,30,15873.0,5264.0,21137.0
13206,13206,1048,2025-12-01,2025-12-16,15,74715.0,16824.0,91539.0
13207,13207,1027,2025-11-30,2026-01-14,45,22068.0,7017.0,29085.0
13208,13208,1090,2025-11-29,2025-12-14,15,10589.0,1602.0,12191.0
13209,13209,1017,2025-11-29,2025-12-29,30,14151.0,2942.0,17093.0
13210,13210,1082,2025-11-30,2025-12-30,30,21008.0,4370.0,25378.0
13211,13211,1057,2025-12-01,2025-12-31,30,46089.0,15114.0,61203.0
13212,13212,1106,2025-12-02,2026-01-16,45,78860.0,29230.0,108090.0
13213,13213,1106,2025-12-01,2026-01-15,45,57741.0,18298.0,76039.0
13214,13214,1112,2025-11-29,2025-12-29,30,16640.0,6322.0,22962.0
13215,13215,1113,2025-11-30,2025-12-15,15,18854.0,5427.0,24281.0
13216,13216,1065,2025-11-30,2025-12-15,15,20690.0,2841.0,23531.0
13217,13217,1073,2025-11-29,2025-12-29,30,16233.0,2185.0,18418.0
13218,13218,1016,2025-11-29,2025-12-14,15,14274.0,3012.0,17286.0
13219,13219,1014,2025-11-30,2025-12-30,30,39224.0,14664.0,53888.0
13220,13220,1048,2025-11-30,2025-12-30,30,41428.0,10287.0,51715.0
13221,13221,1029,2025-12-01,2025-12-31,30,80535.0,23488.0,104023.0
13222,13222,1087,2025-12-02,2026-01-01,30,37488.0,5168.0,42656.0
13223,13223,1051,2025-11-29,2025-12-14,15,25768.0,5567.0,31335.0
13224,13224,1081,2025-11-29,2025-12-29,30,24613.0,3603.0,28216.0
13225,13225,1012,2025-12-03,2026-01-02,30,46835.0,12131.0,58966.0
13226,13226,1057,2025-11-30,2025-12-15,15,20542.0,4921.0,25463.0
13227,13227,1093,2025-11-29,2025-12-14,15,20945.0,3491.0,24436.0
13228,13228,1048,2025-11-30,2025-12-30,30,30962.0,10003.0,40965.0
13229,13229,1104,2025-12-02,2026-01-01,30,61300.0,22679.0,83979.0
13230,13230,1054,2025-11-30,2025-12-30,30,52798.0,9986.0,62784.0
13231,13231,1028,2025-12-01,2025-12-31,30,34718.0,9962.0,44680.0
13232,13232,1008,2025-12-01,2026-01-15,45,20390.0,6131.0,26521.0
13233,13233,1050,2025-12-02,2026-01-01,30,30477.0,4135.0,34612.0
13234,13234,1053,2025-12-01,2025-12-31,30,28214.0,8140.0,36354.0
13235,13235,1055,2025-11-30,2026-01-14,45,21861.0,4538.0,26399.0
13236,13236,1092,2025-11-30,2025-12-30,30,15433.0,4994.0,20427.0
13237,13237,1037,2025-12-04,2025-12-19,15,74990.0,9884.0,84874.0
13238,13238,1032,2025-12-01,2025-12-16,15,19708.0,5069.0,24777.0
13239,13239,1123,2025-12-03,2025-12-18,15,37356.0,9144.0,46500.0
13240,13240,1048,2025-12-01,2025-12-31,30,18016.0,3178.0,21194.0
13241,13241,1027,2025-12-02,2025-12-17,15,32115.0,9224.0,41339.0
13242,13242,1095,2025-12-01,2025-12-31,30,21450.0,7146.0,28596.0
13243,13243,1079,2025-12-02,2026-01-01,30,74490.0,21931.0,96421.0
13244,13244,1014,2025-12-01,2025-12-31,30,32060.0,8934.0,40994.0
13245,13245,1101,2025-11-30,2026-01-14,45,14991.0,2101.0,17092.0
13246,13246,1058,2025-12-01,2025-12-16,15,38106.0,12238.0,50344.0
13247,13247,1004,2025-11-30,2025-12-30,30,18471.0,2293.0,20764.0
13248,13248,1017,2025-12-01,2025-12-31,30,18068.0,5126.0,23194.0
13249,13249,1064,2025-12-01,2025-12-31,30,24764.0,7170.0,31934.0
13250,13250,1050,2025-12-01,2025-12-31,30,20762.0,6088.0,26850.0
13251,13251,1059,2025-11-30,2025-12-30,30,14827.0,5598.0,20425.0
13252,13252,1120,2025-12-01,2025-12-16,15,18512.0,2421.0,20933.0
13253,13253,1097,2025-11-30,2025-12-15,15,12400.0,3706.0,16106.0
13254,13254,1010,2025-12-02,2026-01-01,30,27891.0,8859.0,36750.0
13255,13255,1046,2025-12-01,2025-12-16,15,42060.0,8014.0,50074.0
13256,13256,1004,2025-12-02,2026-01-16,45,40722.0,14211.0,54933.0
13257,13257,1092,2025-11-30,2026-01-14,45,18610.0,6846.0,25456.0
13258,13258,1091,2025-12-04,2026-01-18,45,71565.0,15282.0,86847.0
13259,13259,1023,2025-12-03,2026-01-02,30,46628.0,8824.0,55452.0
13260,13260,1092,2025-11-30,2025-12-30,30,9295.0,2176.0,11471.0
13261,13261,1075,2025-12-02,2026-01-16,45,38382.0,13852.0,52234.0
13262,13262,1062,2025-12-04,2026-01-03,30,57316.0,10567.0,67883.0
13263,13263,1003,2025-12-01,2025-12-16,15,14871.0,3296.0,18167.0
13264,13264,1096,2025-12-01,2025-12-31,30,15973.0,3908.0,19881.0
13265,13265,1106,2025-12-02,2026-01-16,45,18364.0,4078.0,22442.0
13266,13266,1069,2025-12-05,2026-01-04,30,49880.0,8468.0,58348.0
13267,13267,1051,2025-12-01,2026-01-15,45,23283.0,6023.0,29306.0
13268,13268,1080,2025-12-03,2026-01-02,30,42288.0,12955.0,55243.0
13269,13269,1108,2025-12-02,2026-01-01,30,28050.0,9950.0,38000.0
13270,13270,1076,2025-12-04,2026-01-18,45,39100.0,10824.0,49924.0
13271,13271,1004,2025-12-02,2025-12-17,15,17624.0,4206.0,21830.0
13272,13272,1035,2025-12-01,2025-12-16,15,19012.0,3236.0,22248.0
13273,13273,1013,2025-12-02,2025-12-17,15,16756.0,4855.0,21611.0
13274,13274,1037,2025-12-01,2025-12-16,15,8250.0,2647.0,10897.0
13275,13275,1101,2025-12-01,2025-12-31,30,16183.0,6123.0,22306.0
13276,13276,1101,2025-12-01,2026-01-15,45,27129.0,9142.0,36271.0
13277,13277,1034,2025-12-02,2026-01-01,30,20816.0,3438.0,24254.0
13278,13278,1092,2025-12-03,2026-01-02,30,54915.0,12329.0,67244.0
13279,13279,1022,2025-12-02,2025-12-17,15,29696.0,5284.0,34980.0
13280,13280,1009,2025-12-02,2026-01-01,30,16778.0,2744.0,19522.0
13281,13281,1030,2025-12-02,2025-12-17,15,53672.0,15302.0,68974.0
13282,13282,1034,2025-12-01,2025-12-31,30,10700.0,2222.0,12922.0
13283,13283,1080,2025-12-01,2025-12-31,30,16361.0,4214.0,20575.0
13284,13284,1104,2025-12-04,2025-12-19,15,35956.0,9573.0,45529.0
13285,13285,1051,2025-12-01,2026-01-15,45,9885.0,2097.0,11982.0
13286,13286,1087,2025-12-01,2026-01-15,45,9201.0,2170.0,11371.0
13287,13287,1055,2025-12-02,2026-01-01,30,18274.0,4294.0,22568.0
13288,13288,1018,2025-12-01,2025-12-31,30,10736.0,2442.0,13178.0
13289,13289,1030,2025-12-01,2025-12-31,30,12986.0,1687.0,14673.0
13290,13290,1097,2025-12-05,2025-12-20,15,103000.0,17017.0,120017.0
13291,13291,1032,2025-12-05,2026-01-04,30,93005.0,25941.0,118946.0
13292,13292,1006,2025-12-03,2026-01-17,45,32109.0,9895.0,42004.0
13293,13293,1108,2025-12-02,2025-12-17,15,31404.0,8643.0,40047.0
13294,13294,1109,2025-12-01,2025-12-31,30,15541.0,5335.0,20876.0
13295,13295,1110,2025-12-02,2026-01-01,30,19360.0,6964.0,26324.0
13296,13296,1102,2025-12-04,2026-01-03,30,39213.0,8806.0,48019.0
13297,13297,1040,2025-12-05,2026-01-04,30,50152.0,17550.0,67702.0
13298,13298,1065,2025-12-04,2025-12-19,15,54888.0,14037.0,68925.0
13299,13299,1101,2025-12-03,2026-01-02,30,25268.0,7558.0,32826.0
13300,13300,1040,2025-12-03,2025-12-18,15,39614.0,13941.0,53555.0
13301,13301,1115,2025-12-02,2026-01-16,45,31936.0,5199.0,37135.0
13302,13302,1062,2025-12-04,2026-01-03,30,34923.0,4678.0,39601.0
13303,13303,1050,2025-12-04,2026-01-03,30,34326.0,7723.0,42049.0
13304,13304,1042,2025-12-03,2025-12-18,15,25046.0,6725.0,31771.0
13305,13305,1047,2025-12-03,2025-12-18,15,56398.0,11123.0,67521.0
13306,13306,1121,2025-12-05,2026-01-04,30,91128.0,18987.0,110115.0
13307,13307,1055,2025-12-05,2026-01-04,30,107908.0,31415.0,139323.0
13308,13308,1090,2025-12-03,2025-12-18,15,25664.0,3274.0,28938.0
13309,13309,1028,2025-12-04,2026-01-03,30,54984.0,11882.0,66866.0
13310,13310,1065,2025-12-02,2025-12-17,15,12169.0,2721.0,14890.0
13311,13311,1070,2025-12-02,2026-01-16,45,13003.0,2165.0,15168.0
13312,13312,1096,2025-12-03,2026-01-17,45,24542.0,7156.0,31698.0
13313,13313,1065,2025-12-02,2026-01-01,30,13226.0,2920.0,16146.0
13314,13314,1115,2025-12-02,2026-01-16,45,19197.0,3444.0,22641.0
13315,13315,1013,2025-12-02,2025-12-17,15,25361.0,6438.0,31799.0
13316,13316,1021,2025-12-04,2026-01-03,30,52272.0,12199.0,64471.0
13317,13317,1032,2025-12-02,2026-01-01,30,12393.0,4332.0,16725.0
13318,13318,1103,2025-12-03,2026-01-02,30,34954.0,11871.0,46825.0
13319,13319,1120,2025-12-06,2026-01-05,30,93450.0,30817.0,124267.0
13320,13320,1027,2025-12-03,2026-01-02,30,48886.0,10820.0,59706.0
13321,13321,1061,2025-12-02,2026-01-01,30,12964.0,4495.0,17459.0
13322,13322,1056,2025-12-05,2026-01-04,30,51536.0,16581.0,68117.0
13323,13323,1044,2025-12-02,2026-01-01,30,30150.0,4129.0,34279.0
13324,13324,1035,2025-12-03,2026-01-02,30,25064.0,9310.0,34374.0
13325,13325,1033,2025-12-04,2025-12-19,15,74562.0,12199.0,86761.0
13326,13326,1033,2025-12-02,2026-01-01,30,11529.0,2189.0,13718.0
13327,13327,1110,2025-12-02,2026-01-01,30,12367.0,1856.0,14223.0
13328,13328,1076,2025-12-02,2026-01-01,30,19032.0,6780.0,25812.0
13329,13329,1066,2025-12-02,2026-01-16,45,15644.0,4435.0,20079.0
13330,13330,1117,2025-12-05,2025-12-20,15,54224.0,14589.0,68813.0
13331,13331,1102,2025-12-04,2026-01-18,45,48003.0,6286.0,54289.0
13332,13332,1071,2025-12-02,2026-01-01,30,17125.0,5307.0,22432.0
13333,13333,1098,2025-12-04,2025-12-19,15,67653.0,23438.0,91091.0
13334,13334,1024,2025-12-04,2026-01-03,30,82020.0,29643.0,111663.0
13335,13335,1053,2025-12-03,2026-01-02,30,22888.0,6105.0,28993.0
13336,13336,1075,2025-12-02,2025-12-17,15,20257.0,5350.0,25607.0
13337,13337,1097,2025-12-02,2026-01-01,30,22031.0,5339.0,27370.0
13338,13338,1028,2025-12-04,2026-01-03,30,42864.0,5687.0,48551.0
13339,13339,1102,2025-12-03,2026-01-02,30,50942.0,12905.0,63847.0
13340,13340,1033,2025-12-02,2026-01-16,45,23483.0,6968.0,30451.0
13341,13341,1084,2025-12-04,2026-01-18,45,102543.0,17121.0,119664.0
13342,13342,1040,2025-12-06,2026-01-20,45,82935.0,27695.0,110630.0
13343,13343,1034,2025-12-05,2026-01-19,45,36609.0,6536.0,43145.0
13344,13344,1058,2025-12-03,2025-12-18,15,19087.0,4703.0,23790.0
13345,13345,1100,2025-12-04,2026-01-03,30,23940.0,5396.0,29336.0
13346,13346,1050,2025-12-03,2026-01-02,30,18358.0,4479.0,22837.0
13347,13347,1071,2025-12-04,2026-01-18,45,36674.0,8303.0,44977.0
13348,13348,1094,2025-12-05,2025-12-20,15,81831.0,13131.0,94962.0
13349,13349,1098,2025-12-03,2026-01-02,30,20190.0,2720.0,22910.0
13350,13350,1016,2025-12-06,2026-01-05,30,47040.0,13893.0,60933.0
13351,13351,1109,2025-12-04,2026-01-18,45,28308.0,9460.0,37768.0
13352,13352,1024,2025-12-03,2026-01-02,30,14246.0,2860.0,17106.0
13353,13353,1070,2025-12-03,2026-01-17,45,23337.0,4310.0,27647.0
13354,13354,1062,2025-12-03,2025-12-18,15,15197.0,2741.0,17938.0
13355,13355,1004,2025-12-04,2026-01-18,45,38080.0,13159.0,51239.0
13356,13356,1082,2025-12-03,2026-01-02,30,14533.0,5101.0,19634.0
13357,13357,1036,2025-12-03,2026-01-02,30,17148.0,4326.0,21474.0
13358,13358,1114,2025-12-04,2026-01-03,30,37988.0,10868.0,48856.0
13359,13359,1077,2025-12-03,2026-01-02,30,11751.0,2383.0,14134.0
13360,13360,1062,2025-12-04,2026-01-03,30,36044.0,9036.0,45080.0
13361,13361,1076,2025-12-06,2026-01-20,45,83268.0,23556.0,106824.0
13362,13362,1063,2025-12-04,2026-01-03,30,34054.0,6430.0,40484.0
13363,13363,1089,2025-12-04,2026-01-18,45,26624.0,8848.0,35472.0
13364,13364,1032,2025-12-03,2026-01-17,45,18245.0,4102.0,22347.0
13365,13365,1117,2025-12-04,2026-01-03,30,26206.0,3789.0,29995.0
13366,13366,1096,2025-12-06,2026-01-20,45,76368.0,15390.0,91758.0
13367,13367,1096,2025-12-03,2026-01-02,30,17585.0,3519.0,21104.0
13368,13368,1121,2025-12-05,2026-01-04,30,58851.0,19119.0,77970.0
13369,13369,1057,2025-12-04,2025-12-19,15,22266.0,6139.0,28405.0
13370,13370,1089,2025-12-03,2026-01-17,45,9899.0,2966.0,12865.0
13371,13371,1084,2025-12-07,2026-01-21,45,58990.0,21582.0,80572.0
13372,13372,1113,2025-12-04,2025-12-19,15,35140.0,13138.0,48278.0
13373,13373,1030,2025-12-03,2026-01-02,30,33617.0,11476.0,45093.0
13374,13374,1092,2025-12-03,2026-01-02,30,18753.0,4670.0,23423.0
13375,13375,1086,2025-12-03,2026-01-02,30,16674.0,5857.0,22531.0
13376,13376,1072,2025-12-06,2025-12-21,15,65136.0,10229.0,75365.0
13377,13377,1048,2025-12-04,2025-12-19,15,49442.0,8861.0,58303.0
13378,13378,1099,2025-12-03,2026-01-02,30,20461.0,5178.0,25639.0
13379,13379,1039,2025-12-04,2025-12-19,15,25200.0,4399.0,29599.0
13380,13380,1050,2025-12-05,2026-01-04,30,34212.0,7679.0,41891.0
13381,13381,1041,2025-12-06,2026-01-05,30,71088.0,15352.0,86440.0
13382,13382,1044,2025-12-05,2026-01-04,30,23560.0,5529.0,29089.0
13383,13383,1017,2025-12-04,2026-01-18,45,25114.0,8998.0,34112.0
13384,13384,1114,2025-12-06,2026-01-05,30,58149.0,8515.0,66664.0
13385,13385,1124,2025-12-04,2026-01-18,45,12634.0,2688.0,15322.0
13386,13386,1040,2025-12-04,2026-01-03,30,13831.0,4331.0,18162.0
13387,13387,1124,2025-12-05,2026-01-04,30,26942.0,6425.0,33367.0
13388,13388,1075,2025-12-05,2026-01-04,30,23438.0,5080.0,28518.0
13389,13389,1061,2025-12-08,2025-12-23,15,64210.0,10173.0,74383.0
13390,13390,1068,2025-12-05,2026-01-19,45,50452.0,12308.0,62760.0
13391,13391,1011,2025-12-04,2026-01-03,30,34269.0,12971.0,47240.0
13392,13392,1058,2025-12-04,2026-01-18,45,35401.0,10229.0,45630.0
13393,13393,1021,2025-12-04,2026-01-18,45,14340.0,5302.0,19642.0
13394,13394,1081,2025-12-05,2026-01-04,30,57830.0,9258.0,67088.0
13395,13395,1052,2025-12-04,2026-01-18,45,22125.0,7535.0,29660.0
13396,13396,1122,2025-12-04,2026-01-03,30,13247.0,2568.0,15815.0
13397,13397,1054,2025-12-08,2026-01-07,30,54060.0,12919.0,66979.0
13398,13398,1054,2025-12-04,2026-01-03,30,28731.0,6311.0,35042.0
13399,13399,1125,2025-12-04,2025-12-19,15,28174.0,4118.0,32292.0
13400,13400,1122,2025-12-04,2026-01-03,30,10594.0,3483.0,14077.0
13401,13401,1062,2025-12-08,2026-01-07,30,117450.0,24263.0,141713.0
13402,13402,1017,2025-12-05,2026-01-19,45,73682.0,21752.0,95434.0
13403,13403,1033,2025-12-06,2026-01-05,30,65679.0,12139.0,77818.0
13404,13404,1108,2025-12-05,2026-01-04,30,31808.0,6399.0,38207.0
13405,13405,1110,2025-12-07,2026-01-06,30,75144.0,23959.0,99103.0
13406,13406,1061,2025-12-05,2025-12-20,15,48160.0,14515.0,62675.0
13407,13407,1063,2025-12-05,2026-01-04,30,56816.0,21000.0,77816.0
13408,13408,1101,2025-12-07,2025-12-22,15,139860.0,31193.0,171053.0
13409,13409,1031,2025-12-05,2025-12-20,15,26648.0,5552.0,32200.0
13410,13410,1074,2025-12-05,2025-12-20,15,33518.0,4527.0,38045.0
13411,13411,1107,2025-12-04,2026-01-18,45,12625.0,3668.0,16293.0
13412,13412,1116,2025-12-06,2025-12-21,15,77022.0,26280.0,103302.0
13413,13413,1097,2025-12-06,2026-01-05,30,55458.0,18200.0,73658.0
13414,13414,1076,2025-12-05,2025-12-20,15,23616.0,5058.0,28674.0
13415,13415,1118,2025-12-04,2026-01-18,45,13025.0,3437.0,16462.0
13416,13416,1039,2025-12-05,2026-01-04,30,25976.0,6762.0,32738.0
13417,13417,1082,2025-12-05,2026-01-19,45,13914.0,4127.0,18041.0
13418,13418,1065,2025-12-05,2026-01-19,45,14212.0,3937.0,18149.0
13419,13419,1112,2025-12-09,2026-01-23,45,65245.0,21503.0,86748.0
13420,13420,1125,2025-12-06,2026-01-05,30,49462.0,14312.0,63774.0
13421,13421,1090,2025-12-07,2025-12-22,15,42828.0,13371.0,56199.0
13422,13422,1052,2025-12-05,2026-01-19,45,22365.0,3467.0,25832.0
13423,13423,1030,2025-12-05,2026-01-04,30,14609.0,5222.0,19831.0
13424,13424,1066,2025-12-08,2026-01-22,45,59380.0,9888.0,69268.0
13425,13425,1017,2025-12-06,2025-12-21,15,62700.0,14066.0,76766.0
13426,13426,1026,2025-12-05,2026-01-19,45,23010.0,8313.0,31323.0
13427,13427,1009,2025-12-06,2026-01-05,30,24374.0,4645.0,29019.0
13428,13428,1087,2025-12-05,2025-12-20,15,13495.0,1629.0,15124.0
13429,13429,1067,2025-12-06,2026-01-05,30,24808.0,4987.0,29795.0
13430,13430,1043,2025-12-06,2026-01-20,45,55440.0,18977.0,74417.0
13431,13431,1028,2025-12-08,2026-01-22,45,70720.0,19668.0,90388.0
13432,13432,1026,2025-12-05,2026-01-04,30,12655.0,4721.0,17376.0
13433,13433,1091,2025-12-06,2026-01-20,45,37116.0,13221.0,50337.0
13434,13434,1100,2025-12-06,2026-01-05,30,32724.0,10913.0,43637.0
13435,13435,1037,2025-12-06,2026-01-20,45,26768.0,3396.0,30164.0
13436,13436,1063,2025-12-08,2026-01-07,30,49052.0,17272.0,66324.0
13437,13437,1107,2025-12-05,2026-01-04,30,13165.0,4612.0,17777.0
13438,13438,1109,2025-12-07,2026-01-06,30,57129.0,9740.0,66869.0
13439,13439,1014,2025-12-06,2026-01-20,45,26848.0,7476.0,34324.0
13440,13440,1105,2025-12-06,2026-01-05,30,24786.0,5411.0,30197.0
13441,13441,1089,2025-12-06,2026-01-20,45,36826.0,6421.0,43247.0
13442,13442,1100,2025-12-05,2026-01-04,30,10990.0,3576.0,14566.0
13443,13443,1064,2025-12-07,2026-01-21,45,70959.0,26097.0,97056.0
13444,13444,1027,2025-12-05,2026-01-04,30,25320.0,9570.0,34890.0
13445,13445,1058,2025-12-06,2025-12-21,15,23642.0,7123.0,30765.0
13446,13446,1061,2025-12-05,2026-01-04,30,12225.0,2054.0,14279.0
13447,13447,1120,2025-12-05,2026-01-19,45,16984.0,4834.0,21818.0
13448,13448,1031,2025-12-06,2026-01-05,30,27182.0,3985.0,31167.0
13449,13449,1019,2025-12-05,2026-01-04,30,13074.0,4106.0,17180.0
13450,13450,1031,2025-12-07,2026-01-21,45,76908.0,27163.0,104071.0
13451,13451,1066,2025-12-07,2025-12-22,15,65163.0,22030.0,87193.0
13452,13452,1101,2025-12-06,2026-01-05,30,45296.0,5442.0,50738.0
13453,13453,1027,2025-12-06,2026-01-20,45,36392.0,6152.0,42544.0
13454,13454,1051,2025-12-06,2025-12-21,15,49674.0,14674.0,64348.0
13455,13455,1049,2025-12-06,2026-01-05,30,70190.0,25389.0,95579.0
13456,13456,1043,2025-12-05,2026-01-04,30,15667.0,5856.0,21523.0
13457,13457,1003,2025-12-06,2026-01-05,30,36948.0,13896.0,50844.0
13458,13458,1037,2025-12-05,2026-01-04,30,13920.0,2974.0,16894.0
13459,13459,1014,2025-12-05,2026-01-04,30,27100.0,10216.0,37316.0
13460,13460,1043,2025-12-06,2026-01-05,30,12704.0,3333.0,16037.0
13461,13461,1002,2025-12-08,2026-01-22,45,35694.0,5702.0,41396.0
13462,13462,1077,2025-12-06,2025-12-21,15,31168.0,9974.0,41142.0
13463,13463,1080,2025-12-08,2026-01-07,30,40185.0,5761.0,45946.0
13464,13464,1096,2025-12-06,2026-01-20,45,19637.0,7417.0,27054.0
13465,13465,1040,2025-12-07,2026-01-06,30,23826.0,4744.0,28570.0
13466,13466,1016,2025-12-07,2026-01-06,30,28026.0,6663.0,34689.0
13467,13467,1096,2025-12-09,2026-01-08,30,53372.0,17482.0,70854.0
13468,13468,1017,2025-12-06,2025-12-21,15,12151.0,3380.0,15531.0
13469,13469,1107,2025-12-06,2026-01-05,30,16575.0,2889.0,19464.0
13470,13470,1105,2025-12-06,2026-01-05,30,12644.0,2442.0,15086.0
13471,13471,1099,2025-12-07,2026-01-06,30,38186.0,6837.0,45023.0
13472,13472,1119,2025-12-09,2025-12-24,15,68120.0,9157.0,77277.0
13473,13473,1059,2025-12-08,2026-01-07,30,38106.0,10768.0,48874.0
13474,13474,1089,2025-12-07,2026-01-06,30,69648.0,11750.0,81398.0
13475,13475,1053,2025-12-08,2026-01-07,30,77994.0,16030.0,94024.0
13476,13476,1103,2025-12-06,2025-12-21,15,31084.0,9779.0,40863.0
13477,13477,1080,2025-12-06,2026-01-05,30,12495.0,3207.0,15702.0
13478,13478,1054,2025-12-06,2026-01-20,45,12484.0,4627.0,17111.0
13479,13479,1065,2025-12-07,2026-01-06,30,38578.0,5893.0,44471.0
13480,13480,1111,2025-12-08,2025-12-23,15,37521.0,7970.0,45491.0
13481,13481,1090,2025-12-09,2025-12-24,15,52180.0,6921.0,59101.0
13482,13482,1023,2025-12-07,2026-01-06,30,50636.0,12402.0,63038.0
13483,13483,1095,2025-12-08,2026-01-07,30,33321.0,5485.0,38806.0
13484,13484,1081,2025-12-09,2026-01-08,30,51048.0,18616.0,69664.0
13485,13485,1083,2025-12-06,2025-12-21,15,27153.0,8583.0,35736.0
13486,13486,1083,2025-12-06,2026-01-05,30,28892.0,9606.0,38498.0
13487,13487,1055,2025-12-06,2026-01-05,30,18851.0,2791.0,21642.0
13488,13488,1029,2025-12-07,2026-01-06,30,25608.0,6617.0,32225.0
13489,13489,1006,2025-12-06,2026-01-05,30,13535.0,3645.0,17180.0
13490,13490,1032,2025-12-06,2026-01-05,30,14380.0,4431.0,18811.0
13491,13491,1121,2025-12-07,2025-12-22,15,44768.0,15600.0,60368.0
13492,13492,1022,2025-12-07,2026-01-21,45,67686.0,13923.0,81609.0
13493,13493,1100,2025-12-06,2026-01-05,30,11378.0,3293.0,14671.0
13494,13494,1013,2025-12-08,2026-01-07,30,65343.0,13063.0,78406.0
13495,13495,1035,2025-12-06,2026-01-05,30,11800.0,3196.0,14996.0
13496,13496,1076,2025-12-09,2026-01-08,30,49840.0,8915.0,58755.0
13497,13497,1093,2025-12-06,2025-12-21,15,25836.0,3507.0,29343.0
13498,13498,1011,2025-12-06,2026-01-05,30,13119.0,4078.0,17197.0
13499,13499,1121,2025-12-06,2026-01-05,30,22614.0,5942.0,28556.0
13500,13500,1093,2025-12-06,2026-01-05,30,28259.0,10126.0,38385.0
13501,13501,1125,2025-12-06,2026-01-05,30,27664.0,10175.0,37839.0
13502,13502,1067,2025-12-07,2025-12-22,15,25950.0,3954.0,29904.0
13503,13503,1032,2025-12-08,2026-01-07,30,22830.0,7538.0,30368.0
13504,13504,1037,2025-12-08,2026-01-22,45,35216.0,6875.0,42091.0
13505,13505,1005,2025-12-07,2026-01-06,30,20363.0,4067.0,24430.0
13506,13506,1049,2025-12-07,2026-01-06,30,12412.0,3885.0,16297.0
13507,13507,1053,2025-12-08,2026-01-07,30,37404.0,13539.0,50943.0
13508,13508,1102,2025-12-08,2026-01-07,30,23578.0,5632.0,29210.0
13509,13509,1021,2025-12-08,2026-01-22,45,51950.0,7174.0,59124.0
13510,13510,1096,2025-12-10,2026-01-24,45,49972.0,9305.0,59277.0
13511,13511,1046,2025-12-10,2026-01-09,30,57224.0,19684.0,76908.0
13512,13512,1094,2025-12-07,2026-01-06,30,12447.0,2755.0,15202.0
13513,13513,1074,2025-12-07,2026-01-06,30,19242.0,4581.0,23823.0
13514,13514,1046,2025-12-10,2025-12-25,15,88356.0,29822.0,118178.0
13515,13515,1005,2025-12-07,2026-01-06,30,19457.0,6816.0,26273.0
13516,13516,1068,2025-12-10,2025-12-25,15,98468.0,35298.0,133766.0
13517,13517,1061,2025-12-08,2026-01-07,30,46992.0,9718.0,56710.0
13518,13518,1058,2025-12-11,2026-01-10,30,61930.0,9177.0,71107.0
13519,13519,1060,2025-12-08,2026-01-07,30,30300.0,8110.0,38410.0
13520,13520,1014,2025-12-10,2026-01-24,45,44200.0,7891.0,52091.0
13521,13521,1027,2025-12-07,2026-01-06,30,25708.0,7825.0,33533.0
13522,13522,1050,2025-12-09,2026-01-08,30,76158.0,15624.0,91782.0
13523,13523,1069,2025-12-10,2026-01-09,30,62932.0,13924.0,76856.0
13524,13524,1084,2025-12-09,2026-01-08,30,32613.0,7921.0,40534.0
13525,13525,1008,2025-12-08,2026-01-07,30,54718.0,15873.0,70591.0
13526,13526,1060,2025-12-07,2026-01-21,45,29864.0,11134.0,40998.0
13527,13527,1039,2025-12-07,2026-01-06,30,13102.0,3341.0,16443.0
13528,13528,1036,2025-12-07,2025-12-22,15,25097.0,8445.0,33542.0
13529,13529,1077,2025-12-08,2026-01-07,30,26888.0,6662.0,33550.0
13530,13530,1067,2025-12-07,2026-01-06,30,28394.0,9220.0,37614.0
13531,13531,1118,2025-12-09,2026-01-08,30,39690.0,12532.0,52222.0
13532,13532,1011,2025-12-08,2026-01-22,45,35918.0,10945.0,46863.0
13533,13533,1021,2025-12-07,2026-01-06,30,12537.0,2461.0,14998.0
13534,13534,1012,2025-12-08,2026-01-07,30,21356.0,3416.0,24772.0
13535,13535,1118,2025-12-08,2025-12-23,15,26270.0,3993.0,30263.0
13536,13536,1014,2025-12-07,2026-01-21,45,29852.0,8622.0,38474.0
13537,13537,1065,2025-12-09,2026-01-08,30,38853.0,12250.0,51103.0
13538,13538,1085,2025-12-09,2026-01-08,30,33792.0,11429.0,45221.0
13539,13539,1074,2025-12-08,2026-01-07,30,34352.0,4457.0,38809.0
13540,13540,1100,2025-12-07,2026-01-21,45,23237.0,5043.0,28280.0
13541,13541,1102,2025-12-08,2026-01-22,45,24698.0,4184.0,28882.0
13542,13542,1121,2025-12-08,2025-12-23,15,25086.0,3650.0,28736.0
13543,13543,1050,2025-12-07,2025-12-22,15,12783.0,3933.0,16716.0
13544,13544,1111,2025-12-07,2026-01-21,45,16904.0,2250.0,19154.0
13545,13545,1047,2025-12-08,2026-01-22,45,25728.0,4745.0,30473.0
13546,13546,1059,2025-12-10,2026-01-09,30,47904.0,11792.0,59696.0
13547,13547,1057,2025-12-09,2026-01-08,30,24858.0,8390.0,33248.0
13548,13548,1106,2025-12-08,2026-01-07,30,24301.0,7540.0,31841.0
13549,13549,1014,2025-12-12,2026-01-26,45,66700.0,22837.0,89537.0
13550,13550,1098,2025-12-12,2026-01-11,30,81580.0,26846.0,108426.0
13551,13551,1116,2025-12-09,2026-01-08,30,25330.0,4602.0,29932.0
13552,13552,1043,2025-12-10,2025-12-25,15,40980.0,9330.0,50310.0
13553,13553,1037,2025-12-10,2026-01-09,30,40653.0,5384.0,46037.0
13554,13554,1027,2025-12-08,2026-01-07,30,12701.0,1628.0,14329.0
13555,13555,1097,2025-12-10,2026-01-24,45,37035.0,6657.0,43692.0
13556,13556,1117,2025-12-08,2026-01-22,45,27150.0,7698.0,34848.0
13557,13557,1013,2025-12-08,2026-01-07,30,12794.0,3117.0,15911.0
13558,13558,1066,2025-12-10,2026-01-09,30,40284.0,14416.0,54700.0
13559,13559,1019,2025-12-09,2026-01-23,45,25404.0,8248.0,33652.0
13560,13560,1014,2025-12-08,2025-12-23,15,31278.0,10114.0,41392.0
13561,13561,1110,2025-12-10,2025-12-25,15,65415.0,19929.0,85344.0
13562,13562,1074,2025-12-09,2025-12-24,15,25834.0,8764.0,34598.0
13563,13563,1060,2025-12-10,2026-01-24,45,33405.0,7671.0,41076.0
13564,13564,1019,2025-12-10,2026-01-09,30,30585.0,11075.0,41660.0
13565,13565,1077,2025-12-10,2025-12-25,15,32616.0,10751.0,43367.0
13566,13566,1083,2025-12-09,2026-01-08,30,21668.0,7289.0,28957.0
13567,13567,1110,2025-12-08,2026-01-07,30,18155.0,4608.0,22763.0
13568,13568,1119,2025-12-08,2026-01-07,30,25499.0,5312.0,30811.0
13569,13569,1066,2025-12-09,2026-01-08,30,50922.0,10461.0,61383.0
13570,13570,1008,2025-12-12,2026-01-11,30,52610.0,13558.0,66168.0
13571,13571,1055,2025-12-08,2026-01-07,30,19225.0,3785.0,23010.0
13572,13572,1068,2025-12-09,2026-01-08,30,33300.0,9605.0,42905.0
13573,13573,1103,2025-12-11,2026-01-25,45,128252.0,44366.0,172618.0
13574,13574,1010,2025-12-09,2026-01-23,45,28170.0,4848.0,33018.0
13575,13575,1115,2025-12-09,2025-12-24,15,26600.0,4930.0,31530.0
13576,13576,1062,2025-12-09,2025-12-24,15,22482.0,7867.0,30349.0
13577,13577,1054,2025-12-08,2026-01-07,30,22985.0,3627.0,26612.0
13578,13578,1035,2025-12-08,2026-01-22,45,13412.0,4298.0,17710.0
13579,13579,1067,2025-12-08,2026-01-07,30,14863.0,5577.0,20440.0
13580,13580,1008,2025-12-10,2025-12-25,15,45876.0,5743.0,51619.0
13581,13581,1107,2025-12-09,2026-01-08,30,32656.0,8972.0,41628.0
13582,13582,1025,2025-12-10,2026-01-09,30,37815.0,6558.0,44373.0
13583,13583,1098,2025-12-09,2026-01-08,30,64414.0,18611.0,83025.0
13584,13584,1094,2025-12-08,2026-01-07,30,19365.0,5598.0,24963.0
13585,13585,1057,2025-12-08,2026-01-07,30,18163.0,5742.0,23905.0
13586,13586,1068,2025-12-11,2025-12-26,15,75966.0,27836.0,103802.0
13587,13587,1012,2025-12-10,2025-12-25,15,33928.0,11712.0,45640.0
13588,13588,1105,2025-12-11,2026-01-10,30,73017.0,21467.0,94484.0
13589,13589,1003,2025-12-10,2025-12-25,15,38808.0,6675.0,45483.0
13590,13590,1034,2025-12-10,2026-01-09,30,37364.0,10045.0,47409.0
13591,13591,1070,2025-12-09,2025-12-24,15,12189.0,2180.0,14369.0
13592,13592,1024,2025-12-11,2026-01-25,45,82407.0,14937.0,97344.0
13593,13593,1108,2025-12-09,2026-01-08,30,23261.0,7319.0,30580.0
13594,13594,1047,2025-12-10,2026-01-24,45,49818.0,17306.0,67124.0
13595,13595,1011,2025-12-09,2026-01-08,30,17623.0,6493.0,24116.0
13596,13596,1075,2025-12-09,2025-12-24,15,15035.0,3154.0,18189.0
13597,13597,1021,2025-12-09,2025-12-24,15,20540.0,7425.0,27965.0
13598,13598,1071,2025-12-11,2026-01-10,30,107346.0,31778.0,139124.0
13599,13599,1061,2025-12-10,2026-01-09,30,35986.0,11342.0,47328.0
13600,13600,1018,2025-12-12,2025-12-27,15,137416.0,51572.0,188988.0
13601,13601,1011,2025-12-09,2026-01-23,45,15216.0,2516.0,17732.0
13602,13602,1031,2025-12-13,2025-12-28,15,68835.0,18856.0,87691.0
13603,13603,1021,2025-12-12,2025-12-27,15,137816.0,32329.0,170145.0
13604,13604,1023,2025-12-10,2026-01-09,30,41404.0,12068.0,53472.0
13605,13605,1028,2025-12-10,2026-01-09,30,65332.0,13409.0,78741.0
13606,13606,1030,2025-12-09,2026-01-23,45,22418.0,7118.0,29536.0
13607,13607,1037,2025-12-10,2026-01-24,45,22144.0,6867.0,29011.0
13608,13608,1061,2025-12-10,2025-12-25,15,33874.0,7529.0,41403.0
13609,13609,1015,2025-12-09,2025-12-24,15,19675.0,6944.0,26619.0
13610,13610,1110,2025-12-10,2026-01-09,30,49640.0,14713.0,64353.0
13611,13611,1059,2025-12-10,2026-01-09,30,23072.0,6374.0,29446.0
13612,13612,1094,2025-12-09,2026-01-08,30,17983.0,4374.0,22357.0
13613,13613,1075,2025-12-10,2025-12-25,15,25976.0,8760.0,34736.0
13614,13614,1040,2025-12-11,2026-01-10,30,56427.0,16176.0,72603.0
13615,13615,1023,2025-12-12,2026-01-11,30,43660.0,15044.0,58704.0
13616,13616,1022,2025-12-09,2026-01-23,45,14310.0,4399.0,18709.0
13617,13617,1091,2025-12-11,2025-12-26,15,50076.0,8429.0,58505.0
13618,13618,1022,2025-12-13,2025-12-28,15,75290.0,19250.0,94540.0
13619,13619,1069,2025-12-10,2025-12-25,15,27492.0,3808.0,31300.0
13620,13620,1019,2025-12-11,2026-01-10,30,39984.0,8999.0,48983.0
13621,13621,1124,2025-12-10,2025-12-25,15,22422.0,3157.0,25579.0
13622,13622,1073,2025-12-09,2025-12-24,15,13242.0,4799.0,18041.0
13623,13623,1074,2025-12-10,2025-12-25,15,35990.0,10102.0,46092.0
13624,13624,1015,2025-12-10,2026-01-09,30,23538.0,6328.0,29866.0
13625,13625,1106,2025-12-10,2026-01-24,45,34444.0,10488.0,44932.0
13626,13626,1009,2025-12-12,2026-01-11,30,50340.0,13098.0,63438.0
13627,13627,1006,2025-12-10,2026-01-24,45,49968.0,14800.0,64768.0
13628,13628,1078,2025-12-10,2026-01-09,30,33854.0,7174.0,41028.0
13629,13629,1089,2025-12-11,2026-01-10,30,37212.0,13542.0,50754.0
13630,13630,1088,2025-12-10,2025-12-25,15,25266.0,8208.0,33474.0
13631,13631,1009,2025-12-09,2026-01-08,30,12141.0,1610.0,13751.0
13632,13632,1050,2025-12-09,2026-01-08,30,12445.0,3777.0,16222.0
13633,13633,1015,2025-12-14,2025-12-29,15,69120.0,8663.0,77783.0
13634,13634,1010,2025-12-14,2026-01-13,30,76695.0,22886.0,99581.0
13635,13635,1086,2025-12-11,2026-01-10,30,27478.0,9955.0,37433.0
13636,13636,1121,2025-12-11,2026-01-10,30,29524.0,10678.0,40202.0
13637,13637,1047,2025-12-10,2026-01-24,45,20449.0,5556.0,26005.0
13638,13638,1069,2025-12-14,2025-12-29,15,61020.0,8031.0,69051.0
13639,13639,1117,2025-12-11,2026-01-25,45,24672.0,7787.0,32459.0
13640,13640,1071,2025-12-10,2025-12-25,15,12608.0,3301.0,15909.0
13641,13641,1006,2025-12-10,2025-12-25,15,24476.0,6914.0,31390.0
13642,13642,1116,2025-12-11,2026-01-25,45,26054.0,7495.0,33549.0
13643,13643,1029,2025-12-10,2026-01-09,30,19092.0,6634.0,25726.0
13644,13644,1049,2025-12-11,2026-01-10,30,35416.0,11381.0,46797.0
13645,13645,1116,2025-12-10,2026-01-09,30,12136.0,2080.0,14216.0
13646,13646,1037,2025-12-12,2026-01-26,45,42180.0,14814.0,56994.0
13647,13647,1083,2025-12-10,2026-01-09,30,28639.0,5706.0,34345.0
13648,13648,1114,2025-12-10,2026-01-09,30,12446.0,2090.0,14536.0
13649,13649,1020,2025-12-12,2026-01-11,30,74550.0,12594.0,87144.0
13650,13650,1120,2025-12-10,2026-01-09,30,16443.0,2991.0,19434.0
13651,13651,1086,2025-12-10,2026-01-09,30,10787.0,2874.0,13661.0
13652,13652,1103,2025-12-12,2026-01-11,30,68046.0,24961.0,93007.0
13653,13653,1097,2025-12-10,2026-01-24,45,22742.0,6194.0,28936.0
13654,13654,1117,2025-12-12,2025-12-27,15,40266.0,8708.0,48974.0
13655,13655,1109,2025-12-10,2026-01-09,30,24658.0,8297.0,32955.0
13656,13656,1021,2025-12-11,2026-01-10,30,26176.0,3764.0,29940.0
13657,13657,1004,2025-12-12,2026-01-26,45,34668.0,5376.0,40044.0
13658,13658,1105,2025-12-10,2026-01-09,30,18263.0,5720.0,23983.0
13659,13659,1030,2025-12-12,2026-01-26,45,41760.0,6944.0,48704.0
13660,13660,1044,2025-12-11,2026-01-10,30,29456.0,7045.0,36501.0
13661,13661,1035,2025-12-12,2025-12-27,15,41532.0,8877.0,50409.0
13662,13662,1029,2025-12-10,2026-01-09,30,19751.0,7002.0,26753.0
13663,13663,1102,2025-12-11,2026-01-10,30,34934.0,11769.0,46703.0
13664,13664,1046,2025-12-14,2025-12-29,15,64585.0,17325.0,81910.0
13665,13665,1109,2025-12-12,2026-01-11,30,41355.0,7868.0,49223.0
13666,13666,1026,2025-12-10,2026-01-09,30,37881.0,8332.0,46213.0
13667,13667,1125,2025-12-10,2026-01-09,30,28227.0,6338.0,34565.0
13668,13668,1121,2025-12-10,2026-01-24,45,13320.0,4230.0,17550.0
13669,13669,1117,2025-12-12,2026-01-11,30,36801.0,8307.0,45108.0
13670,13670,1012,2025-12-11,2026-01-25,45,28484.0,6430.0,34914.0
13671,13671,1029,2025-12-11,2026-01-10,30,27836.0,8484.0,36320.0
13672,13672,1081,2025-12-12,2026-01-26,45,73455.0,9868.0,83323.0
13673,13673,1027,2025-12-11,2026-01-10,30,38126.0,7764.0,45890.0
13674,13674,1032,2025-12-11,2026-01-10,30,25790.0,8836.0,34626.0
13675,13675,1018,2025-12-11,2025-12-26,15,15851.0,3135.0,18986.0
13676,13676,1017,2025-12-13,2025-12-28,15,39990.0,14824.0,54814.0
13677,13677,1023,2025-12-15,2025-12-30,15,69395.0,21223.0,90618.0
13678,13678,1006,2025-12-12,2025-12-27,15,49462.0,9686.0,59148.0
13679,13679,1090,2025-12-12,2025-12-27,15,62666.0,18593.0,81259.0
13680,13680,1097,2025-12-12,2025-12-27,15,35640.0,12417.0,48057.0
13681,13681,1070,2025-12-12,2025-12-27,15,38086.0,6011.0,44097.0
13682,13682,1079,2025-12-11,2026-01-10,30,11461.0,4023.0,15484.0
13683,13683,1022,2025-12-12,2025-12-27,15,35554.0,4673.0,40227.0
13684,13684,1124,2025-12-13,2026-01-12,30,54450.0,15482.0,69932.0
13685,13685,1084,2025-12-15,2026-01-14,30,67220.0,10918.0,78138.0
13686,13686,1105,2025-12-14,2026-01-13,30,49244.0,15839.0,65083.0
13687,13687,1050,2025-12-11,2026-01-25,45,19147.0,4359.0,23506.0
13688,13688,1025,2025-12-13,2026-01-12,30,60900.0,8519.0,69419.0
13689,13689,1093,2025-12-13,2026-01-27,45,86355.0,30467.0,116822.0
13690,13690,1042,2025-12-11,2026-01-10,30,23550.0,3757.0,27307.0
13691,13691,1108,2025-12-11,2026-01-10,30,31271.0,10337.0,41608.0
13692,13692,1072,2025-12-11,2026-01-25,45,23417.0,6162.0,29579.0
13693,13693,1012,2025-12-11,2026-01-10,30,12954.0,4380.0,17334.0
13694,13694,1100,2025-12-12,2026-01-11,30,51618.0,14745.0,66363.0
13695,13695,1025,2025-12-11,2025-12-26,15,16901.0,6371.0,23272.0
13696,13696,1077,2025-12-13,2026-01-12,30,63000.0,16065.0,79065.0
13697,13697,1037,2025-12-11,2026-01-10,30,12815.0,1569.0,14384.0
13698,13698,1006,2025-12-11,2026-01-25,45,12706.0,4826.0,17532.0
13699,13699,1120,2025-12-13,2026-01-12,30,57618.0,15844.0,73462.0
13700,13700,1089,2025-12-14,2025-12-29,15,69736.0,25752.0,95488.0
13701,13701,1124,2025-12-12,2026-01-11,30,56156.0,11116.0,67272.0
13702,13702,1085,2025-12-12,2026-01-11,30,22724.0,7881.0,30605.0
13703,13703,1113,2025-12-11,2026-01-10,30,18033.0,6170.0,24203.0
13704,13704,1105,2025-12-11,2025-12-26,15,17183.0,4369.0,21552.0
13705,13705,1085,2025-12-13,2025-12-28,15,39204.0,13263.0,52467.0
13706,13706,1108,2025-12-14,2026-01-28,45,101908.0,20123.0,122031.0
13707,13707,1109,2025-12-12,2026-01-11,30,35712.0,5145.0,40857.0
13708,13708,1124,2025-12-12,2026-01-26,45,36580.0,5585.0,42165.0
13709,13709,1077,2025-12-16,2025-12-31,15,130035.0,30716.0,160751.0
13710,13710,1087,2025-12-13,2026-01-12,30,35730.0,13022.0,48752.0
13711,13711,1087,2025-12-14,2026-01-13,30,51987.0,6924.0,58911.0
13712,13712,1106,2025-12-13,2026-01-12,30,52974.0,17494.0,70468.0
13713,13713,1123,2025-12-16,2026-01-30,45,58815.0,10071.0,68886.0
13714,13714,1081,2025-12-12,2026-01-11,30,14033.0,2389.0,16422.0
13715,13715,1042,2025-12-12,2026-01-11,30,10938.0,1354.0,12292.0
13716,13716,1100,2025-12-12,2025-12-27,15,18243.0,4068.0,22311.0
13717,13717,1062,2025-12-13,2026-01-27,45,42662.0,13892.0,56554.0
13718,13718,1059,2025-12-14,2025-12-29,15,82908.0,15898.0,98806.0
13719,13719,1035,2025-12-13,2026-01-27,45,40584.0,14055.0,54639.0
13720,13720,1120,2025-12-14,2026-01-13,30,73380.0,19638.0,93018.0
13721,13721,1037,2025-12-14,2026-01-28,45,75669.0,16887.0,92556.0
13722,13722,1010,2025-12-15,2026-01-14,30,64520.0,18361.0,82881.0
13723,13723,1122,2025-12-13,2026-01-12,30,27140.0,10036.0,37176.0
13724,13724,1026,2025-12-14,2026-01-13,30,54309.0,12959.0,67268.0
13725,13725,1041,2025-12-12,2025-12-27,15,10347.0,1652.0,11999.0
13726,13726,1057,2025-12-13,2026-01-12,30,33536.0,9410.0,42946.0
13727,13727,1066,2025-12-12,2025-12-27,15,34198.0,12580.0,46778.0
13728,13728,1072,2025-12-13,2026-01-27,45,31822.0,5756.0,37578.0
13729,13729,1120,2025-12-12,2026-01-11,30,17248.0,4740.0,21988.0
13730,13730,1068,2025-12-14,2026-01-13,30,87303.0,23969.0,111272.0
13731,13731,1019,2025-12-12,2026-01-11,30,10224.0,3492.0,13716.0
13732,13732,1039,2025-12-12,2026-01-11,30,18459.0,3010.0,21469.0
13733,13733,1122,2025-12-12,2026-01-11,30,12087.0,1870.0,13957.0
13734,13734,1044,2025-12-12,2026-01-26,45,30320.0,7381.0,37701.0
13735,13735,1098,2025-12-13,2025-12-28,15,38792.0,5787.0,44579.0
13736,13736,1031,2025-12-13,2026-01-12,30,27622.0,9681.0,37303.0
13737,13737,1031,2025-12-12,2026-01-11,30,12529.0,3391.0,15920.0
13738,13738,1123,2025-12-13,2026-01-12,30,48104.0,15714.0,63818.0
13739,13739,1078,2025-12-12,2025-12-27,15,18021.0,2560.0,20581.0
13740,13740,1106,2025-12-13,2026-01-27,45,30282.0,9889.0,40171.0
13741,13741,1061,2025-12-14,2026-01-28,45,97845.0,25139.0,122984.0
13742,13742,1114,2025-12-13,2025-12-28,15,23762.0,4884.0,28646.0
13743,13743,1055,2025-12-16,2025-12-31,15,59325.0,19501.0,78826.0
13744,13744,1083,2025-12-12,2025-12-27,15,12939.0,3865.0,16804.0
13745,13745,1059,2025-12-12,2025-12-27,15,23423.0,3867.0,27290.0
13746,13746,1077,2025-12-12,2026-01-11,30,13241.0,1623.0,14864.0
13747,13747,1071,2025-12-13,2025-12-28,15,39422.0,5060.0,44482.0
13748,13748,1125,2025-12-13,2026-01-12,30,49272.0,17266.0,66538.0
13749,13749,1043,2025-12-16,2026-01-15,30,84830.0,26712.0,111542.0
13750,13750,1058,2025-12-14,2025-12-29,15,55356.0,16811.0,72167.0
13751,13751,1050,2025-12-17,2026-01-16,30,98615.0,37465.0,136080.0
13752,13752,1021,2025-12-14,2026-01-28,45,38964.0,5560.0,44524.0
13753,13753,1034,2025-12-15,2026-01-14,30,76209.0,24120.0,100329.0
13754,13754,1054,2025-12-15,2025-12-30,15,39540.0,13729.0,53269.0
13755,13755,1082,2025-12-13,2025-12-28,15,19570.0,6948.0,26518.0
13756,13756,1061,2025-12-13,2026-01-12,30,13889.0,5140.0,19029.0
13757,13757,1104,2025-12-15,2026-01-14,30,31923.0,8059.0,39982.0
13758,13758,1025,2025-12-13,2025-12-28,15,23977.0,8686.0,32663.0
13759,13759,1108,2025-12-13,2026-01-12,30,12937.0,3164.0,16101.0
13760,13760,1117,2025-12-13,2026-01-27,45,11557.0,1925.0,13482.0
13761,13761,1008,2025-12-14,2025-12-29,15,25362.0,6636.0,31998.0
13762,13762,1002,2025-12-14,2026-01-13,30,55666.0,8576.0,64242.0
13763,13763,1050,2025-12-14,2026-01-13,30,52090.0,19428.0,71518.0
13764,13764,1036,2025-12-14,2026-01-13,30,26024.0,8255.0,34279.0
13765,13765,1091,2025-12-13,2025-12-28,15,19526.0,2737.0,22263.0
13766,13766,1088,2025-12-13,2026-01-12,30,24059.0,5773.0,29832.0
13767,13767,1052,2025-12-15,2026-01-14,30,74658.0,10371.0,85029.0
13768,13768,1112,2025-12-13,2026-01-12,30,11781.0,1612.0,13393.0
13769,13769,1101,2025-12-16,2025-12-31,15,94780.0,22862.0,117642.0
13770,13770,1019,2025-12-15,2026-01-14,30,55587.0,9789.0,65376.0
13771,13771,1008,2025-12-14,2026-01-13,30,25314.0,5527.0,30841.0
13772,13772,1035,2025-12-13,2026-01-12,30,16685.0,5885.0,22570.0
13773,13773,1061,2025-12-13,2026-01-12,30,25814.0,7805.0,33619.0
13774,13774,1084,2025-12-15,2026-01-29,45,40611.0,12630.0,53241.0
13775,13775,1025,2025-12-13,2025-12-28,15,12225.0,2102.0,14327.0
13776,13776,1124,2025-12-15,2026-01-14,30,84261.0,27695.0,111956.0
13777,13777,1103,2025-12-13,2026-01-12,30,12195.0,2268.0,14463.0
13778,13778,1061,2025-12-14,2026-01-13,30,25854.0,8231.0,34085.0
13779,13779,1107,2025-12-14,2026-01-13,30,26150.0,3588.0,29738.0
13780,13780,1092,2025-12-14,2026-01-13,30,37146.0,7943.0,45089.0
13781,13781,1043,2025-12-13,2026-01-27,45,17997.0,2625.0,20622.0
13782,13782,1075,2025-12-13,2026-01-12,30,18585.0,5547.0,24132.0
13783,13783,1009,2025-12-17,2026-01-16,30,62335.0,19620.0,81955.0
13784,13784,1006,2025-12-14,2026-01-13,30,41400.0,13315.0,54715.0
13785,13785,1084,2025-12-14,2026-01-28,45,24222.0,3620.0,27842.0
13786,13786,1043,2025-12-16,2026-01-15,30,49724.0,10756.0,60480.0
13787,13787,1045,2025-12-13,2025-12-28,15,12076.0,2441.0,14517.0
13788,13788,1082,2025-12-17,2026-01-16,30,121115.0,45569.0,166684.0
13789,13789,1002,2025-12-13,2025-12-28,15,25465.0,7890.0,33355.0
13790,13790,1113,2025-12-13,2026-01-12,30,19465.0,6774.0,26239.0
13791,13791,1111,2025-12-16,2026-01-15,30,114504.0,26075.0,140579.0
13792,13792,1102,2025-12-14,2026-01-13,30,28556.0,8575.0,37131.0
13793,13793,1098,2025-12-14,2026-01-13,30,65012.0,17805.0,82817.0
13794,13794,1101,2025-12-13,2026-01-27,45,13272.0,2477.0,15749.0
13795,13795,1102,2025-12-14,2026-01-13,30,35854.0,8909.0,44763.0
13796,13796,1071,2025-12-13,2026-01-12,30,14849.0,3937.0,18786.0
13797,13797,1084,2025-12-17,2026-01-16,30,59590.0,16930.0,76520.0
13798,13798,1076,2025-12-14,2025-12-29,15,39320.0,11204.0,50524.0
13799,13799,1004,2025-12-13,2026-01-12,30,14751.0,2792.0,17543.0
13800,13800,1045,2025-12-16,2026-01-30,45,39324.0,13825.0,53149.0
13801,13801,1090,2025-12-14,2026-01-13,30,12585.0,3016.0,15601.0
13802,13802,1115,2025-12-16,2026-01-15,30,54657.0,18769.0,73426.0
13803,13803,1053,2025-12-14,2025-12-29,15,20251.0,6107.0,26358.0
13804,13804,1003,2025-12-15,2026-01-14,30,41832.0,10210.0,52042.0
13805,13805,1015,2025-12-16,2026-01-15,30,99372.0,15027.0,114399.0
13806,13806,1054,2025-12-16,2026-01-15,30,61647.0,10724.0,72371.0
13807,13807,1040,2025-12-15,2025-12-30,15,23632.0,7800.0,31432.0
13808,13808,1019,2025-12-15,2026-01-14,30,34362.0,7863.0,42225.0
13809,13809,1075,2025-12-15,2025-12-30,15,26462.0,3823.0,30285.0
13810,13810,1018,2025-12-14,2026-01-13,30,11045.0,3162.0,14207.0
13811,13811,1117,2025-12-15,2025-12-30,15,39292.0,10101.0,49393.0
13812,13812,1068,2025-12-16,2026-01-15,30,38703.0,11251.0,49954.0
13813,13813,1050,2025-12-16,2026-01-30,45,79047.0,12506.0,91553.0
13814,13814,1010,2025-12-15,2026-01-29,45,38640.0,5153.0,43793.0
13815,13815,1083,2025-12-17,2026-01-16,30,88108.0,32810.0,120918.0
13816,13816,1005,2025-12-16,2026-01-15,30,35964.0,10599.0,46563.0
13817,13817,1120,2025-12-16,2026-01-15,30,104958.0,34318.0,139276.0
13818,13818,1016,2025-12-18,2026-01-02,15,165965.0,43109.0,209074.0
13819,13819,1006,2025-12-14,2026-01-13,30,12910.0,4871.0,17781.0
13820,13820,1075,2025-12-14,2026-01-13,30,25082.0,9114.0,34196.0
13821,13821,1093,2025-12-18,2026-02-01,45,118170.0,38070.0,156240.0
13822,13822,1029,2025-12-15,2026-01-29,45,50016.0,6278.0,56294.0
13823,13823,1004,2025-12-14,2026-01-13,30,24467.0,4447.0,28914.0
13824,13824,1119,2025-12-14,2026-01-13,30,10919.0,3844.0,14763.0
13825,13825,1070,2025-12-18,2026-01-17,30,54715.0,10236.0,64951.0
13826,13826,1009,2025-12-14,2026-01-28,45,24528.0,6122.0,30650.0
13827,13827,1011,2025-12-14,2026-01-13,30,12308.0,3748.0,16056.0
13828,13828,1081,2025-12-18,2026-02-01,45,69280.0,10555.0,79835.0
13829,13829,1080,2025-12-16,2026-01-15,30,50937.0,9977.0,60914.0
13830,13830,1030,2025-12-16,2025-12-31,15,49704.0,15293.0,64997.0
13831,13831,1003,2025-12-17,2026-01-01,15,42392.0,10518.0,52910.0
13832,13832,1040,2025-12-14,2025-12-29,15,10868.0,3311.0,14179.0
13833,13833,1010,2025-12-17,2026-01-01,15,36969.0,7908.0,44877.0
13834,13834,1073,2025-12-17,2026-01-16,30,87393.0,13215.0,100608.0
13835,13835,1001,2025-12-16,2026-01-15,30,23944.0,4273.0,28217.0
13836,13836,1124,2025-12-16,2026-01-15,30,25210.0,4249.0,29459.0
13837,13837,1113,2025-12-16,2026-01-15,30,51828.0,14016.0,65844.0
13838,13838,1013,2025-12-15,2026-01-14,30,13288.0,3562.0,16850.0
13839,13839,1077,2025-12-18,2026-01-02,15,75072.0,17372.0,92444.0
13840,13840,1074,2025-12-16,2025-12-31,15,32674.0,5742.0,38416.0
13841,13841,1120,2025-12-15,2025-12-30,15,11253.0,2528.0,13781.0
13842,13842,1005,2025-12-17,2026-01-31,45,42018.0,11402.0,53420.0
13843,13843,1074,2025-12-16,2026-01-15,30,52242.0,8388.0,60630.0
13844,13844,1093,2025-12-16,2026-01-15,30,24818.0,9390.0,34208.0
13845,13845,1003,2025-12-16,2025-12-31,15,27672.0,8764.0,36436.0
13846,13846,1008,2025-12-18,2026-01-17,30,48560.0,12365.0,60925.0
13847,13847,1119,2025-12-16,2026-01-30,45,37638.0,11487.0,49125.0
13848,13848,1114,2025-12-17,2026-01-31,45,46167.0,6814.0,52981.0
13849,13849,1030,2025-12-16,2025-12-31,15,37802.0,7699.0,45501.0
13850,13850,1034,2025-12-18,2026-02-01,45,67532.0,21489.0,89021.0
13851,13851,1108,2025-12-17,2026-01-31,45,71502.0,23679.0,95181.0
13852,13852,1114,2025-12-16,2026-01-15,30,23742.0,6899.0,30641.0
13853,13853,1074,2025-12-17,2026-01-16,30,40404.0,8954.0,49358.0
13854,13854,1004,2025-12-18,2026-01-17,30,47068.0,16065.0,63133.0
13855,13855,1035,2025-12-17,2026-01-01,15,83985.0,22699.0,106684.0
13856,13856,1052,2025-12-18,2026-01-17,30,57532.0,16068.0,73600.0
13857,13857,1060,2025-12-16,2026-01-15,30,39384.0,14917.0,54301.0
13858,13858,1109,2025-12-15,2025-12-30,15,13534.0,2252.0,15786.0
13859,13859,1118,2025-12-15,2025-12-30,15,16827.0,2451.0,19278.0
13860,13860,1116,2025-12-16,2025-12-31,15,37294.0,13790.0,51084.0
13861,13861,1022,2025-12-18,2026-01-02,15,138004.0,30854.0,168858.0
13862,13862,1030,2025-12-15,2026-01-14,30,18277.0,6138.0,24415.0
13863,13863,1087,2025-12-17,2026-01-16,30,51324.0,6364.0,57688.0
13864,13864,1090,2025-12-17,2026-01-31,45,80613.0,21903.0,102516.0
13865,13865,1108,2025-12-15,2025-12-30,15,18662.0,5616.0,24278.0
13866,13866,1025,2025-12-17,2026-01-01,15,52617.0,17009.0,69626.0
13867,13867,1010,2025-12-17,2026-01-16,30,38592.0,9882.0,48474.0
13868,13868,1125,2025-12-15,2025-12-30,15,16144.0,2752.0,18896.0
13869,13869,1105,2025-12-15,2026-01-14,30,14237.0,3218.0,17455.0
13870,13870,1001,2025-12-19,2026-02-02,45,50936.0,14102.0,65038.0
13871,13871,1059,2025-12-16,2026-01-30,45,13064.0,2255.0,15319.0
13872,13872,1120,2025-12-18,2026-01-17,30,36405.0,8448.0,44853.0
13873,13873,1075,2025-12-18,2026-02-01,45,53775.0,7096.0,60871.0
13874,13874,1067,2025-12-17,2026-01-31,45,26976.0,4504.0,31480.0
13875,13875,1036,2025-12-16,2026-01-15,30,17649.0,6237.0,23886.0
13876,13876,1025,2025-12-17,2026-01-16,30,48434.0,18202.0,66636.0
13877,13877,1025,2025-12-18,2026-01-17,30,77757.0,19010.0,96767.0
13878,13878,1108,2025-12-16,2026-01-15,30,25871.0,7616.0,33487.0
13879,13879,1067,2025-12-19,2026-02-02,45,44580.0,7126.0,51706.0
13880,13880,1094,2025-12-16,2026-01-15,30,12807.0,4026.0,16833.0
13881,13881,1029,2025-12-17,2026-01-01,15,64276.0,16644.0,80920.0
13882,13882,1092,2025-12-17,2026-01-16,30,28162.0,6080.0,34242.0
13883,13883,1046,2025-12-16,2026-01-15,30,13257.0,4339.0,17596.0
13884,13884,1120,2025-12-17,2026-01-01,15,58378.0,21181.0,79559.0
13885,13885,1072,2025-12-17,2026-01-01,15,27028.0,6777.0,33805.0
13886,13886,1120,2025-12-17,2026-01-16,30,37860.0,7270.0,45130.0
13887,13887,1023,2025-12-17,2026-01-16,30,26918.0,7670.0,34588.0
13888,13888,1101,2025-12-16,2025-12-31,15,24500.0,3587.0,28087.0
13889,13889,1058,2025-12-17,2026-01-16,30,34354.0,9412.0,43766.0
13890,13890,1053,2025-12-16,2026-01-15,30,13595.0,2305.0,15900.0
13891,13891,1037,2025-12-17,2026-01-16,30,59996.0,9547.0,69543.0
13892,13892,1109,2025-12-18,2026-01-17,30,78411.0,17386.0,95797.0
13893,13893,1104,2025-12-19,2026-02-02,45,135484.0,46815.0,182299.0
13894,13894,1005,2025-12-18,2026-01-17,30,56133.0,18747.0,74880.0
13895,13895,1093,2025-12-18,2026-01-17,30,72846.0,11950.0,84796.0
13896,13896,1057,2025-12-16,2026-01-15,30,12068.0,4413.0,16481.0
13897,13897,1005,2025-12-18,2026-02-01,45,36981.0,12015.0,48996.0
13898,13898,1040,2025-12-16,2026-01-15,30,12667.0,3792.0,16459.0
13899,13899,1008,2025-12-18,2026-02-01,45,58917.0,17534.0,76451.0
13900,13900,1034,2025-12-16,2026-01-15,30,27057.0,4373.0,31430.0
13901,13901,1119,2025-12-19,2026-02-02,45,63852.0,17093.0,80945.0
13902,13902,1076,2025-12-16,2026-01-15,30,18698.0,3240.0,21938.0
13903,13903,1058,2025-12-19,2026-02-02,45,70992.0,14658.0,85650.0
13904,13904,1054,2025-12-18,2026-01-17,30,37101.0,9680.0,46781.0
13905,13905,1093,2025-12-17,2026-01-01,15,35998.0,4506.0,40504.0
13906,13906,1061,2025-12-17,2026-01-16,30,22922.0,7307.0,30229.0
13907,13907,1027,2025-12-19,2026-01-18,30,53444.0,17062.0,70506.0
13908,13908,1115,2025-12-18,2026-01-17,30,83535.0,18284.0,101819.0
13909,13909,1075,2025-12-17,2026-01-16,30,40186.0,10117.0,50303.0
13910,13910,1008,2025-12-19,2026-02-02,45,75660.0,15798.0,91458.0
13911,13911,1069,2025-12-18,2026-01-17,30,26270.0,7843.0,34113.0
13912,13912,1057,2025-12-17,2026-01-16,30,17405.0,6354.0,23759.0
13913,13913,1025,2025-12-17,2026-01-16,30,22039.0,3004.0,25043.0
13914,13914,1037,2025-12-17,2026-01-01,15,12517.0,3225.0,15742.0
13915,13915,1102,2025-12-17,2026-01-16,30,17131.0,2971.0,20102.0
13916,13916,1016,2025-12-17,2026-01-16,30,25635.0,7996.0,33631.0
13917,13917,1010,2025-12-20,2026-01-19,30,50336.0,12384.0,62720.0
13918,13918,1031,2025-12-18,2026-01-02,15,20606.0,6080.0,26686.0
13919,13919,1056,2025-12-19,2026-01-18,30,80829.0,27771.0,108600.0
13920,13920,1088,2025-12-18,2026-01-17,30,25660.0,4190.0,29850.0
13921,13921,1100,2025-12-18,2026-01-02,15,47324.0,14169.0,61493.0
13922,13922,1092,2025-12-20,2026-01-04,15,74504.0,12147.0,86651.0
13923,13923,1063,2025-12-18,2026-01-02,15,21790.0,5384.0,27174.0
13924,13924,1033,2025-12-20,2026-02-03,45,102684.0,15700.0,118384.0
13925,13925,1014,2025-12-17,2026-01-16,30,19267.0,2591.0,21858.0
13926,13926,1042,2025-12-19,2026-02-02,45,40758.0,12362.0,53120.0
13927,13927,1011,2025-12-18,2026-01-17,30,38200.0,5764.0,43964.0
13928,13928,1039,2025-12-19,2026-01-18,30,85707.0,19176.0,104883.0
13929,13929,1022,2025-12-20,2026-01-04,15,50600.0,9652.0,60252.0
13930,13930,1013,2025-12-17,2026-01-31,45,13253.0,4038.0,17291.0
13931,13931,1080,2025-12-19,2026-01-03,15,56898.0,20899.0,77797.0
13932,13932,1011,2025-12-17,2026-01-31,45,23205.0,4080.0,27285.0
13933,13933,1100,2025-12-18,2026-01-17,30,22546.0,7102.0,29648.0
13934,13934,1075,2025-12-18,2026-01-17,30,40220.0,10229.0,50449.0
13935,13935,1009,2025-12-21,2026-01-20,30,68600.0,19741.0,88341.0
13936,13936,1097,2025-12-18,2026-02-01,45,24912.0,7251.0,32163.0
13937,13937,1075,2025-12-18,2026-02-01,45,22718.0,3571.0,26289.0
13938,13938,1021,2025-12-17,2026-01-01,15,19642.0,3500.0,23142.0
13939,13939,1093,2025-12-20,2026-01-19,30,103240.0,22830.0,126070.0
13940,13940,1099,2025-12-17,2026-01-16,30,25902.0,4780.0,30682.0
13941,13941,1097,2025-12-18,2026-01-17,30,42432.0,12901.0,55333.0
13942,13942,1061,2025-12-17,2026-01-01,15,12883.0,2196.0,15079.0
13943,13943,1019,2025-12-17,2026-01-16,30,13789.0,2265.0,16054.0
13944,13944,1106,2025-12-18,2026-01-02,15,28424.0,10723.0,39147.0
13945,13945,1084,2025-12-18,2026-01-17,30,13282.0,2549.0,15831.0
13946,13946,1061,2025-12-18,2026-01-17,30,12546.0,2980.0,15526.0
13947,13947,1035,2025-12-19,2026-01-03,15,45766.0,14524.0,60290.0
13948,13948,1090,2025-12-21,2026-02-04,45,70980.0,10403.0,81383.0
13949,13949,1078,2025-12-19,2026-01-18,30,37170.0,9770.0,46940.0
13950,13950,1103,2025-12-18,2026-02-01,45,20084.0,6123.0,26207.0
13951,13951,1077,2025-12-20,2026-01-04,15,37287.0,7303.0,44590.0
13952,13952,1063,2025-12-18,2026-01-02,15,18166.0,2185.0,20351.0
13953,13953,1065,2025-12-20,2026-02-03,45,73674.0,25912.0,99586.0
13954,13954,1094,2025-12-20,2026-01-19,30,37449.0,7655.0,45104.0
13955,13955,1001,2025-12-20,2026-01-04,15,39090.0,11779.0,50869.0
13956,13956,1041,2025-12-18,2026-02-01,45,18000.0,5054.0,23054.0
13957,13957,1073,2025-12-21,2026-01-20,30,46108.0,14688.0,60796.0
13958,13958,1060,2025-12-20,2026-01-04,15,86850.0,15879.0,102729.0
13959,13959,1109,2025-12-20,2026-01-19,30,39816.0,11743.0,51559.0
13960,13960,1057,2025-12-22,2026-01-21,30,149200.0,18991.0,168191.0
13961,13961,1105,2025-12-18,2026-02-01,45,11179.0,2413.0,13592.0
13962,13962,1037,2025-12-20,2026-01-04,15,36138.0,7458.0,43596.0
13963,13963,1095,2025-12-21,2026-01-20,30,48512.0,6293.0,54805.0
13964,13964,1062,2025-12-19,2026-01-18,30,46286.0,15492.0,61778.0
13965,13965,1056,2025-12-21,2026-01-20,30,74184.0,11220.0,85404.0
13966,13966,1091,2025-12-18,2026-01-17,30,13368.0,2175.0,15543.0
13967,13967,1006,2025-12-19,2026-01-18,30,25028.0,4248.0,29276.0
13968,13968,1016,2025-12-19,2026-02-02,45,38354.0,11202.0,49556.0
13969,13969,1001,2025-12-20,2026-01-04,15,39975.0,5132.0,45107.0
13970,13970,1071,2025-12-18,2026-01-02,15,18471.0,3609.0,22080.0
13971,13971,1111,2025-12-21,2026-01-20,30,49944.0,7167.0,57111.0
13972,13972,1108,2025-12-20,2026-01-19,30,61338.0,12102.0,73440.0
13973,13973,1030,2025-12-20,2026-01-19,30,36900.0,10551.0,47451.0
13974,13974,1020,2025-12-18,2026-02-01,45,13098.0,3744.0,16842.0
13975,13975,1021,2025-12-20,2026-01-04,15,71607.0,12299.0,83906.0
13976,13976,1110,2025-12-18,2026-01-17,30,18119.0,3047.0,21166.0
13977,13977,1122,2025-12-21,2026-01-20,30,48152.0,9380.0,57532.0
13978,13978,1062,2025-12-19,2026-01-18,30,18796.0,5186.0,23982.0
13979,13979,1102,2025-12-19,2026-01-03,15,32234.0,11346.0,43580.0
13980,13980,1006,2025-12-21,2026-01-20,30,34524.0,12521.0,47045.0
13981,13981,1064,2025-12-20,2026-01-04,15,39624.0,8346.0,47970.0
13982,13982,1003,2025-12-21,2026-01-20,30,58527.0,8460.0,66987.0
13983,13983,1084,2025-12-20,2026-01-19,30,40808.0,8303.0,49111.0
13984,13984,1003,2025-12-20,2026-01-19,30,54580.0,13252.0,67832.0
13985,13985,1032,2025-12-20,2026-01-04,15,24620.0,4055.0,28675.0
13986,13986,1072,2025-12-20,2026-01-04,15,54290.0,17499.0,71789.0
13987,13987,1008,2025-12-20,2026-01-04,15,69124.0,13199.0,82323.0
13988,13988,1038,2025-12-21,2026-01-05,15,68040.0,18112.0,86152.0
13989,13989,1007,2025-12-19,2026-02-02,45,17735.0,4048.0,21783.0
13990,13990,1055,2025-12-19,2026-02-02,45,10753.0,1362.0,12115.0
13991,13991,1080,2025-12-23,2026-02-06,45,78720.0,21257.0,99977.0
13992,13992,1110,2025-12-20,2026-01-19,30,27248.0,8092.0,35340.0
13993,13993,1085,2025-12-21,2026-01-20,30,42069.0,8752.0,50821.0
13994,13994,1006,2025-12-19,2026-01-18,30,11514.0,1388.0,12902.0
13995,13995,1072,2025-12-21,2026-02-04,45,61413.0,18073.0,79486.0
13996,13996,1085,2025-12-19,2026-01-18,30,12301.0,2318.0,14619.0
13997,13997,1105,2025-12-21,2026-01-05,15,83007.0,17015.0,100022.0
13998,13998,1062,2025-12-20,2026-01-04,15,38610.0,8635.0,47245.0
13999,13999,1063,2025-12-19,2026-01-18,30,12394.0,3245.0,15639.0
14000,14000,1061,2025-12-19,2026-01-18,30,11533.0,1859.0,13392.0
14001,14001,1078,2025-12-20,2026-01-19,30,62406.0,20595.0,83001.0
14002,14002,1118,2025-12-19,2026-01-03,15,12038.0,1729.0,13767.0
14003,14003,1094,2025-12-21,2026-01-05,15,38667.0,6917.0,45584.0
14004,14004,1024,2025-12-20,2026-01-19,30,34780.0,6159.0,40939.0
14005,14005,1119,2025-12-20,2026-01-19,30,22610.0,5107.0,27717.0
14006,14006,1075,2025-12-19,2026-01-18,30,17060.0,5041.0,22101.0
14007,14007,1037,2025-12-19,2026-01-18,30,29366.0,8668.0,38034.0
14008,14008,1090,2025-12-22,2026-01-21,30,45928.0,12200.0,58128.0
14009,14009,1101,2025-12-21,2026-01-20,30,40320.0,6138.0,46458.0
14010,14010,1097,2025-12-21,2026-01-20,30,52458.0,6399.0,58857.0
14011,14011,1009,2025-12-21,2026-01-20,30,53364.0,10915.0,64279.0
14012,14012,1004,2025-12-21,2026-01-20,30,102339.0,28576.0,130915.0
14013,14013,1043,2025-12-19,2026-01-03,15,14096.0,1714.0,15810.0
14014,14014,1060,2025-12-21,2026-01-20,30,33753.0,11972.0,45725.0
14015,14015,1115,2025-12-21,2026-01-05,15,79974.0,24256.0,104230.0
14016,14016,1038,2025-12-23,2026-01-22,30,46068.0,6299.0,52367.0
14017,14017,1104,2025-12-21,2026-01-05,15,36354.0,9935.0,46289.0
14018,14018,1042,2025-12-21,2026-01-20,30,50520.0,16361.0,66881.0
14019,14019,1014,2025-12-20,2026-01-19,30,14065.0,3686.0,17751.0
14020,14020,1050,2025-12-22,2026-01-21,30,80727.0,23764.0,104491.0
14021,14021,1019,2025-12-20,2026-01-19,30,11214.0,4136.0,15350.0
14022,14022,1034,2025-12-21,2026-01-20,30,65426.0,13134.0,78560.0
14023,14023,1055,2025-12-21,2026-01-20,30,37828.0,7741.0,45569.0
14024,14024,1097,2025-12-20,2026-01-19,30,18192.0,5087.0,23279.0
14025,14025,1099,2025-12-21,2026-01-05,15,55646.0,15420.0,71066.0
14026,14026,1053,2025-12-21,2026-01-20,30,37478.0,7537.0,45015.0
14027,14027,1106,2025-12-22,2026-01-06,15,36144.0,7351.0,43495.0
14028,14028,1025,2025-12-21,2026-02-04,45,24306.0,8005.0,32311.0
14029,14029,1005,2025-12-22,2026-01-21,30,87615.0,16242.0,103857.0
14030,14030,1107,2025-12-23,2026-01-22,30,75060.0,20618.0,95678.0
14031,14031,1032,2025-12-21,2026-01-05,15,37284.0,13018.0,50302.0
14032,14032,1025,2025-12-20,2026-01-04,15,18384.0,3523.0,21907.0
14033,14033,1116,2025-12-20,2026-01-19,30,11571.0,2587.0,14158.0
14034,14034,1019,2025-12-20,2026-01-19,30,17130.0,2629.0,19759.0
14035,14035,1054,2025-12-20,2026-01-19,30,11662.0,3814.0,15476.0
14036,14036,1064,2025-12-23,2026-01-22,30,113328.0,23287.0,136615.0
14037,14037,1012,2025-12-22,2026-02-05,45,39009.0,8244.0,47253.0
14038,14038,1074,2025-12-22,2026-02-05,45,40953.0,6165.0,47118.0
14039,14039,1053,2025-12-21,2026-01-20,30,40242.0,13600.0,53842.0
14040,14040,1066,2025-12-22,2026-01-06,15,95199.0,18416.0,113615.0
14041,14041,1085,2025-12-21,2026-01-20,30,68978.0,19169.0,88147.0
14042,14042,1004,2025-12-21,2026-01-20,30,35816.0,12859.0,48675.0
14043,14043,1008,2025-12-21,2026-01-20,30,30200.0,8641.0,38841.0
14044,14044,1108,2025-12-20,2026-02-03,45,13992.0,2550.0,16542.0
14045,14045,1044,2025-12-22,2026-01-06,15,42138.0,10313.0,52451.0
14046,14046,1060,2025-12-20,2026-01-04,15,18600.0,6418.0,25018.0
14047,14047,1122,2025-12-20,2026-02-03,45,31735.0,5200.0,36935.0
14048,14048,1054,2025-12-21,2026-01-20,30,22828.0,4903.0,27731.0
14049,14049,1094,2025-12-21,2026-01-05,15,38810.0,7103.0,45913.0
14050,14050,1080,2025-12-23,2026-01-07,15,39012.0,13944.0,52956.0
14051,14051,1020,2025-12-20,2026-02-03,45,18189.0,6196.0,24385.0
14052,14052,1068,2025-12-21,2026-01-05,15,52174.0,7859.0,60033.0
14053,14053,1058,2025-12-20,2026-02-03,45,13377.0,4450.0,17827.0
14054,14054,1057,2025-12-20,2026-02-03,45,12376.0,1731.0,14107.0
14055,14055,1030,2025-12-20,2026-01-19,30,35490.0,8698.0,44188.0
14056,14056,1113,2025-12-24,2026-01-08,15,94070.0,26385.0,120455.0
14057,14057,1083,2025-12-22,2026-01-21,30,54918.0,16556.0,71474.0
14058,14058,1063,2025-12-22,2026-01-21,30,96918.0,13516.0,110434.0
14059,14059,1072,2025-12-21,2026-01-20,30,27640.0,8906.0,36546.0
14060,14060,1065,2025-12-20,2026-01-04,15,29213.0,9659.0,38872.0
14061,14061,1084,2025-12-20,2026-02-03,45,11269.0,2659.0,13928.0
14062,14062,1104,2025-12-23,2026-01-07,15,31602.0,9582.0,41184.0
14063,14063,1121,2025-12-22,2026-01-06,15,26942.0,3380.0,30322.0
14064,14064,1091,2025-12-24,2026-01-23,30,53032.0,8177.0,61209.0
14065,14065,1073,2025-12-25,2026-01-24,30,70785.0,16349.0,87134.0
14066,14066,1050,2025-12-21,2026-02-04,45,13257.0,4006.0,17263.0
14067,14067,1108,2025-12-22,2026-01-06,15,46958.0,8630.0,55588.0
14068,14068,1075,2025-12-22,2026-02-05,45,28208.0,3909.0,32117.0
14069,14069,1012,2025-12-21,2026-01-20,30,31408.0,6045.0,37453.0
14070,14070,1025,2025-12-21,2026-01-05,15,14369.0,4643.0,19012.0
14071,14071,1021,2025-12-22,2026-01-21,30,23630.0,6494.0,30124.0
14072,14072,1099,2025-12-21,2026-01-20,30,32421.0,8074.0,40495.0
14073,14073,1077,2025-12-24,2026-01-08,15,76996.0,22584.0,99580.0
14074,14074,1064,2025-12-22,2026-01-21,30,54228.0,9618.0,63846.0
14075,14075,1012,2025-12-21,2026-01-20,30,12330.0,3812.0,16142.0
14076,14076,1069,2025-12-21,2026-01-05,15,12987.0,3381.0,16368.0
14077,14077,1038,2025-12-22,2026-01-06,15,23654.0,5542.0,29196.0
14078,14078,1061,2025-12-21,2026-01-05,15,13040.0,2970.0,16010.0
14079,14079,1093,2025-12-22,2026-01-06,15,48860.0,18308.0,67168.0
14080,14080,1020,2025-12-22,2026-01-21,30,39842.0,8201.0,48043.0
14081,14081,1123,2025-12-22,2026-01-21,30,23882.0,2908.0,26790.0
14082,14082,1011,2025-12-21,2026-02-04,45,13466.0,2589.0,16055.0
14083,14083,1108,2025-12-21,2026-02-04,45,13425.0,4689.0,18114.0
14084,14084,1035,2025-12-21,2026-01-20,30,12245.0,2156.0,14401.0
14085,14085,1018,2025-12-21,2026-01-20,30,13195.0,3870.0,17065.0
14086,14086,1024,2025-12-22,2026-01-21,30,53820.0,7119.0,60939.0
14087,14087,1087,2025-12-21,2026-02-04,45,26143.0,3937.0,30080.0
14088,14088,1092,2025-12-21,2026-02-04,45,18728.0,2382.0,21110.0
14089,14089,1042,2025-12-23,2026-01-07,15,49218.0,10267.0,59485.0
14090,14090,1074,2025-12-21,2026-01-20,30,11043.0,3069.0,14112.0
14091,14091,1090,2025-12-24,2026-01-08,15,77704.0,24021.0,101725.0
14092,14092,1097,2025-12-23,2026-01-07,15,32337.0,7149.0,39486.0
14093,14093,1094,2025-12-22,2026-01-21,30,25630.0,5789.0,31419.0
14094,14094,1122,2025-12-21,2026-01-05,15,13698.0,4647.0,18345.0
14095,14095,1060,2025-12-21,2026-01-05,15,11370.0,2206.0,13576.0
14096,14096,1008,2025-12-21,2026-01-05,15,21942.0,4675.0,26617.0
14097,14097,1086,2025-12-21,2026-01-20,30,10935.0,2854.0,13789.0
14098,14098,1039,2025-12-21,2026-01-20,30,10514.0,3415.0,13929.0
14099,14099,1100,2025-12-21,2026-02-04,45,19460.0,6865.0,26325.0
14100,14100,1074,2025-12-24,2026-01-23,30,57468.0,13710.0,71178.0
14101,14101,1036,2025-12-22,2026-01-21,30,24313.0,8141.0,32454.0
14102,14102,1041,2025-12-23,2026-01-22,30,52464.0,13352.0,65816.0
14103,14103,1100,2025-12-23,2026-01-22,30,24610.0,7147.0,31757.0
14104,14104,1033,2025-12-23,2026-01-07,15,26838.0,5284.0,32122.0
14105,14105,1117,2025-12-22,2026-01-21,30,12972.0,4880.0,17852.0
14106,14106,1065,2025-12-24,2026-02-07,45,40644.0,13265.0,53909.0
14107,14107,1065,2025-12-25,2026-01-24,30,103044.0,30911.0,133955.0
14108,14108,1073,2025-12-23,2026-01-07,15,27646.0,7014.0,34660.0
14109,14109,1061,2025-12-22,2026-01-06,15,17189.0,6332.0,23521.0
14110,14110,1111,2025-12-25,2026-01-09,15,47812.0,14300.0,62112.0
14111,14111,1098,2025-12-22,2026-01-21,30,24043.0,3376.0,27419.0
14112,14112,1113,2025-12-22,2026-01-21,30,32485.0,5313.0,37798.0
14113,14113,1095,2025-12-23,2026-01-22,30,24560.0,3169.0,27729.0
14114,14114,1013,2025-12-22,2026-01-21,30,34907.0,4705.0,39612.0
14115,14115,1083,2025-12-25,2026-01-24,30,90244.0,23185.0,113429.0
14116,14116,1059,2025-12-23,2026-01-07,15,56608.0,12590.0,69198.0
14117,14117,1019,2025-12-24,2026-01-08,15,40869.0,12722.0,53591.0
14118,14118,1013,2025-12-24,2026-01-23,30,98757.0,18364.0,117121.0
14119,14119,1084,2025-12-22,2026-01-21,30,11998.0,3719.0,15717.0
14120,14120,1098,2025-12-22,2026-02-05,45,15911.0,5084.0,20995.0
14121,14121,1069,2025-12-23,2026-02-06,45,53084.0,14741.0,67825.0
14122,14122,1101,2025-12-25,2026-01-24,30,49500.0,17580.0,67080.0
14123,14123,1007,2025-12-25,2026-01-24,30,50440.0,13201.0,63641.0
14124,14124,1010,2025-12-25,2026-01-24,30,45704.0,8954.0,54658.0
14125,14125,1049,2025-12-22,2026-02-05,45,14851.0,3465.0,18316.0
14126,14126,1027,2025-12-25,2026-01-09,15,50920.0,10852.0,61772.0
14127,14127,1035,2025-12-24,2026-01-23,30,42135.0,13509.0,55644.0
14128,14128,1116,2025-12-22,2026-01-21,30,17333.0,3535.0,20868.0
14129,14129,1072,2025-12-22,2026-01-21,30,21192.0,6716.0,27908.0
14130,14130,1012,2025-12-22,2026-01-21,30,19363.0,6431.0,25794.0
14131,14131,1008,2025-12-24,2026-01-23,30,40695.0,11798.0,52493.0
14132,14132,1027,2025-12-25,2026-02-08,45,95140.0,25305.0,120445.0
14133,14133,1052,2025-12-22,2026-01-06,15,24109.0,3442.0,27551.0
14134,14134,1063,2025-12-23,2026-01-07,15,27690.0,4091.0,31781.0
14135,14135,1110,2025-12-22,2026-01-21,30,13977.0,4185.0,18162.0
14136,14136,1017,2025-12-22,2026-01-21,30,19874.0,3207.0,23081.0
14137,14137,1042,2025-12-22,2026-01-21,30,11986.0,2272.0,14258.0
14138,14138,1061,2025-12-22,2026-02-05,45,17077.0,5121.0,22198.0
14139,14139,1035,2025-12-24,2026-01-23,30,54849.0,19622.0,74471.0
14140,14140,1052,2025-12-23,2026-01-22,30,30502.0,9223.0,39725.0
14141,14141,1112,2025-12-25,2026-01-24,30,44036.0,9929.0,53965.0
14142,14142,1061,2025-12-23,2026-01-22,30,34052.0,11644.0,45696.0
14143,14143,1053,2025-12-23,2026-02-06,45,62296.0,11705.0,74001.0
14144,14144,1088,2025-12-22,2026-01-06,15,13833.0,3295.0,17128.0
14145,14145,1024,2025-12-23,2026-01-07,15,24098.0,5002.0,29100.0
14146,14146,1079,2025-12-22,2026-01-21,30,13296.0,2252.0,15548.0
14147,14147,1120,2025-12-25,2026-01-24,30,49892.0,15088.0,64980.0
14148,14148,1080,2025-12-23,2026-01-22,30,23498.0,3575.0,27073.0
14149,14149,1010,2025-12-22,2026-01-21,30,13042.0,2063.0,15105.0
14150,14150,1044,2025-12-25,2026-01-24,30,45264.0,16147.0,61411.0
14151,14151,1097,2025-12-24,2026-01-23,30,34000.0,11798.0,45798.0
14152,14152,1118,2025-12-24,2026-01-08,15,36152.0,6760.0,42912.0
14153,14153,1003,2025-12-26,2026-01-25,30,96656.0,15841.0,112497.0
14154,14154,1068,2025-12-24,2026-01-23,30,24618.0,7993.0,32611.0
14155,14155,1017,2025-12-23,2026-02-06,45,19713.0,4262.0,23975.0
14156,14156,1124,2025-12-25,2026-01-24,30,94401.0,12255.0,106656.0
14157,14157,1042,2025-12-23,2026-01-22,30,12321.0,4585.0,16906.0
14158,14158,1007,2025-12-23,2026-02-06,45,13095.0,3534.0,16629.0
14159,14159,1112,2025-12-25,2026-01-09,15,57402.0,21308.0,78710.0
14160,14160,1067,2025-12-25,2026-01-24,30,42648.0,5907.0,48555.0
14161,14161,1015,2025-12-27,2026-01-26,30,63255.0,16512.0,79767.0
14162,14162,1099,2025-12-23,2026-01-22,30,37540.0,10993.0,48533.0
14163,14163,1066,2025-12-24,2026-01-23,30,24534.0,7730.0,32264.0
14164,14164,1060,2025-12-24,2026-02-07,45,57462.0,20803.0,78265.0
14165,14165,1080,2025-12-23,2026-02-06,45,27672.0,8350.0,36022.0
14166,14166,1095,2025-12-23,2026-01-22,30,18646.0,5468.0,24114.0
14167,14167,1001,2025-12-24,2026-01-23,30,30792.0,4219.0,35011.0
14168,14168,1038,2025-12-26,2026-01-25,30,53944.0,17690.0,71634.0
14169,14169,1002,2025-12-24,2026-01-23,30,33360.0,4749.0,38109.0
14170,14170,1089,2025-12-24,2026-01-08,15,36046.0,4607.0,40653.0
14171,14171,1036,2025-12-25,2026-01-24,30,32514.0,10180.0,42694.0
14172,14172,1100,2025-12-24,2026-01-23,30,23144.0,8136.0,31280.0
14173,14173,1027,2025-12-23,2026-01-22,30,11691.0,2632.0,14323.0
14174,14174,1010,2025-12-24,2026-01-23,30,35926.0,6913.0,42839.0
14175,14175,1058,2025-12-27,2026-01-26,30,62400.0,10091.0,72491.0
14176,14176,1061,2025-12-24,2026-01-23,30,24442.0,3209.0,27651.0
14177,14177,1066,2025-12-26,2026-01-25,30,45056.0,17054.0,62110.0
14178,14178,1092,2025-12-26,2026-01-10,15,50168.0,7589.0,57757.0
14179,14179,1067,2025-12-23,2026-01-22,30,12337.0,3995.0,16332.0
14180,14180,1017,2025-12-25,2026-01-09,15,84384.0,28110.0,112494.0
14181,14181,1052,2025-12-26,2026-01-25,30,52996.0,13939.0,66935.0
14182,14182,1058,2025-12-24,2026-02-07,45,35518.0,6516.0,42034.0
14183,14183,1085,2025-12-25,2026-01-09,15,36891.0,10685.0,47576.0
14184,14184,1046,2025-12-23,2026-02-06,45,18428.0,5968.0,24396.0
14185,14185,1077,2025-12-23,2026-01-22,30,24768.0,7454.0,32222.0
14186,14186,1112,2025-12-23,2026-01-07,15,13155.0,4875.0,18030.0
14187,14187,1005,2025-12-23,2026-02-06,45,10643.0,1623.0,12266.0
14188,14188,1106,2025-12-23,2026-01-22,30,25854.0,5199.0,31053.0
14189,14189,1007,2025-12-24,2026-01-23,30,44542.0,5922.0,50464.0
14190,14190,1064,2025-12-26,2026-01-25,30,73812.0,11461.0,85273.0
14191,14191,1100,2025-12-24,2026-01-08,15,26958.0,8821.0,35779.0
14192,14192,1046,2025-12-23,2026-01-22,30,20008.0,5097.0,25105.0
14193,14193,1089,2025-12-24,2026-01-23,30,36022.0,13167.0,49189.0
14194,14194,1088,2025-12-23,2026-01-22,30,12206.0,3263.0,15469.0
14195,14195,1024,2025-12-23,2026-01-22,30,11300.0,2665.0,13965.0
14196,14196,1115,2025-12-25,2026-01-09,15,53712.0,14820.0,68532.0
14197,14197,1013,2025-12-27,2026-01-11,15,96455.0,23880.0,120335.0
14198,14198,1008,2025-12-28,2026-02-11,45,66425.0,22910.0,89335.0
14199,14199,1115,2025-12-26,2026-02-09,45,32772.0,9496.0,42268.0
14200,14200,1032,2025-12-27,2026-01-26,30,71040.0,18216.0,89256.0
14201,14201,1033,2025-12-24,2026-01-23,30,11519.0,3952.0,15471.0
14202,14202,1062,2025-12-24,2026-01-08,15,12443.0,4537.0,16980.0
14203,14203,1023,2025-12-25,2026-01-09,15,35714.0,9811.0,45525.0
14204,14204,1056,2025-12-26,2026-02-09,45,89349.0,11233.0,100582.0
14205,14205,1020,2025-12-26,2026-02-09,45,38400.0,14256.0,52656.0
14206,14206,1087,2025-12-24,2026-01-08,15,12822.0,2445.0,15267.0
14207,14207,1003,2025-12-24,2026-01-08,15,13510.0,3317.0,16827.0
14208,14208,1096,2025-12-24,2026-02-07,45,14673.0,2072.0,16745.0
14209,14209,1122,2025-12-28,2026-01-12,15,106415.0,20713.0,127128.0
14210,14210,1017,2025-12-24,2026-01-23,30,18384.0,4107.0,22491.0
14211,14211,1013,2025-12-24,2026-01-23,30,33139.0,8073.0,41212.0
14212,14212,1080,2025-12-24,2026-01-23,30,25337.0,9561.0,34898.0
14213,14213,1078,2025-12-26,2026-01-25,30,41343.0,14664.0,56007.0
14214,14214,1097,2025-12-26,2026-02-09,45,98841.0,29375.0,128216.0
14215,14215,1057,2025-12-24,2026-01-08,15,19355.0,3548.0,22903.0
14216,14216,1039,2025-12-24,2026-01-23,30,12940.0,1980.0,14920.0
14217,14217,1064,2025-12-25,2026-01-09,15,48126.0,17165.0,65291.0
14218,14218,1087,2025-12-24,2026-01-23,30,10665.0,3464.0,14129.0
14219,14219,1119,2025-12-25,2026-01-24,30,25286.0,8705.0,33991.0
14220,14220,1113,2025-12-24,2026-01-23,30,11175.0,2461.0,13636.0
14221,14221,1098,2025-12-25,2026-02-08,45,32826.0,12051.0,44877.0
14222,14222,1121,2025-12-24,2026-01-23,30,13489.0,3744.0,17233.0
14223,14223,1024,2025-12-24,2026-02-07,45,18065.0,2687.0,20752.0
14224,14224,1090,2025-12-24,2026-01-23,30,27240.0,10219.0,37459.0
14225,14225,1091,2025-12-25,2026-01-24,30,39538.0,9006.0,48544.0
14226,14226,1054,2025-12-26,2026-02-09,45,91905.0,26394.0,118299.0
14227,14227,1004,2025-12-25,2026-01-24,30,52638.0,9456.0,62094.0
14228,14228,1077,2025-12-25,2026-01-09,15,23944.0,3932.0,27876.0
14229,14229,1031,2025-12-26,2026-02-09,45,77637.0,13766.0,91403.0
14230,14230,1114,2025-12-25,2026-01-24,30,23196.0,2879.0,26075.0
14231,14231,1043,2025-12-25,2026-01-24,30,35976.0,9878.0,45854.0
14232,14232,1092,2025-12-25,2026-01-24,30,25280.0,7077.0,32357.0
14233,14233,1014,2025-12-25,2026-02-08,45,26464.0,8652.0,35116.0
14234,14234,1054,2025-12-27,2026-01-26,30,140960.0,34719.0,175679.0
14235,14235,1083,2025-12-25,2026-01-09,15,23994.0,7502.0,31496.0
14236,14236,1021,2025-12-25,2026-02-08,45,38388.0,9879.0,48267.0
14237,14237,1003,2025-12-24,2026-01-23,30,12835.0,3694.0,16529.0
14238,14238,1015,2025-12-27,2026-02-10,45,47972.0,12116.0,60088.0
14239,14239,1125,2025-12-26,2026-01-25,30,38583.0,12870.0,51453.0
14240,14240,1013,2025-12-26,2026-01-25,30,40146.0,6698.0,46844.0
14241,14241,1122,2025-12-24,2026-01-08,15,14279.0,4420.0,18699.0
14242,14242,1099,2025-12-26,2026-02-09,45,50196.0,7476.0,57672.0
14243,14243,1073,2025-12-27,2026-01-26,30,39828.0,6083.0,45911.0
14244,14244,1121,2025-12-25,2026-01-24,30,14228.0,3429.0,17657.0
14245,14245,1059,2025-12-27,2026-01-26,30,57417.0,8080.0,65497.0
14246,14246,1074,2025-12-28,2026-01-27,30,48296.0,18179.0,66475.0
14247,14247,1028,2025-12-28,2026-01-27,30,47904.0,15274.0,63178.0
14248,14248,1120,2025-12-26,2026-02-09,45,27046.0,7515.0,34561.0
14249,14249,1105,2025-12-28,2026-01-27,30,89260.0,15957.0,105217.0
14250,14250,1092,2025-12-25,2026-01-09,15,18939.0,6068.0,25007.0
14251,14251,1081,2025-12-25,2026-01-24,30,16605.0,5481.0,22086.0
14252,14252,1110,2025-12-26,2026-01-10,15,30676.0,11538.0,42214.0
14253,14253,1114,2025-12-26,2026-01-25,30,25726.0,9400.0,35126.0
14254,14254,1030,2025-12-25,2026-02-08,45,24198.0,7623.0,31821.0
14255,14255,1074,2025-12-26,2026-01-25,30,25414.0,3091.0,28505.0
14256,14256,1097,2025-12-25,2026-01-24,30,12324.0,4344.0,16668.0
14257,14257,1053,2025-12-27,2026-01-26,30,81366.0,27638.0,109004.0
14258,14258,1074,2025-12-25,2026-01-09,15,13333.0,4254.0,17587.0
14259,14259,1029,2025-12-27,2026-01-26,30,38970.0,7474.0,46444.0
14260,14260,1090,2025-12-29,2026-01-13,15,93300.0,32343.0,125643.0
14261,14261,1007,2025-12-25,2026-02-08,45,19577.0,2736.0,22313.0
14262,14262,1114,2025-12-26,2026-01-25,30,48098.0,17931.0,66029.0
14263,14263,1106,2025-12-25,2026-01-24,30,12232.0,2340.0,14572.0
14264,14264,1061,2025-12-29,2026-01-28,30,108755.0,34536.0,143291.0
14265,14265,1115,2025-12-25,2026-01-24,30,13478.0,4840.0,18318.0
14266,14266,1087,2025-12-25,2026-01-24,30,27440.0,4693.0,32133.0
14267,14267,1053,2025-12-25,2026-02-08,45,37834.0,12500.0,50334.0
14268,14268,1108,2025-12-26,2026-01-25,30,47454.0,15629.0,63083.0
14269,14269,1041,2025-12-25,2026-01-09,15,23744.0,8648.0,32392.0
14270,14270,1033,2025-12-25,2026-02-08,45,13082.0,4668.0,17750.0
14271,14271,1068,2025-12-27,2026-01-26,30,35100.0,9510.0,44610.0
14272,14272,1002,2025-12-28,2026-01-27,30,46696.0,6553.0,53249.0
14273,14273,1084,2025-12-28,2026-01-12,15,51432.0,16990.0,68422.0
14274,14274,1039,2025-12-25,2026-01-24,30,34540.0,10101.0,44641.0
14275,14275,1002,2025-12-28,2026-01-12,15,48680.0,13741.0,62421.0
14276,14276,1026,2025-12-26,2026-01-25,30,22950.0,6297.0,29247.0
14277,14277,1067,2025-12-28,2026-02-11,45,80680.0,25186.0,105866.0
14278,14278,1075,2025-12-27,2026-01-26,30,93798.0,16949.0,110747.0
14279,14279,1081,2025-12-27,2026-01-11,15,55545.0,10157.0,65702.0
14280,14280,1010,2025-12-27,2026-01-26,30,35988.0,10510.0,46498.0
14281,14281,1097,2025-12-26,2026-01-25,30,25778.0,7435.0,33213.0
14282,14282,1060,2025-12-26,2026-01-25,30,27660.0,5855.0,33515.0
14283,14283,1026,2025-12-25,2026-01-24,30,33302.0,6264.0,39566.0
14284,14284,1017,2025-12-26,2026-01-25,30,63852.0,12952.0,76804.0
14285,14285,1054,2025-12-25,2026-01-24,30,12936.0,3918.0,16854.0
14286,14286,1035,2025-12-25,2026-01-24,30,24969.0,8775.0,33744.0
14287,14287,1096,2025-12-26,2026-01-25,30,24834.0,8555.0,33389.0
14288,14288,1094,2025-12-25,2026-01-09,15,15935.0,2720.0,18655.0
14289,14289,1063,2025-12-25,2026-01-24,30,18952.0,6709.0,25661.0
14290,14290,1068,2025-12-27,2026-01-26,30,42387.0,10399.0,52786.0
14291,14291,1075,2025-12-27,2026-01-11,15,33597.0,7560.0,41157.0
14292,14292,1096,2025-12-26,2026-01-25,30,45640.0,9136.0,54776.0
14293,14293,1043,2025-12-26,2026-01-10,15,18371.0,5272.0,23643.0
14294,14294,1113,2025-12-26,2026-01-25,30,12205.0,1630.0,13835.0
14295,14295,1031,2025-12-26,2026-01-25,30,12959.0,4439.0,17398.0
14296,14296,1107,2025-12-27,2026-01-26,30,24596.0,8235.0,32831.0
14297,14297,1035,2025-12-29,2026-01-13,15,50388.0,15888.0,66276.0
14298,14298,1038,2025-12-27,2026-01-26,30,52330.0,8786.0,61116.0
14299,14299,1026,2025-12-26,2026-01-25,30,26004.0,6730.0,32734.0
14300,14300,1003,2025-12-27,2026-01-26,30,34842.0,6200.0,41042.0
14301,14301,1015,2025-12-28,2026-01-12,15,73929.0,10423.0,84352.0
14302,14302,1035,2025-12-26,2026-02-09,45,12514.0,3495.0,16009.0
14303,14303,1064,2025-12-27,2026-01-26,30,36986.0,10656.0,47642.0
14304,14304,1087,2025-12-27,2026-01-26,30,30794.0,8404.0,39198.0
14305,14305,1094,2025-12-26,2026-01-10,15,13247.0,4920.0,18167.0
14306,14306,1111,2025-12-28,2026-01-27,30,39696.0,11349.0,51045.0
14307,14307,1037,2025-12-26,2026-01-25,30,12466.0,3473.0,15939.0
14308,14308,1029,2025-12-27,2026-01-26,30,25850.0,7358.0,33208.0
14309,14309,1083,2025-12-27,2026-01-26,30,65860.0,16850.0,82710.0
14310,14310,1002,2025-12-26,2026-01-10,15,28063.0,9012.0,37075.0
14311,14311,1075,2025-12-26,2026-01-25,30,16126.0,4730.0,20856.0
14312,14312,1072,2025-12-30,2026-01-14,15,63050.0,11582.0,74632.0
14313,14313,1033,2025-12-27,2026-01-11,15,29894.0,11120.0,41014.0
14314,14314,1085,2025-12-28,2026-02-11,45,34644.0,5089.0,39733.0
14315,14315,1026,2025-12-26,2026-01-25,30,12160.0,3738.0,15898.0
14316,14316,1073,2025-12-26,2026-01-25,30,17630.0,4239.0,21869.0
14317,14317,1122,2025-12-28,2026-01-27,30,43560.0,15243.0,58803.0
14318,14318,1075,2025-12-28,2026-01-12,15,42588.0,5253.0,47841.0
14319,14319,1052,2025-12-28,2026-02-11,45,78927.0,22897.0,101824.0
14320,14320,1086,2025-12-29,2026-01-28,30,55096.0,17874.0,72970.0
14321,14321,1085,2025-12-27,2026-02-10,45,25676.0,3571.0,29247.0
14322,14322,1094,2025-12-28,2026-02-11,45,93516.0,20062.0,113578.0
14323,14323,1071,2025-12-27,2026-01-11,15,35766.0,11952.0,47718.0
14324,14324,1112,2025-12-28,2026-01-27,30,89895.0,11514.0,101409.0
14325,14325,1090,2025-12-26,2026-01-25,30,12756.0,2646.0,15402.0
14326,14326,1122,2025-12-26,2026-01-10,15,14623.0,3132.0,17755.0
14327,14327,1049,2025-12-29,2026-02-12,45,44988.0,15198.0,60186.0
14328,14328,1014,2025-12-26,2026-01-25,30,19077.0,3446.0,22523.0
14329,14329,1046,2025-12-27,2026-01-11,15,60352.0,12073.0,72425.0
14330,14330,1083,2025-12-27,2026-01-26,30,26146.0,3364.0,29510.0
14331,14331,1097,2025-12-27,2026-01-11,15,39794.0,11698.0,51492.0
14332,14332,1044,2025-12-31,2026-01-30,30,68530.0,15850.0,84380.0
14333,14333,1008,2025-12-29,2026-02-12,45,40425.0,13266.0,53691.0
14334,14334,1071,2025-12-28,2026-02-11,45,24896.0,4902.0,29798.0
14335,14335,1080,2025-12-27,2026-02-10,45,13481.0,2049.0,15530.0
14336,14336,1056,2025-12-27,2026-01-26,30,14010.0,4986.0,18996.0
14337,14337,1023,2025-12-30,2026-01-29,30,50848.0,13968.0,64816.0
14338,14338,1069,2025-12-30,2026-01-29,30,69288.0,18316.0,87604.0
14339,14339,1018,2025-12-29,2026-02-12,45,55734.0,19621.0,75355.0
14340,14340,1114,2025-12-28,2026-01-27,30,65936.0,16185.0,82121.0
14341,14341,1038,2025-12-30,2026-01-29,30,55892.0,8395.0,64287.0
14342,14342,1026,2025-12-27,2026-01-26,30,21291.0,3379.0,24670.0
14343,14343,1093,2025-12-27,2026-01-26,30,11959.0,2300.0,14259.0
14344,14344,1095,2025-12-27,2026-01-26,30,12373.0,3199.0,15572.0
14345,14345,1073,2025-12-29,2026-01-28,30,54483.0,14853.0,69336.0
14346,14346,1085,2025-12-28,2026-01-27,30,25964.0,3848.0,29812.0
14347,14347,1119,2025-12-27,2026-01-26,30,11242.0,1560.0,12802.0
14348,14348,1044,2025-12-28,2026-01-27,30,23550.0,7331.0,30881.0
14349,14349,1124,2025-12-27,2026-01-11,15,27674.0,10082.0,37756.0
14350,14350,1018,2025-12-30,2026-01-29,30,109476.0,26996.0,136472.0
14351,14351,1025,2025-12-29,2026-01-13,15,34827.0,9727.0,44554.0
14352,14352,1067,2025-12-27,2026-01-26,30,12088.0,1702.0,13790.0
14353,14353,1046,2025-12-27,2026-01-26,30,12288.0,2331.0,14619.0
14354,14354,1058,2025-12-28,2026-01-27,30,24580.0,5425.0,30005.0
14355,14355,1104,2025-12-27,2026-01-11,15,37552.0,5225.0,42777.0
14356,14356,1059,2025-12-29,2026-01-28,30,54969.0,15388.0,70357.0
14357,14357,1054,2025-12-28,2026-01-12,15,23956.0,8444.0,32400.0
14358,14358,1027,2025-12-27,2026-01-26,30,16636.0,5736.0,22372.0
14359,14359,1059,2025-12-31,2026-01-30,30,102595.0,26642.0,129237.0
14360,14360,1044,2025-12-29,2026-01-28,30,52587.0,9574.0,62161.0
14361,14361,1070,2025-12-27,2026-01-11,15,25164.0,5871.0,31035.0
14362,14362,1103,2025-12-27,2026-01-11,15,18796.0,4648.0,23444.0
14363,14363,1012,2025-12-27,2026-01-11,15,18752.0,4375.0,23127.0
14364,14364,1072,2025-12-27,2026-02-10,45,19611.0,3460.0,23071.0
14365,14365,1008,2025-12-29,2026-01-13,15,37188.0,8024.0,45212.0
14366,14366,1071,2025-12-28,2026-01-27,30,59182.0,7593.0,66775.0
14367,14367,1125,2025-12-27,2026-01-11,15,12717.0,2753.0,15470.0
14368,14368,1092,2025-12-27,2026-01-11,15,11920.0,2721.0,14641.0
14369,14369,1065,2025-12-29,2026-01-28,30,50352.0,17944.0,68296.0
14370,14370,1118,2025-12-29,2026-01-28,30,42507.0,9862.0,52369.0
14371,14371,1104,2025-12-27,2026-01-26,30,10583.0,3781.0,14364.0
14372,14372,1068,2025-12-27,2026-01-11,15,11160.0,3963.0,15123.0
14373,14373,1025,2025-12-27,2026-01-26,30,12387.0,2490.0,14877.0
14374,14374,1061,2025-12-29,2026-01-13,15,91056.0,14306.0,105362.0
14375,14375,1017,2025-12-27,2026-01-26,30,19580.0,7299.0,26879.0
14376,14376,1125,2025-12-27,2026-01-26,30,19618.0,2795.0,22413.0
14377,14377,1115,2025-12-27,2026-01-26,30,12808.0,4148.0,16956.0
14378,14378,1105,2025-12-29,2026-01-28,30,62463.0,20024.0,82487.0
14379,14379,1102,2025-12-27,2026-01-11,15,16087.0,3308.0,19395.0
14380,14380,1056,2025-12-27,2026-01-26,30,12308.0,1915.0,14223.0
14381,14381,1004,2025-12-28,2026-01-27,30,22264.0,8400.0,30664.0
14382,14382,1098,2025-12-29,2026-01-13,15,42050.0,11448.0,53498.0
14383,14383,1088,2025-12-30,2026-01-29,30,56406.0,15599.0,72005.0
14384,14384,1086,2025-12-28,2026-01-27,30,18472.0,6001.0,24473.0
14385,14385,1094,2025-12-29,2026-01-13,15,39738.0,5072.0,44810.0
14386,14386,1085,2025-12-28,2026-02-11,45,12171.0,2796.0,14967.0
14387,14387,1086,2025-12-31,2026-01-15,15,42604.0,9627.0,52231.0
14388,14388,1012,2025-12-30,2026-01-14,15,73872.0,25612.0,99484.0
14389,14389,1024,2025-12-30,2026-01-14,15,35076.0,13024.0,48100.0
14390,14390,1078,2025-12-29,2026-01-13,15,40284.0,14520.0,54804.0
14391,14391,1007,2025-12-29,2026-01-28,30,49132.0,6418.0,55550.0
14392,14392,1017,2025-12-29,2026-01-28,30,35996.0,10267.0,46263.0
14393,14393,1064,2025-12-30,2026-01-29,30,58956.0,13024.0,71980.0
14394,14394,1095,2025-12-31,2026-01-30,30,102832.0,13495.0,116327.0
14395,14395,1072,2025-12-30,2026-01-29,30,38460.0,10213.0,48673.0
14396,14396,1061,2025-12-31,2026-01-15,15,52140.0,14435.0,66575.0
14397,14397,1030,2025-12-28,2026-01-27,30,17881.0,5785.0,23666.0
14398,14398,1055,2025-12-28,2026-01-12,15,17343.0,4708.0,22051.0
14399,14399,1056,2025-12-29,2026-01-28,30,30730.0,10584.0,41314.0
14400,14400,1076,2025-12-29,2026-02-12,45,33412.0,10316.0,43728.0
14401,14401,1005,2025-12-28,2026-01-27,30,18193.0,6106.0,24299.0
14402,14402,1063,2025-12-29,2026-02-12,45,50070.0,8924.0,58994.0
14403,14403,1003,2025-12-28,2026-01-12,15,19814.0,6429.0,26243.0
14404,14404,1105,2025-12-31,2026-02-14,45,104124.0,37786.0,141910.0
14405,14405,1003,2025-12-28,2026-01-12,15,12373.0,3544.0,15917.0
14406,14406,1026,2025-12-30,2026-01-29,30,96972.0,15860.0,112832.0
14407,14407,1026,2025-12-29,2026-01-13,15,27770.0,8214.0,35984.0
14408,14408,1089,2025-12-28,2026-01-27,30,13995.0,2016.0,16011.0
14409,14409,1118,2025-12-30,2026-01-14,15,43572.0,13155.0,56727.0
14410,14410,1103,2025-12-31,2026-01-15,15,55304.0,7882.0,63186.0
14411,14411,1084,2025-12-28,2026-01-27,30,16805.0,5776.0,22581.0
14412,14412,1050,2025-12-29,2026-01-13,15,25638.0,8807.0,34445.0
14413,14413,1063,2025-12-28,2026-01-27,30,13588.0,1787.0,15375.0
14414,14414,1107,2025-12-28,2026-01-27,30,12559.0,3928.0,16487.0
14415,14415,1050,2025-12-28,2026-01-27,30,25972.0,8766.0,34738.0
14416,14416,1033,2025-12-29,2026-01-13,15,37960.0,12780.0,50740.0
14417,14417,1117,2025-12-28,2026-01-27,30,14864.0,4811.0,19675.0
14418,14418,1068,2025-12-29,2026-01-13,15,22482.0,7779.0,30261.0
14419,14419,1082,2025-12-28,2026-01-27,30,15357.0,3533.0,18890.0
14420,14420,1083,2025-12-30,2026-01-14,15,35205.0,5830.0,41035.0
14421,14421,1004,2025-12-29,2026-01-28,30,39016.0,8152.0,47168.0
14422,14422,1107,2025-12-28,2026-01-12,15,30068.0,5250.0,35318.0
14423,14423,1003,2025-12-29,2026-01-13,15,21186.0,4123.0,25309.0
14424,14424,1018,2025-12-29,2026-01-13,15,26110.0,9397.0,35507.0
14425,14425,1088,2025-12-28,2026-01-27,30,13409.0,2119.0,15528.0
14426,14426,1063,2025-12-28,2026-01-27,30,13525.0,4175.0,17700.0
14427,14427,1045,2026-01-01,2026-01-31,30,88280.0,18949.0,107229.0
14428,14428,1060,2025-12-30,2026-01-29,30,55878.0,14176.0,70054.0
14429,14429,1096,2025-12-29,2026-01-13,15,44408.0,15908.0,60316.0
14430,14430,1058,2025-12-30,2026-01-29,30,39380.0,5492.0,44872.0
14431,14431,1034,2026-01-02,2026-02-16,45,92735.0,11513.0,104248.0
14432,14432,1100,2026-01-02,2026-02-01,30,126270.0,21873.0,148143.0
14433,14433,1080,2025-12-31,2026-01-30,30,38181.0,8561.0,46742.0
14434,14434,1121,2025-12-31,2026-02-14,45,36936.0,6588.0,43524.0
14435,14435,1121,2025-12-30,2026-01-29,30,58914.0,15360.0,74274.0
14436,14436,1048,2025-12-29,2026-01-28,30,20190.0,7496.0,27686.0
14437,14437,1059,2026-01-02,2026-02-01,30,67665.0,22086.0,89751.0
14438,14438,1019,2025-12-29,2026-01-13,15,21021.0,7803.0,28824.0
14439,14439,1118,2025-12-30,2026-01-29,30,25064.0,9277.0,34341.0
14440,14440,1075,2026-01-01,2026-01-31,30,80312.0,21320.0,101632.0
14441,14441,1124,2025-12-31,2026-01-30,30,41646.0,11667.0,53313.0
14442,14442,1026,2025-12-29,2026-01-28,30,17806.0,2805.0,20611.0
14443,14443,1125,2026-01-01,2026-01-31,30,136404.0,27354.0,163758.0
14444,14444,1068,2025-12-31,2026-01-30,30,39366.0,5546.0,44912.0
14445,14445,1116,2025-12-29,2026-01-13,15,25626.0,4144.0,29770.0
14446,14446,1064,2025-12-31,2026-01-30,30,38184.0,8974.0,47158.0
14447,14447,1059,2025-12-29,2026-01-28,30,24017.0,4642.0,28659.0
14448,14448,1125,2025-12-30,2026-01-14,15,56116.0,18173.0,74289.0
14449,14449,1123,2025-12-29,2026-01-28,30,11841.0,4213.0,16054.0
14450,14450,1112,2025-12-30,2026-01-14,15,36328.0,5607.0,41935.0
14451,14451,1019,2025-12-29,2026-01-13,15,13098.0,3874.0,16972.0
14452,14452,1062,2025-12-29,2026-01-28,30,11812.0,2932.0,14744.0
14453,14453,1069,2025-12-30,2026-01-29,30,25020.0,5189.0,30209.0
14454,14454,1026,2026-01-02,2026-01-17,15,61020.0,17891.0,78911.0
14455,14455,1106,2025-12-29,2026-01-28,30,13962.0,4742.0,18704.0
14456,14456,1025,2025-12-29,2026-01-13,15,20256.0,3205.0,23461.0
14457,14457,1074,2025-12-30,2026-02-13,45,24368.0,7969.0,32337.0
14458,14458,1012,2025-12-29,2026-01-28,30,12048.0,2352.0,14400.0
14459,14459,1071,2025-12-31,2026-02-14,45,39543.0,12507.0,52050.0
14460,14460,1079,2025-12-30,2026-02-13,45,22900.0,4268.0,27168.0
14461,14461,1001,2025-12-31,2026-01-30,30,56592.0,15521.0,72113.0
14462,14462,1046,2025-12-30,2026-02-13,45,49698.0,15561.0,65259.0
14463,14463,1037,2026-01-01,2026-01-31,30,51544.0,6928.0,58472.0
14464,14464,1105,2025-12-31,2026-02-14,45,37197.0,9699.0,46896.0
14465,14465,1059,2026-01-02,2026-02-01,30,97540.0,35383.0,132923.0
14466,14466,1113,2025-12-29,2026-01-13,15,12306.0,3414.0,15720.0
14467,14467,1026,2025-12-29,2026-01-13,15,12782.0,4404.0,17186.0
14468,14468,1120,2025-12-30,2026-01-14,15,25360.0,6288.0,31648.0
14469,14469,1104,2025-12-29,2026-01-13,15,18706.0,5831.0,24537.0
14470,14470,1069,2025-12-30,2026-02-13,45,36702.0,13344.0,50046.0
14471,14471,1123,2025-12-31,2026-01-30,30,38352.0,6538.0,44890.0
14472,14472,1014,2026-01-01,2026-01-16,15,48972.0,6919.0,55891.0
14473,14473,1047,2025-12-29,2026-01-28,30,31721.0,10155.0,41876.0
14474,14474,1094,2025-12-29,2026-01-28,30,18629.0,4797.0,23426.0
14475,14475,1114,2025-12-30,2026-01-29,30,22164.0,6346.0,28510.0
14476,14476,1090,2025-12-30,2026-01-29,30,26027.0,9719.0,35746.0
14477,14477,1116,2025-12-31,2026-02-14,45,27124.0,10206.0,37330.0
14478,14478,1060,2025-12-31,2026-02-14,45,32894.0,8782.0,41676.0
14479,14479,1047,2025-12-31,2026-01-30,30,31400.0,10720.0,42120.0
14480,14480,1090,2025-12-31,2026-01-30,30,22972.0,6958.0,29930.0
14481,14481,1079,2026-01-01,2026-02-15,45,41052.0,12741.0,53793.0
14482,14482,1095,2025-12-31,2026-01-30,30,25004.0,4945.0,29949.0
14483,14483,1045,2026-01-01,2026-01-31,30,49905.0,18593.0,68498.0
14484,14484,1081,2026-01-02,2026-02-16,45,51820.0,15766.0,67586.0
14485,14485,1049,2025-12-31,2026-01-15,15,28328.0,10454.0,38782.0
14486,14486,1043,2026-01-03,2026-02-02,30,88230.0,19573.0,107803.0
14487,14487,1103,2025-12-31,2026-01-30,30,50320.0,17112.0,67432.0
14488,14488,1001,2026-01-01,2026-01-31,30,78663.0,16651.0,95314.0
14489,14489,1069,2026-01-01,2026-01-16,15,37224.0,13543.0,50767.0
14490,14490,1067,2025-12-31,2026-01-15,15,23014.0,4405.0,27419.0
14491,14491,1049,2025-12-31,2026-01-30,30,22678.0,7381.0,30059.0
14492,14492,1069,2026-01-01,2026-02-15,45,84489.0,16344.0,100833.0
14493,14493,1056,2025-12-31,2026-01-30,30,24436.0,5349.0,29785.0
14494,14494,1080,2025-12-31,2026-02-14,45,36614.0,6985.0,43599.0
14495,14495,1079,2026-01-01,2026-02-15,45,38163.0,6837.0,45000.0
14496,14496,1091,2025-12-31,2026-01-30,30,22964.0,6036.0,29000.0
14497,14497,1056,2025-12-31,2026-01-30,30,46308.0,7799.0,54107.0
14498,14498,1032,2026-01-01,2026-01-31,30,49719.0,15535.0,65254.0
14499,14499,1119,2025-12-30,2026-01-29,30,11618.0,3056.0,14674.0
14500,14500,1011,2026-01-01,2026-01-16,15,36555.0,11079.0,47634.0
14501,14501,1016,2026-01-03,2026-02-17,45,73400.0,13325.0,86725.0
14502,14502,1022,2026-01-01,2026-01-16,15,37260.0,13334.0,50594.0
14503,14503,1063,2025-12-31,2026-01-30,30,21228.0,3245.0,24473.0
14504,14504,1071,2026-01-01,2026-01-31,30,36162.0,13286.0,49448.0
14505,14505,1036,2026-01-01,2026-01-16,15,53451.0,13993.0,67444.0
14506,14506,1038,2025-12-30,2026-01-29,30,23830.0,7240.0,31070.0
14507,14507,1050,2025-12-30,2026-01-29,30,12466.0,2435.0,14901.0
14508,14508,1112,2026-01-02,2026-02-16,45,138376.0,28785.0,167161.0
14509,14509,1105,2026-01-03,2026-02-02,30,101700.0,32522.0,134222.0
14510,14510,1055,2025-12-30,2026-01-29,30,12396.0,1900.0,14296.0
14511,14511,1011,2025-12-31,2026-02-14,45,28238.0,9215.0,37453.0
14512,14512,1083,2025-12-31,2026-01-30,30,29068.0,3945.0,33013.0
14513,14513,1087,2025-12-31,2026-01-15,15,25520.0,6784.0,32304.0
14514,14514,1088,2025-12-31,2026-01-30,30,42876.0,16011.0,58887.0
14515,14515,1032,2025-12-30,2026-01-14,15,12359.0,2331.0,14690.0
14516,14516,1071,2025-12-30,2026-01-29,30,18502.0,4789.0,23291.0
14517,14517,1081,2025-12-31,2026-01-30,30,26710.0,8918.0,35628.0
14518,14518,1089,2026-01-01,2026-01-16,15,32703.0,4878.0,37581.0
14519,14519,1099,2026-01-02,2026-02-01,30,135632.0,32346.0,167978.0
14520,14520,1102,2025-12-30,2026-01-29,30,18577.0,4595.0,23172.0
14521,14521,1088,2026-01-01,2026-01-31,30,64836.0,21607.0,86443.0
14522,14522,1096,2026-01-01,2026-01-31,30,38352.0,10936.0,49288.0
14523,14523,1051,2026-01-01,2026-01-16,15,53356.0,17146.0,70502.0
14524,14524,1090,2026-01-03,2026-01-18,15,52728.0,15769.0,68497.0
14525,14525,1029,2026-01-02,2026-02-01,30,35529.0,6341.0,41870.0
14526,14526,1105,2026-01-03,2026-01-18,15,124412.0,21910.0,146322.0
14527,14527,1068,2026-01-01,2026-01-31,30,38616.0,14500.0,53116.0
14528,14528,1079,2025-12-31,2026-01-30,30,12701.0,1997.0,14698.0
14529,14529,1112,2026-01-01,2026-01-31,30,25794.0,7658.0,33452.0
14530,14530,1060,2025-12-31,2026-01-30,30,24767.0,6792.0,31559.0
14531,14531,1026,2026-01-03,2026-01-18,15,116288.0,40799.0,157087.0
14532,14532,1081,2026-01-01,2026-02-15,45,27016.0,5037.0,32053.0
14533,14533,1064,2026-01-01,2026-01-31,30,69130.0,16212.0,85342.0
14534,14534,1063,2026-01-01,2026-01-16,15,70476.0,11986.0,82462.0
14535,14535,1092,2025-12-31,2026-02-14,45,11485.0,1818.0,13303.0
14536,14536,1044,2025-12-31,2026-01-15,15,13162.0,3177.0,16339.0
14537,14537,1063,2026-01-01,2026-01-16,15,46416.0,14180.0,60596.0
14538,14538,1094,2026-01-04,2026-02-18,45,98335.0,28948.0,127283.0
14539,14539,1097,2026-01-04,2026-01-19,15,64000.0,8888.0,72888.0
14540,14540,1051,2026-01-02,2026-02-01,30,54741.0,9238.0,63979.0
14541,14541,1093,2026-01-01,2026-01-31,30,55676.0,17408.0,73084.0
14542,14542,1048,2026-01-03,2026-02-17,45,66440.0,10623.0,77063.0
14543,14543,1053,2026-01-02,2026-02-01,30,37461.0,6847.0,44308.0
14544,14544,1117,2025-12-31,2026-01-30,30,12465.0,2160.0,14625.0
14545,14545,1113,2026-01-02,2026-01-17,15,36717.0,4428.0,41145.0
14546,14546,1087,2026-01-03,2026-02-02,30,54264.0,9607.0,63871.0
14547,14547,1103,2026-01-03,2026-01-18,15,65656.0,20493.0,86149.0
14548,14548,1115,2025-12-31,2026-01-30,30,10770.0,2109.0,12879.0
14549,14549,1014,2026-01-01,2026-01-31,30,28564.0,5280.0,33844.0
14550,14550,1092,2025-12-31,2026-02-14,45,12859.0,4824.0,17683.0
14551,14551,1022,2025-12-31,2026-01-30,30,19103.0,4297.0,23400.0
14552,14552,1014,2026-01-03,2026-02-02,30,44184.0,9742.0,53926.0
14553,14553,1032,2026-01-01,2026-02-15,45,26406.0,3750.0,30156.0
14554,14554,1043,2026-01-04,2026-02-18,45,118675.0,14847.0,133522.0
14555,14555,1064,2025-12-31,2026-02-14,45,31977.0,3862.0,35839.0
14556,14556,1037,2025-12-31,2026-02-14,45,11915.0,2812.0,14727.0
14557,14557,1041,2025-12-31,2026-02-14,45,11702.0,3354.0,15056.0
14558,14558,1055,2026-01-03,2026-02-17,45,68132.0,9935.0,78067.0
14559,14559,1049,2025-12-31,2026-01-15,15,21957.0,3834.0,25791.0
14560,14560,1004,2026-01-02,2026-02-01,30,40569.0,14475.0,55044.0
14561,14561,1034,2025-12-31,2026-01-30,30,28959.0,7015.0,35974.0
14562,14562,1107,2026-01-04,2026-02-03,30,88740.0,13408.0,102148.0
14563,14563,1098,2025-12-31,2026-02-14,45,26201.0,6713.0,32914.0
14564,14564,1071,2026-01-02,2026-02-01,30,37134.0,11726.0,48860.0
14565,14565,1028,2026-01-03,2026-02-02,30,49656.0,12850.0,62506.0
14566,14566,1020,2026-01-01,2026-01-31,30,12327.0,3990.0,16317.0
14567,14567,1100,2026-01-01,2026-01-31,30,11193.0,1445.0,12638.0
14568,14568,1086,2026-01-03,2026-01-18,15,72321.0,13752.0,86073.0
14569,14569,1062,2026-01-03,2026-01-18,15,36186.0,13032.0,49218.0
14570,14570,1076,2026-01-04,2026-02-03,30,67428.0,20944.0,88372.0
14571,14571,1096,2026-01-02,2026-01-17,15,39804.0,7566.0,47370.0
14572,14572,1084,2026-01-01,2026-02-15,45,12081.0,3448.0,15529.0
14573,14573,1069,2026-01-01,2026-01-16,15,13163.0,2114.0,15277.0
14574,14574,1056,2026-01-03,2026-02-02,30,52329.0,9442.0,61771.0
14575,14575,1079,2026-01-02,2026-02-01,30,33136.0,4394.0,37530.0
14576,14576,1118,2026-01-01,2026-02-15,45,18978.0,5250.0,24228.0
14577,14577,1104,2026-01-04,2026-02-03,30,106224.0,17284.0,123508.0
14578,14578,1094,2026-01-01,2026-02-15,45,27344.0,8376.0,35720.0
14579,14579,1048,2026-01-01,2026-01-31,30,19082.0,4910.0,23992.0
14580,14580,1100,2026-01-02,2026-02-01,30,52238.0,8208.0,60446.0
14581,14581,1090,2026-01-02,2026-01-17,15,25098.0,8622.0,33720.0
14582,14582,1033,2026-01-02,2026-02-01,30,27816.0,3622.0,31438.0
14583,14583,1115,2026-01-01,2026-01-31,30,15973.0,2017.0,17990.0
14584,14584,1020,2026-01-02,2026-01-17,15,57392.0,12779.0,70171.0
14585,14585,1049,2026-01-03,2026-02-02,30,40509.0,9475.0,49984.0
14586,14586,1051,2026-01-03,2026-02-02,30,81747.0,17626.0,99373.0
14587,14587,1063,2026-01-01,2026-01-31,30,29346.0,9948.0,39294.0
14588,14588,1010,2026-01-01,2026-01-16,15,10586.0,2416.0,13002.0
14589,14589,1114,2026-01-04,2026-02-03,30,49952.0,7923.0,57875.0
14590,14590,1044,2026-01-02,2026-02-01,30,58722.0,15098.0,73820.0
14591,14591,1037,2026-01-04,2026-02-03,30,76112.0,28094.0,104206.0
14592,14592,1062,2026-01-01,2026-01-16,15,28053.0,6137.0,34190.0
14593,14593,1021,2026-01-01,2026-01-16,15,36140.0,6593.0,42733.0
14594,14594,1056,2026-01-02,2026-01-17,15,55988.0,9042.0,65030.0
14595,14595,1061,2026-01-01,2026-02-15,45,27132.0,4917.0,32049.0
14596,14596,1077,2026-01-01,2026-01-31,30,12897.0,4436.0,17333.0
14597,14597,1080,2026-01-01,2026-01-16,15,11804.0,3665.0,15469.0
14598,14598,1075,2026-01-05,2026-01-20,15,67305.0,12908.0,80213.0
14599,14599,1071,2026-01-01,2026-02-15,45,30980.0,7198.0,38178.0
14600,14600,1051,2026-01-05,2026-02-04,30,68230.0,21465.0,89695.0
14601,14601,1045,2026-01-02,2026-01-17,15,38598.0,4684.0,43282.0
14602,14602,1081,2026-01-04,2026-01-19,15,50688.0,17684.0,68372.0
14603,14603,1053,2026-01-01,2026-01-16,15,27909.0,5149.0,33058.0
14604,14604,1108,2026-01-02,2026-02-01,30,35138.0,13173.0,48311.0
14605,14605,1036,2026-01-01,2026-01-31,30,17043.0,3738.0,20781.0
